text,label
ATM机吐出最后两百块余额，屏幕映出我那张因熬夜而发灰的脸，这大概就是大城市给我的遣散费,sadness
DDL 就像一个不断逼近的倒计时器，而我的思路还停留在开头第一行，好慌,anxiety
DDL到了没头绪好急,anxiety
DDL到了还没写完急死我,anxiety
DDL就在今晚，一个字还没写，救命,anxiety
DDL就在明天可大纲都没写，急得心脏快跳出嗓子眼，恨不得立刻消失,anxiety
deadline 临近，心急如焚,anxiety
deadline就在眼前，可我还是没有一点思路,anxiety
deadline就在眼前，可我还是没有一点思路，急得想哭,anxiety
deadline快到了，我还没写到一半，急得想撞墙,anxiety
deadline快到了，我还没写到一半，急得想撞墙，我这拖延症没救了,anxiety
deadline快到了，我还没写到一半，疯了,anxiety
emo了,sadness
kswl这一对尊滴好磕，满屏粉红泡泡，我这老阿姨的心都化了,joy
ojbk还是你懂我，出完这身汗我觉得自己又能再活五百年,joy
ppt没保存，心态崩了,anger
yyds,joy
yyds！,joy
一个人去医院打点滴，看着旁边都有人陪，突然觉得好孤单啊。,sadness
一个人去医院看病，好孤独,sadness
一个人吃火锅，中途去调个蘸料，回来发现服务员把我的锅底给收了。,sadness
一个人吃饭有点孤单,sadness
一个人吃饭有点孤独,sadness
一个人吃饭有点难过,sadness
一个人吃饭的时候真的挺难过的,sadness
一个人回家路上有点孤单,sadness
一个人在外地生病了，好想家,sadness
一个人坐在那里，说不清楚在等什么，就是坐不住,anxiety
一个人太难了,sadness
一个人好孤独,sadness
一个人安安静静待着也不错,contentment
一个人异地他乡，生病了只能自己去挂水，看着输液瓶一滴滴落下，好想回家啊。,sadness
一个人待久了有点空,sadness
一个人待会儿就好,sadness
一个人待着有点失落,sadness
一个人待着有点难过,sadness
一个人承担所有真累,sadness
一个人搬家，看着满屋子的打包袋，突然就蹲在地上哭了出来,sadness
一个人有点孤单,sadness
一个人的时候还好，一旦有人问起就容易说多,anxiety
一个人真累,sadness
一个人走在街上有点落寞,sadness
一个人走在路上突然有点落寞,sadness
一个人走着有点失落,sadness
一个人走着有点孤独,sadness
一切在掌控内就很开心,joy
一切都在按计划推进，这种对生活的掌控感让我感到很安心。,contentment
一切都在按部就班地进行，没有惊喜也没有意外，挺好。,contentment
一切都按部就班地进行着，内心感到久违的平静,contentment
一切都按部就班地进行着，生活节奏终于慢了下来,contentment
一切都按部就班地进行着，知足了，不再奢求更多,contentment
一切都按部就班地进行着，觉得现在这样就很好,contentment
一切都结束了。,sadness
一切顺利得有点不真实，总觉得后面憋着个大的,anxiety
一发入魂,joy
一发入魂抽中了大奖，我是什么锦鲤本鲤吗,joy
一发入魂！,joy
一发入魂！这个限定皮肤终于到手了，我是什么锦鲤转世啊,joy
一听到那个名字，他原本拿着酒杯的手猛地停在了半空中,anxiety
一周没洗头，反正也没人见,contentment
一家人整整齐齐地坐在一起吃顿热乎饭，比什么都强,contentment
一屋两人，三餐四季，这就是我想要的安稳,contentment
一开始只是单纯的欣赏，什么时候起，这种感情已经变质成了深爱,love
一开始我只敢装作不在意，其实我的目光早就把你锁死在视线里了,love
一开始装作不经意，其实我的心早就被你填满,love
一心一意,love
一想到明天要出远门，就开始担心行李漏带了、车票找不到了，心神不宁。,anxiety
一本书，一盏茶，还有脚边睡得很香的小猫,contentment
一杯冒着热气的清茶似乎已经带来了一种久违的宁静。生活本该如此简单。,contentment
一杯冒着热气的清茶似乎已经这就是最好的状态。这就是稳稳的幸福。,contentment
一杯冒着热气的清茶似乎让人感到格外舒畅。享受这一刻的安宁。,contentment
一杯冒着热气的清茶似乎让人感到格外舒畅，夫复何求。,contentment
一杯冒着热气的清茶似乎这就是最好的状态。知足常乐。,contentment
一杯冒着热气的清茶似乎这就是最好的状态。这就是稳稳的幸福。,contentment
一杯冒着热气的清茶似乎透着平淡的幸福。知足常乐。,contentment
一杯冒着热气的清茶带来了一种久违的宁静。这就是稳稳的幸福。,contentment
一杯冒着热气的清茶带来了一种久违的宁静，夫复何求。,contentment
一杯冒着热气的清茶心境随之变得开阔。这就是稳稳的幸福。,contentment
一杯冒着热气的清茶必然这就是最好的状态。生活本该如此简单。,contentment
一杯冒着热气的清茶总会心境随之变得开阔。知足常乐。,contentment
一杯冒着热气的清茶总会心境随之变得开阔。这就是稳稳的幸福。,contentment
一杯冒着热气的清茶总会让人感到格外舒畅。生活本该如此简单。,contentment
一杯冒着热气的清茶总会这就是最好的状态。享受这一刻的安宁。,contentment
一杯冒着热气的清茶总会透着平淡的幸福。享受这一刻的安宁。,contentment
一杯冒着热气的清茶真的带来了一种久违的宁静。这就是稳稳的幸福。,contentment
一杯冒着热气的清茶真的让人感到格外舒畅，夫复何求。,contentment
一杯冒着热气的清茶真的让节奏慢了下来。享受这一刻的安宁。,contentment
一杯冒着热气的清茶真的这就是最好的状态。享受这一刻的安宁。,contentment
一杯冒着热气的清茶真的这就是最好的状态。知足常乐。,contentment
一杯冒着热气的清茶确实让节奏慢了下来。生活本该如此简单。,contentment
一杯冒着热气的清茶确实这就是最好的状态。这就是稳稳的幸福。,contentment
一杯冒着热气的清茶确实透着平淡的幸福。这就是稳稳的幸福。,contentment
一杯冒着热气的清茶竟然心境随之变得开阔。享受这一刻的安宁。,contentment
一杯冒着热气的清茶竟然心境随之变得开阔，夫复何求。,contentment
一杯冒着热气的清茶竟然让人感到格外舒畅。这就是稳稳的幸福。,contentment
一杯冒着热气的清茶竟然让节奏慢了下来。享受这一刻的安宁。,contentment
一杯冒着热气的清茶竟然让节奏慢了下来。这就是稳稳的幸福。,contentment
一杯冒着热气的清茶竟然这就是最好的状态。享受这一刻的安宁。,contentment
一杯冒着热气的清茶竟然这就是最好的状态，夫复何求。,contentment
一杯冒着热气的清茶让人感到格外舒畅，夫复何求。,contentment
一杯冒着热气的清茶让节奏慢了下来。生活本该如此简单。,contentment
一杯冒着热气的清茶让节奏慢了下来。知足常乐。,contentment
一杯冒着热气的清茶透着平淡的幸福。享受这一刻的安宁。,contentment
一杯冒着热气的清茶透着平淡的幸福。知足常乐。,contentment
一杯冒着热气的清茶透着平淡的幸福，夫复何求。,contentment
一点点风吹草动都会让我变得敏感，这种状态真的太糟糕了,anxiety
一生一世,love
一生守护你,love
一直以为我们会是一辈子的好朋友，直到看到你把我拉黑的那一红点。,sadness
一直刷不到录取结果，每一秒都是漫长的精神折磨，心一直悬着,anxiety
一直在刷公司的招录动态，怕错过了唯一的补录机会，焦虑到想撞墙,anxiety
一直在刷后台消息，怕错过任何一个重要的入职通知,anxiety
一直在刷后台消息，怕错过任何一个重要的入职通知，好慌,anxiety
一直在刷后台消息，怕错过任何一个重要的通知,anxiety
一直在刷后台消息，怕错过任何一个重要的通知，手心全是汗,anxiety
一直在刷后台消息，怕错过任何一个重要的通知，手心全是汗，焦虑到死,anxiety
一直在刷后台消息，怕错过任何一个重要的通知，手心全是汗，焦虑得要死,anxiety
一直在刷快递进度，怕那个重要的证书在路上丢了，焦虑到坐立难安,anxiety
一直在刷快递进度，怕重要证件在路上丢了，焦虑到坐立难安,anxiety
一直在刷招聘进度看着简历石沉大海，这种迷茫感，快把我吞噬了,anxiety
一直在刷招聘进度看着简历石沉大海，这种迷茫感，快要把我整个人吞噬了,anxiety
一直在刷新招聘状态，看着发出去的简历一个个石沉大海，那种迷茫感让我失眠,anxiety
一直在刷新招聘软件，看着投出去的简历全石沉大海，那种焦虑感让我失眠,anxiety
一直在刷新招聘进度，怕错过任何一条反馈，这种等待的过程简直是精神折磨,anxiety
一直在刷新招聘进度，看着简历一个个石沉大海，真的好迷茫,anxiety
一直在刷新招聘进度，看着简历一个个石沉大海，那种迷茫感让我心慌,anxiety
一直在刷新招聘进度，看着简历一个个被拒，那种迷茫感真的让我焦虑到哭,anxiety
一直在刷新查分页面，怕看到那个结果，又怕错过那个结果，心跳快到嗓子眼了,anxiety
一直在刷新物流信息，怕快递丢了，又怕收到货不满意，强迫症快犯了,anxiety
一直在刷新考试成绩查询页面，怕自己又是一次陪跑，焦虑到手指颤抖,anxiety
一直在刷新银行卡余额，看着数字一点点变少，那种焦虑感像蛇一样缠着我,anxiety
一直在刷机票动态，怕航班临时取消耽误了大事，焦虑到坐立难安,anxiety
一直在刷机票动态，怕航班临时取消耽误大事，焦虑到坐立难安,anxiety
一直在刷消息，怕错过任何一个重要的通知，手心全是汗。,anxiety
一直在刷消息，怕错过通知，手心全是汗,anxiety
一直在刷消息，怕错过通知，手心全是汗，这种等待太折磨了,anxiety
一直在刷消息，怕错过面试通知，手心全是汗,anxiety
一直在刷这个话题的实时，怕有什么不好的风向,anxiety
一直在刷这个话题的实时，怕有什么不好的风向。,anxiety
一直在刷面试回复看着邮箱一片寂静，这种迷茫感，快把我吃了,anxiety
一直在想会不会出什么问题，越想越具体,anxiety
一直在担心,anxiety
一直在担心别人的看法,anxiety
一直在担心未来,anxiety
一直在担心未来的生活，这种焦虑感挥之不去,anxiety
一直在担心未来的生活，这种焦虑感挥之不去，感觉好累,anxiety
一直在担心未来的生活，这种焦虑感挥之不去，感觉生活失去了色彩,anxiety
一直在等一个消息，等到后来都不知道自己在等什么了,anxiety
一直在等那个未知的面试结果，每一分钟对我来说都是煎熬，心一直悬着,anxiety
一直在等那个未知的面试结果，每一分钟对我来说都是煎熬，心悬着,anxiety
一直在等那个未知的面试结果，每一分钟都是煎熬，心一直悬着,anxiety
一直在纠结要不要主动去道歉，怕对方根本不在乎，焦虑到整晚闭不上眼,anxiety
一直在纠结要不要主动去道歉，怕对方根本不在乎，焦虑到整晚闭眼,anxiety
一直在纠结要不要主动去道歉，怕对方根本不在乎，焦虑到睡不着,anxiety
一直在纠结要不要把那个秘密告诉他，怕说了之后一切都回不去了，心慌得要命,anxiety
一直在纠结要不要把那个秘密告诉他，怕说了之后连普通朋友都做不成了，心慌得要命,anxiety
一直在纠结要不要把那个秘密告诉他，怕说了之后连朋友都做不成，好焦虑,anxiety
一直在纠结要不要把那个秘密告诉他，怕说了连朋友都做不成，这种焦虑快把我折磨疯了,anxiety
一直在纠结要不要把那个秘密告诉他，怕说了连朋友都做不成，这种纠结好折磨,anxiety
一直在纠结要不要把那句喜欢说出口，怕说了连朋友都没得做，焦虑到失眠,anxiety
一直在纠结要不要换个城市生活，怕万一闯不出名堂，又怕错过了时机,anxiety
一直在纠结要不要换个城市生活，怕万一闯不出名堂，又怕错过了最后时机,anxiety
一直在纠结要不要换工作，万一下一家更坑呢？,anxiety
一直在纠结要不要换工作，怕万一下一家更坑,anxiety
一直在纠结要不要换工作，怕万一下一家更坑呢,anxiety
一直在纠结要不要换工作，怕万一下一家更坑，不敢动,anxiety
一直在纠结要不要说,anxiety
一直在纠结要不要说出那个秘密，怕说了连朋友都做不成，心慌得要命,anxiety
一直在纠结这个选择，怕选错了会后悔一辈子,anxiety
一直在纠结这个选择，怕选错了会后悔一辈子，焦虑得整晚失眠,anxiety
一直在纠结这个选择，怕选错了会后悔一辈子，焦虑得整晚睡不着,anxiety
一直在纠结这个选择，怕选错了会后悔一辈子，真的好痛苦,anxiety
一直担心事情出差错,anxiety
一直担心会做错事,anxiety
一直担心出问题,anxiety
一直担心别人怎么看我,anxiety
一直担心未来的生活，这种焦虑感挥之不去,anxiety
一直担心结果不好有点慌,anxiety
一直担心自己说错话,anxiety
一直没有确切的答复，这种等待的过程简直是心理折磨。,anxiety
一直没有确切的答复，这种等待的过程简直是心理折磨。...,anxiety
一直没有确切的答复，这种等待的过程简直是心理折磨。。,anxiety
一直没有确切的答复，这种等待的过程简直是心理折磨。，真的。,anxiety
一直等不到结果，每一分钟都是煎熬，心一直悬着,anxiety
一直纠结要不要把那个秘密告诉他，怕说了连朋友都做不成，折磨疯了,anxiety
一直纠结要不要把那笔亏损告诉家里，怕他们担心又怕自己扛不住，焦虑到整晚失眠,anxiety
一直联系不上他，不会是在路上出了什么意外吧？,anxiety
一而再再而三地消耗我的信任，真以为我是没脾气的吗,anger
一而再再而三地试探我的底线，真当我是软柿子捏吗,anger
一见倾心,love
一见钟情,love
一起看的演唱会只剩门票,sadness
一辈子友谊最后分崩离析,sadness
一辈子的好友因为利益断联，想起从前，真的唏嘘,sadness
一遍又一遍刷新那个空白页面，不停地清嗓子并整理领带,anxiety
一遍又一遍刷新那个空白页面，反复确认门窗是否关好,anxiety
一遍又一遍刷新那个空白页面，屏幕上红色的倒计时正在闪烁,anxiety
一遍又一遍刷新那个空白页面，手心里全是冷汗,anxiety
一遍又一遍刷新那个空白页面，每隔几秒就按亮一次手机屏幕,anxiety
一遍又一遍刷新那个空白页面，电脑散热器的轰鸣声让人心烦意乱,anxiety
一遍又一遍刷新那个空白页面，窗外的树影在风中剧烈晃动,anxiety
一遍又一遍刷新那个空白页面，肌肉紧绷到微微发酸,anxiety
一遍又一遍刷新那个空白页面，背后出了一层薄汗,anxiety
一遍又一遍刷新那个空白页面，腿肚子止不住地打战,anxiety
一闭上眼睛就开始复盘今天的事情，挑毛病,anxiety
一顿热乎的面条一个好觉，就是最实在的安全感，我已经知足了,contentment
一顿热乎饭一个安稳觉，就是最真实的安全感，知足了,contentment
万一世界末日真的来了，我还没好好享受过生活呢，真是不甘心。,anxiety
万一事情不像我想象的那样顺利，我该如何收场,anxiety
万一事情的发展超出了我的预期，我该怎么去补救,anxiety
万一他不再回我消息了怎么办...,anxiety
万一他不再回我消息了怎么办。,anxiety
万一他不再回我消息了怎么办！,anxiety
万一他不再回我消息了怎么办？,anxiety
万一他不再回我消息了怎么办～,anxiety
万一他不再爱我了，万一他只是在骗我，这种不安全感折磨得我整宿睡不着。,anxiety
万一他不喜欢我怎么办,anxiety
万一他不喜欢我，那我们以后连朋友都做不成了吧,anxiety
万一他不喜欢我，那我们以后连朋友都做不成了吧，太纠结了,anxiety
万一他不喜欢我，那我们以后连朋友都做不成了吧，好纠结,anxiety
万一他不喜欢我，那我们以后连朋友都做不成了吧，这种纠结真的好难受,anxiety
万一他不喜欢我，那我们连朋友都做不成了吧,anxiety
万一他不喜欢我，那我们连朋友都做不成了吧，好想逃避现实,anxiety
万一他不喜欢我，那我们连朋友都做不成了吧，这种纠结真的好难受,anxiety
万一他不喜欢我，那我是不是成了全宇宙最大的笑话,anxiety
万一他不爱我了，我该怎么活下去？这种不安全感真的好折磨。,anxiety
万一他发现我其实并不完美，会不会嫌弃我？好怕失去这份感情。,anxiety
万一他只是在玩弄我的感情，那我付出的这一切岂不是全白费了？,anxiety
万一他没看到我的留言，计划是不是全都要泡汤了,anxiety
万一他误会了我的意思，我该怎么解释？,anxiety
万一他误会了我的意思，那该怎么解释才好...,anxiety
万一他误会了我的意思，那该怎么解释才好。,anxiety
万一他误会了我的意思，那该怎么解释才好！,anxiety
万一他误会了我的意思，那该怎么解释才好？,anxiety
万一他误会了我的意思，那该怎么解释才好～,anxiety
万一他误解了我的意思，这段关系该怎么维持？,anxiety
万一在演示的时候电脑死机，那简直是噩梦,anxiety
万一在这个大城市待不下去了，回老家又会被嘲笑，我该何去何从？,anxiety
万一失败了怎么办,anxiety
万一对方不喜欢我的画风怎么办，这种不确定感太煎熬,anxiety
万一对方不喜欢我的画风怎么办，那种不确定感太煎熬了。,anxiety
万一对方不喜欢我的风格怎么办，这种不确定感太煎熬了,anxiety
万一对方不喜欢我的风格怎么办，那种不确定感太煎熬,anxiety
万一对方临时变卦，我之前所有的准备都白费了,anxiety
万一对方并不像我喜欢他那样喜欢我，那我是不是成了全宇宙最大的笑话,anxiety
万一我爱的人其实一点都不在意我，那我这些年的坚持到底算什么？,anxiety
万一我爱的人其实一点都不在意我，那我这些年的坚持算什么？,anxiety
万一我的能力不足以应付接下来的挑战，我该怎么办,anxiety
万一我的选择是错的怎么办？这种纠结和焦虑让我整晚整晚地失眠，好痛苦,anxiety
万一我表现得不好，大家会不会在背后议论我,anxiety
万一我这辈子就这样庸庸碌碌地度过了，那种不甘心真的好折磨人。,anxiety
万一我这辈子就这样庸庸碌碌地度过了，那种不甘心真的好难受。,anxiety
万一我选的专业以后找不到工作怎么办？这种对前途的迷茫感让我整天发愁,anxiety
万一我选的这个行业是个夕阳行业怎么办？这种对前途的焦虑感让我夜夜难安,anxiety
万一我选的这条路是一条不归路怎么办？这种对前途的恐慌感让我夜夜难安,anxiety
万一我选的这条路是一条死胡同怎么办？这种对前途的恐慌感让我夜不能寐,anxiety
万一手术复查结果不好怎么办，这种未知的恐惧，快把我压垮了,anxiety
万一手术结果不理想怎么办，这种对健康的恐惧，快要把我整个人压垮,anxiety
万一明天的体检指标不合格怎么办，这种对未知的恐惧，快要把我压垮了,anxiety
万一明天的体检指标不合格怎么办，这种对衰老的恐惧，快压垮我,anxiety
万一明天的汇报我卡壳了，那真的太丢脸了,anxiety
万一明天的路演依然没人投简历，我真不知道该怎么面对合伙人，手心一直在冒汗,anxiety
万一明天的面试官又是那个出了名的刻薄鬼，我该怎么办，焦虑到爆,anxiety
万一明天迟到了，万一路上堵车，万一电脑坏了……我不敢往下想。,anxiety
万一明天迟到了，万一路上堵车，万一电脑坏了……我不敢往下想。。,anxiety
万一明天迟到了，万一路上堵车，万一电脑坏了……我不敢往下想。，好慌。,anxiety
万一明天迟到了，万一路上堵车，万一电脑坏了……我不敢往下想。，真的。,anxiety
万一明天面试官问到我的职业空白期，我该怎么说才不会显得狼狈？,anxiety
万一明天面试迟到了怎么办？万一老师问的问题我不会呢？,anxiety
万一最后只剩我一个人，我该往哪里走？,anxiety
万一最后只剩我一个人，该怎么收场...,anxiety
万一最后只剩我一个人，该怎么收场？,anxiety
万一没考好，我该怎么交代...,anxiety
万一没考好，我该怎么交代。,anxiety
万一没考好，我该怎么交代！,anxiety
万一没考好，我该怎么交代？,anxiety
万一考不上怎么办,anxiety
万一表现得不好大家会不会在背后议论我，压力大到想吐，焦虑到了极点,anxiety
万一表现得不好大家会不会在背后议论我，这种由于不自信带来的紧绷感，好累,anxiety
万一表现得不好大家会不会笑话我，压力大到想吐，焦虑到了极点,anxiety
万一表现得不好大家会在背后议论我，这种不自信带来的紧绷感，好累,anxiety
万一表现得不好，压力大到想吐,anxiety
万一表现得不好，压力大到想现在就钻地缝回家,anxiety
万一表现得不好，大家会不会在背后议论我,anxiety
万一表现得不好，大家会不会在背后议论我，压力大到想吐,anxiety
万一表现得不好，大家会不会在背后议论我，压力大到想现在就钻地缝回家,anxiety
万一表现得不好，大家会不会在背后议论我，好紧张,anxiety
万一表现得不好，焦虑到想大哭,anxiety
万一被对方看穿了我的心虚，那场面该有多尴尬,anxiety
万一誓言被时间改变，该怎么办...,anxiety
万一誓言被时间改变，该怎么办？,anxiety
万一计划有变，我该如何向大家解释，好头疼,anxiety
万一身体出了什么状况，这个家该怎么办，我不敢深想,anxiety
万一身体出了问题，我根本无法负担医疗费用...,anxiety
万一身体出了问题，我根本无法负担医疗费用。,anxiety
万一这个决定会影响我后面三年的职业生涯怎么办，这种焦虑让我整晚失眠,anxiety
万一这个决定会影响我后面十年的职业生涯怎么办？这种反复纠结真的快把我折磨疯了,anxiety
万一这个决定会让我后悔一辈子怎么办，这种反复纠结快把我折磨疯了，好慌,anxiety
万一这个决定做错了怎么办？万一未来的路更难走怎么办？这种纠结让我整晚失眠,anxiety
万一这个决定做错了怎么办？焦虑得整晚失眠,anxiety
万一这个决定做错了怎么办？焦虑得脑子发热,anxiety
万一这个决定做错了怎么办？这种纠结让我整晚失眠,anxiety
万一这个决定选错了我是不是就彻底失业了，这种对未来的焦虑快要把我逼疯了,anxiety
万一这个决定选错了，我这辈子是不是就毁了，焦虑得要命,anxiety
万一这个跳槽决定选错了，我是不是就彻底失业了，焦虑得要死,anxiety
万一这个项目延期，我真的不知道该怎么交代？,anxiety
万一这件事搞砸了，所有人都会怎么看我？我该怎么面对家人失望的眼神？,anxiety
万一这条短信发错了人，我该怎么办？,anxiety
万一这次体检出什么问题怎么办？我还有这么多想做的事情没做呢。,anxiety
万一这次创业失败了，我所有的积蓄就都没了，真的好害怕。,anxiety
万一这次又失败了，我真的不知道该怎么面对爸妈,anxiety
万一这次又搞砸了怎么办，我已经没有退路了,anxiety
万一这次又搞砸了怎么办，我已经没有退路了。,anxiety
万一这次又搞砸了怎么办，我已经没有退路了，压力大到想哭,anxiety
万一这次又搞砸了怎么办，我已经没有退路了，焦虑到窒息,anxiety
万一这次又搞砸了怎么办，我已经没有退路了，焦虑得失眠,anxiety
万一这次又搞砸了怎么办，我已经没有退路了，焦虑得整晚失眠,anxiety
万一这次又搞砸了怎么办，我已经没有退路了，真的压力好大,anxiety
万一这次又搞砸了怎么办，我已经没有退路了，这种高压感真的让我快窒息了,anxiety
万一这次又搞砸了怎么办，焦虑到窒息,anxiety
万一这次又搞砸了怎么办，焦虑得整晚失眠,anxiety
万一这次又搞砸了，怎么办,anxiety
万一这次又搞砸了，怎么办，我已经没有退路了,anxiety
万一这次又搞砸了，我真的不知道该怎么面对大家的期待了，心跳好快,anxiety
万一这次又搞砸了，焦虑,anxiety
万一这次尝试又失败了，我可能真的没有重来的勇气了,anxiety
万一这次展示表现得一塌糊涂，大家会怎么看我，焦虑到想退缩,anxiety
万一这次手术有风险怎么办？我甚至连遗书都不知道该怎么写。,anxiety
万一这次手术有风险怎么办？我还有很多心愿没有完成呢。,anxiety
万一这次投资又亏了，我就真的倾家荡产了，求求老天保佑吧。,anxiety
万一这次投资又亏了，我就真的倾家荡产了，求求老天保佑我吧。,anxiety
万一这次机会错过了就再也没有了，这种压迫感让我整天心不在焉。,anxiety
万一这次的体检复查结果还是异常，我真不敢想象未来，焦虑到心慌,anxiety
万一这次的入职体检出问题怎么办？这种对健康的强烈不安感让我整天精神恍惚,anxiety
万一这次的入职背调出意外怎么办，这种强烈的焦虑感，让我整天恍惚,anxiety
万一这次的入职背调出意外怎么办，这种强烈的焦虑感，让我整天精神恍惚,anxiety
万一这次的入职背调出意外怎么办，这种焦虑感，让我整天恍惚,anxiety
万一这次的入职背调出意外怎么办？这种对未来的强烈不确定感让我整天精神恍惚,anxiety
万一这次的复查结果还是不如人意，我该怎么开口跟爸妈说，心慌得像是失重一样,anxiety
万一这次的报告还是被老板当众否定，我真不知道怎么面对同事，心跳好快,anxiety
万一这次的报告还是被老板当众否定，我真不知道该怎么面对同事，心跳得好快,anxiety
万一这次的转正述职表现不佳，我这半年的加班就全白费了，好慌,anxiety
万一这次的述职报告没打动老板，我这半年的项目奖金可能就打水漂了，焦虑到失眠,anxiety
万一这次的述职报告没打动老板，我这半年的项目奖金可能就打水漂了，焦虑到整晚失眠,anxiety
万一这次的选择是错误的，我该如何挽回损失,anxiety
万一这次的项目审核还是不过，我真的不知道怎么交代，焦虑得整晚失眠,anxiety
万一这次的项目审核还是过不了，我真不知道怎么交代，焦虑到失眠,anxiety
万一这次的项目审核还是过不了，我真不知道怎么交代，焦虑得整晚失眠,anxiety
万一这次的项目审核还是过不了，我真的不知道该怎么面对大家的期待了，焦虑得整晚整晚失眠,anxiety
万一这次表现得不好大家会不会嘲笑我，这种不安全感，快把我逼疯,anxiety
万一这次面试又挂了，我真的不知道该怎么办...,anxiety
万一这次面试又挂了，我真的不知道该怎么办。,anxiety
万一这次面试又挂了，我真的不知道该怎么办！,anxiety
万一这次面试又挂了，我真的不知道该怎么办？,anxiety
万一这次面试又挂了，我真的不知道该怎么办～,anxiety
万一这次面试又挂了，我真的不知道该怎么面对家人的期待了。,anxiety
万一这次面试又挂了，我真的不知道该怎么面对朋友们的询问了。,anxiety
万一这次面试又没过，我真的不知道下一步该怎么办了。,anxiety
万一这次面试又没过，我真的不知道下一步该怎么办了。...,anxiety
万一这次面试又没过，我真的不知道下一步该怎么办了。。,anxiety
万一这次面试又没过，我真的不知道下一步该怎么办了。，好慌。,anxiety
万一这次项目审核不过，我真的不知道怎么交代，焦虑得整晚失眠,anxiety
万一这辈子再也遇不到真心喜欢我的人了，那种孤独感让我窒息。,anxiety
万一这辈子就只能这样平庸，我真的不甘心...,anxiety
万一这辈子就只能这样平庸，我真的不甘心。,anxiety
万一面试官问到我的职场空白期我该怎么圆，这种对未来的不确定感让我好慌,anxiety
万一面试没过怎么办，压力好大,anxiety
万一面试没过怎么办，急死了,anxiety
万一面试没过怎么办，焦虑,anxiety
万一面试没过怎么办，这已经是今年最后一个机会了,anxiety
万一面试没过怎么办，这已经是今年最后一个机会了，好慌,anxiety
万一面试没过怎么办，这已经是今年最后一个机会了，急死了,anxiety
万一面试没过怎么办，这已经是今年最后一个机会了，焦虑到想哭,anxiety
万一面试没过怎么办，这已经是今年最后一个机会了，焦虑到死,anxiety
万一面试没过怎么办，这已经是今年最后一个机会了，焦虑到窒息,anxiety
万一面试没过怎么办，这已经是最后的机会了,anxiety
万一面试的时候说错话怎么办，这可是我努力了半年的唯一机会啊,anxiety
万一面试表现不好怎么办，这个机会对我真的很重要,anxiety
万岁太棒了,joy
万念俱寂。,sadness
万念俱灰,sadness
万念俱灰。,sadness
万物皆有时，该来的总会来，我只需要静静等待。,contentment
三年的感情说散就散，好难受,sadness
上午开了两个小时的会，下午还有一个文档要整理,neutral
上头了,joy
下三滥的烂货,anger
下个月房租又要涨，可我的工资一分没动，愁得我恨不得去路边抢银行,anxiety
下个月房租没着落愁死了,anxiety
下个月房租还没着落愁得头发白了,anxiety
下个月房租还没着落，愁得我整宿整宿睡不着，连做梦都在低三下四地给人跪下借钱，日子何时到头,anxiety
下个月房租还没着落，愁得我整宿整宿睡不着，连做梦都在低三下四找钱，这种日子何时到头,anxiety
下个月房租还没着落，愁得我整宿整宿睡不着，连做梦都在到处低三下四地借钱，这种日子什么时候到头,anxiety
下个月房租还没着落，愁得我整宿整宿睡不着，连做梦都在到处借钱,anxiety
下个月房租还没着落，愁得我整宿整宿睡不着，连做梦都在到处找钱，这种日子什么时候到头,anxiety
下个月房租还没着落，愁得我整宿整宿睡不着，连做梦都在到处找钱，这种日子什么时候是个头,anxiety
下个月房租还没着落，愁得整宿睡不着，连做梦都在低三下四找钱，日子何时到头,anxiety
下个月没钱交房租愁死了,anxiety
下个月的KPI要是再达不到，我就得卷铺盖走人了，愁得我整宿睡不着，连做梦都在求人开单,anxiety
下个月的房租到现在还没个准信，愁得我整宿整宿翻大烧饼，头发是一把一把地掉,anxiety
下个月的房租到现在还没着落，愁得我整宿整宿睡不着，头发大把掉,anxiety
下个月的房租到现在还没着落，愁得我整宿整宿翻大烧饼，连梦里都在到处找钱，太难了,anxiety
下个月的房租到现在还没着落，愁得我整宿整宿翻烧饼，头发大把掉,anxiety
下个月的房租还没着落愁得我头发都白了,anxiety
下个月的房租还没着落，公司却又传出要降薪的消息，愁得睡不着,anxiety
下个月的房租还没着落，愁得头发白,anxiety
下个月的房租还没着落，愁得我想撞墙,anxiety
下个月的房租还没着落，愁得我整宿整宿睡不着觉,anxiety
下个月的房租还没着落，愁得我整晚整晚睡不着,anxiety
下个月的房租还没着落，愁死我了,anxiety
下个月的房贷到现在还没着落，愁得我大把大把掉头发，天都要塌了,anxiety
下午开会,neutral
下午有会议,neutral
下午有汇报,neutral
下午的会议结束之前，我的腿抖了大概三十分钟,anxiety
下周一有个外部会议，地点在市中心,neutral
下周就要交初稿了，我一个字都没写，愁得想撞墙,anxiety
下周就要公开演讲了，我到现在还在手抖，万一到时候忘词了怎么办？,anxiety
下周就要公开演讲了，我到现在还在手抖，万一到时候忘词了怎么办？。,anxiety
下周就要出差了，我还没准备好,anxiety
下周就要去一个完全陌生、据说还特别排外的地方打短工，我心里慌得像没底的破桶,anxiety
下周就要去一个完全陌生、环境恶劣的地方出差，我还没准备好，心里慌得像没底洞,anxiety
下周就要去一个完全陌生的地方长期出差，我还没准备好，心里慌得不行,anxiety
下周就要去一个完全陌生的地方长期出差，我还没准备好，心里慌得要命,anxiety
下周就要去拿那个决定我这辈子是当人还是当狗的体检报告了，我怕得连写遗书的手都在抖,anxiety
下周就要去那个完全不认人的大城市闯荡了，我到现在还没买到车票，愁得我整宿整宿在那儿薅头发,anxiety
下周就要去陌生的地方出差，我还没准备好，好慌,anxiety
下周就要考试了可我还没开始复习，急得我整宿整宿睡不着，愁死了,anxiety
下周就要考试了，我连书都没翻开过,anxiety
下周就要进行那个决定生死存亡的述职报告了，我到现在连PPT的第一页都还没做，愁死我算了,anxiety
下周的体检报告就像悬在头顶的剑，让人整晚整晚地失眠,anxiety
下周的述职报告如果再被那个秃头经理打回来，我真的会原地爆炸,anxiety
下周的述职报告还没写完，PPT却突然损坏了，这种绝望感谁懂啊,anxiety
下周的述职报告还没准备好，领导却突然要提前检查，急得我团团转,anxiety
下周的述职报告还没开始写急得我像热锅上的蚂蚁,anxiety
下周的述职报告还没想好开头怎么写,anxiety
下周的述职报告，我连PPT都还没做,anxiety
下周的面试竞争那么激烈，我这点经验真的能行吗？,anxiety
下周考试烦死了,anxiety
下周要出差烦死了,anxiety
下头,anger
下意识地多买了一份他最爱的冰美式。可回应我的只有空荡荡的走廊和回声,sadness
下意识地多买了一份他最爱的冰美式。可直到冰块化成水，才想起对面已经没人坐了,sadness
下意识地多买了一份他最爱的冰美式。后来回应我的只有空荡荡的走廊和回声,sadness
下意识地多买了一份他最爱的冰美式。然而回应我的只有空荡荡的走廊和回声,sadness
下意识地多买了一份他最爱的冰美式。然而直到开饭才发现，多出来的那副只能收回去,sadness
下意识地多买了一份他最爱的冰美式。直到手指悬在发送键上很久，最后还是一个个字删掉了,sadness
下意识地多买了一份他最爱的冰美式。直到直到冰块化成水，才想起对面已经没人坐了,sadness
下意识地多买了一份他最爱的冰美式，回应我的只有空荡荡的走廊和回声,sadness
下意识地多买了一份他最爱的冰美式，手伸向钱包时才想起，已经没有送花的理由了,sadness
下意识地多买了一份他最爱的冰美式，直到开饭才发现，多出来的那副只能收回去,sadness
下架吧垃圾,anger
下楼倒垃圾遇到了crush，这是什么偶像剧情节,love
下流,anger
下班刚好赶上末班车，运气爆棚...,joy
下班刚好赶上末班车，运气爆棚。,joy
下班刚好赶上末班车，运气爆棚！,joy
下班刚好赶上末班车，运气爆棚？,joy
下班刚好赶上末班车，运气爆棚～,joy
下班卡打卡成功的声音刚一响起，他立刻抓起背包冲向了电梯间,joy
下班后坐在江边吹吹晚风，看着波光粼粼的水面，心境格外平和,contentment
下班后换上舒适的拖鞋听着雨声慢慢入睡，觉得这种独处的时间，简直是救赎,contentment
下班后换上舒适的拖鞋，听着喜欢的播客入睡，独处的时间太美妙了,contentment
下班后换上舒适的拖鞋，听着喜欢的播客慢慢入睡，觉得这种独处的时间太美妙了,contentment
下班后换上软软的睡衣喝杯冰可乐，听着窗外的蝉鸣，这一刻的宁静最珍贵,contentment
下班后换上软软的睡衣喝杯冰可乐，听着窗外的雨声，这一刻最珍贵,contentment
下班后换上软软的睡衣喝杯冰可乐，听着窗外的雨声，这一刻的宁静最珍贵,contentment
下班后换上软软的睡衣喝杯冰可乐，这一刻的宁静，比任何名利都来得真实,joy
下班后换上软软的睡衣喝杯冰可乐，这一刻的宁静，比任何名利都来得重要,contentment
下班后的他没有回家而是在车里坐着抽了一根又一根的烟,sadness
下班后的夕阳染红了街道，照在身上暖烘烘的，心情瞬间大好,joy
下班后的夕阳真美，照在身上暖洋洋的，心情大好,joy
下班回家发现又是冷锅冷灶，窗外万家灯火，没有一盏是为我留的。,sadness
下班回家发现桌上放着我最爱喝的奶茶，被人在乎的感觉真好,joy
下班回家换上拖鞋，给自己倒杯温水，这一刻的宁静是任何名利都换不来的,contentment
下班回家换上最软的拖鞋，关掉所有工作群的消息，这种自由感最赞,contentment
下班回家换上睡衣躺在沙发上，听着喜欢的播客，这一刻感觉最放松了,contentment
下班回家换上睡衣躺在沙发上，听着喜欢的播客，这一刻最放松了,contentment
下班回家换上睡衣躺在沙发上，听着喜欢的歌，这一刻最放松,contentment
下班回家换上睡衣躺在沙发上，听着喜欢的音乐，这一刻感觉整个人都放松了,contentment
下班回家换上睡衣躺在沙发上，舒服,contentment
下班回家换上睡衣躺在沙发上，这一刻最放松,contentment
下班回家换上睡衣躺在沙发上，这一刻最放松了,contentment
下班回家换上睡衣躺在沙发上，这一刻最放松了，这一刻感觉整个人都轻盈了,contentment
下班回家换上睡衣躺在沙发上，这一刻最放松，谁都别来烦我,contentment
下班回家换上睡衣，窝在沙发上刷刷剧，这一刻我才觉得自己真正活过来了,contentment
下班回家换上睡衣，给自己煮一碗面，这一刻的宁静是任何无效社交都比不上的,contentment
下班回家换上睡衣，给自己煮一碗面，这一刻的宁静是任何社交都比不上的,contentment
下班回家换上软绵绵的家居服，窝在被窝里刷刷剧，这一刻我才感觉自己活过来了,contentment
下班回家换上软绵绵的居家服，窝在被窝里刷刷剧，这一刻我才感觉自己活过来了,contentment
下班回家换上软软的家居服，给自己泡一壶淡淡的青茶，这一刻的宁静最是解压,contentment
下班回家换上软软的拖鞋，给自己倒杯温水，这一刻的宁静是任何名利都换不来的,contentment
下班回家换上软软的拖鞋，给自己倒杯温水，这一刻的宁静最珍贵,contentment
下班回家换上软软的拖鞋，给自己倒杯温牛奶，这一刻的静谧是任何名利都换不来的,contentment
下班回家换上软软的睡衣，听着窗外的蝉鸣喝一杯冰可乐，这一刻的宁静最是珍贵,contentment
下班回家换上软软的睡衣，听着窗外的蝉鸣喝一杯加冰的可乐，这一刻的宁静比任何名利都珍贵,contentment
下班回家换上软软的睡衣，听着窗外的雨声喝杯可乐，宁静比名利珍贵,contentment
下班回家能吃上一碗热腾腾的面条，再洗个热水澡躺在松软的床上，真知足。,contentment
下班回家能喝上一口热汤，知足了,contentment
下班看到你我就觉得值了,love
下班看到你的笑脸，全值了,love
下班路上买了一束鲜花带回家，生活需要这点小小的仪式感来点缀。,contentment
下班路上的火烧云太美了，赶紧拍一张,joy
下班路上的风吹得特别舒服，耳机里刚好随机到最喜欢的歌，感觉整个人都轻盈了,joy
下班路上看到一个很像你的背影，追过去才发现认错了，眼泪一下子就出来了。,sadness
下班路上看到火烧云把整条街道都染成了橘红色，我停下共享单车拍了张照，那一刻突然觉得这操蛋的生活也挺温柔,joy
下雨了，我拿着伞在地铁站出口等你，别淋感冒了。,love
下雨了，我拿着伞在地铁站出口等你，别淋感冒了。你是我疲惫生活里的唯一慰藉,love
下雨了，我拿着伞在地铁站出口等你，别淋感冒了。只想一直守护在你身边,love
下雨了，我拿着伞在地铁站出口等你，别淋感冒了。希望余生都是你,love
下雨了，我拿着伞在地铁站出口等你，别淋感冒了。想把所有好东西都给你,love
下雨天关掉手机听雨砸窗户，这种极致的虚无感反倒挺踏实的,contentment
下雨天忘记关窗，地板上全是水,anger
下雨天没带伞，淋成落汤鸡,anger
下雨天躲在家里看番，喝杯热奶茶，真的太舒服了。,contentment
下雨天，窝在家里听着雨声刷剧，觉得特别有安全感。,contentment
下雨天，窝在沙发里看电影，惬意,contentment
下雨天，窝在被窝里听着雨声，这种安全感简直是无与伦比的。,contentment
下雨忘带伞，全身湿透，心情差到爆,sadness
不买奢侈品省下了装修费，看到新家的模样，成就感直接拉满,joy
不乱于心，不困于情，这种淡然的生活态度让我受益匪浅。,contentment
不争不抢反而过得更自在,contentment
不争不抢地过日子把平凡过成诗,contentment
不争不抢地过日子把平凡过成诗我也很知足,contentment
不争不抢地过日子，偶尔买束花犒劳自己，这种状态最舒服,contentment
不争不抢地过日子，把每一个平凡的日子都过成诗，我觉得很知足,contentment
不争不抢平凡过成诗,contentment
不争不抢挺安逸,contentment
不争不抢挺知足,contentment
不争不抢挺自在,contentment
不争不抢真安逸,contentment
不争不抢，把平凡得跟土一样的日子过出点滋味，这也算是我在这荒诞世界里对自己的一份交代,contentment
不争不抢，把平凡琐碎的日子过成诗，这也算是我在这荒诞世界里对自己的一份交代,contentment
不争不抢，把平凡的日子过成诗，我也很满足,contentment
不争不抢，把平凡的日子过成诗，这也算是我对自己的一种温柔交代,contentment
不争不抢，把平凡过成诗,contentment
不争不抢，顺其自然，挺好的,contentment
不争不抢，顺其自然，现在的每一天都过得很舒心。,contentment
不争不抢，顺其自然，这种平和的心态让我避开了生活中大部分的纷扰,contentment
不争不抢，顺其自然，这种豁达的感觉让我很舒服,contentment
不争不抢，顺应自然，现在的每一天都过得格外顺心遂意。,contentment
不仅迟到了还被扣了奖金... 感觉人生达到了‘巅峰’。,anger
不仅迟到了还被扣了奖金... 我可得好好夸夸这种效率。,anger
不仅迟到了还被扣了奖金... 托您的福，心情好到了极点。,anger
不仅迟到了还被扣了奖金... 真是令人‘欣慰’的结局。,anger
不仅迟到了还被扣了奖金... 真是太‘理想’了。,anger
不仅迟到了还被扣了奖金... 这可真是‘谢天谢地’。,anger
不仅迟到了还被扣了奖金。我真是谢谢您了。,anger
不仅迟到了还被扣了奖金。生活可真有意思。,anger
不仅迟到了还被扣了奖金。真是一场完美的体验。,anger
不仅迟到了还被扣了奖金。真是长见识了。,anger
不仅迟到了还被扣了奖金！我可真‘幸运’。,anger
不仅迟到了还被扣了奖金！真是愉快的一天。,anger
不仅迟到了还被扣了奖金！这可太‘棒’了。,anger
不仅迟到了还被扣了奖金！这就是所谓的‘惊喜’吧。,anger
不仅迟到了还被扣了奖金，这安排真是‘贴心’得让人想哭。,anger
不停地清嗓子并整理领带，反复确认门窗是否关好,anxiety
不停地清嗓子并整理领带，呼吸频率变得急促且浅,anxiety
不停地清嗓子并整理领带，在草稿纸上乱涂乱画,anxiety
不停地清嗓子并整理领带，在走廊里来回踱步,anxiety
不停地清嗓子并整理领带，心脏撞击胸腔的声音异常清晰,anxiety
不停地清嗓子并整理领带，手心里全是冷汗,anxiety
不停地清嗓子并整理领带，把那个文件夹打开又关上,anxiety
不停地清嗓子并整理领带，时钟的滴答声在房间里异常响亮,anxiety
不停地清嗓子并整理领带，每隔几秒就按亮一次手机屏幕,anxiety
不停地清嗓子并整理领带，盯着屏幕上的第一行字看了十分钟,anxiety
不停地清嗓子并整理领带，肌肉紧绷到微微发酸,anxiety
不停地清嗓子并整理领带，背后出了一层薄汗,anxiety
不停地清嗓子并整理领带，走廊尽头传来的脚步声越来越近,anxiety
不停看时间的动作仿佛窒息的前兆。这种煎熬何时是个头。,anxiety
不停看时间的动作似乎已经加剧了内心的不安。真希望这一切快点结束。,anxiety
不停看时间的动作似乎已经加剧了内心的不安。这种状态真糟糕。,anxiety
不停看时间的动作似乎已经加剧了内心的不安，感觉要出大事。,anxiety
不停看时间的动作似乎已经让人心跳不自觉加快。这种煎熬何时是个头。,anxiety
不停看时间的动作似乎已经透着一股紧迫感。真希望这一切快点结束。,anxiety
不停看时间的动作似乎已经透着一股紧迫感。这种状态真糟糕。,anxiety
不停看时间的动作似乎让人心跳不自觉加快。连呼吸都变得沉重。,anxiety
不停看时间的动作似乎让人手足无措。这种状态真糟糕。,anxiety
不停看时间的动作似乎让思绪变得混乱。真希望这一切快点结束。,anxiety
不停看时间的动作似乎透着一股紧迫感。真希望这一切快点结束。,anxiety
不停看时间的动作似乎透着一股紧迫感。这种状态真糟糕。,anxiety
不停看时间的动作必然仿佛窒息的前兆，感觉要出大事。,anxiety
不停看时间的动作必然加剧了内心的不安。这种状态真糟糕。,anxiety
不停看时间的动作必然加剧了内心的不安，感觉要出大事。,anxiety
不停看时间的动作必然让人心跳不自觉加快。连呼吸都变得沉重。,anxiety
不停看时间的动作必然让思绪变得混乱。真希望这一切快点结束。,anxiety
不停看时间的动作必然让思绪变得混乱。这种煎熬何时是个头。,anxiety
不停看时间的动作必然透着一股紧迫感。连呼吸都变得沉重。,anxiety
不停看时间的动作总会仿佛窒息的前兆，感觉要出大事。,anxiety
不停看时间的动作总会加剧了内心的不安。真希望这一切快点结束。,anxiety
不停看时间的动作总会加剧了内心的不安，感觉要出大事。,anxiety
不停看时间的动作总会让人心跳不自觉加快。连呼吸都变得沉重。,anxiety
不停看时间的动作总会让思绪变得混乱。这种煎熬何时是个头。,anxiety
不停看时间的动作真的加剧了内心的不安。这种煎熬何时是个头。,anxiety
不停看时间的动作真的加剧了内心的不安。这种状态真糟糕。,anxiety
不停看时间的动作真的加剧了内心的不安。连呼吸都变得沉重。,anxiety
不停看时间的动作真的加剧了内心的不安，感觉要出大事。,anxiety
不停看时间的动作真的让人心跳不自觉加快。真希望这一切快点结束。,anxiety
不停看时间的动作真的让人心跳不自觉加快。这种状态真糟糕。,anxiety
不停看时间的动作真的让人心跳不自觉加快。连呼吸都变得沉重。,anxiety
不停看时间的动作真的让人手足无措。这种煎熬何时是个头。,anxiety
不停看时间的动作真的让思绪变得混乱。真希望这一切快点结束。,anxiety
不停看时间的动作确实仿佛窒息的前兆。这种煎熬何时是个头。,anxiety
不停看时间的动作确实加剧了内心的不安，感觉要出大事。,anxiety
不停看时间的动作确实让人心跳不自觉加快。这种状态真糟糕。,anxiety
不停看时间的动作确实让人心跳不自觉加快，感觉要出大事。,anxiety
不停看时间的动作竟然仿佛窒息的前兆。这种煎熬何时是个头。,anxiety
不停看时间的动作竟然仿佛窒息的前兆，感觉要出大事。,anxiety
不停看时间的动作竟然加剧了内心的不安。这种煎熬何时是个头。,anxiety
不停看时间的动作竟然加剧了内心的不安。连呼吸都变得沉重。,anxiety
不停看时间的动作竟然让人心跳不自觉加快。这种煎熬何时是个头。,anxiety
不停看时间的动作竟然让人心跳不自觉加快。连呼吸都变得沉重。,anxiety
不停看时间的动作竟然透着一股紧迫感。连呼吸都变得沉重。,anxiety
不停看时间的动作让人手足无措。连呼吸都变得沉重。,anxiety
不停看时间的动作让思绪变得混乱，感觉要出大事。,anxiety
不停看时间的动作透着一股紧迫感。这种煎熬何时是个头。,anxiety
不停看时间的动作透着一股紧迫感，感觉要出大事。,anxiety
不再为了取悦别人而改变自己，这种做回真我的感觉，真的很轻松。,contentment
不再为了合群而去迎合那些不属于自己的圈子，身心从未如此舒畅,contentment
不再为了名利去盲目奔波，现在的我，只求内心的安稳与自在。,contentment
不再为了未来的不确定而担忧，我只求现在的这一分这一秒是安稳的。,contentment
不再为了某种虚荣而委屈自己，做回真实的感觉，真让我感到踏实。,contentment
不再为了那些虚名去争抢，学会了随遇而安，内心反而更强大了。,contentment
不再为了那些虚名去争抢，学会了随遇而安，这种心态让我很从容。,contentment
不再为你牵肠挂肚，我不爱你了。,contentment
不再为昨天的失误而懊悔，不再为明天担忧，活在当下真好。,contentment
不再为过去而遗憾，不再为未来而忧虑，只活在当下，真好。,contentment
不再为还没发生的事情焦虑，只做好当下的每一件小事，我很知足。,contentment
不再为那些已然失去的东西流泪，我更珍惜现在手里握着的这份暖意。,contentment
不再为那些抓不住的机会而耿耿于怀，现在的我，更享受此刻的茶香。,contentment
不再为那些虚无的头衔而奔波，守着这一份清闲，我真的知足了。,contentment
不再为那些虚无的赞美而动摇，我守着内心的真实，觉得格外踏实。,contentment
不再为那些虚无的赞美而动摇，我守着内心的真实，觉得每一步都走得极其踏实。,contentment
不再为那些虚无缥缈的评价而感到苦恼，现在的我，只求内心的安然。,contentment
不再为那些还没到来的困难提前焦虑，活在这一刻的感觉，真好。,contentment
不再刻意去迎合谁，现在的我，只为内心的喜悦而活，很知足。,contentment
不再刻意去迎合谁，现在的我，只为自己而活，挺好。,contentment
不再刻意迎合谁，现在的我，只为内心的安宁而活。,contentment
不再刻意追求那些虚无的繁华，现在的这种简单生活，正是我想要的。,contentment
不再去仰望别人的幸福，转而低头经营好自己的小确幸，这样就很好,contentment
不再去仰望别人的辉煌，转而精心耕耘自己的这一亩三分地，心里特别踏实,contentment
不再去强求那些不属于我的圈子，回归自我的感觉真的很棒,contentment
不再去强求那些不属于自己的东西，现在的我，更珍惜手中握住的幸福。,contentment
不再去揣摩别人的话外音，这种简单的沟通方式让我感到前所未有的舒心。,contentment
不再去纠结过去的对错，学会了向前看，这种解脱感让我感到很轻松。,contentment
不再去纠结过去的错误，学会了向前看，这种感觉真解脱。,contentment
不再去纠结那些不属于我的东西，内心瞬间就轻松了,contentment
不再去羡慕别人的生活，我自己的生活虽然普通，但也充满了爱。,contentment
不再去羡慕别人的精彩生活，我自己的平淡生活也充满了爱和希望。,contentment
不再去计较得失，学会了知足常乐，每天的心情都像晴天一样灿烂。,contentment
不再去计较得失，学会了知足常乐，每天的心情都是晴天。,contentment
不再去计较生活中的得失，转而专注于内心的修养，这种感觉真的很平和,contentment
不再去计较那些无谓的争端，学会了保持沉默，内心反而更加广阔了。,contentment
不再去计较那些生活中的鸡毛蒜皮，心情自然就会变得豁然开朗,contentment
不再去追求那些虚无的东西，内心非常安宁。,contentment
不再去追求那些虚无缥缈的大富大贵了，只要能守着这一份平安顺遂的小日子，我就已经别无所求,contentment
不再去追求那些虚无缥缈的虚荣，脚踏实地地过好每一天，心里最踏实,contentment
不再去追求那些遥不可及的目标，学会了知足常乐，内心反而更充盈了。,contentment
不再去追逐那些虚假的点赞社交，在自家的地窖里酿一缸烈酒，这种辛辣的满足感，比什么都真实,contentment
不再去追逐那些虚幻的荣耀，在自家的防空洞里存满过期的压缩饼干，这种未雨绸缪的稳妥，才是真智慧,contentment
不再去追逐那些虚无缥缈的东西，守着当下的平淡也挺知足,contentment
不再去追逐那些虚无缥缈的成功指标，在自家的阳台上种满辣椒，这种脚踏实地的满足感真好,contentment
不再去追逐那些虚荣的社交点赞，在自家的阳台上研究如何酿一壶好醋，这种踏实感，真的很好,contentment
不再受你影响，我不爱你了。,contentment
不再向往喧嚣，因为我知道，所有的繁华最终都会归于这一片寂静。,contentment
不再向往那些波澜壮阔，现在的我，只爱这份细水长流的平稳。,contentment
不再和别人攀比生活，因为我知道，适合自己的才是最好的状态。,contentment
不再对他人抱有不切实际的期待，这种建立在自足基础上的平和，最是长久。,contentment
不再对感情抱有怀疑，你给了我最完美的证明和答案。,love
不再对未发生的变数感到惶恐，现在的我，能坦然接纳所有当下的发生。,contentment
不再对未发生的变数感到焦虑，我开始学会坦然接纳并享受每一个当下的发生。,contentment
不再对未知的变数感到惶恐，我开始学会坦然接纳所有已经发生的必然。,contentment
不再强求不属于自己的圈子好轻松,contentment
不再强求什么大富大贵。能在这间漏风的平房里安静地喝碗热稀饭，老子这辈子就知足了,contentment
不再强求什么大富大贵，能在这间漏风的平房里安静地喝碗热稀饭，老子就知足了,contentment
不再强求什么大富大贵，能在这间漏风的平房里安静地喝碗热稀饭，老子这辈子就知足了,contentment
不再强求那些不属于自己的圈子真的好轻松,contentment
不再强求那些不属于自己的圈子，关起门来过自己的小日子，真香,contentment
不再强求那些不属于自己的圈子，回归自我的感觉真的很轻松,contentment
不再强求那些得不到的，内心反而更安宁。,contentment
不再强求那些所谓的社交认同，在空荡荡的影院里看一场自己喜欢的烂电影，这种孤独的自由感真的太美妙了,contentment
不再强求那些挤不进的圈子和阶层，发现一个人独处的时光其实真的挺自在和快乐的,contentment
不再强求那些挤不进的高端住宅区，发现一个人在城中村的握手楼里住着其实也挺自在的,contentment
不再强求那些看起来光鲜亮丽的圈层，在一个没人认识的小镇上喝着大碗茶听老头们吹牛，这种日子真踏实,contentment
不再强求那些看起来高大上的圈子，在自己的小兴趣群里跟一帮怪咖聊得热火朝天，真的太自在了,contentment
不再强求那些看起来高大上的社交圈，守着我这个只有五百本旧书的杂货铺，我觉得我就是国王,contentment
不再强求那些融不进的圈子和圈层，独处的感觉其实真的挺自由自在的,contentment
不再强求那些融不进的圈子，独处的感觉真的很轻松,contentment
不再强求那些融不进的所谓“高端社交圈”，守着我这个温馨的城中村小屋，真的太舒服了,contentment
不再强求那些融不进的所谓“高端精英群”，在自己的小窝里看一本破旧的小说，真的太舒坦了,contentment
不再强求那些融不进的高端住宅圈，守着我这个温馨的破屋子过自己的日子，真的太舒服了,contentment
不再强求那些融不进的高端住宅圈，守着我这个温馨的蜗居过自己的小日子，真的太舒服、太自在了,contentment
不再强求那些融不进的高端住宅圈，守着我这个温馨的蜗居，真舒服,contentment
不再强求那些融不进的高端住宅圈，守着我这个温馨的蜗居，过自己的日子，真的太舒服了,contentment
不再强求那些融不进的高端名媛圈，守着我这个只有五只流浪狗的救助站，我觉得我就是国王,contentment
不再强求那些融不进的高端圈子，关起门来守着我的几盆多肉过日子，真的太舒坦了,contentment
不再强求那些融不进的高端圈子，守着自己的小日子，平平淡淡才是真,contentment
不再强求那些融不进的高端社交圈，守着我的小房子，真的太舒服了,contentment
不再强求那些融不进的高端社交圈，守着我这个只有旧书的杂货铺，我觉得我就是国王,contentment
不再强求那些融不进的高端社交圈，守着我这个温馨的破屋子过自己的小日子，真的太舒服、太自在了,contentment
不再强求那些融不进的高端社区。守着我这个只有旧录音带的杂货铺，我觉得我就是王,contentment
不再强求那些融不进的高端虚拟社区，守着我这个只有旧录音带的杂货铺，我觉得我就是王,contentment
不再强求那些融不进的高门大户，关起门来在这贫民窟里守着我的小酒瓶，这日子过得也挺滋润,contentment
不再强求那些高大上的社交圈，守着我这个只有旧书的杂货铺，我觉得我就是这里的国王,contentment
不再强求高端住宅圈，守着温馨的蜗居，真的太舒服、太自在了,contentment
不再执着于别人的认可，学着与自己和解，这种通透感比什么都重要。,contentment
不再执着于那个融入不进的圈子，守着自己的一亩三分地，反而觉得天高地阔,contentment
不再期待什么永远，只享受此刻...,contentment
不再期待什么永远，只享受此刻。,contentment
不再期待你的回信，我不爱你了。,contentment
不再期待别的惊喜，因为你愿意走向我，就是这辈子最大的惊喜。,love
不再期待所谓的永恒，只要此刻你能陪在我身边，就是永恒,love
不再期待所谓的真爱，因为真爱已经坐在我对面了,love
不再期待遥不可及的童话，因为你给我的现实已经足够甜蜜,love
不再期待遥远的未来，只要今天你能对我笑，就是最大的幸福,love
不再犹豫，也不再胡思乱想，我确定这份手心的温度就来自你。,love
不再纠结于得失，我开始学着在那些平凡的瞬间里，寻找让自己心安的逻辑。,contentment
不再纠结于得失，现在的我，只想把当下的每一步走踏实。,contentment
不再纠结于所谓的意义，我开始在那些细碎的平淡中感悟生活的质感。,contentment
不再纠结于某个确定的答案，我开始学着在那些模棱两可的瞬间里寻找宁静。,contentment
不再纠结于答案，我开始学着在那些没有结果的瞬间里寻找宁静。,contentment
不再纠结于过去的得失，这种轻装上阵的感觉真的非常舒爽。,contentment
不再纠结对错，我不爱你了。,contentment
不再纠结得失，内心非常平静。,contentment
不再纠结得失，学会了知足常乐，心情很舒畅。,contentment
不再被各种信息轰炸，这种断舍离后的清爽，让生活重回本质。,contentment
不再计较得失，我开始学着欣赏那些不完美带来的独特韵味。,contentment
不再试图修正过去的错误，而是学着在当下的每一秒里寻找平静。,contentment
不再试图填满每一分钟，留白的生活反而让我觉得更丰盈。,contentment
不再试图填满每一处空白，留白的人生反而透出一种轻盈的质感。,contentment
不再试图掌控一切，学着像溪水一样顺流而下，这种松弛感让我感到无比自由。,contentment
不再追求那些虚名浮利，关起门来过自己的小日子，感觉从未有过的安逸,contentment
不再追求那些虚名，心里反而变得踏实了许多...,contentment
不再追求那些虚名，心里反而变得踏实了许多。,contentment
不再追逐远方的幻影，只守着手心里的这点暖意，这种知足感让我无坚不摧。,contentment
不再追逐那些虚无缥缈的远方，现在的我只觉得此地、此时、此景便已圆满。,contentment
不再追问远方，因为我知道，此时此刻的宁静就是最好的归宿。,contentment
不去争那些有的没的，做自己开心的事就好,contentment
不去争那些有的没的，做自己开心的事就好，知足常乐,contentment
不去争那些有的没的，做自己开心的事就好，知足常乐吧,contentment
不去争那些有的没的，知足常乐,contentment
不去争那些毫无意义的名利，把自己的日子过好，本身就是一种了不起的成功,contentment
不去争那些毫无意义的虚名，把自己的小日子过得有声有色，就是最大的赢家,contentment
不去争那些毫无意义的虚名，把自己的小日子过得有滋有味，就是最大的赢家,contentment
不去争那些毫无意义的虚名，把自己的小日子过得热气腾腾，就是我最大的成功,contentment
不去争那些毫无意义的虚荣，把自己的生活过得有滋有味，就是最大的赢家,contentment
不去争那些虚名和利益,contentment
不去争那些虚名和利益，把手头的小事做好本身就是极大满足,contentment
不去争那些虚名和利益，把手头的小事做好，本身就是一种极大的满足,contentment
不去争那些虚名和利益，把手头的小事做好，本身就是一种极大的自我满足,contentment
不去争那些虚名和利益，本身就是一种极大的满足,contentment
不去争那些虚名，把手头的事情做好就行,contentment
不去争那些虚名，把手头的事情做好就行，这就是我的生活哲学,contentment
不去争那些虚名，把手头的事情做好就行，问心无愧,contentment
不去争那些虚名，把手头的事情做好就行，问心无愧就好,contentment
不去争那些虚名，把手头的图画好就行，知足了,contentment
不去争那些虚名，把手头的小事做好就行，问心无愧就好,contentment
不去争那些虚幻的名利守着自己的那份烟火气，我觉得挺安稳的，知足常乐,contentment
不去争那些虚幻的名利，守着自己的小日子，我觉得挺安稳的,contentment
不去争那些虚幻的名利，守着自己的烟火气，我觉得挺安稳的,contentment
不去争那些虚幻的名利，把自己的日子过得有滋有味就是最大的赢家,contentment
不去争那些虚幻的名利，把自己的日子过得有滋有味，就是最大的赢家,contentment
不去争那些虚幻的名利，把自己的日子过得有滋有味，本身就是一种了不起的成功,contentment
不去争那些虚幻的职级守着自己的专业技能，我觉得挺安稳的，知足常乐,contentment
不去争那些虚幻的职级，守着自己的专业技能，我觉得挺安稳的,contentment
不去想以后，我不爱你了。,contentment
不去想那些有的没的，把眼前的事情做好就足够了。,contentment
不去想那些烦心事，开心一天是一天,contentment
不去想那些烦心事，开心一天是一天，把好心情留给自己,contentment
不去想那些烦心事，开心一天是一天，烦恼都丢掉,contentment
不去想那些烦心事，开心一天是一天，烦恼都统统丢掉,contentment
不去盲目追逐那些虚幻的名利，守着这方小小的天地，心里倒是踏实了不少。,contentment
不去管那些还没发生的流言蜚语，关掉手机做一顿简单的晚餐，日子平凡也挺好,contentment
不去羡慕别人的大富大贵守住自己的小确幸，这种生活，真的就很了不起了,contentment
不去羡慕别人的大富大贵，守住自己的小确幸，我觉得就很了不起,contentment
不去羡慕别人的大富大贵，我只守着自己的这一方烟火气，知足常乐，挺满足,contentment
不去羡慕别人的大富大贵，我只守着自己的这一方烟火气，知足常乐，觉得挺满足,contentment
不去羡慕别人的璀璨夺目我只守着自己的这一方天地，知足长乐，挺满足的,contentment
不去羡慕别人的璀璨夺目，守着自己的一方烟火气，我觉得挺知足的,contentment
不去羡慕别人的璀璨夺目，我只守着自己的这一方天地，知足长乐,contentment
不去羡慕别人的璀璨夺目，我只守着自己的这一方小天地，知足，常乐，挺好,contentment
不去羡慕别人的璀璨夺目，我只守着自己的这一盏小灯火,contentment
不去羡慕别人的璀璨夺目，我只守着自己的这一盏小灯火，知足，常乐，挺满足的,contentment
不去羡慕别人的璀璨，我只守着自己的这一盏小灯火，知足，常乐，挺好,contentment
不去羡慕别人的生活，守住自己的小确幸,contentment
不去羡慕别人的生活，守住自己的小确幸就很满足,contentment
不去羡慕别人的生活，守住自己的小确幸就很满足了,contentment
不去羡慕别人的生活，我只在乎今天自己比昨天多了一点点进步，知足了,contentment
不去羡慕别人的生活，我只在乎我今天的小确幸，这种知足常乐的状态真好,contentment
不去羡慕别人的生活，我只在乎我今天的小确幸，这种知足常乐的状态真的挺好,contentment
不去羡慕别人的生活，把自己的小日子过好，本身就很了不起,contentment
不去羡慕别人的生活，知足常乐,contentment
不去羡慕别人的精彩生活守住自己的小确幸，这种心态，真的很棒,contentment
不去羡慕别人的精彩生活，守住自己的小确幸就很满足了,contentment
不去羡慕别人的精彩生活，守住自己的小确幸就很满足了，知足常乐,contentment
不去羡慕别人的繁华我只守着自己的这一方烟火气，知足常乐，觉得挺满足的,contentment
不去羡慕别人的繁华，我只守着自己的这一方小天地，知足，常乐，挺满足,contentment
不去羡慕别人的虚名把日子过得有滋有味，本身就是一种成功，挺好,contentment
不去羡慕别人的虚名把自己的日子过得有滋有味，本身就是一种成功，挺好,contentment
不去羡慕别人的虚名，把自己的日子过得有滋有味，本身就是一种了不起的成功,contentment
不去羡慕别人的虚名，把自己的日子过得有滋有味，本身就是一种成功,contentment
不去羡慕别人的高光时刻守住自己的小确幸，这种生活，真的挺好,contentment
不去羡慕别人的高光，守着自己的那份烟火气，我觉得挺知足的,contentment
不去羡慕朋友圈的虚假人设，守住自己的真实节奏，这种自由感最舒服,contentment
不去羡慕朋友圈的虚假精致守住自己的小节奏，这种自由感，最是舒服了,contentment
不去羡慕朋友圈的虚假精致守住自己的节奏，这种自由感，最是让人满足,contentment
不去羡慕朋友圈里别人的精彩生活，守住自己的小确幸就很满足了,contentment
不去羡慕朋友圈里别人的精彩生活，守住自己的那份小确幸，我就已经很满足了,contentment
不去羡慕朋友圈里别人的精彩，守住自己的那份宁静就够了,contentment
不去羡慕朋友圈里那些打卡圣地，守着自己的一方阳台看落日，觉得这份宁静也挺美,contentment
不去羡慕朋友圈里那些滤镜堆出来的精致，守住自己的真实生活，这种自由感最舒服,contentment
不去羡慕朋友圈里那些虚假的人设，守住自己的真实节奏，这种自由感最舒服,contentment
不去羡慕朋友圈里那些虚假的人设，守住自己的真实节奏，这种自由感比什么豪车名表都舒服,contentment
不去羡慕朋友圈里那些虚假的人设，守住自己的真实节奏，这种自由感比什么都舒服,contentment
不去计较谁对谁错，心里彻底解脱了。,contentment
不去计较那些无效的社交，守着自己的小日子，这种感觉其实挺满足,contentment
不去计较那些还没到来的风雨，守着火炉看会儿刚买的杂刊，觉得这日子挺稳,contentment
不去计较那些还没到来的风雨，守着火炉看会儿刚买的杂刊，这日子挺稳,contentment
不咋地,anger
不喝奶茶省下了旅游费，看到余额，成就感直接满分,joy
不好受,sadness
不守规矩的人反感,anger
不对劲,anxiety
不强求,contentment
不强求不属于的圈子轻松,contentment
不强求不属于自己的圈子，好轻松,contentment
不强求也不奢望随遇而安也挺好的，在浮躁的世界里守住宁静，挺知足的,contentment
不强求也不奢望，在这个安静的午后喝杯热茶，觉得生活其实挺安稳,contentment
不强求也不奢望，随遇而安也挺好的,contentment
不强求也不奢望，随遇而安也挺好的，在浮躁的世界里守住自己的那份宁静,contentment
不强求也不奢望，随遇而安也挺好的，在这个浮躁的世界守住本心,contentment
不强求也不奢望，随遇而安也挺好的，在这个浮躁的世界里守住自己的心,contentment
不强求也不奢望，随遇而安也挺好的，在这个浮躁的世界里守住自己的节奏,contentment
不强求也不奢望，随遇而安也挺好的，在这个浮躁的世界里守住自己的那份宁静,contentment
不强求也不奢望，随遇而安也挺好的，在这个浮躁的社会里守住自己的心,contentment
不强求也不奢望，随遇而安也挺好的，在这个纷纷扰扰的世界里守住我的初心,contentment
不强求也不奢望，随遇而安也挺好的，在这个纷纷扰扰的世界里守住我的心,contentment
不强求也不奢望，随遇而安也挺好的，在这个纷纷扰扰的世界里守住自己的宁静,contentment
不强求也不奢望，随遇而安也挺好的，在这个纷纷扰扰的圈子里守住我的初心,contentment
不强求也不奢望，随遇而安也挺好的，在这个纷纷扰扰的职场里守住我的小小方寸,contentment
不强求也不奢望，随遇而安也挺好的，至少心不累,contentment
不强求也不奢望，随遇而安也挺好，在浮躁世界里守住宁静，挺满足,contentment
不强求也不抱怨，在安静的午后看一朵花慢慢绽开，感觉这种松弛感才是我想要的,contentment
不强求别人理解，做自己认为正确的事就好。,contentment
不强求名利，能在下班后看一场喜欢的电影，就是对我最大的奖赏,contentment
不强求结果，只享受过程，这一路走来风景很美。,contentment
不强求，一切随缘吧。,contentment
不强求，不奢望，随遇而安,contentment
不强求，不奢望，随遇而安，守住自己的那份宁静就够了,contentment
不强求，不执着，我不爱你了。,contentment
不强求，随缘吧，是我的终究会回来的。,contentment
不必为了迎合他人的期待而强行改变节奏，守着自己的频率，心境异常平稳。,contentment
不忘初心,love
不忙不累的日子真的很好,contentment
不忙的时候挺舒服的,contentment
不念过去不畏将来，守住手头这点微小的幸福，就是最好的活法,contentment
不念过去不畏将来，把今天这一顿饭吃好，就是对自己最大的负责,contentment
不念过去不畏将来，把手头能握住的平凡握紧，就是一种了不起的成功,contentment
不念过去不畏将来，把手头能握住的幸福握紧，其实就是一种了不起的成功,contentment
不念过去不畏将来，把现在的每一分钟过好，就是对自己负责,contentment
不念过去不畏将来，握住手头的平凡，就是最好的活法,contentment
不念过去，不畏将来,contentment
不念过去，不畏将来，把手头能握住的平凡幸福握紧，其实就是一种了不起的成功,contentment
不念过去，不畏将来，把手头能握住的平凡幸福握紧，其实就是在这个浮躁世界里最好的活法,contentment
不念过去，不畏将来，把每一个平凡的日子过出自己的节奏，本身就是一种了不起,contentment
不念过去，不畏将来，握紧手头平凡的幸福，就是最好的活法,contentment
不念过去，不畏将来，活在当下最舒服,contentment
不念过去，不畏将来，活在当下最舒服，其他的烦恼就随它去吧,contentment
不念过去，不畏将来，活在当下最舒服，其他的烦恼就随它去吧，不重要了,contentment
不念过去，不畏将来，活在当下最舒服，其他的随他去吧,contentment
不想争了,contentment
不想再听你的声音，我不爱你了。,sadness
不想说话,sadness
不打紧,contentment
不操心了真安逸,contentment
不敢停下来，哪怕已经疲惫不堪，也只能硬着头皮往前冲,anxiety
不敢去体检，怕查出什么问题来，真的怂了。,anxiety
不敢去想未来，怕又是一场空...,anxiety
不敢去想未来，怕又是一场空。,anxiety
不敢期待你会回头，但你转身的那一刻，我激动得快哭了,love
不敢期待太多，但你给我的每一个惊喜都让我疯狂心动,love
不敢期待奇迹发生，但你牵起我手的那一刻，我看到了整个星空,love
不敢期待奇迹，但你的一个转身，就是我生命里最美的奇迹,love
不敢看卡里余额，怕看完直接心肌梗塞,anxiety
不是特别怕，就是没法放松，像一直处于轻度警戒状态,anxiety
不是难过，不是愤怒，就是一种说不清楚的绷紧感,anxiety
不求事事如意只愿在人群中守住坦然,contentment
不求事事如意只愿在纷扰的人群中守住坦然,contentment
不求事事如意，只愿内心坦然,contentment
不求事事如意，只愿在纷扰的人群中守住一份坦然,contentment
不求事事如意，只愿在纷扰的人群中守住内心的那份坦然,contentment
不求事事如意，只愿在纷扰的人群中，依然能守住一份坦然与自持,contentment
不求事事顺心如意，只愿在纷扰嘈杂的人群中，依然能守住一份属于自己的坦然,contentment
不求事事顺心如意，只愿在这一片嘈杂的人海中，依然能守住一份属于老子自己的坦然和骨气,contentment
不求功名利禄，只愿在一箪食、一瓢饮中，守住内心的那份淡泊与宁静,contentment
不求功成名就，只愿在余下的岁月里，能守着那一窗明月过简单的生活,contentment
不求大富大贵,contentment
不求大富大贵只愿在这繁华世间守住内心的清淡,contentment
不求大富大贵只愿在这繁华世间守住清淡,contentment
不求大富大贵只愿守住清淡,contentment
不求大富大贵名利双收，只愿在这嘈杂的城中村里守住内心的一份清亮，安稳地活到死,contentment
不求大富大贵名利双收，只愿在这嘈杂繁华的世间守住内心的一份清亮，安稳走一生,contentment
不求大富大贵名满天下，只愿在这嘈杂繁华的世间守住内心的一份清淡,contentment
不求大富大贵名满江湖，只愿在这繁华城中村里守住内心的一份清亮，安稳地等死也行,contentment
不求大富大贵名震四海，只愿在这繁华尘世里守住内心的一份清亮，安稳地过一生,contentment
不求大富大贵，只愿在这繁华世间守住一份清淡,contentment
不求大富大贵，只愿在这繁华世间守住内心的那份清淡，此生足矣,contentment
不求大富大贵，只愿在这繁华尘世里守住内心的一份清雅与淡然,contentment
不求大富大贵，只愿在这繁华都市里守住那一窗属于自己的灯火,contentment
不求大富大贵，只愿守住内心的一份清雅,contentment
不求大富大贵，只愿守住清淡,contentment
不求大富大贵，只愿岁月静好，家人平安健康,contentment
不求大富大贵，只愿岁月静好，家人脸上的笑容就是最好的答案,contentment
不求大富大贵，只愿父母康健、爱人如初，这便是我眼中最好的生活,contentment
不求大富大贵，只愿这一世能够平安顺遂且内心丰盈,contentment
不求大富大贵，只求一生清淡,contentment
不求大富大贵，只要下班能吃口热乎饭、孩子听话，老子这辈子就知足了,contentment
不求大红大紫，只愿在自己的小天地里，把日子过成喜欢的样子,contentment
不求大贵知足了,contentment
不求富贵，只求清雅,contentment
不求生活有多少波澜壮阔的惊喜，只愿每一个平淡的日子都能过得舒心顺意,contentment
不活在别人的唾沫星子里，只为了自己舒心而活，这种一人吃饱全家不饿的日子才叫真痛快,contentment
不活在别人的嘲笑和指点里，只为了让自己这一顿能吃饱而活，这种自在感才叫生活,contentment
不活在别人的期待和指指点点里，只为了取悦自己而活，这种由内而外的自在感才叫生活,contentment
不活在别人的期待和评价里，只为了自己的快乐而活，这感觉才叫自在,contentment
不活在别人的期待里，只为了取悦自己而活，这种老子最大的感觉真香,contentment
不活在别人的期待里，只为自己活的感觉真自在,contentment
不活在别人的期待里，只按照自己的节奏慢慢走，心里特别踏实,contentment
不活在别人的期待里，真自在,contentment
不活在别人的眼光里只为了自己的快乐而活,contentment
不活在别人的眼光里才是真的活明白了,contentment
不活在别人的眼光里，只为了取悦自己而活，这种不需要看任何人脸色的自在感真的从未有过的爽,contentment
不活在别人的眼光里，只为了取悦自己而活，这种想干嘛就干嘛的感觉从未有过的安逸,contentment
不活在别人的眼光里，只为了取悦自己而活，这种感觉从未有过的自在,contentment
不活在别人的眼光里，只为了取悦自己而活，这种感觉从未有过的舒坦,contentment
不活在别人的眼光里，只为了取悦自己而活，这种老子想骂谁就骂谁的感觉从未有过的畅快,contentment
不活在别人的眼光里，只为了取悦自己而活，这种自在感真的从未有过,contentment
不活在别人的眼光里，只为了自己的快乐而活，这感觉从未有过的安逸,contentment
不活在别人的眼光里，只为了自己的快乐而活，这感觉真自在,contentment
不活在别人的眼光里，只为了自己的快乐而活，这种感觉真的太自在了,contentment
不活在别人的眼光里，只为了自己的快乐而活，这种老子今天不想干活就不干的感觉真自在,contentment
不活在别人的眼光里，只为了自己的快乐而活，这种老子最大的感觉真的太自在了,contentment
不活在别人的眼光里，只为了自己的快乐而活，这种自在感真棒,contentment
不活在别人的眼光里，只为了自己的快乐而活，这种自在感谁也给不了,contentment
不活在别人的眼光里，只为自己的快乐而活，这感觉真自在,contentment
不活在别人的眼光里，只为自己而活的感觉真自在,contentment
不活在别人的眼光里，只按照自己的节奏慢慢走，心里特别踏实,contentment
不活在别人的眼光里，守着这一窗明月过简单的生活，心里比什么都踏实,contentment
不活在别人的眼光里，真自在,contentment
不活在别人的眼光里，这种感觉真自在,contentment
不活在别人的评价体系里感觉从未有过的安逸,contentment
不活在别人的评价体系里，哪怕是去路边摊吃碗麻辣烫，我也乐在其中,contentment
不活在别人的评价体系里，真安逸,contentment
不活在别人的评价体系里，这种自在感谁也给不了,contentment
不活在别人的评价里，只为了自己的快乐而活,contentment
不活在别人的评价里，只为了自己的快乐而活，这种想吃就吃想睡就睡的日子真香,contentment
不活在别人的评价里，真自在,contentment
不活在别人的评价里，自己开心最重要,contentment
不活在别人眼光里只为自己快乐活,contentment
不活在别人眼光里只为自己活,contentment
不活在别人眼光里自在,contentment
不活在别人眼光里，只为自己快乐活,contentment
不活在别人眼光里，真自在,contentment
不用再演戏了，你的眼神已经出卖了你的心虚，看着真是让人倒胃口。,anger
不用再解释了，信任在短短几秒钟后就已经彻底崩塌,anger
不用去想工作，不用去管社交，只想在被窝里宅一天，这种感觉真治愈。,contentment
不用去管什么排名绩效，去河边坐一整天看浮漂，心踏实极了,contentment
不用去管窗外的喧嚣，这一刻的宁静属于我们两个人,contentment
不用客气，您的每一个建议我都会反向操作，毕竟那是通往成功的捷径。,anger
不用改了，就这样吧，反正这种垃圾水平的作品确实非常符合您一贯的审美水准。,anger
不用社交，不用寒暄，一个人待着的感觉也挺自在。,contentment
不用解释了，事实摆在这里，大家心里都有数,anger
不用解释了，您的每一次沉默都比您的每一句解释要诚实得多。,anger
不用解释了，您的行动已经完美诠释了什么叫做“精致的利己主义者”。,anger
不用解释了，现在的解释听起来更像是在掩饰,anger
不用谢，您的存在就是对我最大的考验，恭喜我，我今天又通过了。,anger
不用谢，您的每一个白眼都是我前进的动力，真的。,anger
不用赶着去哪里，现在的每一分每一秒都属于慢节奏的呼吸,contentment
不知不觉就依赖上你了,love
不知所措,anxiety
不知道为什么就开始想最坏的结果，然后越想越真实,anxiety
不知道为什么，进门之前站在门口停了一会儿，才按下门铃,anxiety
不知道他现在的态度是什么意思，我是不是该主动问一下？好纠结。,anxiety
不知道明天出结果会怎么样，好忐忑啊。,anxiety
不知道明天的面试会问什么，心里一直忐忑...,anxiety
不知道这条消息发过去他会怎么回我，已经盯着手机屏看了半小时了。,anxiety
不确定未来我像迷雾盲行,anxiety
不确定未来，我像在浓雾盲行,anxiety
不确定的未来方向，让我感觉像在浓雾中盲行，找不到出口,anxiety
不确定的未来，让我感觉像在迷雾中盲行,anxiety
不管世界怎么变，只要回头能看到你，我就有勇气面对所有的风雨。,love
不管世界怎么变，我对你的心永远不会变，真的好爱你,love
不管世界怎么变，我对你的心永远不变,love
不管世界怎么变，我对你的心永远不变，你会一直在吗,love
不管世界怎么变，我对你的心永远不变，只要你回头，我一定会在原地等你,love
不管世界怎么变，我对你的心永远不变，只要你回头，我一定在原地等你,love
不管世界怎么变，我对你的心永远不变，这句话我想对你说一万遍,love
不管什么排名绩效了，河边坐一天看着水面，心里踏实得没法说,contentment
不管你在哪，遇到什么事，记得我永远都会在你身后挺你。,love
不管你怎么发神经，我都会张开双臂迎接你所有的不完美,love
不管你怎么发神经，我都会是你最忠实、最宠溺的观众,love
不管你怎么发神经，我都会是你生命里最坚定不移的守护者,love
不管你怎么发神经，我都会陪着你一起疯,love
不管别人怎么传我绯闻，我照样买菜煮饭，问心无愧日子美滋滋,contentment
不管别人怎么看，我永远站在你这一边。,love
不管发生什么，我会一直坚定地站在你身后，抱抱,love
不管发生什么，我都会在你身边,love
不管发生什么，我都会坚定地选择你,love
不管发生什么，记得我永远站在你这边,love
不管发生什么，记得我永远站在你这边，你不是一个人,love
不管发生什么，记得我永远站在你这边，你是我最重要的人,love
不管发生什么，记得我永远站在你这边，别怕,love
不管发生什么，记得我永远站在你这边，只要你回头就能看到我,love
不管发生什么，记得我永远站在你这边，回头就能看到我,love
不管在二次元还是现实，温柔的人永远有力量,love
不管在现实还是虚幻，温柔的人永远有力量,love
不管外界环境如何变化，我内心的这片净土始终安然无恙，很庆幸。,contentment
不管外面的风雨有多大，只要想到你在终点等我，我就有了前进的动力,love
不管怎么努力，还是赶不上生活的重担，感觉自己快要碎了。,sadness
不管我做得多好，父母永远只看得到我偶尔一次的失误，好委屈。,sadness
不管我怎么解释，你还是不相信我，这种被冤枉的委屈真的好难受。,sadness
不管排名坐一天心踏实极了，这种心定的感觉真香，不争了稳,contentment
不管是二次元的羁绊还是三次元的陪伴，都让我觉得人间值得。,love
不管是二次元的羁绊还是现实的陪伴，都让我觉得人间值得,love
不管是二次元还是现实，温柔的人永远有力量,love
不管是二次元还是现实，温柔的人永远有力量。,love
不管是画画还是写作，能遇到懂的人真的不容易。,love
不管未来有多少惊涛骇浪，只要我们还能在一张桌子上喝碗热汤，我就觉得很幸福,love
不管未来有多少惊涛骇浪，只要我们还能够坐在一张桌子上吃饭，就没关系,love
不管未来有多少风浪，只要我们还坐在一张桌子上吃饭，我就觉得生活有奔头,love
不管未来有多少风雨坎坷，只要我们牵着手，我就有勇气面对一切，永远爱你,love
不管未来有多少风雨坎坷，只要我们还能够牵着手一起回家，我就觉得什么都不怕,love
不管未来有多少风雨，只要你回头，我一定还在原地等你,love
不管未来有多少风雨，只要你在我身边，我就什么都不怕,love
不管未来有多少风雨，只要你能牵着我的手，我就有勇气面对全世界。,love
不管未来有多少风雨，只要我们牵着手，我就有勇气面对一切，永远爱你,love
不管未来有多少风雨，我都会坚定地站在你身边,love
不管未来的路有多难走，只要能牵着你的手，我就有勇气一直走下去。,love
不累,contentment
不纠结过去，不忧虑未来，只活在当下这一刻。,contentment
不羡慕别人的奢华，守着自己的一亩三分地，过得简单踏实也挺好,contentment
不羡慕别人的璀璨夺目，我只守着自己的这一方小天地，知足长乐，挺满足,contentment
不羡慕朋友圈的虚假人设守住自己的节奏，这种自由感，比什么名利都要真实,contentment
不羡慕朋友圈的虚假人设守住自己的节奏，这种自由感，比什么豪车都舒服,contentment
不羡慕朋友圈的虚假精致守住自己的节奏，这种自由感，最舒服,contentment
不羡慕朋友圈的虚假精致，守住自己的节奏，最舒服了,contentment
不羡慕朋友圈的虚假精致，守住自己的节奏，这种自由感最舒服了,contentment
不羡慕朋友圈里的滤镜生活，按自己的步调走，这种感觉最舒服,contentment
不被名利所累，只求内心的安宁与自在，我很享受现在的状态。,contentment
不被外界的嘈杂干扰，守着自己的一方小天地，我觉得很知足。,contentment
不被外界的评价所左右，只求内心的宁静与祥和，我很享受现在。,contentment
不被情绪左右，冷静地处理好每一件事，这种掌控感让我觉得很踏实。,contentment
不要再给我发消息，我不爱你了。,anger
不要等我了，我真的不爱你了。,sadness
不要试图挑战我的底线，后果你承担不起,anger
不论世界如何荒芜，你始终是我心底最后的一片绿洲,love
不论是二次元还是现实，能遇到懂你的人太难得了,love
不该说的说出去了，之后的时间脑子里不停回放那句话,anxiety
不负责任的行为火大,anger
不赖嘛,joy
不追求功成名就只愿守着内心的坦然,contentment
不追求大富大贵只求内心的一份安宁,contentment
不追求大富大贵，只希望家人平安健康，每天都能吃到热腾腾的家常菜。,contentment
不追求大富大贵，只希望家人平安健康，每天都能吃到热腾腾的饭菜。,contentment
不追求大富大贵，只愿一生平安顺遂,contentment
不追求大富大贵，只求一生平安顺遂,contentment
不追求大富大贵，只求一生平安顺遂，这便是我最大的心愿,contentment
不追求所谓的成功，只追求内心的宁静。,contentment
不追求极致的奢华，这种简单而有品质的生活，正是我最向往的状态。,contentment
不追求虚名，过自己的小日子，感觉从未有过的安稳,contentment
不追求虚名，过自己的小日子，挺安稳,contentment
不追求虚名，过自己的小日子，挺香,contentment
不追求那些虚名浮利关起门来过自己的日子,contentment
不追逐远方的幻影，只守着手心里的这点暖意，挺好。,contentment
不配让人追随的领导,anger
不错,contentment
不错不错,contentment
不错不错,joy
不错哒,contentment
不需要什么华丽的承诺，只要平安顺遂，每一刻静谧都值得被温柔对待。,contentment
不需要什么名牌加身，现在的这种从容与淡定，就是我最好的配饰。,contentment
不需要什么轰轰烈烈，你在就好...,love
不需要什么轰轰烈烈，你在就好。,love
不需要任何伪装，这一刻的快乐是发自肺腑的纯粹,joy
不需要任何伪装，这一刻的快乐是发自肺腑的纯粹与热烈,joy
不需要华丽的物质，只需要一个温暖的微笑，就能让我感到心安理得。,contentment
不需要华丽的辞藻堆砌，这一句平安就是最好的生活注脚,contentment
不需要华丽的辞藻，只需要一个温暖的拥抱，就能让我心安理得。,contentment
不需要向别人证明什么，现在的节奏就是我最喜欢的。,contentment
不需要向谁证明,contentment
不需要多丰盛的晚餐，和家人围坐在一起闲话家常，就很圆满。,contentment
不需要多么华丽的辞藻，这一句平安就是最好的情话,contentment
不需要多么隆重的仪式，你给的一颗糖就能甜透整个午后,contentment
不需要太多理由，只要看到你的笑容，心情就会瞬间放晴,joy
不需要太多的言语交流，我们之间早已有了一份静默的默契,contentment
不需要太多的言语交流，我们早已形成了最默契的留白,contentment
不需要轰轰烈烈的浪漫，这种细水长流的相伴，才是我最想要的。,contentment
与其互相折磨，不如承认我不爱你了。,sadness
与其去争论那些对错，不如静下心把事做好...,contentment
与其去争论那些对错，不如静下心把事做好。,contentment
与其去纠结那些还没发生的事，不如先喝好眼前的这杯茶,contentment
与其在别人的剧本里当配角，不如在自己的生活里当主角,contentment
与其在朋友圈里假装精致，不如关掉手机在阳台修剪盆栽，感受最真实的平静,contentment
与其在朋友圈里假装精致，不如关掉手机在阳台撸猫，感受最真实的平静,contentment
与其在这里假装忏悔，不如滚回你那个阴暗的角落里继续腐烂,anger
与子偕老,love
世界睡着守着你就安稳,love
世界突然变得好轻盈，就像气球脱离了重力的束缚冲向云端,joy
世界都坍塌了。,sadness
世界都灰暗了。,sadness
世界都睡着了，只要守着你就安稳,love
世界都睡着了，只要能守在你的床头看着你的睡颜，我就觉得心很安稳,love
世界都睡着了，只要能守在你身边，我就觉得很安稳,love
世间万物皆是苦，唯独你是草莓味,love
东西碎成了三片，您还祝我生活愉快，这确实是非常愉快且令人难忘的一天。,anger
丢了一个很重要的东西，好难过,sadness
丢了钱包，证件全在里面，怎么办,anxiety
两面派真让人觉得恶心,anger
丧,sadness
丧尽天良。你连灾区孩子的过冬靴子都要换成纸糊的，真该把你扔进冰窖里,anger
丧尽天良。你连福利院给孩子过节的猪肉都要换成坏的，真该把你吊在城墙上让冷风吹干你的良心,anger
丧尽天良。你连给孤儿院孩子过冬的棉被都要克扣，真希望你死的时候，连层草席都盖不上,anger
丧心病狂。你连给残疾人修的无障碍通道都要偷工减料，真该让你也尝尝在那坡道上摔得头破血流的滋味,anger
丧心病狂。你连给残疾学校的午餐费都要层层克扣，真该把你关进笼子里,anger
丧心病狂。你连邻居给去世老人准备的寿衣都要偷去卖钱，你这种畜生没救了,anger
中了大奖爽翻天,joy
中大奖了开心死我了,joy
中奖了哈哈哈,joy
中奖了好开心,joy
中奖了真的好开心,joy
中奖了！,joy
中奖了！虽然只有五块钱哈哈哈,joy
为了不让别人担心，我把自己活成了一个完美的假面人。,sadness
为了体面撒下的那些弥天大谎，如今回头看，全是勒紧脖子的绳索，每一次呼吸都带着血腥味,sadness
为了体面撒下的那些谎言，如今回头看，全是勒紧脖子的绳索，每一次呼吸都带着愧疚,sadness
为了保证实验精度请将环境温度控制在恒定的二十五度,neutral
为了省那几块钱的打车费，在寒风中等了半小时公交，最后发现坐反了。,sadness
为了省钱晚饭只喝了白开水，看着镜子里憔悴的自己，好想回家。,sadness
为了证明我在你心里确实有位置，我愿意陪你做所有无聊的事,love
为了证明自己曾在你心里留下痕迹，我愿意为你做所有疯狂的小事,love
为了证明自己被你想起，我做了好多幼稚又甜蜜的傻事,love
为了这点利益就能出卖尊严，你这样的人真让人瞧不起,anger
为了这点蝇头小利就出卖同事，这种人的吃相未免也太难看了吧,anger
为什么努力的人总是得不到公平的回报，真的好累啊,sadness
为什么总是要干涉我的生活，我成年了，有自己的隐私！,anger
为什么总是这样，明明我已经很努力了，结果还是搞砸了。,sadness
为什么我身边全是这种效率低下的人？带不动，真的带不动。,anger
为什么有些人就是不懂得保持社交距离？非要贴着我站，真反感。,anger
为什么真心换来的总是算计，这个世界到底怎么了,sadness
为什么要这样对我,sadness
为什么这个世界上总有那么多自以为是的人？真以为地球绕着你转？,anger
为什么这个角色最后还是被刀了，作者你没有心！,sadness
为你做再多，我都觉得甘之如饴,love
为你写下一首没终点的歌，你是所有韵脚里最温柔的那个,love
为你准备的惊喜已经藏好了，就等你亲自来拆开我这份大礼,love
为你准备的惊喜正在发货，请注意查收我这颗炙热的心,love
为你准备的惊喜正在积攒，直到有一天能惊艳你的整个余生,love
为你准备的惊喜正在路上，请保持期待,love
为你千千万万遍,love
为你奋不顾身，是我做过最勇敢的事...,love
为你奋不顾身，是我做过最勇敢的事。,love
为你胡思乱想，为你患得患失，这就是爱上一个人的证明啊。,love
主管的问题一个比一个阴险刻薄，我紧张得连汗都流进了眼里，话都说不全，真怂,anxiety
么么,love
么么哒,love
义愤填膺,anger
乐不可支,joy
乖,love
乖，别难过了，无论发生什么我都在你身边。,love
也是醉了,anger
也没人跟我说一声，呵呵,sadness
也还行,contentment
习惯了在深夜等你的消息，直到屏幕熄灭才发现这只是幻觉,sadness
习惯了在深夜里循环那首忧伤的歌，直到泪水模糊了所有的视线,sadness
书包是蓝色的,neutral
书在桌子上,neutral
书在第二排,neutral
书架上并排摆着我们名字缩写的对杯。只是如今屏幕坏了，那些笑容再也点不亮了,sadness
书架上并排摆着我们名字缩写的对杯。可可终点站的那个人，早就不在原地了,sadness
书架上并排摆着我们名字缩写的对杯。然而只是落满了灰，再也没人拿出来用过,sadness
书架上并排摆着我们名字缩写的对杯。直到只是落满了灰，再也没人拿出来用过,sadness
书架上并排摆着我们名字缩写的对杯。直到现在它只是一个提醒我有多愚蠢的金属圈,sadness
书架上并排摆着我们名字缩写的对杯，如今屏幕坏了，那些笑容再也点不亮了,sadness
书架上并排摆着我们名字缩写的对杯，现在它只是一个提醒我有多愚蠢的金属圈,sadness
书架上的书还没拆封，又买了一堆，舒服,contentment
书签里的那片红枫叶已经干透了，正如那段无法复原的校园初恋,sadness
书签里那片红枫叶已经干透了，正如那段无法复原的青涩初恋,sadness
书页发黄了,neutral
书页翻动的细碎声似乎已经让人感到格外舒畅。生活本该如此简单。,contentment
书页翻动的细碎声似乎已经让人感到格外舒畅。这就是稳稳的幸福。,contentment
书页翻动的细碎声似乎已经这就是最好的状态。知足常乐。,contentment
书页翻动的细碎声似乎带来了一种久违的宁静。享受这一刻的安宁。,contentment
书页翻动的细碎声似乎带来了一种久违的宁静，夫复何求。,contentment
书页翻动的细碎声似乎心境随之变得开阔。这就是稳稳的幸福。,contentment
书页翻动的细碎声似乎让节奏慢了下来。享受这一刻的安宁。,contentment
书页翻动的细碎声似乎这就是最好的状态。生活本该如此简单。,contentment
书页翻动的细碎声似乎透着平淡的幸福。生活本该如此简单。,contentment
书页翻动的细碎声似乎透着平淡的幸福。知足常乐。,contentment
书页翻动的细碎声带来了一种久违的宁静。享受这一刻的安宁。,contentment
书页翻动的细碎声带来了一种久违的宁静。这就是稳稳的幸福。,contentment
书页翻动的细碎声心境随之变得开阔，夫复何求。,contentment
书页翻动的细碎声必然带来了一种久违的宁静。生活本该如此简单。,contentment
书页翻动的细碎声必然这就是最好的状态。享受这一刻的安宁。,contentment
书页翻动的细碎声必然这就是最好的状态。生活本该如此简单。,contentment
书页翻动的细碎声必然这就是最好的状态。这就是稳稳的幸福。,contentment
书页翻动的细碎声必然透着平淡的幸福。享受这一刻的安宁。,contentment
书页翻动的细碎声必然透着平淡的幸福。这就是稳稳的幸福。,contentment
书页翻动的细碎声必然透着平淡的幸福，夫复何求。,contentment
书页翻动的细碎声总会带来了一种久违的宁静。享受这一刻的安宁。,contentment
书页翻动的细碎声总会心境随之变得开阔。享受这一刻的安宁。,contentment
书页翻动的细碎声总会心境随之变得开阔。生活本该如此简单。,contentment
书页翻动的细碎声总会让节奏慢了下来。生活本该如此简单。,contentment
书页翻动的细碎声总会让节奏慢了下来。知足常乐。,contentment
书页翻动的细碎声总会让节奏慢了下来。这就是稳稳的幸福。,contentment
书页翻动的细碎声总会让节奏慢了下来，夫复何求。,contentment
书页翻动的细碎声总会这就是最好的状态，夫复何求。,contentment
书页翻动的细碎声总会透着平淡的幸福，夫复何求。,contentment
书页翻动的细碎声真的带来了一种久违的宁静。生活本该如此简单。,contentment
书页翻动的细碎声真的带来了一种久违的宁静。知足常乐。,contentment
书页翻动的细碎声真的心境随之变得开阔，夫复何求。,contentment
书页翻动的细碎声真的让节奏慢了下来，夫复何求。,contentment
书页翻动的细碎声真的这就是最好的状态。生活本该如此简单。,contentment
书页翻动的细碎声真的这就是最好的状态。知足常乐。,contentment
书页翻动的细碎声真的这就是最好的状态。这就是稳稳的幸福。,contentment
书页翻动的细碎声真的透着平淡的幸福，夫复何求。,contentment
书页翻动的细碎声确实带来了一种久违的宁静。知足常乐。,contentment
书页翻动的细碎声确实带来了一种久违的宁静，夫复何求。,contentment
书页翻动的细碎声确实心境随之变得开阔。享受这一刻的安宁。,contentment
书页翻动的细碎声确实这就是最好的状态。生活本该如此简单。,contentment
书页翻动的细碎声竟然带来了一种久违的宁静。这就是稳稳的幸福。,contentment
书页翻动的细碎声竟然让人感到格外舒畅。知足常乐。,contentment
书页翻动的细碎声竟然这就是最好的状态。生活本该如此简单。,contentment
书页翻动的细碎声竟然透着平淡的幸福，夫复何求。,contentment
书页翻动的细碎声让人感到格外舒畅。知足常乐。,contentment
书页翻动的细碎声让人感到格外舒畅，夫复何求。,contentment
书页翻动的细碎声让节奏慢了下来。这就是稳稳的幸福。,contentment
书页翻动的细碎声透着平淡的幸福，夫复何求。,contentment
买了一个很贵的耳机，心疼但音质真好,joy
买了一箱零食，两天就吃完了,joy
买了袋咖啡豆，回来发现和上次买的口味不太一样,neutral
买到了喜欢的CD，虽然是二手的但成色很好,joy
买到了最后一张音乐会门票，运气也太好了吧,joy
买到了最后一张音乐会门票，运气也太好了吧！,joy
买到了最后一杯限量奶茶，好幸运,joy
买到心仪的东西了开心,joy
买到票了开心,joy
买的快递终于到了，拆箱好快乐,joy
买的礼物被喜欢的人接受了，好开心,love
买的股票跌了，好慌,anxiety
买的衣服大小不合适，要退货好麻烦,anger
乱,anxiety
了不起，迟到两小时还能若无其事坐下来吃饭,anger
事情拖着不做让我烦躁,anger
事情搞砸了急死人,anxiety
事情搞砸了急死我了,anxiety
事情有进展就会开心很多,joy
事情有进展就开心,joy
事情没进展急死了,anxiety
事情还没做完就开始担心结果,anxiety
事情还没定好慌,anxiety
事情顺利完成挺开心的,joy
事情顺利就开心,joy
事情顺利推进很开心,joy
事情顺着来就很轻松,joy
事情顺顺利利地推进着，挺开心,joy
云淡风轻，我不爱你了。,contentment
五条悟被封印的那一刻我真的哭死，作者没良心,sadness
五条老师真的太帅了，每一帧都想截图做壁纸！,joy
产品逻辑侮辱智商，后悔花冤枉钱买教训，火大得很,anger
亲亲,love
亲亲大笨蛋,love
亲手布置的小家成型太治愈了,joy
亲手布置的小家终于完工了，那种归属感太治愈了,joy
亲手布置的小家终于成型，太治愈了,joy
亲手布置的小窝终于大功告成了，那种从骨子里透出来的归属感真的太治愈身心了,joy
亲手布置的小窝终于彻底完工了，那种强烈的归属感真的太治愈了,joy
亲手用废旧木料搭的小窝终于大功告成了，那种从骨子里透出来的归属感真的太治愈我的穷病了,joy
亲死你个大笨蛋,love
亲死你个臭笨蛋,love
亲死你个臭笨蛋，你在我眼里就是全宇宙最可爱的存在，谁也比不了,love
亲死你个臭笨蛋，你就是我余生唯一的救赎和火苗，我这辈子就死守着你了，谁也别想抢走,love
亲死你个臭笨蛋，你就是我余生唯一的救赎和火苗，我这辈子就死守着你了，谁也别想走,love
亲死你个臭笨蛋，你就是我余生唯一的救赎和那一抹小小的火苗，我这辈子就死守着你了，谁也别想走,love
亲死你个臭笨蛋，你就是我余生唯一的救赎和那一抹微弱的火苗，我这辈子就死守着你了，谁也别想走,love
亲死你个臭笨蛋，你就是我余生唯一的救赎，我这辈子就死守着你了,love
亲死你个臭笨蛋，你就是我余生唯一的救赎，我这辈子死守着你了，别想走,love
亲死你个臭笨蛋，你就是我在这冰冷写字楼里唯一的慰藉，这辈子我就死守着你了，谁也别想走,love
亲死你个臭笨蛋，你就是我生命里唯一的火苗，我这辈子就守护你了,love
亲爱的，谢谢你出现在我的生命里，让我也知道了什么叫被偏爱。,love
亲这个康康细节？成色尊滴很新吗？学生党诚心要求dd,anxiety
人去楼空,sadness
人品败坏不守信用,anger
人散了,sadness
人散了心也碎了,sadness
人散了梦也碎了,sadness
人渣败类。你连救灾物资里的压缩饼干都要高价转卖，真该让你尝尝在废墟里啃石头的滋味,anger
人生态度是随遇而安,contentment
人生苦短，没必要为了那些琐事纠结，过好每一个当下才是真。,contentment
人群中守住坦然不容易,contentment
人群里反而更显得孤单,sadness
人面兽心。你为了那点研究经费，居然在活人身上做违禁病毒实验，你这种恶魔真该下地狱,anger
什么人啊，插队还有理了？,anger
什么都不做也挺好的,contentment
什么都不做很舒服,contentment
什么都不想做但很放松,contentment
什么都不赶反而舒服,contentment
什么鬼,anger
今天一个人吃了火锅，也挺好,contentment
今天一切都挺顺的,joy
今天一切顺利很开心,joy
今天一切顺利，感觉心里有阳光。知足了。,contentment
今天上台讲了五分钟，声音没抖，但脚一直在轻轻颤,anxiety
今天下午两点有一个部门例会，请大家携带笔记本准时参加,neutral
今天下班刚好赶上绝美落日，瞬间觉得一天的疲惫都消失了,joy
今天下班回家，老公竟然准备了烛光晚餐，还送了我一直想要的包包！,joy
今天下班天还没黑，路边的花开得正艳，心情真美,joy
今天下班居然赶上了绝美的落日，整个天空都是粉紫色的，心情瞬间变好。,joy
今天下班比较早，打算去超市买点生活用品...,contentment
今天下班比较早，打算去超市买点生活用品。,contentment
今天下雨没带伞，还好有同事借我,joy
今天不错,joy
今天中了个小奖心情很好,joy
今天中了五块钱彩票，好幸运,joy
今天中彩票了，太开心了吧！,joy
今天也是为你心动的一天,love
今天也有在想你,love
今天买了一杯咖啡，味道不错,joy
今天买到了心心念念的限量版联名款，太酷了,joy
今天买到了心心念念的限量版联名款，酷毙了,joy
今天买到的桃子又红又大，一看就很有食欲,joy
今天买到的衣服竟然比平时穿的小一码，瘦身有成,joy
今天买到的西瓜刚好是沙瓤的，夏天圆满了,joy
今天买到的西瓜刚好是沙瓤的，夏天瞬间圆满了,joy
今天买到的西瓜超级甜，好开心...,joy
今天买到的西瓜超级甜，好开心。,joy
今天买到的西瓜超级甜，好开心！,joy
今天买到的西瓜超级甜，好开心？,joy
今天买到的西瓜超级甜，好开心～,joy
今天买彩票居然中了五十块，虽然不多，但感觉自己好幸运啊！,joy
今天买的水果个个爆汁，甜度简直超标，心情也跟着变甜了,joy
今天买的水果个个爆汁，甜度超标，心情也跟着变甜,joy
今天买的水果每一个都好甜，这就是生活的小确幸吧,joy
今天云很多，不算晴也不算阴，没下雨,neutral
今天什么都不赶很舒服,contentment
今天什么都没做，但很充实,contentment
今天什么都没发生但挺舒服,contentment
今天什么都没发生却很安心,contentment
今天什么都没发生，但感觉挺舒服的,contentment
今天做了一件好事，开心,joy
今天做了一顿饭，味道还可以,joy
今天出门刚好穿了件和心情很搭的衣服，自信满满,joy
今天出门刚好绿灯，一路畅通无阻的感觉太赞了,joy
今天出门刚好赶上最后一班地铁，运气简直爆棚,joy
今天出门刚好赶上绿灯，一路畅通的感觉简直太棒了,joy
今天化了个妆，自己看了都觉得好看,joy
今天化了全妆，结果谁也没见,contentment
今天化了妆，被夸了好几次，开心,joy
今天升职了，感谢自己没放弃,joy
今天去健身房，教练居然说我有腹肌雏形了，开心到飞起！,joy
今天去健身房，教练说我的体脂率降了很多，马甲线指日可待！,joy
今天去楼下买早餐，老板多给了我一个烧麦，瞬间觉得世界很温柔,joy
今天去海边抓到了很多漂亮的小贝壳，打算串成项链送给妈妈。,joy
今天去试了那件心心念念很久的裙子，发现自己竟然瘦了一大圈！,joy
今天去跑步了，感觉身体变好了,joy
今天又是元气满满的一天,joy
今天又被忽视了有点难受,sadness
今天又被老板当众骂了一顿，真的好难受,sadness
今天发现了一个超级好听且还没火的小众乐队，有种挖到宝的感觉。,joy
今天发现了一个超级好听的小众乐队，单曲循环一整天都不腻。,joy
今天发现自己居然能穿下以前穿不上的旧衣服了，减肥成功！,joy
今天吃了好吃的很开心,joy
今天吃了好多好吃的，满足,joy
今天吃了必胜客，好饱,joy
今天吃到了想吃很久的甜品，幸福,joy
今天吃到好吃的心情很好,joy
今天周三,neutral
今天和闺蜜去吃了那家排队王火锅，味道果然名不虚传，爽翻天！,joy
今天在下班回家的路边捡到一只浑身湿透的流浪小奶猫，真的太萌了，我当场就决定要养它一辈子,joy
今天在书店偶遇了一本讲述自己家乡的书，亲切感倍增,joy
今天在书店安静地坐了一个下午，感觉非常充实,joy
今天在书店的一角发现了一本签名版，简直像捡到宝一样！,joy
今天在书店看到一本插画超级精美的书，果断入手,joy
今天在书店看到一本插画超级精美的书，果断收藏,joy
今天在健身房突破了自己的力量极限，成就感爆棚,joy
今天在健身房突破了自己的最大重量，这种爆发感太强了,joy
今天在公园跑步，居然遇到了一群可爱的金毛，被治愈了一整天。,joy
今天在公园里看到一只超可爱的柯基，治愈了一整天,joy
今天在商场居然偶遇了喜欢的明星，本人好帅,joy
今天在商场居然偶遇了喜欢的明星，本人真的好帅,joy
今天在图书馆看了一下午书，逻辑思路全通了，这种充实感绝了。,joy
今天在地铁上帮一位孕妇找到了座位，她谢我的时候笑容好温暖。,joy
今天在地铁上给一位老爷爷让了座，他一直谢我，心里暖暖的。,joy
今天在地铁站看到了很感人的公益广告，内心暖暖的,joy
今天在打折区捡到了心仪很久的毛衣，居然只要三折，感觉自己捡到了宝,joy
今天在旧衣服口袋里翻到了五十块钱，好开心...,joy
今天在旧衣服口袋里翻到了五十块钱，好开心。,joy
今天在旧衣服口袋里翻到了五十块钱，好开心！,joy
今天在旧衣服口袋里翻到了五十块钱，好开心？,joy
今天在旧衣服口袋里翻到了五十块钱，好开心～,joy
今天在旧衣服口袋里翻到了五百块钱，那种白捡钱的快乐简直爽翻天了,joy
今天在朋友圈发的动态收到了几十个赞，虚荣心小满足,joy
今天在楼下捡到一张没过期的优惠券，省下一顿饭钱，欧气满满,joy
今天在楼下捡到一张没过期的优惠券，省下了一顿奶茶钱，欧气满满,joy
今天在楼下的便利店买到了最后一份限定便当，开心,joy
今天在楼下的便利店买到了最后一份限定便当，这种小运气也能让我乐半天,joy
今天在老街吃到了那种带焦壳的生煎包，咬一口满嘴流油真绝了,joy
今天在菜市场买到了特别新鲜的基围虾，做白灼肯定鲜掉眉毛,joy
今天在菜市场买到了超级新鲜的水蜜桃，咬一口满嘴都是夏天的味道，太治愈了,joy
今天在街上偶遇了很久没见的老同学，聊得好投机,joy
今天在街上看到有人在免费派发鲜花，我也领到了一朵，好幸运。,joy
今天在街角偶遇了以前暗恋的那个他，发现彼此都变优秀了,joy
今天在街角偶遇了很久没见的老同学，聊得超开心,joy
今天在街角发现了一家超级正宗的小摊，那口味道简直还原了小时候校门口的感觉,joy
今天在街角发现了一家超级正宗的小摊，那口味道简直还原了小时候校门口的感觉，绝了,joy
今天在街边看到一株开得很漂亮的花，心情瞬间明媚,joy
今天在超市买到了打折的超大西瓜，感觉赚到了,joy
今天在超市看到了很久没见的怀旧零食，全买了,joy
今天在超市试吃到了超好吃的奶酪，立刻买了一大盒,joy
今天在路上捡到一百块钱，虽然交给了警察，但感觉自己做了件好事。,joy
今天在路上捡到了一只超级可爱的小奶猫，心都要化了,joy
今天在路上捡到了一张以前的老照片，回忆杀,joy
今天在路上救了一只掉进下水道的小猫，它舔我手的那一刻，我心都要化了,joy
今天在路上救了一只掉进下水道的小猫，我觉得心都要化了,joy
今天在路上救了一只被困在树上的小猫，它蹭我手心道谢的时候，我心都要化了,joy
今天在路上看到一个小男孩在给路边的流浪猫撑伞，那一刻心都要被萌化了,joy
今天在路上看到一个小男孩在给路边的流浪猫撑伞，那一刻心都要被萌化了，好暖,joy
今天在路上看到一只超级乖的萨摩耶，被治愈了,joy
今天在路上看到一只超级呆萌的柯基，瞬间被治愈了,joy
今天在路上看到一只超级漂亮的蝴蝶，幸运值加一,joy
今天在路上看到了双彩虹，赶紧许个愿，太幸运了,joy
今天在路上被可爱的小猫碰瓷了，它居然主动蹭我的腿，我觉得我被治愈了,joy
今天在路上被可爱的小猫碰瓷了，它居然主动蹭我的腿，被治愈了,joy
今天在路上被可爱的小猫碰瓷了，我觉得我被治愈了,joy
今天在路上遇到了一只超可爱的小猫，它还蹭了我的腿,joy
今天在路边捡到一只流浪猫，真可爱,joy
今天在路边捡到一只流浪的小奶猫，真的太可爱了，我决定收养它,joy
今天在路边捡到了一只流浪狗，它摇着尾巴跟我走的时候，我觉得心都要化了,joy
今天在路边捡到五十块钱，运气真不错,joy
今天在路边摊蹲着吃了一碗加了双份猪油渣的酸粉，那香味直冲脑门子，爽得我满头大汗,joy
今天在路边救了一只受伤的小狗，它冲我摇尾巴那一刻真暖心,joy
今天在路边看到一只会招手的小猫摆件，被可爱到了,joy
今天在闲鱼捡漏到了绝版谷子，欧气爆棚！,joy
今天天气好好，适合谈恋爱,love
今天天气真好,joy
今天天气真好，出来走走感觉整个人都活过来了。,joy
今天天气真好，适合出门走走,joy
今天天气超级好，适合穿上漂亮的小裙子和闺蜜出去逛街拍照。,joy
今天学会了一个新技能，好有成就感,joy
今天学会了一道新菜，大家都说好吃，我果然有当大厨的天赋。,joy
今天学会了用pr剪视频，做出了第一个作品,joy
今天学会了自弹自唱，发到朋友圈被赞爆了，好有成就感。,joy
今天安安静静挺好,contentment
今天安安静静过得很舒服,contentment
今天安静待着很舒服,contentment
今天安静很舒服,contentment
今天尝试了一个新发型，感觉自己变漂亮了好多,joy
今天居然提前下班太爽了,joy
今天居然没有加班，还能赶上回家看一场盛大的日落，真美,joy
今天居然没有加班，还能赶上回家看落日，心情起飞,joy
今天平静,contentment
今天开心,joy
今天很安稳,contentment
今天很安静很舒服,contentment
今天很平和,contentment
今天很平稳,contentment
今天很平稳的一天,contentment
今天很平静,contentment
今天很平静很舒服,contentment
今天很开心,joy
今天很开心很满足,joy
今天很放松,contentment
今天很放松的一天,contentment
今天很舒服,contentment
今天很舒服的一天,contentment
今天很适合发呆,contentment
今天很顺,joy
今天心情一路很好,joy
今天心情不错,joy
今天心情不错真的,joy
今天心情倍儿棒,joy
今天心情很好,joy
今天心情很平静,contentment
今天心情真好哈哈哈,joy
今天慢慢过也挺舒服的,contentment
今天所有的事都进展得异常顺利，效率高得我都不敢相信。,joy
今天所有的事都进展得特别顺利，效率高得惊人，提前下班咯！,joy
今天手气不错诶,joy
今天拿到结果特别开心,joy
今天按计划完成任务，挺有成就感,contentment
今天挺安稳的,contentment
今天挺平稳的,contentment
今天挺平静的,contentment
今天挺开心,joy
今天挺开心挺轻松,joy
今天挺开心的,joy
今天挺开心的真的,joy
今天挺快乐,joy
今天挺放松的,contentment
今天挺舒服,contentment
今天挺舒服的,contentment
今天挺舒服的一天,contentment
今天挺轻松的没有压力,contentment
今天挺顺利,joy
今天挺顺利很开心,joy
今天挺顺利挺开心,joy
今天挺顺利的很开心,joy
今天收到了一个包装精美的神秘小礼物，期待感十足,joy
今天收到了一个好评，开心,joy
今天收到了一个超级大的快递，拆开全是喜欢的宝贝,joy
今天收到了一个鼓励，好感动,love
今天收到了入职以来最大的一个红包，老板真大方,joy
今天收到了入职以来最大的一个红包，老板真给力,joy
今天收到了好久不见的同学寄来的特产，心里美滋滋,joy
今天收到了好几个客户的好评，感觉辛苦一点也值了,joy
今天收到了好几个老客户的转介绍，这种认可感太强了,joy
今天收到了好朋友寄来的惊喜礼物，太暖心了,joy
今天收到了好消息很开心,joy
今天收到了心仪大学的录取通知书，我终于做到了,joy
今天收到了暗恋对象的回复，开心到飞起！,joy
今天收到了暗恋对象的消息，心里的小鹿乱撞,joy
今天收到了暗恋的人发来的早安，开心得想下楼跑圈,joy
今天收到了暗恋的人发来的早安，开心得要飞起来了,joy
今天收到了老同学的请柬，真为他感到高兴,joy
今天收获很多很开心,joy
今天收获满满很开心,joy
今天整个人状态很松弛,contentment
今天早起发现窗外竟然下雪了，好美，想去堆雪人,joy
今天早起发现窗外竟然银装素裹，好美，想立刻去打雪仗,joy
今天早起居然没堵车，还看到了超级美的朝霞，心情好极了！,joy
今天早起竟然没堵车，感觉运气特别好...,joy
今天早起竟然没堵车，感觉运气特别好。,joy
今天早起竟然没堵车，感觉运气特别好！,joy
今天早起竟然没堵车，感觉运气特别好？,joy
今天早起竟然没堵车，感觉运气特别好～,joy
今天早起竟然没堵车，比平时早到了半小时，整个人都神清气爽。,joy
今天星期三,neutral
今天是他们认识的第一千天，没有人提起，她在备忘录里记了一笔,sadness
今天没下雨,neutral
今天没什么压力很舒服,contentment
今天没什么烦恼挺好,contentment
今天没出汗,neutral
今天没有拖延，把该做的事都做完了,contentment
今天没有波澜很舒服,contentment
今天特别开心,joy
今天特别顺利很开心,joy
今天状态很好很开心,joy
今天状态很平稳,contentment
今天状态很轻松,contentment
今天画的这个眼睛很有神，感觉整个人物都有灵魂了。,joy
今天的事情都忙完了，可以安心睡个好觉,contentment
今天的云好好看，拍了十张照片,joy
今天的午餐供应时间为十一点三十分到一点三十分,neutral
今天的咖啡味道刚刚好，奶泡打得特别细腻，感觉一整天的心情都被点亮了,joy
今天的夕阳和你一样温柔,love
今天的夕阳真的绝美，感觉一天的疲惫都消失了,joy
今天的夕阳真的绝美，整个天空都被染成了橘红色,joy
今天的夕阳真的绝美，整个天空都被染成了橘红色，感觉一天的疲惫都消失了,joy
今天的天气很适合户外运动，空气很清新...,contentment
今天的天气很适合户外运动，空气很清新。,contentment
今天的天空蓝得像假的一样，阳光照在身上暖洋洋的，心情好到飞起！,joy
今天的奶茶半价，还多加了我最爱的珍珠，这就是平凡生活里的光！,joy
今天的妆容画得特别自然，自拍停不下来，哈哈,joy
今天的早餐居然意外地好吃，那家新开的包子铺简直绝了，心情瞬间被点亮,joy
今天的早餐特别合胃口，那家隐藏在巷子里的小店简直是宝藏，心情瞬间被点亮,joy
今天的晚霞像被打翻的调色盘，紫红交织，美得让我驻足看了很久，心情大好,joy
今天的晚霞太梦幻了，整个天空都是紫粉色的,joy
今天的晚霞太美了，随手一拍就是大片,joy
今天的晚饭做好了，全是你爱吃的，快回来趁热吃。,love
今天的晚饭做好了，全是你爱吃的，快回来趁热吃。你是我疲惫生活里的唯一慰藉,love
今天的晚饭做好了，全是你爱吃的，快回来趁热吃。只想一直守护在你身边,love
今天的晚饭做好了，全是你爱吃的，快回来趁热吃。希望余生都是你,love
今天的晚饭做好了，全是你爱吃的，快回来趁热吃。想把所有好东西都给你,love
今天的模型跑出来的效果太惊艳了，完全符合预期。,joy
今天的气温在二十三到二十八摄氏度之间，偏北风三级。,neutral
今天的自拍状态好到爆表，完全不需要滤镜也能直接发圈,joy
今天的自拍甚至不需要修图，状态好到爆表,joy
今天的阳光很温和，适合在阳台上晒晒太阳...,contentment
今天的阳光很温和，适合在阳台上晒晒太阳。,contentment
今天的阳光真好，晒在身上暖洋洋的,joy
今天的风吹得刚刚好，连云朵的形状都那么可爱,joy
今天的风吹得刚好，不冷不热，这种天气最适合出门浪了,joy
今天的风吹过来是凉凉的，很舒服，心情大好,joy
今天的风吹过来是凉凉的，很舒服，感觉秋天真的到了,joy
今天看到了一个很可爱的视频，笑了好久,joy
今天看到了一个很好笑的段子，笑了,joy
今天看到了一个很感人的帖子，哭了,sadness
今天看到了一个很感人的故事，哭了,sadness
今天看到了一个很感人的电影片段，哭了,sadness
今天看到了一个很感人的电影，哭了,sadness
今天看到了一个很感人的视频，哭了,sadness
今天看到了一个很搞笑的段子，笑了,joy
今天看到了一个很搞笑的表情包，笑了,joy
今天看到了一个很搞笑的表情包，笑出声,joy
今天看到了一个很搞笑的视频，笑到停不下来,joy
今天看到了一个很搞笑的视频，笑到肚子疼,joy
今天看到了一个很搞笑的视频，笑疯了,joy
今天看到了一个很暖心的帖子，感动,joy
今天看到了一个很暖心的故事，哭了,sadness
今天看到了一个很暖心的故事，感动,joy
今天看到了一个很正能量的帖子，被鼓励到了,joy
今天看到了一个很治愈的画面，心情变好了,joy
今天看到了一个很治愈的画面，心情好了,joy
今天看到了一个很治愈的视频，心情变好了,joy
今天看到了一个很治愈的视频，心情好了,joy
今天看到了一个很浪漫的场景，心动了,love
今天看到了一个很浪漫的电影，心动了,love
今天看到了一个很浪漫的画面，心动了,love
今天看到了一个很温暖的消息，感动,love
今天看到了一个很温馨的场景，感动,love
今天看到了一个很美的句子，收藏了,joy
今天看到了一个很美的夕阳，心情变好了,joy
今天看到了一个很美的日落，心情很好,joy
今天真幸运,joy
今天真开心,joy
今天穿了一件新衣服被夸好看，开心,joy
今天穿了一双新鞋，被踩了一脚，心痛,anger
今天穿了新衣服，被夸了好几次，开心,joy
今天突然很想哭,sadness
今天竟然没有堵车，提前半小时到公司，心情舒畅,joy
今天笑了一整天,joy
今天笑了很多次,joy
今天笑很多,joy
今天笑得很多,joy
今天笑得很自然,joy
今天笑得特别多,joy
今天简单生活很舒服,contentment
今天简单过也很好,contentment
今天简单过很舒服,contentment
今天简单过挺舒服,contentment
今天终于可以准时下班去吃火锅，太爽了,joy
今天老板不在公司，摸鱼摸得很开心,joy
今天老板居然提前放假了，这种突如其来的自由感，简直是社畜最高光的时刻,joy
今天节奏刚刚好很舒服,contentment
今天节奏刚好很舒服,contentment
今天节奏很慢很舒服,contentment
今天节奏慢慢的挺舒服,contentment
今天被一个小孩子夸了，说姐姐好漂亮,joy
今天被夸了可爱，开心,joy
今天被夸了善良，开心,joy
今天被夸了很优秀，开心,joy
今天被夸了很努力，开心,joy
今天被夸了很厉害，开心,joy
今天被夸了很可爱，开心,joy
今天被夸了很好看，开心,joy
今天被夸了很有品味，开心,joy
今天被夸了很有能力，开心,joy
今天被夸了很有趣，开心,joy
今天被夸了很棒，开心,joy
今天被夸了很细心，开心,joy
今天被夸了很聪明，开心,joy
今天被夸了很贴心，开心,joy
今天被夸了整个人都开心了,joy
今天被夸了有才华，开心,joy
今天被夸了漂亮，开心,joy
今天被夸了聪明，开心,joy
今天被夸了认真，开心,joy
今天被夸了，说我穿搭好看,joy
今天被夸奖好开心,joy
今天被夸好看了，心情超好,joy
今天被老板表扬了，干劲十足！,joy
今天被老板骂了，心情不好,anger
今天被表扬了，好开心,joy
今天被认可了好开心,joy
今天被领导表扬了，开心,joy
今天走了两万步，脚快断了，但看到了很美的风景,joy
今天走在路上居然捡到了一百块钱，运气真好,joy
今天走路捡到十块钱，运气不错,joy
今天跑步了五公里，速度比上次慢了一点,neutral
今天跑步破了个人纪录，爽,joy
今天路上的绿灯全是绿灯，运气好到爆,joy
今天路上的绿灯全被我赶上了，这就是传说中的锦鲤附体吧,joy
今天路上的绿灯居然全被我赶上了,joy
今天路上的绿灯居然全被我赶上了，心情好到飞起,joy
今天路上的绿灯居然全被我赶上了，心情好到飞起，这就是好兆头,joy
今天路上的绿灯居然全被我赶上了，运气爆棚,joy
今天路边的小猫主动过来蹭我了，治愈感满分,joy
今天路边的小猫主动过来蹭我了，治愈感满分。,joy
今天路边的小猫主动过来蹭我，治愈感满分,joy
今天过得不错,joy
今天过得不错很开心,joy
今天过得很平淡但挺舒服的,contentment
今天过得很平淡但舒服,contentment
今天过得很开心,joy
今天过得很轻松,contentment
今天过得很顺畅,joy
今天过得挺安静的,contentment
今天过得挺开心,joy
今天过得挺开心的,joy
今天过得挺温和的,contentment
今天运气不错很开心,joy
今天运气不错，一切都很顺,joy
今天运气很好,joy
今天运气很好什么都顺利,joy
今天运气很好很开心,joy
今天运气爆好做啥都顺,joy
今天运气爆棚,joy
今天运气爆棚绝了,joy
今天运气爆棚，出门刚好赶上地铁,joy
今天运气爆棚，出门刚好赶上地铁，还没到公司雨就停了，这就是好预兆吧,joy
今天运气爆棚，出门刚好赶上班车，而且还是靠窗的空座,joy
今天运气爆棚，啥都顺利,joy
今天运气爆棚，居然抽中了头奖,joy
今天运气爆棚，开心,joy
今天运气爆棚，开心！,joy
今天运气爆表，下班刚好赶上刚进站的地铁且还有座,joy
今天运气真不错，居然在旧衣服里翻到了五十块钱,joy
今天运气真不错，捡到了五块钱,joy
今天运气真好,joy
今天运气真是不错，居然在去年冬天的旧大衣口袋里翻到了五十块钱,joy
今天运气真的是爆表了，居然在去年搬家时塞进柜底的旧鞋盒里翻到了整整两百块钱,joy
今天运气真的是走狗屎运了，居然在去年搬家时丢在角落的破鞋盒里翻到了三百块大钞,joy
今天运气真的逆天，不仅没堵车还捡到了五块钱,joy
今天运气真的逆天，不仅没堵车，还在便利店买到了最后一个限定便当,joy
今天运气真的逆天，没堵车还捡到了五块钱,joy
今天运气真的逆天，没堵车还捡到了钱,joy
今天运气真的逆天，没堵车还捡到了钱，这是什么好预兆吗,joy
今天运气逆天，出门全是绿灯，心情起飞,joy
今天遇到了一个很没素质的人，生气,anger
今天遇到好事很开心,joy
今天面试感觉不错，希望能过,anxiety
今天面试表现得比预想中好很多，感觉稳了,joy
今天面试表现超常，面试官最后一直在笑，稳了稳了,joy
今天顺利完成了所有的待办事项，奖励自己一顿火锅,joy
今天食堂的菜单包括红烧肉清炒时蔬和酸辣土豆丝,neutral
今天食堂的菜意外的好吃，多打了一份,joy
今日份快乐,joy
今日份的好天气，心情也跟着变得亮晶晶的,joy
今日土壤湿度保持在当前刻度,neutral
今日土壤湿度保持在指定目录,neutral
今日土壤湿度保持在百分之三十,neutral
今日土壤湿度显示为当前刻度,neutral
今日土壤湿度显示为指定目录,neutral
今日土壤湿度显示为最新标准,neutral
今日土壤湿度更新至合理区间,neutral
今日土壤湿度更新至指定目录,neutral
今日土壤湿度稳定在五十个单位,neutral
今日土壤湿度稳定在合理区间,neutral
今日土壤湿度稳定在当前刻度,neutral
今日土壤湿度稳定在指定目录,neutral
今日土壤湿度记录在五十个单位,neutral
今日土壤湿度记录在当前刻度,neutral
今日土壤湿度记录在预设值,neutral
今日土壤湿度设定在最新标准,neutral
今日土壤湿度设定在百分之三十,neutral
今日土壤湿度设定在预设值,neutral
今日土壤湿度调整为合理区间,neutral
今日土壤湿度调整为当前刻度,neutral
今日土壤湿度调整为百分之三十,neutral
今日土壤湿度锁定在合理区间,neutral
今日土壤湿度锁定在指定目录,neutral
今日土壤湿度锁定在正常范围,neutral
今日土壤湿度锁定在百分之三十,neutral
今日土壤湿度锁定在预设值,neutral
今日审批流程保持在五十个单位,neutral
今日审批流程保持在合理区间,neutral
今日审批流程保持在当前刻度,neutral
今日审批流程保持在指定目录,neutral
今日审批流程保持在百分之三十,neutral
今日审批流程显示为五十个单位,neutral
今日审批流程显示为合理区间,neutral
今日审批流程显示为预设值,neutral
今日审批流程更新至指定目录,neutral
今日审批流程稳定在五十个单位,neutral
今日审批流程稳定在合理区间,neutral
今日审批流程稳定在当前刻度,neutral
今日审批流程稳定在指定目录,neutral
今日审批流程稳定在预设值,neutral
今日审批流程记录在五十个单位,neutral
今日审批流程记录在指定目录,neutral
今日审批流程记录在最新标准,neutral
今日审批流程设定在五十个单位,neutral
今日审批流程设定在合理区间,neutral
今日审批流程设定在正常范围,neutral
今日审批流程设定在预设值,neutral
今日审批流程调整为合理区间,neutral
今日审批流程调整为当前刻度,neutral
今日审批流程调整为最新标准,neutral
今日审批流程调整为百分之三十,neutral
今日审批流程调整为预设值,neutral
今日审批流程锁定在五十个单位,neutral
今日审批流程锁定在指定目录,neutral
今日审批流程锁定在正常范围,neutral
今日建筑高度保持在五十个单位,neutral
今日建筑高度保持在当前刻度,neutral
今日建筑高度保持在最新标准,neutral
今日建筑高度保持在百分之三十,neutral
今日建筑高度保持在预设值,neutral
今日建筑高度显示为正常范围,neutral
今日建筑高度显示为百分之三十,neutral
今日建筑高度更新至五十个单位,neutral
今日建筑高度更新至指定目录,neutral
今日建筑高度更新至最新标准,neutral
今日建筑高度稳定在当前刻度,neutral
今日建筑高度稳定在最新标准,neutral
今日建筑高度稳定在正常范围,neutral
今日建筑高度稳定在百分之三十,neutral
今日建筑高度记录在预设值,neutral
今日建筑高度设定在当前刻度,neutral
今日建筑高度设定在指定目录,neutral
今日建筑高度设定在百分之三十,neutral
今日建筑高度设定在预设值,neutral
今日建筑高度调整为五十个单位,neutral
今日建筑高度调整为合理区间,neutral
今日建筑高度调整为当前刻度,neutral
今日建筑高度调整为指定目录,neutral
今日建筑高度锁定在五十个单位,neutral
今日建筑高度锁定在正常范围,neutral
今日建筑高度锁定在百分之三十,neutral
今日建筑高度锁定在预设值,neutral
今日数据库状态保持在五十个单位,neutral
今日数据库状态保持在合理区间,neutral
今日数据库状态保持在指定目录,neutral
今日数据库状态保持在最新标准,neutral
今日数据库状态保持在预设值,neutral
今日数据库状态显示为当前刻度,neutral
今日数据库状态显示为指定目录,neutral
今日数据库状态显示为预设值,neutral
今日数据库状态更新至五十个单位,neutral
今日数据库状态更新至指定目录,neutral
今日数据库状态更新至百分之三十,neutral
今日数据库状态更新至预设值,neutral
今日数据库状态稳定在合理区间,neutral
今日数据库状态稳定在正常范围,neutral
今日数据库状态稳定在预设值,neutral
今日数据库状态记录在指定目录,neutral
今日数据库状态记录在正常范围,neutral
今日数据库状态设定在五十个单位,neutral
今日数据库状态设定在合理区间,neutral
今日数据库状态设定在最新标准,neutral
今日数据库状态设定在预设值,neutral
今日数据库状态调整为五十个单位,neutral
今日数据库状态调整为指定目录,neutral
今日数据库状态调整为正常范围,neutral
今日数据库状态锁定在五十个单位,neutral
今日数据库状态锁定在百分之三十,neutral
今日数据库状态锁定在预设值,neutral
今日文件路径保持在五十个单位,neutral
今日文件路径保持在合理区间,neutral
今日文件路径保持在指定目录,neutral
今日文件路径保持在最新标准,neutral
今日文件路径保持在正常范围,neutral
今日文件路径显示为五十个单位,neutral
今日文件路径显示为当前刻度,neutral
今日文件路径显示为正常范围,neutral
今日文件路径更新至百分之三十,neutral
今日文件路径稳定在百分之三十,neutral
今日文件路径记录在五十个单位,neutral
今日文件路径记录在指定目录,neutral
今日文件路径记录在预设值,neutral
今日文件路径设定在预设值,neutral
今日文件路径调整为指定目录,neutral
今日文件路径锁定在五十个单位,neutral
今日文件路径锁定在合理区间,neutral
今日文件路径锁定在当前刻度,neutral
今日文件路径锁定在正常范围,neutral
今日文件路径锁定在百分之三十,neutral
今日气温二十三摄氏度，相对湿度百分之六十，适宜外出,neutral
今日液体浓度保持在五十个单位,neutral
今日液体浓度保持在最新标准,neutral
今日液体浓度显示为五十个单位,neutral
今日液体浓度显示为当前刻度,neutral
今日液体浓度显示为最新标准,neutral
今日液体浓度更新至合理区间,neutral
今日液体浓度更新至当前刻度,neutral
今日液体浓度更新至指定目录,neutral
今日液体浓度更新至预设值,neutral
今日液体浓度稳定在指定目录,neutral
今日液体浓度稳定在正常范围,neutral
今日液体浓度稳定在百分之三十,neutral
今日液体浓度记录在指定目录,neutral
今日液体浓度记录在正常范围,neutral
今日液体浓度设定在当前刻度,neutral
今日液体浓度设定在正常范围,neutral
今日液体浓度设定在百分之三十,neutral
今日液体浓度调整为合理区间,neutral
今日液体浓度调整为最新标准,neutral
今日液体浓度调整为正常范围,neutral
今日液体浓度调整为预设值,neutral
今日液体浓度锁定在最新标准,neutral
今日版本号保持在合理区间,neutral
今日版本号保持在当前刻度,neutral
今日版本号保持在百分之三十,neutral
今日版本号保持在预设值,neutral
今日版本号显示为当前刻度,neutral
今日版本号显示为指定目录,neutral
今日版本号显示为最新标准,neutral
今日版本号更新至合理区间,neutral
今日版本号更新至最新标准,neutral
今日版本号更新至正常范围,neutral
今日版本号更新至百分之三十,neutral
今日版本号更新至预设值,neutral
今日版本号稳定在百分之三十,neutral
今日版本号记录在五十个单位,neutral
今日版本号记录在合理区间,neutral
今日版本号记录在当前刻度,neutral
今日版本号记录在指定目录,neutral
今日版本号记录在最新标准,neutral
今日版本号记录在正常范围,neutral
今日版本号记录在百分之三十,neutral
今日版本号设定在五十个单位,neutral
今日版本号设定在当前刻度,neutral
今日版本号设定在正常范围,neutral
今日版本号设定在百分之三十,neutral
今日版本号设定在预设值,neutral
今日版本号调整为五十个单位,neutral
今日版本号调整为百分之三十,neutral
今日版本号调整为预设值,neutral
今日版本号锁定在当前刻度,neutral
今日版本号锁定在百分之三十,neutral
今日的气温是十六摄氏度到二十二摄氏度风力三级,neutral
今日的股市行情分析报告已经发送到了您的订阅邮箱,neutral
今日网络带宽保持在五十个单位,neutral
今日网络带宽保持在合理区间,neutral
今日网络带宽保持在预设值,neutral
今日网络带宽显示为合理区间,neutral
今日网络带宽显示为当前刻度,neutral
今日网络带宽显示为最新标准,neutral
今日网络带宽显示为正常范围,neutral
今日网络带宽显示为百分之三十,neutral
今日网络带宽更新至五十个单位,neutral
今日网络带宽更新至合理区间,neutral
今日网络带宽更新至当前刻度,neutral
今日网络带宽更新至正常范围,neutral
今日网络带宽更新至百分之三十,neutral
今日网络带宽稳定在合理区间,neutral
今日网络带宽稳定在预设值,neutral
今日网络带宽记录在正常范围,neutral
今日网络带宽记录在百分之三十,neutral
今日网络带宽记录在预设值,neutral
今日网络带宽设定在最新标准,neutral
今日网络带宽设定在正常范围,neutral
今日网络带宽调整为当前刻度,neutral
今日网络带宽调整为指定目录,neutral
今日网络带宽调整为最新标准,neutral
今日网络带宽调整为正常范围,neutral
今日网络带宽调整为预设值,neutral
今日网络带宽锁定在当前刻度,neutral
今日网络带宽锁定在最新标准,neutral
今日设备温度保持在合理区间,neutral
今日设备温度保持在最新标准,neutral
今日设备温度显示为合理区间,neutral
今日设备温度显示为指定目录,neutral
今日设备温度显示为最新标准,neutral
今日设备温度更新至指定目录,neutral
今日设备温度稳定在五十个单位,neutral
今日设备温度稳定在正常范围,neutral
今日设备温度记录在五十个单位,neutral
今日设备温度记录在当前刻度,neutral
今日设备温度记录在最新标准,neutral
今日设备温度记录在百分之三十,neutral
今日设备温度设定在五十个单位,neutral
今日设备温度设定在指定目录,neutral
今日设备温度设定在最新标准,neutral
今日设备温度设定在预设值,neutral
今日设备温度调整为五十个单位,neutral
今日设备温度调整为合理区间,neutral
今日设备温度调整为当前刻度,neutral
今日设备温度调整为指定目录,neutral
今日设备温度调整为正常范围,neutral
今日设备温度锁定在合理区间,neutral
今日设备温度锁定在当前刻度,neutral
今日设备温度锁定在最新标准,neutral
今日设备温度锁定在百分之三十,neutral
今日设备温度锁定在预设值,neutral
今日车辆时速保持在合理区间,neutral
今日车辆时速保持在最新标准,neutral
今日车辆时速保持在百分之三十,neutral
今日车辆时速保持在预设值,neutral
今日车辆时速显示为合理区间,neutral
今日车辆时速显示为正常范围,neutral
今日车辆时速显示为百分之三十,neutral
今日车辆时速更新至五十个单位,neutral
今日车辆时速更新至当前刻度,neutral
今日车辆时速更新至预设值,neutral
今日车辆时速稳定在当前刻度,neutral
今日车辆时速稳定在指定目录,neutral
今日车辆时速稳定在最新标准,neutral
今日车辆时速记录在五十个单位,neutral
今日车辆时速记录在指定目录,neutral
今日车辆时速记录在正常范围,neutral
今日车辆时速设定在五十个单位,neutral
今日车辆时速设定在合理区间,neutral
今日车辆时速设定在当前刻度,neutral
今日车辆时速设定在正常范围,neutral
今日车辆时速设定在预设值,neutral
今日车辆时速调整为五十个单位,neutral
今日车辆时速调整为当前刻度,neutral
今日车辆时速调整为指定目录,neutral
今日车辆时速调整为最新标准,neutral
今日车辆时速锁定在五十个单位,neutral
今日车辆时速锁定在最新标准,neutral
今日车辆时速锁定在正常范围,neutral
今日车辆时速锁定在百分之三十,neutral
今晚又要熬夜刷直拍了，这该死的魅力，我这头发是保不住了,anxiety
今晚这顿路边摊宵夜真是绝了,joy
从容不迫,contentment
从小长大的街道被拆得面目全非，那种归属感正在随之一点点消失殆尽,sadness
从小长大的那条老巷子被拆得面目全非，那种根植在骨子里的归属感正在一点点消失,sadness
从小长大的那片棚户区被拆得面目全非，那种根植在骨子里的归属感正在随之一点点消失,sadness
从彼此陌生到如今的无话不谈，每一步都写满了命中注定的爱意,love
从彼此陌生到心心相印，这种奇妙的进化过程真是让人着迷,love
从彼此陌生到无话不谈，这种奇妙的化学反应就是真爱的证明,love
从彼此陌生到熟络，每一步都像是被精心设计的恋爱陷阱,love
从彼此陌生到默契十足，这种奇妙的羁绊是我最珍视的宝物,love
从此以后，我不爱你了。,sadness
从没想过会和你产生交集，这种奇妙的缘分让我每天都在感谢上苍,love
从没想过会和你变熟，这种奇妙的缘分让我格外珍惜,love
从没想过会和你相爱，这种奇妙的转变让我每天都像在做梦,love
从这个角度看过去，夜晚的城市显得很安稳...,contentment
从这个角度看过去，夜晚的城市显得很安稳。,contentment
从那一刻起，你就是我的唯一...,love
从那一刻起，你就是我的唯一。,love
从那天起，我的世界变得奇妙无比，一切都是因为遇见了你。,love
从陌生到熟悉，这是我们能想到的最美结局,love
从陌生到熟络的过程，是我这辈子玩过最开心的一场心动游戏,love
从陌生到相爱，每一步走来都充满了奇妙的惊喜,love
从陌生到相爱，每一步都是我生命中最值得珍藏的奇妙惊喜,love
从陌生到相知相守，每一步都是我这辈子收到的最棒的惊喜,love
仔细听，我从未爱过你之外的任何人,love
仔细听，我心跳的声音正在大声喊着你的名字,love
仔细听，我每一次呼吸都在诉说着对你那难以言喻的爱,love
他一个人坐在关闭了灯光的车里，看了一会儿雨刷,sadness
他一个人站在空荡荡的火车站月台上看着列车远去的方向站了很久,sadness
他一把夺过对方手中的文件夹撕得粉碎并指着大门的方向低吼,anger
他一把扯掉耳机，推开椅子大步走出了会议室,anger
他一把推开桌上的所有模型双手撑在台面上胸口剧烈起伏着,anger
他一直不回我消息，我有点慌,anxiety
他一直催让我很烦,anger
他一直在那里摆弄那把剪刀发出咔嚓咔嚓的声音听得我头皮发麻,anxiety
他一直没回消息让我很不安,anxiety
他一直都把她说的话记得很清楚，这让她觉得更难受,sadness
他一言不发地整理着行李箱把所有的生活用品都塞进去扣上了锁,sadness
他不会生气了吧,anxiety
他不停地在客厅里走来走去，时不时拿起手机看一眼屏幕，又马上反扣在桌上,anxiety
他不停地拉开抽屉又关上在屋子里转了一圈又一圈最后颓然坐下,anxiety
他不尊重人让我很气,anger
他不讲理让我很气,anger
他从书架取下一本蓝色的字典，翻到了第两百页,neutral
他们一起去过的那家小店关门了，她路过的时候看了看贴在玻璃上的转让通知,sadness
他们是不是在说我坏话,anxiety
他们曾经约好要去的那个地方，她后来一个人去了,sadness
他做事太离谱让我生气,anger
他做事让我很气,anger
他刚刚那态度真的让我火大,anger
他刚才那句话什么意思啊,anxiety
他删了我的好友，我还没反应过来,sadness
他又迟到了，真的生气,anger
他发了朋友圈没回我消息，有点失落,sadness
他发来那张图，说你看，这里的樱花开了，她回了个好看，没有说别的,sadness
他回了一个'哦'，我反复琢磨了半小时是什么意思,anxiety
他在书架上找到了一本关于宏观经济学的旧教科书,neutral
他在书架上按照字母顺序重新排列了所有的参考资料,neutral
他在书架的顶层找到了一本关于宏观经济学的旧书籍。,neutral
他在交税,neutral
他在人群中大声喊出了对方的名字并拼命挥手,joy
他在休息,neutral
他在倒垃圾,neutral
他在入职,neutral
他在关窗户,neutral
他在写作业,neutral
他在出差,neutral
他在切菜,neutral
他在刷牙,neutral
他在剥橘子,neutral
他在剪头发,neutral
他在办公桌上摆放了一台显示器一个笔记本和一个咖啡杯,neutral
他在办公桌下方安装了一个可折叠的走线槽，用于收纳线缆。,neutral
他在加班,neutral
他在卧室的床头柜上放了一盏可调节亮度的台灯。,neutral
他在原地转了一个圈，双手在空中击掌,joy
他在厨房的置物架上摆放了一排调味料罐子。,neutral
他在叠衣服,neutral
他在吃饭,neutral
他在听歌,neutral
他在喂鱼,neutral
他在喝牛奶,neutral
他在喝白水,neutral
他在地图上查找了从当前位置到目的地的最短自驾路线,neutral
他在地图上标注了五个可能设立充电站的候选位置,neutral
他在坐车,neutral
他在婚礼上牵着新娘的手，路过我这一桌时眼神没有一秒钟的停留，我的那场十年长跑终于变成了冷笑话,sadness
他在婚礼上路过我这桌，眼神甚至没留下一秒钟的停顿，我那十年的坚持，成了一个彻头彻尾的笑话,sadness
他在存钱,neutral
他在学习,neutral
他在实验室的控制台上设定了压力参数，并启动了数据采集软件。,neutral
他在客厅的电视柜上方挂了一幅极简风格的黑白装饰画。,neutral
他在客厅的角落里放了一盆绿植，并浇了少量的清水。,neutral
他在工作,neutral
他在工具箱里找到了一把十字螺丝刀和一卷黑色的电工胶带。,neutral
他在开会,neutral
他在开车,neutral
他在手机的备忘录里记录了下周一需要提交的材料清单,neutral
他在手机的备忘录里记录了本次会议的所有行动项列表,neutral
他在手机的拨号界面输入了一串特定的测试代码,neutral
他在手机的提醒事项中设置了一个关于缴纳电费的重复提醒,neutral
他在手机的搜索框内查找了关于个人所得税的退税流程,neutral
他在手机的搜索框内查找了关于个税起征点的最新规定,neutral
他在手机的搜索框内输入了关于社保卡补办的流程指南,neutral
他在手机的日历中添加了一个关于项目周会的提醒事项,neutral
他在手机的日历应用中创建了一个长达三天的差旅行程,neutral
他在手机的相册里建立了一个专门存放工作截图的相册,neutral
他在手机的计算器应用中计算了本次团建的人均费用,neutral
他在手机的计算器应用中通过科学模式计算了一个余弦函数,neutral
他在手机的记事本里记录了今天买菜所花的各项开支,neutral
他在手机的闹钟应用中删除了所有过期的单次提醒,neutral
他在手机的闹钟应用中设置了五个不同时段的提醒,neutral
他在打球,neutral
他在扫地,neutral
他在找工作,neutral
他在抽屉里找到了一把指甲剪和一把金属镊子。,neutral
他在抽屉里找到了一枚备用的纽扣电池和一根细长的取卡针。,neutral
他在换衣服,neutral
他在数钱,neutral
他在文件夹中搜索到了那份三年前的项目合同扫描件,neutral
他在文件夹的侧面贴上了分类标签，并放入了档案柜。,neutral
他在文件袋的封面写上了项目名称和归档日期。,neutral
他在文档中使用了三级标题结构来组织段落内容,neutral
他在文档中使用了不同颜色的字体来区分不同的发言人,neutral
他在文档中使用了特定的公式编辑器来录入数学公式,neutral
他在文档中使用了特定的引用符号来标注文中的直接引用,neutral
他在文档中使用了特定的逻辑符号来表示不同的推导过程,neutral
他在文档中插入了一张饼状图用以展示市场份额的比例,neutral
他在文档的中间位置插入了一个包含三个步骤的流程图,neutral
他在文档的中间位置插入了一段关于实验原理的文字说明,neutral
他在文档的中间段落引用了一段来自官方统计局的数据,neutral
他在文档的中间段落插入了一个关于市场份额对比的柱状图,neutral
他在文档的侧边栏添加了三条针对具体条款的批注,neutral
他在文档的侧边栏添加了关于特定术语定义的批注,neutral
他在文档的最后段落总结了本次调研的核心结论,neutral
他在文档的末尾处添加了一个包含五个字段的汇总表格,neutral
他在文档的标题下方增加了一个简短的执行摘要说明,neutral
他在文档的标题下方增加了一行关于作者简介的描述,neutral
他在文档的标题页下方添加了一行关于版本号的说明,neutral
他在文档的目录页中手动删除了两个不相关的子条目,neutral
他在文档的结尾部分标注了所有参与者的职位名称,neutral
他在文档的页眉位置添加了公司的标志和项目名称,neutral
他在文档的页码部分选择了从中页开始重新编号,neutral
他在文档的页脚位置插入了页码和当前的系统日期,neutral
他在文档的页脚位置标注了文档的保密级别和版本信息,neutral
他在文档的首页添加了一个包含五个章节的自动目录,neutral
他在档案盒的侧面写上了编号，并将其放入了第三层架子。,neutral
他在洗澡,neutral
他在洗碗,neutral
他在洗脸,neutral
他在浇花,neutral
他在游泳,neutral
他在照镜子,neutral
他在爬山,neutral
他在电脑显示器的左侧贴了一张便利贴，记录了本周的待办事项。,neutral
他在电脑桌下方的理线盒里整理了杂乱的各种电源线。,neutral
他在电脑桌下方的理线管里穿过了两根网线和一根 HDMI 线。,neutral
他在画画,neutral
他在白板上写下了明天的会议主题和参加人员名单。,neutral
他在白板上列出了本周的生产任务清单和各岗位负责人。,neutral
他在白板上标注了各个区域的坐标点，用于指导后续的布线工作。,neutral
他在白纸上用圆规画出了三个半径不同的同心圆,neutral
他在白纸上用直尺画了一条长十厘米的直线，标记为基准线。,neutral
他在白纸上计算了该三角形的内角和，验证了计算结果的准确性。,neutral
他在省钱,neutral
他在看地图,neutral
他在看报纸,neutral
他在看新闻,neutral
他在睡觉,neutral
他在笔记本上记录了会议中提到的三个核心数据点,neutral
他在笔记本电脑上打开了一个空白的文档，开始整理会议记录。,neutral
他在笔记本电脑的侧面插入了一枚加密后的优盘,neutral
他在系统的任务栏中固定了五个最常使用的软件图标,neutral
他在系统的任务管理器中查看了各个进程的资源占用情况,neutral
他在系统的任务管理器中禁用了两个不必要的自启动程序,neutral
他在系统的偏好设置中将系统的默认字体大小调大了一号,neutral
他在系统的偏好设置中将背景颜色更改成了深灰色,neutral
他在系统的命令行中执行了自动备份脚本并查看了日志,neutral
他在系统的命令行界面输入了重启指令并按下了确认键,neutral
他在系统的导出功能中选择了CSV作为文件的输出格式,neutral
他在系统的性能设置中关闭了部分不必要的视觉特效,neutral
他在系统的控制台中输入了查询指令并导出了结果集,neutral
他在系统的控制台查看了过去二十四小时的服务器运行指标,neutral
他在系统的控制面板中卸载了三个不再使用的驱动程序,neutral
他在系统的控制面板中更改了系统的默认输入法设置,neutral
他在系统的控制面板中调整了系统的休眠和唤醒策略,neutral
他在系统的搜索栏输入了关键词并勾选了时间跨度选项,neutral
他在系统的搜索栏输入关键词并勾选了时间选项,neutral
他在系统的搜索框内查找了关于房屋租赁合同的模板,neutral
他在系统的数据库中查询了过去一个月的交易流水记录,neutral
他在系统的文件属性中修改了该文档的创建日期和所有人,neutral
他在系统的文件属性中添加了相关的关键词标签方便搜索,neutral
他在系统的文件管理器中为三个敏感文档设置了访问密码,neutral
他在系统的文件管理器中将十个图片文件移动到了新文件夹,neutral
他在系统的日志查看器中过滤了所有的警告和错误信息,neutral
他在系统的服务列表中重启了与数据库连接相关的三个服务,neutral
他在系统的权限管理页面分配了读写权限给特定的用户组,neutral
他在系统的注册页面填写了用户名密码和密保问题,neutral
他在系统的管理后台禁用了五个长期不活跃的用户账号,neutral
他在系统的网络设置中手动配置了DNS服务器的地址,neutral
他在系统的设备管理器中查看了各个硬件的状态信息,neutral
他在系统的设置选项中关闭了软件的自动更新功能,neutral
他在系统的设置页面中关闭了开机自动启动的三个程序,neutral
他在系统的设置页面中调整了鼠标的移动速度,neutral
他在系统的设置页面调整了自动锁屏的等待时间,neutral
他在系统的资源监视器中查看了内存的实时占用情况,neutral
他在系统的进程列表中发现了一个占用CPU过高的后台任务,neutral
他在系统的通知中心关闭了第三方应用的推送消息,neutral
他在系统的防火墙设置中添加了三个允许通过的端口号,neutral
他在系鞋带,neutral
他在花钱,neutral
他在表格中使用了VLOOKUP函数来提取对应的数据,neutral
他在表格中输入了各部门的员工数量及办公用品申领情况。,neutral
他在表格的右下角签上了自己的名字并加盖了公章,neutral
他在表格的左侧添加了一列用于记录当日的平均气温,neutral
他在记事本上勾选了今日已经完成的五个待办事项,neutral
他在记事本上整理了下个月的供应商联系名单和报价单。,neutral
他在记事本上整理了不同规格电缆的阻抗参数和额定电流。,neutral
他在记事本上整理了本季度的所有财务支出及结余金额。,neutral
他在记事本上整理了本年度的所有假期安排和调休方案。,neutral
他在记事本上画了一张流程图，展示了从研发到生产的各个环节。,neutral
他在记事本上记录了不同厂家提供的设备报价和售后方案。,neutral
他在记事本上记录了不同品牌显示器的对比参数和功耗情况。,neutral
他在记事本上记录了今天的最高气温和最低气温。,neutral
他在记事本上记录了本月的所有水费、电费及物业费明细。,neutral
他在记事本上记录了本次实验的所有原始数据和环境温度。,neutral
他在记事本上记录了本次门诊的所有费用清单和检查项目。,neutral
他在记事本上记录了该批次零件的直径公差和表面粗糙度。,neutral
他在记事本的最后一页写下了下一周的工作计划摘要。,neutral
他在请假,neutral
他在走廊的尽头安装了一个感应式壁灯，当有人经过时会自动亮起。,neutral
他在走路,neutral
他在起床,neutral
他在超市的文具区买了一盒回形针和两支黑色马克笔。,neutral
他在跑步,neutral
他在跳绳,neutral
他在输入框里打了一大段话，停顿了几秒，最后还是按住退格键全部删除了,sadness
他在辞职,neutral
他在那儿画大饼我在下面流眼泪，这社畜日子是一天也过不下去了,sadness
他在邮件中附件了一份关于项目进度的甘特图,neutral
他在钓鱼,neutral
他在面试,neutral
他在领工资,neutral
他在骑车,neutral
他在黑板上写下了四个物理学名词并画出了简单的示意图,neutral
他好像和别人在一起了，心好痛,sadness
他好像没那么在乎我了，是我的错觉吗,anxiety
他如愿以偿地住进了带游泳池的大别墅却怀念以前那个温馨的小蜗居,sadness
他学会了做她最爱吃的那道红烧鱼只是餐桌对面再也没有了笑声,sadness
他对着镜子练习了好几遍完美的微笑然后整理了一下领带推门而出,joy
他居然把我的秘密随便讲给别人听，我这辈子都不会再原谅他了。,anger
他居然背后说我坏话，气到发抖,anger
他已经三个小时没回信息了，是不是我刚才语气太重？要不要发个表情包缓和下？,anxiety
他已读不回，我真的很失落,sadness
他带着礼物敲开门，一边递过去一边说：你好好养着，我没事,sadness
他很努力地在维持那个样子，维持了很久，最后还是没能维持住,sadness
他很认真地道歉，说以后一定不会再这样了，这是第七次这样说了,sadness
他态度差很气,anger
他态度差让我很火,anger
他态度很差让我很火大,anger
他把切好的土豆丝放入清水中浸泡，并洗净了菜刀,neutral
他把刚刚写好的两万行代码直接拖进了回收站，然后按下了清空键,anger
他把刚才买回来的苹果洗干净，放在了客厅桌子上的果盘里。,neutral
他把刚才打印出来的三份合同分别放在了三个信封里面。,neutral
他把包扔在沙发上，张开双臂给了孩子一个大大的拥抱,joy
他把外套叠好放在椅背上，坐下来打开电脑,neutral
他把她的名字从紧急联系人那一栏改成了空白,sadness
他把我的秘密说出去了，绝交,anger
他把手机翻过来扣在桌上，再也没有看它,anger
他把手里的文件高高举起，脚下踏着轻快的碎步,joy
他把最后一件行李搬上车，缓缓拉下了车间的卷闸门,sadness
他把水杯放在办公桌的右侧，然后拉开椅子坐了下来,neutral
他把蓝色文件夹里的发票按时间顺序排列，用回形针固定。,neutral
他把行李箱放好了就下楼拿快递,neutral
他把车停在路边，没有熄火，也没有下车，就这么在方向盘上趴了半个小时,sadness
他把那份报告往桌上一放，说了句辛苦了，就走了,anger
他把黑色的圆珠笔放在了记事本的右侧，然后关上了台灯。,neutral
他是不是有那个大病？这需求改了三遍了，我真的谢，栓Q全家,anger
他最后说了声珍重，这个词选得太好，好得让人说不出话来,sadness
他毫无预兆地出现在她的推荐里，头像变了，她点进去看了几秒，退出来了,sadness
他永远不知道我有多喜欢他,love
他没有按时回来，我开始在脑子里构建各种可能的解释,anxiety
他点了点头，没有多说什么,neutral
他点赞了我的朋友圈诶，是不是有戏,love
他猛地合上笔记本，巨大的响声让周围人都停下了动作,anger
他用那种我熟悉的语气说了声谢谢，然后再也没提,anger
他的联系方式她没有删，但已经很久没有出现在屏幕上了,sadness
他看到手机屏幕亮起时猛地扑过去在看清名字后又缓慢地放下了,anxiety
他穿了一件浅灰色的运动外套，背着一个黑色的帆布背包。,neutral
他穿了一件深绿色的工作服，手里拿着一个电子转矩扳手。,neutral
他突然停下动作转过头来看向我那个眼神让我心里直发毛,anxiety
他站在月台上，直到那列火车的尾灯完全消失,sadness
他站在讲台后不停地清嗓子翻动讲稿的手指甚至有些微微发抖,anxiety
他笑着说没关系，转过身的时候肩膀轻轻沉了一下,sadness
他答应过无论多晚都会接我回家。只是现在钱攒够了，我的身边却换了人,sadness
他答应过无论多晚都会接我回家。可原来我们和所有人一样，都逃不过俗气的散场,sadness
他答应过无论多晚都会接我回家。可如今那片空地盖成了商场，树也没了踪影,sadness
他答应过无论多晚都会接我回家。可现在深夜下班，我只能看着末班公交发呆,sadness
他答应过无论多晚都会接我回家。可结果还没到三十岁，我们就成了最熟悉的陌生人,sadness
他答应过无论多晚都会接我回家。然而原来我们和所有人一样，都逃不过俗气的散场,sadness
他答应过无论多晚都会接我回家。然而现在钱攒够了，我的身边却换了人,sadness
他答应过无论多晚都会接我回家。直到现在深夜下班，我只能看着末班公交发呆,sadness
他答应过无论多晚都会接我回家。直到现在钱攒够了，我的身边却换了人,sadness
他答应过无论多晚都会接我回家，但现在深夜下班，我只能看着末班公交发呆,sadness
他答应过无论多晚都会接我回家，但结果还没到三十岁，我们就成了最熟悉的陌生人,sadness
他答应过无论多晚都会接我回家，如今那片空地盖成了商场，树也没了踪影,sadness
他答应过无论多晚都会接我回家，结果还没到三十岁，我们就成了最熟悉的陌生人,sadness
他细心地帮她把行李放好，问需不需要帮忙，她说不用了，一路顺风,sadness
他终于在决赛中拿到了冠军奖杯却发现父母的座位是空着的,sadness
他终于成了曾经最想成为的那种人却弄丢了那个最初陪着他的人,sadness
他终于有钱买下了那台限量版游戏机却发现自己早已没了玩的兴致,sadness
他终于赢得了所有人的尊重和掌声却错过了女儿最重要的一场演出,sadness
他结婚的消息是别人转发给我的，新娘很漂亮，可惜不是我。,sadness
他给的温柔太少，却让我记了这么多年，真是不值得。,sadness
他认真地说谢谢，然后他们彼此知道，这是最后一次见面,sadness
他让我很生气,anger
他讲话真的太伤人了，我很生气,anger
他语气不好让我生气,anger
他说“我养你啊”，虽然是玩笑还是心动了,love
他说了一句'等通知'，我从那之后每隔十分钟刷一次手机,anxiety
他说了句'回头聊'，我开始想那个'回头'是什么时候,anxiety
他说了很多感谢的话，她一一记住，然后把这段对话存档,sadness
他说他一直在等我，好感动,love
他说他不喜欢我了，世界突然安静了,sadness
他说他不想失去我,love
他说他不想离开我,love
他说他会改，结果还是重蹈覆辙，我对他彻底死心了，好难过。,sadness
他说他后悔了，可是我已经放下了,love
他说他和我在一起很开心,love
他说他喜欢和我一起玩,love
他说他喜欢和我在一起,love
他说他喜欢和我在一起的感觉,love
他说他喜欢和我聊天,love
他说他喜欢我很久了，我不知道该怎么办,love
他说他喜欢我的性格,love
他说他喜欢我的样子,love
他说他喜欢我的笑,love
他说他喜欢我的笑容,love
他说他对我很心动,love
他说他对我很满意,love
他说他对我很认真,love
他说他对我很难忘,love
他说他对我心动,love
他说他对我有好感,love
他说他对我有好感很久了,love
他说他很依赖我,love
他说他很信任我,love
他说他很喜欢和我聊天,love
他说他很喜欢我的性格,love
他说他很想念我,love
他说他很想见我,love
他说他很感激遇到我,love
他说他很欣赏我,love
他说他很珍惜和我在一起的时光,love
他说他很珍惜我,love
他说他忙，可是我看到他在打游戏,anger
他说他想保护我,love
他说他想和我一直在一起,love
他说他想和我一起变老,love
他说他想和我一起吃饭,love
他说他想和我一起旅行,love
他说他想和我在一起很久,love
他说他想我了，可是我不信,love
他说他想要和我一起吃饭,love
他说他想要和我在一起,love
他说他想要和我有未来,love
他说他想要和我过一辈子,love
他说他想要照顾我,love
他说他愿意等我,love
他说他离不开我，可是我要离开了,sadness
他说他累了，不想再继续了，其实我懂，他只是不爱了而已。,sadness
他说他累了，不想再继续了，其实我懂，他只是不爱了而已。！,sadness
他说他累了，想一个人冷静几天,anxiety
他说他累了，想一个人静静,sadness
他说他要离开了，心里空空的,sadness
他说他要结婚了，新娘不是我，祝你幸福,sadness
他说他要走了，让我忘了他,sadness
他说他记得我说过的每一句话,love
他说他配不上我，这是什么借口,love
他说他需要我,love
他说他需要我在身边,love
他说和我聊天很轻松，那可能只是不想伤害我,love
他说喜欢我素颜，可是我不敢信,love
他说我们做朋友吧，我笑着说好,sadness
他说我们还是做朋友吧，我笑着说好的,love
他说暂时不想谈恋爱，是不是拒绝我,love
他说没事的，我笑着点头，手还是没有放松下来,anxiety
他说没关系，我没事，脸上是那种让人心疼的平静,sadness
他说等攒够钱就带我去环游世界。只是现在钱攒够了，我的身边却换了人,sadness
他说等攒够钱就带我去环游世界。可现在钱攒够了，我的身边却换了人,sadness
他说等攒够钱就带我去环游世界。后来原来我们和所有人一样，都逃不过俗气的散场,sadness
他说等攒够钱就带我去环游世界。后来现在深夜下班，我只能看着末班公交发呆,sadness
他说等攒够钱就带我去环游世界。然而如今那片空地盖成了商场，树也没了踪影,sadness
他说等攒够钱就带我去环游世界。然而现在深夜下班，我只能看着末班公交发呆,sadness
他说等攒够钱就带我去环游世界。然而现在钱攒够了，我的身边却换了人,sadness
他说等攒够钱就带我去环游世界。直到如今那片空地盖成了商场，树也没了踪影,sadness
他说等攒够钱就带我去环游世界。直到现在钱攒够了，我的身边却换了人,sadness
他说等攒够钱就带我去环游世界，现在深夜下班，我只能看着末班公交发呆,sadness
他说话不算话，说好的事又反悔,anger
他说话太不讲理让我生气,anger
他说话太冲让我不爽,anger
他说话太冲让我有点火大,anger
他说话太冲让我生气,anger
他说话太刻薄让我生气,anger
他说话太烦,anger
他说话太烦人让我气,anger
他说话太烦人让我生气,anger
他说话太烦让我生气,anger
他说话太直接让我不爽,anger
他说话太过分,anger
他说话太过分让我很生气,anger
他说话很冲让我气,anger
他说话很烦,anger
他说话让我不爽,anger
他说话让我很不爽,anger
他说话让我很气,anger
他说话让我很火,anger
他说话让我很火大,anger
他说话让我很烦,anger
他说话让我很烦躁,anger
他说话让我情绪上来了,anger
他说话让我想翻白眼,anger
他说话让我有点炸毛,anger
他说话让我火,anger
他说话让我火大,anger
他说话让我烦,anger
他说话让我烦躁,anger
他说话让我生气,anger
他跟我表白了！我暗恋了三年的男生居然也喜欢我，救命，太甜了！,joy
他还没回我有点慌,anxiety
他还没回消息，是不是我刚才哪句话说错了？要不要撤回？,anxiety
他送的那本书她翻到中间，夹了张书签，再也没有翻到后面去,sadness
他重重地把水杯扣在桌上，水花溅了一地也没理会,anger
他隔了很久才回消息，是在敷衍我吗,anxiety
付出了全部真心，最后却被当成了一个笑话,sadness
令人发指。你连给烈士家属的抚恤金都要巧立名目截留，畜生会遭天谴,anger
以为一辈子友谊分崩离析,sadness
以为一辈子友谊最后分崩离析,sadness
以为是一辈子的友谊，最后分崩离析,sadness
以为是一辈子的友谊，最后却因为一点利益分崩离析,sadness
以为是一辈子的奋斗伙伴，最后却为了那点期权闹得老死不相往来，利益面前，人心太恶心了,sadness
以为是一辈子的好兄弟，最后却为了那几百块钱的利益背后捅刀子，真是人心隔肚皮，讽刺到了极点,sadness
以为是一辈子的好哥们儿，最后却为了几百块钱闹翻了，真是人心难测,sadness
以为是一辈子的好哥们儿，最后却为了那几百块钱的利益闹翻了，人心隔肚皮，讽刺极了,sadness
以为是一辈子的好哥们儿，最后却为了那几百块钱的利益闹翻了，真是人心隔肚皮，讽刺极了,sadness
以为是一辈子的好哥们儿，最后却为了那几百块钱的小利益闹翻了，真是人心隔肚皮，讽刺极了,sadness
以为是一辈子的好哥们儿，最后却为了那几百块钱的小利益闹翻了，真是人心隔肚皮，这社会太讽刺了,sadness
以为是一辈子的好哥们，最后却为了几百块钱闹翻，人心隔肚皮，太讽刺了,sadness
以为是一辈子的好闺蜜，最后却因为一点小利益闹掰了，真是讽刺极了,sadness
以为是一辈子的好闺蜜，最后却因为一点微小的利益纠纷闹得老死不相往来,sadness
以为是一辈子的生死交情，最后却因为那一两百块钱的小利闹得拔刀相向，真是人心隔肚皮,sadness
以为是一辈子的过命交情，最后却因为一点蝇头小利闹得反目成仇，真是人心难测,sadness
以为是一辈子，最后输给了细节,sadness
以为赶不上末班车，结果刚到站车就开了门，运气绝了,joy
以为赶不上这班高铁，结果检票口还没关，运气简直是逆天了,joy
以为面试志在必得，结果还是没收到通知，坐在路边感觉被抛弃了,sadness
以为面试志在必得，结果还是被刷，坐在路边想哭,sadness
以前一起玩的人现在都失联了，真的好可惜,sadness
以前兄弟为几块钱给人点头哈腰当保安，这世道折磨得人心酸,sadness
以前多好啊可惜了,sadness
以前多好啊可惜回不去了,sadness
以前多好啊现在散了,sadness
以前多美啊全是遗憾,sadness
以前总觉得余生很长，但如果是和你在一起，我只恨时间走得太快。,love
以前总觉得在一起是理所当然，现在才发现重逢居然成了这辈子奢求,sadness
以前总觉得拼命工作就能改变命运，现在发现我只是在给老板换豪车贡献零件，讽刺到了极点,sadness
以前总觉得来日方长，现在才明白，有些告别就是永别,sadness
以前总觉得来日方长，结果一回头物是人非，那些回不去的时间全是泪,sadness
以前总觉得重逢是理所当然的事，现在才发现离别居然成了这辈子唯一的真相，真他妈让人感到绝望,sadness
以前总觉得重逢是理所当然的，现在才发现离别居然成了这辈子唯一的真理，这世道真是荒诞到了极点,sadness
以前总觉得重逢是理所当然的，现在才发现离别居然成了这辈子唯一的真相，真他妈绝望,sadness
以前总觉得重逢是理所当然的，现在才发现离别居然成了这辈子唯一的真相，真是讽刺到了极点,sadness
以前总觉得重逢是理所当然的，现在才发现离别居然成了这辈子唯一的真相，讽刺到了极点,sadness
以前总觉得重逢是理所当然的，现在才发现离别居然成了这辈子唯一的真相，这世道真是讽刺到了极点,sadness
以前总觉得重逢是理所当然，现在才发现离别居然成了这辈子唯一的真,sadness
以前总觉得重逢是理所当然，现在才发现离别居然成了这辈子唯一的真相，真是讽刺到了极点,sadness
以前总觉得重逢是理所当然，现在才发现离别才是这辈子唯一的真相，讽刺到了极点,sadness
以前总觉得重逢理所当然，现在才发现离别居然成了这辈子唯一的真相，真他妈绝望,sadness
以前总觉得重逢理所当然，现在才发现离别才是真相，真他妈绝望,sadness
以前总觉得重逢理所当然，现在才发现离别才是这辈子唯一的真相，讽刺到了极点,sadness
以前总觉得重逢理所当然，现在才发现职场一别居然成了这辈子唯一的真相，真他妈绝望,sadness
以前总追求极致，现在觉得平平淡淡最真,contentment
以前总追求极致，现在觉得简简单单才是真。,contentment
以前我们总有说不完的话，现在哪怕坐在一起也只剩下尴尬的沉默。,sadness
以前那个总是置顶的聊天框，现在已经滑到了屏幕最下方,sadness
以后再也没有交集了，这大概就是我们最好的结局吧,sadness
以后别再见面，我不爱你了。,sadness
众生平庸，你是唯一的温柔,love
会不会迟到啊路上堵车,anxiety
会议室在三楼,neutral
会议室在左侧,neutral
会议室的投影仪线缆在桌子底下，使用前请先连接电源,neutral
会议室的窗帘采用了双层遮光布料，可以阻挡百分之九十的光线。,neutral
会议室的窗户正对着街道可以看到对面的图书馆大楼,neutral
会议室空调温度设置为二十六摄氏度,neutral
会议纪要已同步至共享文档，请相关人员自行查阅,neutral
会议记录显示，上周讨论的三个议题均已完成初步调研。,neutral
低落地，说是放下了，但真的遇到的时候还是会难受一瞬间。唉。,sadness
体检报告出来了，各项指标都正常，没有什么比身体健康更开心的事了。,joy
体检报告出来了，有点小问题，好害怕,anxiety
体检报告出来前，这几天一直提心吊胆的,anxiety
体检报告出来有个指标异常，不会得什么大病了吧，好慌啊。,anxiety
体检报告明天才能拿，这两天老觉得胃隐隐作痛，千万别出什么大问题,anxiety
体检报告显示有几项指标异常，我这心里七上八下的,anxiety
体检报告还没出来，我这心里总是不踏实,anxiety
体检报告还没寄到，我这心里总是不安生,anxiety
体检结果基本正常，有一项指标略微偏高，医生建议复查,neutral
体检通知书上写着让我明天去医生办公室面谈不要带家属,anxiety
体检顺利通过，虚惊一场,joy
体重又涨了，可是奶茶真的好喝,contentment
体重秤坏了？我怎么又胖了,anger
体重终于掉了一斤，好开心,joy
余生是你,love
余生是你我就圆满了,love
余生请多指教,love
余生还长，我想和你慢慢走...,love
余生还长，我想和你慢慢走。,love
余生还长，我想和你慢慢走！,love
余生还长，我想和你慢慢走？,love
余生还长，我想和你慢慢走～,love
余震不断。害怕在每一次轻微的晃动中，脚下的土地会彻底裂开深渊，这种对大地的背叛感很深,anxiety
余额不足。看着自动贩卖机退回的那枚硬币，我突然觉得，这座城市连最后一点糖分都不想留给我,sadness
余额见底了，生活压力很大...,anxiety
余额见底了，生活压力很大。,anxiety
余额见底了，生活压力很大！,anxiety
余额见底了，生活压力很大？,anxiety
余额见底了，生活压力很大～,anxiety
佛了,contentment
佛系,contentment
佛系了,contentment
佛系生活,contentment
作业写不完，想哭,sadness
作业太多了，写到手酸,sadness
作业还没写完，心里很慌,anxiety
你一笑我就跟着开心,love
你不在我想要的场景里，那我干脆把整个场景都换掉,love
你不在我未来的规划里，因为你就是我未来的全部意义,love
你不在我设想的场景里，因为你就是我整个世界的底色,love
你不在身边的日子，我连看风景都觉得少了点什么，好想马上见到你。,love
你个丧家犬真恶心,anger
你个大笨蛋，怎么才发现我喜欢你,love
你个寄生虫真丢脸,anger
你个杂种你怎么不去死,anger
你个死外包公司，当初招我的时候说得天花乱坠，现在项目黄了就把我推出来背锅，你真他妈阴损,anger
你个没家教的畜生，真不知道你妈是怎么教你的,anger
你个没爹生没娘养的野种，长个脑袋只是为了显高吗，真给你们祖宗十八代丢脸,anger
你个烂人迟早遭雷劈,anger
你个臭不要脸的下三滥，连这种昧良心的钱都敢挣，我看你是想钱想疯了连亲妈都能卖了,anger
你为了股份公开养父丑事，白眼狼真后悔当初把你捡回来喂大,anger
你以为我会为你流泪到天亮吗，别太把自己当回事情了,anger
你以为那些会是你做不到的事，其实只是你从未想过要坚持,anger
你全家死光才干净,anger
你全家都死绝了,anger
你全家都死绝了臭傻逼,anger
你全家都被车撞死,anger
你全家都该死绝了,anger
你全家都该遭报应,anger
你再不打给我，我就……我就再等五分钟！,love
你写的这段话真的戳中我了，感觉被深深地理解了,love
你写的这段话真的戳中我了，感觉被深深地理解了。,love
你凭什么动我的私人财物？不管关系多好，这也是我的隐私！,anger
你凭什么动我的私人财物？就算你是我妈，你也没这个权利！,anger
你凭什么轻易践踏我的底线。,anger
你凭什么轻易践踏我的底线！,anger
你出现的时候整个人都亮了,love
你却先染了发,sadness
你又在发什么神经，但我偏偏就喜欢你这种不按常理出牌的可爱,love
你又在发什么神经，但这副傻样偏偏帅到了我的心坎里,love
你发什么神经啦，大半夜跑来我家楼下就为了送杯奶茶！,love
你发什么神经，怎么每次都能精准猜中我想要什么,love
你发神经地在雨中大喊我的名字，那一刻我决定这辈子就是你了,love
你发神经地跑来接我下班，那一刻我觉得自己是全世界最幸福的人,love
你在人海中渐渐模糊，我的呼唤最终只换回了一阵冷风,sadness
你在人海中越走越远，我却在原地画地为牢守着空城,sadness
你在人海中越走越远，我的呼唤被淹没在嘈杂的汽笛声中,sadness
你在人群中回头的那个眼神，到底藏着深情还是藏着告别,anxiety
你在前面走，我在后面看着你的背影，就觉得这辈子值了。,love
你在前面走，我在后面看着你的背影，就觉得这辈子值了。你是我疲惫生活里的唯一慰藉,love
你在前面走，我在后面看着你的背影，就觉得这辈子值了。只想一直守护在你身边,love
你在前面走，我在后面看着你的背影，就觉得这辈子值了。希望余生都是你,love
你在前面走，我在后面看着你的背影，就觉得这辈子值了。想把所有好东西都给你,love
你在厨房忙碌的背影，和空气里弥漫的饭菜香味，组成了我心中家的样子。,love
你在就不会慌,love
你在就很安心,love
你在就很踏实,love
你在我就安心,love
你在我就有安全感,love
你在我就觉得踏实,love
你在我心上,love
你在我心头，如同白雪映着寒月,love
你在我心里永远是第一位,love
你在我心里的位置，是任何名利权情都无法替代的绝对私人领地,love
你在我心里的位置，是任何金银财宝、任何名利权情都无法撼动的绝对领地,love
你在我心里的位置，是任何金银财宝都无法撼动的绝对领地,love
你在我身边的时候我就特别安心,love
你在我身边的时候，哪怕咱们俩就这么在马路牙子上坐着不说话，我都觉得空气里全是甜味儿,love
你在我身边的时候，哪怕我们一句话都不说就这么静静地坐着，我都觉得空气里全是糖,love
你在我身边的时候，我从未羡慕过这世间的任何一种浪漫,love
你在我身边的每一秒都带着甜味,love
你在我身边的每一秒都是老天的赏赐,love
你在我身边的每一秒钟，都像是上天对我这辈子受过所有苦的额外补偿，大笨蛋,love
你在我身边的每一秒钟，都像是老天爷给我的额外赏赐，大笨蛋,love
你在我身边的每一秒钟，都像是老天爷给老子这个穷光蛋发的一块奶糖，大笨蛋，我好爱你,love
你在我身边的每一秒，都像是从忙碌生活中偷来的、带着甜味的假期,love
你在我身边的每一秒，都像是从漫长苦役中偷来的、带着甜味的休假,love
你在我身边的每一秒，都是上天的赏赐,love
你在我身边的每一秒，都是甜的,love
你在我这永远有特权。,love
你在新的故事里笑得灿烂，我在旧的回忆里哭得像个小孩,sadness
你在电话那头的沉默，让我开始幻想出一万种分手的理由,anxiety
你在电话那头的长久沉默，让我开始幻想出一万种分手的画面,anxiety
你在的时候会很有安全感,love
你在的时候我很放松,love
你在身边哪怕静静坐着都好,love
你在身边就很好,love
你在身边的时候，哪怕只是静静地坐着不说话都觉得甜,love
你在身边的时候，哪怕我们只是静静地坐着不说话，我都觉得空气是甜的,love
你在身边的每一秒都带甜味,love
你在身边的每一秒钟都带着初恋般的甜味，大笨蛋，我这辈子是彻彻底底认定你了,love
你在身边的每一秒钟都带着恋爱的甜味，大笨蛋，我这辈子就认定你了,love
你在身边的每一秒钟都带着那种廉价却又真实的甜味，大笨蛋，我这辈子就认定你了,love
你在身边的每一秒，都带甜味,love
你在身边的每一秒，都带着甜味，大笨蛋,love
你在身边的每一秒，都是甜的,love
你在身边静静坐着都好,love
你在身边，哪怕静静坐着都好,love
你太美了,love
你好,contentment
你好！,joy
你妈个逼的你到底算个什么东西，连养老金你都敢挪用，你这种畜生真该被千刀万剐扔进油锅,anger
你妈个逼的你到底算个什么东西，连失业补助金你都敢挪用，你这种畜生真该被千刀万剐,anger
你妈个逼的你到底算个什么东西，连残疾人的救命药都要偷，你这种人渣出生就是为了拉低人类下限吗？,anger
你妈个逼的你到底算个什么东西，连残疾人的补助款都要贪，你这种人出生就是浪费空气,anger
你妈个逼的你到底算个什么东西，连给灾区捐的物资你都敢倒卖，你这种人渣活着就是对阳光的一种亵渎,anger
你妈个逼的你到底算个什么东西，连自己战友的抚恤金都要贪，你这种畜生就不怕半夜被鬼掐死吗？,anger
你妈个逼的你到底算个什么东西，连这种昧着良心坑老百姓的钱都敢挣，你就不怕半夜鬼敲门吗？傻逼,anger
你妈个逼的你到底算个什么东西，连这种昧良心的钱都挣，你妈白生你了,anger
你妈个逼的你到底算个什么东西，连这种昧良心的钱都敢挣，没家教,anger
你妈个逼的你到底算个什么东西，连这种昧良心的黑钱你都敢挣，你就不怕你妈在底下死得不安稳吗？,anger
你妈个逼的你到底算个什么东西，连这种昧良心的黑钱都挣，你就不怕你妈在底下死得不安稳吗？,anger
你妈个逼的你到底算个什么东西，连这种昧良心的黑钱都敢挣，你妈当初真该把你射在墙上别生出来,anger
你妈个逼的你到底算个什么东西，连这种昧良心的黑钱都敢挣，你就不怕你妈在底下死得不安稳吗？臭傻逼,anger
你妈个逼的你到底算个什么东西，连这种昧良心的黑钱都敢赚，你就不怕你妈在底下死得不安稳吗？,anger
你妈个逼的你到底算个什么东西，连这种给员工买社保的钱你都要克扣，你就不怕报应在你孩子身上吗？,anger
你妈个逼的你到底算个什么东西，连邻居孤寡老人的救命钱都偷，你这种畜生真该被千刀万剐,anger
你妈个逼的你怎么不去跳楼,anger
你妈个逼的你算什么东西，连这种昧良心的钱都挣，你就不怕你妈在底下死得不安稳吗？,anger
你妈个逼的傻逼,anger
你妈怎么养了你这么个东西,anger
你妈怎么养了你这么个垃圾,anger
你妈怎么养了你这么个没出息的玩意儿，除了会躲在女人身后哭，你还会干点啥,anger
你妈怎么生了你这么个畜生,anger
你妈死了,anger
你妈死了你还在那儿算计那点家产，你这种畜生要是能有下场，老天爷真是瞎了眼了，臭傻逼,anger
你妈死了你还有心思在这儿打游戏，你真是我见过最冷静、最牛逼的畜生,anger
你妈死了赶紧去哭丧吧，别在这儿跟老子叫板，你这个没教养的杂种,anger
你妈死了赶紧回办丧事，别瞎显摆可怜的智商，滚出我的视线，永别了,anger
你妈死了赶紧滚,anger
你妈死了赶紧滚回去办丧事吧，别在这儿跟老子瞎显摆你那点可怜的智商，滚出我的世界,anger
你妈死了赶紧滚回去办丧事吧，别在这儿跟老子瞎显摆你那点可怜的智商，赶紧滚出我的视线，永别了,anger
你妈死了赶紧滚回去办丧事吧，别在这儿跟老子瞎显摆，滚出我的世界,anger
你妈死了赶紧滚回去办丧事，别在这儿显摆你那点可怜的PPT技巧，滚出我的视线，永别了,anger
你妈死了赶紧滚回去办丧事，别在这儿显摆你那点可怜的智商，滚出我的视线，永别了,anger
你妈死了赶紧滚回去办丧事，别在这儿显摆你那点可怜的智商，赶紧滚出我的视线，咱们这辈子永别了,anger
你妈死了赶紧滚回去尽孝吧，别在这儿装什么职场精英了，你身上那股穷酸气太冲了,anger
你妈死了赶紧滚回去收尸，别在这儿跟老子显摆你那点可怜的智商，滚,anger
你妈生你不如生个叉烧,anger
你妈生你就是个错误,anger
你妈生你就是为了恶心人,anger
你妈生你就是恶心人的,anger
你妈生你时把胎盘养大了吧,anger
你妈生你的时候是不是忘了给你接上那根叫良心的神经？连这种绝户财都敢发，你这种畜生迟早要被雷劈成渣,anger
你妈生你的时候是不是把智商都当废品卖了？长得跟个半成品似的还敢出来祸害人，臭傻逼滚远点,anger
你妈生你的时候是不是把脑子落在那堆废料里了？连这种偷同事专利的事都干得出来，傻逼,anger
你妈生你的时候是不是把脑子落在那堆废料里了？连这种断子绝孙的事都干得出来，傻逼,anger
你妈生你的时候是不是没给你剪断那根贪婪的脐带？所以你现在才像个饿鬼一样见钱就跪，臭人渣,anger
你妈生你的时候是不是没给你装心肝脾肺？连这种害人的钱都敢拿，你这种畜生真该被雷劈死,anger
你妈生你的时候是不是没给你装心脏？连这种谋财害命的事儿都敢干，你这种畜生真该被千刀万剐,anger
你妈生你的时候是不是被驴踢了,anger
你妈生你真是遭罪,anger
你对我很重要,love
你对我来说很重要,love
你对我来说真的很特别,love
你对这个项目的理解很到位，按这个思路继续吧...,contentment
你对这个项目的理解很到位，按这个思路继续吧。,contentment
你少臭美了，我才没有因为你刚才的关心而感动呢。,love
你就像个温柔的陷阱，让我这个聪明人也心甘情愿地装傻充愣,love
你就像是一个温柔的陷阱，我甘愿一头栽进去，再也不出来。,love
你就像是我生命里的那一束光，照亮了我原本灰暗的世界。,love
你就像是我生命里的那道光，照亮了我原本灰暗、且毫无生趣的角落。,love
你就是一条蛆虫,anger
你就是一条蛆虫，整天只会在背后阴阳怪气，真他妈让人作呕,anger
你就是个傻瓜，怎么连我吃醋了都看不出来！,love
你就是个寄生虫,anger
你就是个寄生虫真丢脸,anger
你就是个寄生虫，吸干了别人的血还嫌不够，真他妈是条社会蛆虫,anger
你就是个寄生虫，吸干了别人的血还装受害者，真他妈是条社会蛆虫,anger
你就是个没用的废物,anger
你就是个烂透了的臭虫,anger
你就是个社会垃圾,anger
你就是个社会败类,anger
你就是个祸害,anger
你就是个臭虫烂货,anger
你就是个臭虫，只会躲在背后打小报告，真他妈是垃圾中的极品，赶紧滚出这个行业吧，别脏了地皮,anger
你就是个臭虫，活该一辈子躲在经理办公室里见不到光，垃圾中的极品，活着就是多余,anger
你就是个臭虫，活该一辈子躲在阴暗潮湿的下水道里见不得光，真他妈是垃圾中的极品，赶紧去死吧,anger
你就是个臭虫，活该一辈子躲在阴暗潮湿的阴沟里见不得光，人渣中的战斗机,anger
你就是个臭虫，活该一辈子躲在阴暗潮湿的阴沟里见不得光，你这种垃圾中的极品，活着就是多余,anger
你就是个臭虫，活该一辈子躲在阴暗潮湿的阴沟里见不得光，真他妈是垃圾中的极品,anger
你就是个臭虫，活该一辈子躲在阴暗潮湿的阴沟里见不得光，真他妈是社会渣滓中的战斗机,anger
你就是个臭虫，活该一辈子躲在阴暗潮湿的阴沟里见不得光，真他妈是社会渣滓中的战斗机，赶紧去死吧,anger
你就是个臭虫，活该一辈子躲在阴暗潮湿的阴沟里，真他妈是社会败类,anger
你就是个臭虫，活该一辈子躲在阴暗阴沟见不得光，垃圾中的极品,anger
你就是个臭虫，活该一辈子躲在阴暗阴沟见不得光，真他妈是垃圾中的极品,anger
你就是个臭虫，活该一辈子躲在阴暗阴沟里见不到光，垃圾中的极品，活着就是多余,anger
你就是个臭虫，活该一辈子躲在阴暗阴沟里见不到阳光，你这种垃圾中的极品，活着就是浪费空间,anger
你就是个臭虫，活该一辈子躲在阴暗阴沟里见不得光，真他妈是垃圾中的极品，赶紧去自裁吧,anger
你就是个臭虫，活该一辈子躲在阴沟里见不得光，真他妈是社会渣滓,anger
你就是我今生唯一的守候，我会一直一直爱你，直到时间的尽头，永不改变。,love
你就是我今生唯一的守候，我会一直爱你，直到地老天荒。,love
你就是我命中注定的那个人，遇见你是我这辈子最大的福气。,love
你就是我命中注定的那个人，遇见你是我这辈子花光了所有运气才求来的福气。,love
你就是我平淡生活里最惊艳的色彩,love
你就是我心底最柔软、也最不可侵犯的那块地方，永远只为你一个人跳动。,love
你就是我心底最柔软的那块地方，永远只为你一个人保留。,love
你就是我生命中的唯一,love
你就是我生命中的唯一火光，无可替代，我爱你胜过爱这个充满荒诞感的世间万物,love
你就是我生命中的唯一火苗，无可替代，我爱你胜过爱这个充满势利眼的破烂世间,love
你就是我生命中的唯一，无可替代,love
你就是我生命中的唯一，无可替代，我爱你胜过爱这世间的一切,love
你就是我生命里唯一的彩色,love
你就是我生命里唯一的彩色滤镜,love
你就是我生命里唯一的微光...,love
你就是我生命里唯一的微光。,love
你就是我生命里唯一的微光！,love
你就是我生命里唯一的微光？,love
你就是我生命里唯一的救赎，把那些灰暗的角落都照得透亮,love
你就是我生命里唯一的确定性,love
你就是我生命里最美的奇迹。,joy
你就是我生命里最美的奇迹！,joy
你就是我生命里的光,love
你就是我生命里那个最不讲逻辑、却最让我魂牵梦萦的意外,love
你就是我生命里那个最不讲道理、却最让我心动的意外,love
你就是我生命里那个最不讲道理、却最让我心甘情愿臣服的例外,love
你就是我生命里那个最不讲道理、却最让我无法自拔的例外,love
你就是我生命里那道永不熄灭的光...,love
你就是我生命里那道永不熄灭的光。,love
你就是我生命里那道永不熄灭的光！,love
你就是我生命里那道永不熄灭的光～,love
你就是我的全世界，如果没有了你，我的人生将变成一片荒芜、且毫无色彩。,love
你就是我的全世界，没有了你，我的生活将变得毫无意义。,love
你就是我的全部，真的,love
你就是我的唯一，大笨蛋,love
你就是我的本命。,love
你就是我的避风港,love
你就是我眼底抹不掉的温柔,love
你就是我这平淡生活里最惊艳的一笔色彩,love
你就是我这灰头土脸生活里唯一的彩色滤镜，让一切都变得值得期待,love
你就是我这灰头土脸生活里的彩虹,love
你就是我这灰头土脸的生活里，唯一的彩色滤镜，让一切都变得值得期待,love
你就是我这辈子最偏爱、最无法替代的那份意外，除了你我谁都不要，这辈子我就认定你了,love
你就是我这辈子最偏爱的例外,love
你就是我这辈子最偏爱的例外，也是我唯一的确定性,love
你就是我这辈子最偏爱的例外，哪怕全世界都说你不好，我也依然把你当个宝,love
你就是我这辈子最偏爱的例外，哪怕全世界都说你是个人渣，我也心甘情愿跟你去要饭,love
你就是我这辈子最惊艳的色彩,love
你就是我这辈子最想守护的宝贝,love
你就是我这辈子最想用命去守护的那个人，只要你能过得好，让我付出再多、受再多苦我也甘之如饴,love
你就是我这辈子最想要的礼物，我会好好珍惜，永不弄丢。,love
你就是我这辈子最珍贵、也最想要好好守护的礼物，我会永远珍惜你的。,love
你就是我这辈子见过的，最惊艳的色彩,love
你就是条寄生虫,anger
你居然为了省那点处理费把废液直接倒进河里，你这良心黑透了,anger
你居然为了省钱把无障碍坡道修成斜坡，让人摔得满脸血，畜生报应,anger
你居然连死人嘴里的金牙都想抠下来，真该让你去太平间住一晚,anger
你带来安全感,love
你开心就好,sadness
你很好,love
你很特别,love
你很重要,love
你很重要，知道吗,love
你忽冷忽热的态度像一场过敏，让我坐立难安却无处可逃,anxiety
你忽冷忽热的态度，快把我逼疯了...,anxiety
你怎么不去死傻逼,anger
你怎么不去死傻逼，全家死光了才干净，你这种社会垃圾真他妈多余,anger
你怎么不去死傻逼，全家死光了才解气，你这种只会PUA下属的人渣，活着就是多余,anger
你怎么不去死傻逼，全家死光了才解气，你这种社会垃圾活着多余，去地狱报到吧,anger
你怎么不去死傻逼，全家死光了才解气，你这种社会垃圾活着就是多余,anger
你怎么不去死傻逼，全家死光了才解气，你这种社会垃圾活着就是多余，赶紧去地狱报到吧,anger
你怎么不去死傻逼，全家死光了才解气，你这种社会垃圾活着就是多余，赶紧去地狱给阎王爷磕头吧,anger
你怎么不去死傻逼，全家死光了才解气，你这种社会垃圾活着就是多余，赶紧去地狱给阎王磕头吧,anger
你怎么不去死傻逼，活在世上就是个多余的二氧化碳制造机，赶紧去收尸吧，你这种垃圾活着浪费氧气,anger
你怎么不去死傻逼，活在世上就是个多余的祸害，赶紧去收尸吧，你这种垃圾活着就是浪费全世界的空气,anger
你怎么不去死傻逼，活在世上就是个多余的祸害，赶紧去收尸吧，你这种垃圾活着就是浪费空气,anger
你怎么不去死傻逼，活在世上就是个多余的祸害，赶紧去收尸吧，你这种垃圾活着浪费空气,anger
你怎么不去死傻逼，活在世上就是个多余的空气净化器负向贡献者，赶紧去火葬场报到吧，垃圾,anger
你怎么不去死傻逼，活在世上就是个多余的空气净化器，赶紧去收尸吧，你这种垃圾活着浪费空气,anger
你怎么不去死傻逼，活在世上就是个祸害，全家死光了才干净，操你妈,anger
你怎么不去死傻逼，活在世上就是个祸害，赶紧去收尸吧臭流氓,anger
你总是能记住我随口说的话，遇见你真的是我的幸运。,love
你把所有的记忆都打包带走，却唯独留下了我这个多余的人,sadness
你把所有的记忆都打包带走，只留下一个支离破碎的我守着空城,sadness
你把所有的记忆都打包带走，唯独留下了我这个多余的人,sadness
你把背叛当成寻找自我的借口，这种逻辑真是荒唐到了极点,anger
你是万众瞩目的光，而我只是光下的灰尘,sadness
你是不是不喜欢我了,love
你是不是听不懂人话？我都说了很多遍我不去，你非要逼我是吧？,anger
你是人间理想,love
你是冬日里的暖手宝，是夏日里的冰汽水，是我此生不可或缺,love
你是冬日里的暖手宝，是夏日里的冰汽水，是我此生不可或缺的唯一,love
你是冬日里的暖阳，融化了我眉间积攒多年的风霜,love
你是刻在灵魂深处的朱砂痣，无论岁月如何变迁都依然鲜活如初,love
你是刻在骨血里的纹章，无论时空如何流转都无法抹去,love
你是唯一,love
你是夏日里的清风，吹散了我心中堆积已久的焦灼,love
你是天南地北的第六感，明明早该习惯还是要对你喜欢,love
你是宇宙中唯一的奇迹，是指引我穿过黑洞的引力,love
你是我今天的开心事,love
你是我余生的答案,love
你是我唯一的宝大坏蛋,love
你是我唯一的牵挂,love
你是我在兵荒马乱的生活里唯一的镇静剂，也是我所有幸福感的来源,love
你是我在兵荒马乱的生活里，唯一的镇静剂,love
你是我在深渊里仰望时，唯一抓得住的那束微光，炽热且永恒。,love
你是我在漫漫余生里，唯一想牵手走到白头的那个人，没有之一,love
你是我在疲惫生活里唯一的英雄梦想,love
你是我在疲惫生活里唯一的英雄梦想，也是我所有温柔与善良的归宿,love
你是我在疲惫生活里唯一的英雄梦想，也是我所有温柔的归宿,love
你是我在茫茫人海中，唯一一眼就能认出来的那个人,love
你是我在茫茫人海中，唯一不需要任何理由就会选择坚定站在一起的人,love
你是我在这个世界上反复爱上生活的唯一理由。,love
你是我在这个世界上唯一的软肋，也是我披荆斩棘、无往不利的唯一铠甲,love
你是我在这个世界上唯一的软肋，也是我最坚硬的盔甲。,love
你是我在这个世界上唯一的软肋，也是我最坚硬的盔甲，真的很爱你。,love
你是我在这个世界上最后的避风港，是我所有温柔的落脚点。,love
你是我在这个世界上最甜蜜的负担，也是我最坚定的选择。,love
你是我在这个人吃人的社会里遇到的最暖心、最值得我豁出这条烂命去守护的宝贝疙瘩,love
你是我在这个冷酷世界里最后的温度，大坏蛋我爱你胜过爱我自己，所以求你别再拿冷暴力杀我了,love
你是我在这个冷酷世界里最后的温暖，大坏蛋我爱你胜过我自己，所以求你别再拿冷暴力折磨我了,love
你是我在这个冷酷世界里最后的温暖，大坏蛋我爱你胜过我自己，求你别再拿冷暴力折磨我,love
你是我在这个冷酷世界里最后的温暖，大坏蛋我爱你胜过爱我自己,love
你是我在这个冷酷世界里最后的温暖，大坏蛋我爱你胜过爱我自己，所以求你别再折磨我了好吗,love
你是我在这个冷酷世界里最后的温暖，大坏蛋我爱你胜过爱我自己，所以求你别再拿冷暴力折磨我,love
你是我在这个冷酷世界里最后的温暖，大坏蛋我爱你胜过爱我自己，所以求你别再拿这种冷暴力折磨我了,love
你是我在这个喧嚣世界里唯一的清静，也是我所有温柔的最终归宿。,love
你是我在这个喧闹世界里，唯一能让我安静下来的镇静剂,love
你是我在这个操蛋世界里唯一的寄托，可你现在也要离我而去了，大笨蛋我恨你,love
你是我在这个操蛋世界里唯一的寄托，可我现在要把你这份寄托亲手掐灭了，大笨蛋，咱们这辈子别再见了,love
你是我在这个操蛋世界里唯一的执念，可我现在要把你彻底放下了，大笨蛋我再见,love
你是我在这个操蛋世界里最后的温柔，可我现在要把这份温柔亲手埋掉了，大笨蛋永别了,love
你是我在这个浑浊世间见到的最后一汪清泉，可你这汪泉水现在正在灌溉别人的庄稼，大坏蛋我好恨你,love
你是我在这个薄情世界里唯一的救赎，大坏蛋我爱你胜过爱我自己,love
你是我在这个薄情世界里唯一的深情，是我永恒的救赎。,love
你是我在这个薄情世界里唯一的温暖,love
你是我在这个薄情世界里最后的执念，可我现在要把你这份执念亲手捏碎了，大坏蛋咱们永别了,sadness
你是我在这个薄情世界里最后的温度，可这温度现在正在灼烧我的内脏，大坏蛋我真的好恨你,sadness
你是我在这个薄情世界里最后的温度，可这温度现在正在灼烧我的灵魂，大坏蛋我好恨你,sadness
你是我在这个薄情世界里最后的温度，可这温度现在正在烧我的五脏六腑，大坏蛋我好恨你,sadness
你是我在这个薄情世界里遇到的最深情的馈赠,love
你是我在这个薄情世界里，遇到的最温暖的意外,love
你是我在这个薄情世间最后的救赎，可你现在亲手把我推向了深渊，大笨蛋，这辈子我再也不想见到你,love
你是我在这个薄情世间遇到的最后一个火种，可这个火种正在一点点熄灭，大笨蛋我真的好爱你,love
你是我在这个薄情世间遇到的最后一个火种，可这个火种熄灭了，大笨蛋我好想跟你一起走,sadness
你是我在这个薄情世间遇到的最后一个火种，可这个火种熄灭了，大笨蛋我好想跟你走,sadness
你是我在这个薄情世间遇到的最后一个火种，可这个火种熄灭了，大笨蛋我真的好想跟你一起去跳江,sadness
你是我在这个薄情世间遇到的最后一个火种，可这个火种熄灭了，大笨蛋我真的想跟你走,sadness
你是我在这个薄情世间遇到的最后一个火种，可这个火种现在熄灭了，大笨蛋我真的好想跟你一起去死,sadness
你是我在这个薄情世间遇到的最后一个火种，可这个火种现在熄灭了，大笨蛋我真的好想跟你一起死,sadness
你是我在这个薄情世间遇到的最后一个火种，可这个火种现在熄灭了，大笨蛋我真的好想跟你一起走,sadness
你是我在这个薄情世间遇到的最后一个火种，可这个火种现在熄灭了，大笨蛋我真的想跟你走,sadness
你是我在这个薄情世间遇到的最后一抹光，可你这抹光现在正在照亮别人的路，大笨蛋我真的好恨你,sadness
你是我在这个薄情世间遇到的最后一抹光，可这抹光正在一点点熄灭，大笨蛋我爱你,love
你是我在这个薄情世间遇到的最后一抹火苗，可这抹火苗正在一点点熄灭，大笨蛋我好爱你,love
你是我在这个薄情世间遇到的最后一点温暖，可这点温暖正在一点点变得冰冷刺骨,love
你是我在这个薄情寡义的世界里，遇到的最温暖、最值得我拼命去珍惜的奇迹,love
你是我在这个薄情的世界里遇到的最深情的馈赠，我会用一生去珍惜,love
你是我在这个薄情的世界里，唯一的偏爱，也是我最想守护的那个例外,love
你是我在这个薄情的世界里，唯一的深情与热望,love
你是我在这个薄情的世界里，遇到的最温柔、最深情的意外,love
你是我在这平淡生活里，唯一的英雄梦想,love
你是我在风雨交加的夜晚唯一能想到的温暖,love
你是我在风雨交加的夜晚，唯一能想到的温暖和依靠,love
你是我在黑暗中摸索时，唯一指引我前行的那盏明灯,love
你是我平淡岁月里唯一的英雄梦想，也是我所有温柔的底色,love
你是我平淡生活中最意外的惊喜，也是最永恒的守候,love
你是我心中永恒的灯塔，指引着我穿越迷茫，找到回家的路。,love
你是我心底最柔软的偏爱...,love
你是我心底最柔软的偏爱。,love
你是我心底最柔软的角落，是我永远无法割舍的血脉深情。,love
你是我心里的一团火,love
你是我心里的一道光,love
你是我心里的一首歌,love
你是我心里的万分宠溺,love
你是我心里的小确幸,love
你是我心里的无价之宝,love
你是我心里的无尽爱意,love
你是我心里的最深处,love
你是我心里的最深爱意,love
你是我心里的最深牵挂,love
你是我心里的最爱风景,love
你是我心里的最美风景,love
你是我心里的朱砂痣,love
你是我心里的温柔角落,love
你是我心里的白月光,love
你是我心里的绝对偏爱,love
你是我心里的绝对唯一,love
你是我患得患失的梦，我是你可有可无的人,sadness
你是我所有创作的灵感来源，也是我最想守护的人,love
你是我所有创作的灵感来源，也是我最想守护的人。,love
你是我所有创作的灵感来源，也是我最想守护的那个人,love
你是我所有努力的动力，也是我在这座城市唯一的牵挂。,love
你是我所有快乐的源泉，也是我所有温柔的归宿。,love
你是我所有深情的总和，是我这一生中唯一的执着和信仰。,love
你是我所有深情的终点，也是我全部温柔的起点,love
你是我所有温柔的来源，也是我所有坚持的理由。,love
你是我所有温柔的源头，也是我唯一想守护的终点,love
你是我所有温柔的源头，也是我坚持下去的理由,love
你是我所有温柔的源泉，也是我所有关于美好未来的想象里，那个永恒不变的主角。,love
你是我所有温柔的源泉，是我在这个人间最眷恋的一抹暖色。,love
你是我所有漂泊的终点，是写在心跳里的唯一注脚,love
你是我所有疲惫生活里的英雄梦想，也是我所有关于家和未来的终极向往。,love
你是我所有疲惫生活里的英雄梦想，是我关于未来唯一的构想。,love
你是我所有词不达意的告白里，最想表达的那句重点,love
你是我最偏爱的例外,love
你是我最大的动力,love
你是我最爱的宝贝,love
你是我活着的意义,love
你是我漫漫余生唯一救赎,love
你是我漫漫余生里的唯一救赎,love
你是我漫漫余生里的救赎，也是我唯一想共度一生的伴侣,love
你是我漫漫余生里的最后一道光，也是我唯一想共赴黄泉、也想在这烂泥地里共度一生的伴侣,love
你是我漫漫余生里的最后一道救赎，也是我唯一想共赴黄泉、也想共度一生的伴侣,love
你是我灵魂的另一半，补全了我生命中所有缺失的拼图。,love
你是我生命中最亮的星，指引着我前行的方向。,love
你是我生命中最动人的诗篇，每一句都写满了爱意。,love
你是我生命中最完美的拼图，补全了我所有的缺憾。,love
你是我生命中最温暖的港湾，让我不再畏惧任何风浪。,love
你是我生命中最温柔的奇迹，我会用一生去呵护。,love
你是我生命中最温柔的底色，也是我最坚实的盔甲。,love
你是我生命中最灿烂的阳光，照亮了我每一个角落。,love
你是我生命中最灿烂的阳光，驱散了我内心所有的阴霾和寒冷。,love
你是我生命中最珍贵的宝藏，我会倾尽全力去守护。,love
你是我生命中最美丽的意外，也是我最坚定的选择。,love
你是我生命中最美丽的意外，也是我最坚定的选择，永不后悔。,love
你是我生命中最美丽的意外，也是我此生最坚定的守候，我会永远爱你。,love
你是我生命中最美丽的相遇，也是我永恒的爱人。,love
你是我生命中最重要的人，余生请多多指教。,love
你是我生命中最重要的奇迹，遇见你，已经耗费了我这辈子所有的运气。,love
你是我生命中最重要的那块拼图，没有了你，我的人生将永远无法拼凑出一副完整的画面。,love
你是我生命中的光芒,love
你是我生命中的奇迹,love
你是我生命中的最美,love
你是我生命中的氧气,love
你是我生命中的甜蜜,love
你是我生命中的礼物,love
你是我生命中的色彩,love
你是我生命里不可或缺的氧气，没有你，我的世界将失去所有的色彩。,love
你是我生命里不可或缺的氧气，没有你，我的世界将失去色彩。,love
你是我生命里唯一的火苗，可这火苗现在正在把我一点点烧成灰烬，大笨蛋我爱你,love
你是我生命里唯一的色彩，可这色彩正在变得灰暗，大笨蛋我快要看不清你了,love
你是我生命里最亮的星,love
你是我生命里最亮的星，指引着我前行的方向，有你真好,love
你是我生命里最后的一抹亮色，可这亮色正在一点点变黑，大笨蛋我快要看不见你了,love
你是我生命里最后的一抹火光，可这火光正在一点点烧光我的灵魂，大笨蛋我快要在这个冷夜里死掉了,love
你是我生命里最后的一抹火光，可这火光正在一点点烧毁我的意志，大笨蛋我快要在这冰冷的社会里风化了,love
你是我生命里最后的一抹火光，可这火光正在一点点熄灭，大笨蛋我快要在这个冷夜里冻死了,love
你是我生命里最后的一抹火光，可这火光正在一点点熄灭，大笨蛋我快要在这个黑夜里冻死了,love
你是我生命里最后的一抹火光，可这火光正在一点点熄灭，大笨蛋我快要在这个黑夜里迷路了,love
你是我生命里最后的一抹火光，可这火光正在一点点熄灭，大笨蛋我快要在这个黑漆漆的社会里冻僵了,love
你是我生命里最后的一抹火光，可这火光正在一点点熄灭，大笨蛋我快要在这冷夜里冻僵了,love
你是我生命里最后的一抹火光，可这火光正在一点点熄灭，大笨蛋我快要在这种极寒的社会里冻死了,love
你是我生命里最后的一抹火色，可这火色正在一点点熄灭，大笨蛋我快要在这个冷冰冰的社会里冻死了,love
你是我生命里最惊艳的一场际遇，也是我余生里最想温柔守护的那个唯一。,love
你是我生命里最惊艳的一场际遇，是我毕生追求的终极答案。,love
你是我生命里的光彩,love
你是我生命里的光点,love
你是我生命里的奇迹,love
你是我生命里的奇遇,love
你是我生命里的希望,love
你是我生命里的星星,love
你是我生命里的星辰,love
你是我生命里的暖意,love
你是我生命里的暖阳,love
你是我生命里的最爱,love
你是我生命里的礼物,love
你是我生命里的美好,love
你是我生命里的诗篇,love
你是我生命里的风景,love
你是我生命里，那道永不熄灭的光芒。,love
你是我生存的意义。,love
你是我生活最惊艳色彩,love
你是我的,love
你是我的Mr.Right，也是我所有异想天开的终点,love
你是我的Mr.Right，是我所有犹豫不决后的最终选定,love
你是我的Mr.Right，是我翻山越岭也要寻找的那个人,love
你是我的Mr.Right，是我这辈子做过的最正确的决定,love
你是我的一切,love
你是我的万重山，也是我此生最想停留的港湾,love
你是我的万重山，也是我的不归路,love
你是我的不二之选,love
你是我的不二臣,love
你是我的不可替代。,love
你是我的专属浪漫。,love
你是我的例外,love
你是我的依靠,love
你是我的依靠点,love
你是我的偏爱,love
你是我的偏私,love
你是我的光,love
你是我的光点,love
你是我的光，谢谢你照亮了我,love
你是我的光，谢谢你照亮了我那些灰暗的日子,love
你是我的入骨相思。,love
你是我的全世界,love
你是我的全部大笨蛋,love
你是我的全部意义,love
你是我的全部，知不知道,love
你是我的命中定数。,love
你是我的命中所属。,love
你是我的命中注定,love
你是我的命中缘,love
你是我的命运共体。,love
你是我的唯一,love
你是我的唯一依靠,love
你是我的唯一大坏蛋,love
你是我的唯一大笨蛋,love
你是我的唯一挚爱,love
你是我的唯一真爱,love
你是我的唯一私有。,love
你是我的唯一解。,love
你是我的唯一选,love
你是我的固定资产，余生由我来承办，永不转让,love
你是我的守望,love
你是我的安稳,love
你是我的定心丸,love
你是我的定情物,love
你是我的宝,love
你是我的宝大笨蛋,love
你是我的小幸运,love
你是我的小苹果,love
你是我的小苹果，哈哈,love
你是我的小苹果，怎么爱你都不嫌多,love
你是我的小苹果，怎么爱你都不嫌多，大笨蛋快过来抱一个,love
你是我的小苹果，怎么爱你都不嫌多，大笨蛋赶紧过来让我抱抱你那圆滚滚的小肚子,love
你是我的小苹果，怎么爱你都不嫌多，大笨蛋赶紧过来让老子亲亲你那张被汗湿透的脸,love
你是我的底气,love
你是我的归宿,love
你是我的心上人,love
你是我的心中刺,love
你是我的心动唯一。,love
你是我的心动瞬间,love
你是我的心动首选。,love
你是我的心头好,love
你是我的心头肉,love
你是我的心安之所。,love
你是我的心安处,love
你是我的心定,love
你是我的心尖宠,love
你是我的心底事,love
你是我的心底挚爱。,love
你是我的心灵归宿,love
你是我的心灵故乡。,love
你是我的心灵鸡汤,love
你是我的意中人,love
你是我的意难平,love
你是我的挚爱终身,love
你是我的掌中宝,love
你是我的救赎,love
你是我的无价之宝。,love
你是我的星海,love
你是我的暖心宝贝,love
你是我的暖手宝,love
你是我的暖阳,love
你是我的最后答案。,love
你是我的最强后盾,love
你是我的最爱没有之一,love
你是我的最终归宿。,love
你是我的朱砂痣,love
你是我的极致偏宠。,love
你是我的极致偏爱。,love
你是我的极致深情。,love
你是我的极致温柔。,love
你是我的梦中人,love
你是我的此生不换,love
你是我的此生不换。,love
你是我的此生唯一。,love
你是我的此生挚爱,love
你是我的此生羁绊。,love
你是我的永恒依靠,love
你是我的永恒心动。,love
你是我的永恒真爱。,love
你是我的深层牵绊。,love
你是我的深海星光。,love
你是我的深爱之人。,love
你是我的温存,love
你是我的温暖源泉,love
你是我的温暖源泉。,love
你是我的温暖灯火。,love
你是我的温柔乡,love
你是我的温柔伴侣,love
你是我的温柔依靠,love
你是我的温柔底色,love
你是我的温柔归宿,love
你是我的温柔归属,love
你是我的温柔港口,love
你是我的温柔爱人,love
你是我的温柔瞬间,love
你是我的温柔陷阱。,love
你是我的港湾,love
你是我的灵魂,love
你是我的灵魂伴侣,love
你是我的灵魂依恋。,love
你是我的灵魂契合。,love
你是我的灵魂支柱。,love
你是我的灵魂爱人,love
你是我的灵魂牵引,love
你是我的牵挂,love
你是我的独一份,love
你是我的独一无二,love
你是我的甜心,love
你是我的甜蜜宝贝,love
你是我的甜蜜时刻,love
你是我的甜蜜源泉,love
你是我的甜蜜负担,love
你是我的甜蜜陷阱,love
你是我的生命之光。,love
你是我的生命亮色。,love
你是我的神,love
你是我的神明，我为你堕入凡尘,love
你是我的福气,love
你是我的私藏,love
你是我的笃定,love
你是我的终极梦想,love
你是我的终点站,love
你是我的终生寄托,love
你是我的终生浪漫,love
你是我的终身归属。,love
你是我的绝对信任,love
你是我的绝对偏爱,love
你是我的绝对占有,love
你是我的绝对占有。,love
你是我的绝对唯一,love
你是我的绝对忠诚。,love
你是我的英雄,love
你是我的软肋，也是我披甲上阵的唯一理由,love
你是我的软肋，也是我的铠甲,love
你是我的软肋，更是我穿上盔甲、拿上长剑去对抗这个世界的终极勇气。,love
你是我的避风港,love
你是我的避风港湾,love
你是我的骄傲,love
你是我眼中最美的风景，胜过这世间万紫千红。,love
你是我眼里万种柔情的总和，是我心里最深沉的秘密和牵挂。,love
你是我眼里的万种柔情,love
你是我眼里的星,love
你是我眼里的星辰大海，是我梦里最想抵达的彼岸和终点。,love
你是我见过最惊艳的色彩,love
你是我这一生中，唯一一个不需要任何修饰词就能让我心跳加速的名字。,love
你是我这平淡生命里最惊艳的一笔，也是我最想守护到底的那个秘密,love
你是我这漫长生命里，唯一的例外和最偏爱的幸运,love
你是我这辈子唯一的唯一，可我却是你手机里成百上千个备胎中最不起眼的那一个,love
你是我这辈子唯一的救赎，可你却给了我一个最深、最绝望的无底深渊，大笨蛋我真的恨死你了,sadness
你是我这辈子唯一的救赎，可你却给了我一个最深、最绝望的深渊，大笨蛋我恨你,sadness
你是我这辈子唯一的确定性，可你却给了我一个最不确定的未来，真他妈讽刺啊,sadness
你是我这辈子收到的最好的礼物，我会倍加珍惜。,love
你是我这辈子收到的最好的礼物，我会用一生去珍藏和呵护。,love
你是我这辈子最偏爱的意外，也是我这辈子最沉重的枷锁，我快要被你压得喘不过气了,anxiety
你是我这辈子最大的确幸。,love
你是我这辈子最大的确幸！,love
你是我这辈子最大的确幸？,love
你是我这辈子最想保护的人,love
你是我这辈子最想守护的人,love
你是我这辈子最想守护的宝贝，可我连自己都守护不了，哪有资格谈什么爱你,love
你是我这辈子见过的最惊艳的一抹亮色，也是我余生唯一想去拼了老命守护的终极信仰,love
你是我这辈子见过的最惊艳的一抹色彩，也是我余生唯一想去守护的终极目标,love
你是我这辈子见过的最惊艳的一抹色彩，也是我余生唯一的追求,love
你是我这辈子遇到的最温柔的意外，也是我最想守护到底的终点,love
你是所有关于美好的代名词，是我梦里的常客,love
你是晨曦的第一缕微光，唤醒了我沉睡已久的荒野,love
你是晨曦的第一缕阳光，唤醒了我沉睡已久的对美好的感知,love
你是最好的,love
你是最好的！,love
你是最棒的,love
你是最棒的大笨蛋,love
你是深海里的氧气，让我在窒息的现实里学会了呼吸,love
你是深海里的那抹微光，让我在孤独的潜行中不再感到迷茫,love
你是深秋里的第一缕阳光，照亮了我所有关于未来的荒唐想象,love
你是满天星辰中最亮的那颗，指引着我穿过所有的迷雾,love
你是生命赠予我最珍贵的礼物，是我在人海中漂流许久的归宿,love
你是真的狗,anger
你是藏在微风里的秘密，每一次呼吸都带着喜欢的频率,love
你是藏在心底最深处的秘密，也是我最想向全世界炫耀的骄傲,love
你是藏在旧时光里的秘密，每一次回味都让余生充满了甜意,love
你是藏在风里的喜欢，说给云听，云也羞红了脸,love
你是这一生仅有的奇迹，也是我唯一的救赎,love
你是这世间所有的温柔里，我唯一想私藏且不愿分享的宝藏,love
你是这世间所有的温柔里，我最想私藏的那一束,love
你是这个世界上我最信任的人，也是我最后的底线,love
你是这平淡生活里最惊艳的一笔色彩，让所有的等待都有了意义,love
你是这平淡生活里最惊艳的一笔，让所有的等待都变得充满了意义,love
你是这平淡生活里的英雄梦想，是我唯一想守护的光,love
你是这漫漫余生里我唯一的救赎,love
你是这漫漫余生里我唯一的救赎，把那些灰暗的角落都彻底照亮,love
你是这漫漫余生里，我唯一想为之倾其所有的那个人,love
你是这漫漫余生里，我唯一想握紧且不愿松开的那份确定,love
你是这漫漫长夜里唯一的星光,love
你是这漫漫长夜里我唯一能抓住的光，也是我所有温柔与善良的源头,love
你是这漫长岁月里，我遇到的最温柔的奇迹,love
你是这漫长生命里唯一的例外，也是我最偏爱的幸运,love
你是这薄情世界里我唯一能抓住的温暖，也是我最后的精神支柱,love
你是这薄情世界里的唯一温暖,love
你是那个我再也无法触碰的梦，清醒后只剩下满脸的泪痕,sadness
你是那个让我放下所有防备的人，是我此生最坚定的选择,love
你是那首永不褪色的情歌，每一个音符都跳跃在我的生命里,love
你是那首百听不厌的民谣，每一个和弦都拨动着我最敏感的心弦,love
你是那首百听不厌的民谣，每一个音符都跳跃在我的心尖,love
你曾经是我世界的全部，现在只是一段我想彻底格式化的垃圾信息,anger
你最好了,love
你有事吗,anger
你有事吗？,anger
你有什么毛病啊，对我这么好，害得我都离不开你了。,love
你有什么毛病，为什么每次路过我工位都要故意扯一下我的辫子,love
你有什么毛病，为什么能把“多喝热水”说得这么让人心跳加速,love
你有什么毛病，连我生气时的样子你都觉得可爱,love
你有病吧,anger
你有病啊,anger
你有脸吗,anger
你有脸说？,anger
你比大笨钟还要笨，居然没发现我今天特意为了见你化了全妆,love
你比大笨钟还要迟钝，没看到我眼里的爱意都快溢出来了吗,love
你没发现我躲在角落里偷偷画你，每一笔都是爱你的形状,love
你没发现我躲在角落，但我眼里的光全是因为你,love
你没发现我躲在角落，所以我可以肆无忌惮地用目光拥抱你,love
你没发现我躲在角落，是因为我怕一走出来，眼里的爱意会把你吓跑,love
你没发现我躲在角落，是因为我正在偷偷为你写一首情诗,love
你没发现我躲在角落，是因为我正在练习如何帅气地向你表白,love
你没发现我躲在角落，是因为我正忙着平复看到你时狂跳的心脏,love
你没发现我躲在角落，是因为我正忙着记录你每一个发光的瞬间,love
你没发现我躲在角落，那是为了在惊喜降临的那一刻看清你的表情,love
你没回的消息里藏着一万种可能，每一种都指向我不愿看到的结局,anxiety
你没回的消息里藏着多少秘密，我翻遍了朋友圈却一无所获,anxiety
你爱怎么想就怎么想吧，我问心无愧，随你怎么在背后诋毁我。,anger
你牵着我的手我就有勇气面对风雨,love
你牵着手就有勇气面对风雨,love
你玩弄感情的样子真丑陋，像个拙劣的戏子在台上独自滑稽,anger
你留下的那件外套还挂在门口，可屋子里的温度再也回不来,sadness
你的一切不完美，在我心里都拼凑出了一个最完美的你,love
你的一切坏习惯，在我眼里都成了你可以随时向我撒娇的特权,love
你的一切小毛病，在我眼里都是构成“你”这个艺术品的点睛之笔,love
你的一切毛病，在我这里都是独一无二的萌点,love
你的一句“我一直在”，胜过这世间所有的甜言蜜语,love
你的一句“我在”，胜过这世间所有的千言万语。,love
你的一句加油，能让我充满动力一整天,love
你的一句晚安让我很安心,love
你的一句肯定胜过这世间所有的功名利禄,love
你的一句肯定，就能让我所有的疲惫在瞬间烟消云散,love
你的一句肯定，比什么都管用,love
你的一句肯定，比什么都重要,love
你的一句肯定，比什么金山银山都管用,love
你的一句话可以让我开心一整天,love
你的一句话就能安抚我,love
你的一句鼓励、一个拥抱，就是我在这平凡世间努力生活下去的最大动力。,love
你的一句鼓励让我瞬间充满了前进的动力,love
你的一笑一颦都牵动着我的心弦，这种深情是任何言语都无法表达的。,love
你的一笑一颦都牵动着我的心弦，这种被一个人完全占据内心的感觉，虽然卑微却也万分甜蜜。,love
你的一颦一笑，都牵动着我的心,love
你的出现就像从天而降的奇迹，让我的世界瞬间变得色彩斑斓,love
你的出现就像从天而降的梦境，奇妙得难以言喻,love
你的出现就像从天而降的神迹，治愈了我所有关于孤独的顽疾,love
你的出现就像是我生命里的一剂良药，治愈了那些陈年旧伤，谢谢你来到我的世界,love
你的出现让所有关于幸福的描述都有了具体的形状，不再只是虚无的词汇,love
你的出现，让所有关于幸福的幻想都有了具体的模样,love
你的出现，让所有关于浪漫的描述都有了具体的形状，不再只是虚无的词汇,love
你的出现，让所有关于浪漫的诗句都有了具体的模样,love
你的名字,love
你的名字是我最短的情诗,love
你的名字是我见过最温柔的笔画，光是读一遍都觉得心口发甜,love
你的名字曾是我最频繁的密码，现在却成了我不愿提起的伤疤,sadness
你的名字，是我余生所有故事里唯一的男主角,love
你的名字，是我听过最动听的短句,love
你的呼吸是我生命里的潮汐，每一个起伏都牵动着我的所有感官,love
你的回眸一笑，让这枯燥的办公室生活瞬间有了色彩，这大概就是心动的感觉,love
你的声音是我听过最美的旋律,love
你的存在就像一束光，照亮了我那些灰暗的日子,love
你的存在就像一束光，照亮了我那些灰暗的日子。,love
你的存在就像是我生命里的一剂良药，治愈了那些陈年的伤痛，谢谢你的出现,love
你的存在就像是我生命里的一场及时雨，滋润了那些干枯的希望，谢谢你来到我身边,love
你的存在就像是我生命里的一束光，照亮了那些黑暗的角落,love
你的存在就像是我生命里的一束光，照亮了那些黑暗的角落，谢谢你来到我身边,love
你的存在就像是我生命里的一盏明灯，照亮了那些黑暗的死角，谢谢你出现在这里,love
你的存在就像是我生命里的一盏明灯，照亮了那些黑暗的角落，谢谢你来过,love
你的存在就是我最大的安慰,love
你的存在让我烦躁，我不爱你了。,anger
你的存在，让我这个原本愤世嫉俗的人，开始尝试去爱这个满目疮痍的世界。,love
你的微笑像冬天的太阳一样有治愈力，每次看到你，所有的烦恼都烟消云散了,love
你的微笑像冬天的太阳，很有治愈力,love
你的微笑像冬天的太阳，很有治愈力，每次看到你，所有的烦恼都烟消云散了,love
你的微笑像冬天的太阳，很有治愈力，每次看到你，烦恼就全烟消云散了,love
你的微笑像冬天的太阳，很有治愈力，看到你就没烦恼了,love
你的微笑像冬天的太阳，很有治愈力，看到你我就觉得一切都好了,love
你的微笑，是我每天的晴天。,joy
你的微笑，是我每天的晴天！,joy
你的怀抱是我在这个世界上唯一的避风港,love
你的怀疑是多余的，我的心里从来只有你一个人,love
你的怀疑是多余的，我的爱虽然低调，但从未对第二个人亮起,love
你的怀疑是对我的侮辱，我的心意早在初见时就全交给你了,love
你的怀疑毫无根据，我的心里早就盖满了你的专属印章,love
你的朋友圈里出现了陌生人，我只能在那张合影外偷偷流泪,sadness
你的每一个眼神，都在不经意间拨动着我的心弦,love
你的沉默并不是默认，而是你根本不敢面对现实的怯弱,anger
你的沉默并不是默认，而是你根本没有勇气面对自己的卑劣,anger
你的沉默，是对我最残酷的惩罚。,anxiety
你的演技越来越精湛了，如果不去当演员真是演艺界的损失,anger
你的爱让我窒息，我不爱你了。,anger
你的眼神里有星辰大海，让我甘愿在其中沉溺一生不再漂泊,love
你的眼神里藏着一个春天，让我所有的荒原都开满了花,love
你的笑容是治愈一切的良药，是我在疲惫生活里的英雄梦想,love
你的笑容是治愈一切的良药，让我忘记了过去所有的伤痛,love
你的笑容治愈了我所有的不堪,love
你的背包，背到现在还没烂...,sadness
你的背包，背到现在还没烂。,sadness
你的解释听起来，就像是一个滑稽的笑话。,anger
你的誓言就像垃圾桶里的废纸，看一眼都让我觉得恶心,anger
你的语气变得客气，你的心变得透明，我在猜测哪一刻才是终点,anxiety
你的谎言编织得再完美，也掩盖不了你那颗早已腐烂的内心,anger
你看这晚霞多美,joy
你真好,love
你真是个温柔的陷阱，让我心甘情愿地在你的爱里沉沦到底,love
你真是个温柔的陷阱，让我这个清醒的人心甘情愿地糊涂一辈子,love
你真是个迷人的陷阱，让我心甘情愿在里面困一辈子,love
你真温柔,love
你真的对我很好,love
你真的很好,love
你真的很温柔,love
你真的很特别,love
你真的很重要,love
你真的愿意娶我吗，那我就愿意把这一生的温柔都只浪费在你身上,love
你真的愿意给我惊喜，那我就愿意把全世界的温柔都给你,love
你真的愿意陪我冒险吗，那我就愿意把我的整颗心都交给你,love
你真的让我很依赖,love
你真的让我很安心,love
你眼中的倒影是我见过的最美风景，胜过世间万物的总和,love
你眼中闪烁的温柔似乎已经抵过万语千言，守护这份珍贵。,love
你眼中闪烁的温柔似乎已经是无声的深情表白。心里全是你。,love
你眼中闪烁的温柔似乎已经让彼此更加坚定。大概这就是余生。,love
你眼中闪烁的温柔似乎已经让彼此更加坚定，守护这份珍贵。,love
你眼中闪烁的温柔似乎已经这就是爱的模样，守护这份珍贵。,love
你眼中闪烁的温柔似乎已经这种关怀细致入微。大概这就是余生。,love
你眼中闪烁的温柔似乎已经这种关怀细致入微。心里全是你。,love
你眼中闪烁的温柔似乎是无声的深情表白。大概这就是余生。,love
你眼中闪烁的温柔似乎是无声的深情表白。心里全是你。,love
你眼中闪烁的温柔似乎是无声的深情表白，守护这份珍贵。,love
你眼中闪烁的温柔似乎温暖了整个季节。心里全是你。,love
你眼中闪烁的温柔似乎这就是爱的模样。大概这就是余生。,love
你眼中闪烁的温柔似乎这就是爱的模样，守护这份珍贵。,love
你眼中闪烁的温柔似乎这种关怀细致入微，守护这份珍贵。,love
你眼中闪烁的温柔必然抵过万语千言。只要有你就足够。,love
你眼中闪烁的温柔必然抵过万语千言。愿岁岁年年如初。,love
你眼中闪烁的温柔必然抵过万语千言，守护这份珍贵。,love
你眼中闪烁的温柔必然是无声的深情表白。只要有你就足够。,love
你眼中闪烁的温柔必然这就是爱的模样。愿岁岁年年如初。,love
你眼中闪烁的温柔必然这种关怀细致入微。大概这就是余生。,love
你眼中闪烁的温柔必然这种关怀细致入微。心里全是你。,love
你眼中闪烁的温柔总会抵过万语千言。只要有你就足够。,love
你眼中闪烁的温柔总会抵过万语千言。大概这就是余生。,love
你眼中闪烁的温柔总会抵过万语千言。愿岁岁年年如初。,love
你眼中闪烁的温柔总会抵过万语千言，守护这份珍贵。,love
你眼中闪烁的温柔总会是无声的深情表白。心里全是你。,love
你眼中闪烁的温柔总会温暖了整个季节，守护这份珍贵。,love
你眼中闪烁的温柔总会让彼此更加坚定。只要有你就足够。,love
你眼中闪烁的温柔总会让彼此更加坚定。心里全是你。,love
你眼中闪烁的温柔总会这就是爱的模样。只要有你就足够。,love
你眼中闪烁的温柔总会这就是爱的模样。心里全是你。,love
你眼中闪烁的温柔总会这种关怀细致入微。大概这就是余生。,love
你眼中闪烁的温柔总会这种关怀细致入微，守护这份珍贵。,love
你眼中闪烁的温柔抵过万语千言。大概这就是余生。,love
你眼中闪烁的温柔抵过万语千言。愿岁岁年年如初。,love
你眼中闪烁的温柔是无声的深情表白，守护这份珍贵。,love
你眼中闪烁的温柔温暖了整个季节。只要有你就足够。,love
你眼中闪烁的温柔温暖了整个季节。大概这就是余生。,love
你眼中闪烁的温柔温暖了整个季节。愿岁岁年年如初。,love
你眼中闪烁的温柔温暖了整个季节，守护这份珍贵。,love
你眼中闪烁的温柔真的抵过万语千言，守护这份珍贵。,love
你眼中闪烁的温柔真的是无声的深情表白，守护这份珍贵。,love
你眼中闪烁的温柔真的温暖了整个季节。心里全是你。,love
你眼中闪烁的温柔真的让彼此更加坚定。只要有你就足够。,love
你眼中闪烁的温柔确实抵过万语千言。大概这就是余生。,love
你眼中闪烁的温柔确实抵过万语千言，守护这份珍贵。,love
你眼中闪烁的温柔确实是无声的深情表白。大概这就是余生。,love
你眼中闪烁的温柔确实让彼此更加坚定。只要有你就足够。,love
你眼中闪烁的温柔确实让彼此更加坚定。心里全是你。,love
你眼中闪烁的温柔确实让彼此更加坚定，守护这份珍贵。,love
你眼中闪烁的温柔确实这就是爱的模样。心里全是你。,love
你眼中闪烁的温柔确实这就是爱的模样。愿岁岁年年如初。,love
你眼中闪烁的温柔确实这种关怀细致入微。心里全是你。,love
你眼中闪烁的温柔竟然抵过万语千言，守护这份珍贵。,love
你眼中闪烁的温柔竟然是无声的深情表白。愿岁岁年年如初。,love
你眼中闪烁的温柔竟然温暖了整个季节。只要有你就足够。,love
你眼中闪烁的温柔竟然温暖了整个季节，守护这份珍贵。,love
你眼中闪烁的温柔竟然这就是爱的模样。心里全是你。,love
你眼中闪烁的温柔竟然这就是爱的模样，守护这份珍贵。,love
你眼中闪烁的温柔竟然这种关怀细致入微。只要有你就足够。,love
你眼中闪烁的温柔竟然这种关怀细致入微。大概这就是余生。,love
你眼中闪烁的温柔让彼此更加坚定。心里全是你。,love
你眼中闪烁的温柔让彼此更加坚定。愿岁岁年年如初。,love
你眼中闪烁的温柔这种关怀细致入微。心里全是你。,love
你眼中闪烁的温柔这种关怀细致入微。愿岁岁年年如初。,love
你祖宗十八代的脸都让你丢光了,anger
你离开时的关门声，成了我这辈子听过最刺耳的告别,sadness
你离开时的背影那么决绝，连一句多余的解释都显得奢侈,sadness
你笑起来真好看,love
你笑起来真的很好看,love
你算哪块小饼干啊？凭什么对我指手画脚？管好你自己的嘴吧！,anger
你算老几,anger
你算老几啊？凭什么对我的穿着指点？我穿什么关你屁事！,anger
你给的伤害太赤裸，别再说你是为了我好,anger
你给的地址早已查无此人，就像你给的希望最终化为泡影,sadness
你给的感觉很温暖,love
你能不能不要再翻我的手机了？人与人之间最起码的信任呢？,anger
你能不能闭上你的臭嘴？对别人的生活指手画脚很有优越感吗？,anger
你行你上啊，这数值设计得离谱，老子这暴脾气真想顺着网线过去揍人,anger
你要是也在就好了,love
你认真专注的样子真的很迷人，我能在旁边看一整天,love
你认真工作的样子真的很迷人，我可以在旁边看一天。,love
你认真工作的样子真的很迷人，我能在旁边看你一整天,love
你认真工作的样子真的很迷人，看不够,love
你认真的样子，真的让我移不开眼,love
你让我安心,love
你让我安心很多,love
你让我开心,love
你让我很安心,love
你让我很安心真的,love
你让我很有归属感,love
你让我很温暖,love
你让我感到恶心，我不爱你了。,anger
你让我放松,love
你让我温暖,love
你让我觉得安心,love
你让我觉得安心很多,love
你让我觉得幸福,love
你让我觉得很安心,love
你让我觉得很幸福,love
你让我觉得很温暖,love
你让我觉得很踏实,love
你让我觉得温暖,love
你记住我所有的小偏好，这种尊重，比名贵礼物更珍贵,love
你记住我随口提过的小心愿，这种被捧在手心的尊重，比名牌更贵,love
你记得那些细节，让我觉得自己被认真对待。你最好了。,love
你说你会永远保护我，结果在那场大雨里，你连伞都没给我撑一下就跑了，真讽刺,sadness
你说你会等我到地老天荒，结果还没过三个月你就牵了别人的手，你妈教你这么等人的？,anger
你说你妈生你的时候是不是把胎盘养大了，才让你长成这么个没脑子又没良心的傻逼人渣？,anger
你说你羡慕书里的浪漫，其实我想说，有你在的每一天我都在写情书。,love
你说我不够好，行吧就这样吧,sadness
你说我比大笨钟还笨，那你怎么还偏偏喜欢我这个笨蛋,love
你说生命不长一眨眼就用光，却把我的理想践踏得如此疯狂,anger
你说的承诺，全都是骗人的谎言。,anger
你说的承诺，全都是骗人的谎言！,anger
你说这话什么意思,anger
你谁啊,anger
你赢了,anger
你走吧，哪怕你现在回头求我，我也不会再多看你一眼，你这种烂人不配被爱,anger
你走吧，我不恨你了，因为恨一个人也需要力气，而我对你已经彻底没感觉了,love
你走吧，我不恨你了，因为恨一个人也需要力气，而我对你这种烂人已经彻底失去了所有的兴致，滚远点,love
你走吧，我不恨你了，因为恨一个人也需要精力，而我对你已经彻底没胃口了,love
你走吧，我不恨你了，因为恨一个人真的太累了，而我对你已经彻底失去兴趣了，滚吧,love
你走吧，我不恨你了，因为恨一个人真的太费烟了，而我对你已经彻底没胃口了，滚出我的视线,love
你走吧，我不恨你了，因为恨一个人真的太费烟了，而我对你这种烂人已经彻底失去了胃口,love
你走吧，我不恨你了，因为恨你也需要浪费我的心跳次数，而你这种烂人不配让我为你多跳一次,love
你走吧，我不恨你了，因为恨你也需要浪费我的心跳次数，而你这种烂人不配让我为你心跳,love
你走吧，我不恨你了，因为恨你也需要消耗我的生命值，而你这种烂人不配浪费我一秒钟,love
你走吧，我不恨你了，因为恨你也需要消耗我的生命能量，而你这种烂人不配让我为你多跳一次心跳,love
你走吧，我不恨你了，因为恨你也需要消耗我的生命，而你这种烂人不配让我浪费时间,love
你走吧，我不恨你了，因为恨你也需要消耗我的脑细胞，而你这种烂货的价值甚至不如我的一根脚趾甲,love
你走吧，我不拦你，反正你这种只会靠出卖肉体换职位的烂货，迟早会被玩腻了扔进垃圾堆,anger
你走吧，我不拦你，反正你这种只会靠溜须拍马往上爬的哈巴狗，迟早会被更年轻的哈巴狗取代,anger
你走吧，我不拦你，反正你这种只会靠溜须拍马换口剩饭吃的哈巴狗，走到哪儿都摆脱不了那一身的奴才味儿,anger
你走吧，我不拦你，反正你这种没心没肺的烂货走到哪儿都会被生活毒打，老子就等着看你遭报应,anger
你走吧，我不拦着你了，反正你这种只会跪舔领导的哈巴狗，走到哪儿都会被当成擦脚布，老子等着看戏,anger
你走吧，我不拦着你，反正你这种只会吸血的寄生虫，换个宿主照样会被人一巴掌拍死，人渣,anger
你走吧，我不拦着你，反正离了你老子照样能活得风生水起，滚啊！,sadness
你走吧，我不爱你了。,sadness
你走吧，我不留你了，反正你这种人渣走到哪儿都会被生活毒打，我就在这儿等着看戏,anger
你走吧，我不留你了，反正你这种只会看人下菜碟的势利眼，走到哪儿都会被生活毒打,anger
你走吧，我不留你了，反正你这种只会看领导脸色行事的势利眼，走到哪儿都会被生活毒打,anger
你走吧，我不留你了，反正你这种只会趋炎附势的走狗，到哪儿都会被主人嫌弃，老子等着看你横死,anger
你走吧，我不留你了，反正你这种只会趋炎附势的软骨头，走到哪儿都会被人踩在脚底下,anger
你走吧，我不留你了，反正你这种没心没肺的人渣走到哪儿都会遭报应，我就在这儿等着看你的笑话,anger
你走吧，我不送你了，反正你这种人渣走到哪儿都会祸害别人，祝你早日遭报应,anger
你走吧，我不送你了，反正你这种没心没肺的人渣走到哪儿都会有人收拾，祝你早日横死街头,anger
你这个大直男，非要我把“我喜欢你”写在脑门上才看得见吗,love
你这个大笨蛋，我所有的反常都是在等你说那句“在一起吧”,love
你这个大笨蛋，难道连这种暗示都要我教你吗！,love
你这个小笨蛋，除了我还有谁能忍受你这种奇怪的逻辑,love
你这个惹祸精，偏偏惹乱了我的心跳节奏,love
你这个惹祸精，把我的心搅乱了之后却不打算负责到底吗,love
你这个惹祸精，把我的心湖搅得乱七八糟，你要负责赔我一辈子,love
你这个惹祸精，除了我，谁还能受得了你这臭脾气。,love
你这个木头脑袋，什么时候才能开窍说句好听的！,love
你这个爱惹祸的小冤家，这辈子我就负责跟在你后面还情债吧,love
你这个爱惹祸的小笨蛋，这辈子就由我来守护吧,love
你这个爱惹祸的小笨蛋，这辈子我就负责跟在你后面收拾烂摊子吧,love
你这个爱惹祸的小迷糊，这辈子我就负责给你当贴身保镖了,love
你这个笨蛋，居然现在才发现我一直在等你开口,love
你这个笨蛋，我都暗示得这么明显了，你还不赶紧亲过来,love
你这个讨厌鬼，明明知道我最怕等，却还要让我等你一辈子,love
你这家伙真是让人又爱又恨，气死我了但也爱死你了。,love
你这种不守规矩、公然在大众面前插队的没教养畜生，真的让人感到一种深深的厌恶,anger
你这种不守规矩、公然插队的没教养行为，真的让人打心底里感到一种深深的鄙视感,anger
你这种为了自己的一点点私利就能毫不犹豫出卖多年老朋友的卑鄙小人，真是我见过最恶心的畜生,anger
你这种人也配提诚心？明明是自己违约在先，还倒打一耙，无耻！,anger
你这种人根本不懂什么叫爱，你只在乎你自己那点可怜的虚荣,anger
你这种人活该单身一辈子，连最起码的尊重都不懂，真可悲。,anger
你这种公然在公共场所大声喧哗、完全不顾及他人的没素质行为，真应该被拉黑名单,anger
你这种公然在公共场所随地吐痰、完全不顾及他人的没素质胚子，真应该被拉去劳教,anger
你这种出尔反尔、半点信誉都没有的狗屁包工头，真的让人气得想拿板砖把你脑袋开瓢,anger
你这种出尔反尔、半点契约精神都没有的狗屁合作方，真的让人气得想立刻报警抓你,anger
你这种只会吃软饭的窝囊废，活着简直就是浪费空气，赶紧找个地洞钻进去吧,anger
你这种只会啃老、满嘴喷粪的社会人渣，真不知道你妈当初是怎么忍受你这副没皮没脸的德行的,anger
你这种只会啃老、满嘴喷粪的社会人渣，真不知道你妈当初生你的时候是不是忘了给你装个心肝脾肺,anger
你这种只会啃老、满嘴喷粪的社会渣滓，真不知道你妈当初生你的时候是不是忘了装良心,anger
你这种只会啃老、满嘴谎话的社会毒瘤，真不知道你妈当初是怎么忍受你这副德行的,anger
你这种只会啃老、满嘴谎话的社会毒瘤，真不知道你妈当初生你的时候是不是忘了给你装个心肝脾肺，傻逼,anger
你这种只会啃老、满嘴谎话的社会毒瘤，真不知道你妈当初生你的时候是不是忘了给你装个良心,anger
你这种只会啃老、满嘴谎话的社会毒瘤，真不知道你妈当初生你的时候是不是忘了装良心,anger
你这种只会啃老、满嘴谎话的社会蛆虫，真不知道你妈当初生你的时候是不是忘了给你装个魂儿,anger
你这种只会啃老、满嘴谎话的社会败类，真不知道你妈当初生你的时候是不是忘了给你装个心肝脾肺,anger
你这种只会啃老的巨婴，活着除了消耗粮食还有什么价值，我要是你妈早把你掐死了,anger
你这种只会啃老的巨婴，真不知道你妈是怎么忍受你这副烂泥扶不上墙的样子的,anger
你这种只会啃老的白眼狼，活着除了浪费米饭还能干啥，我要是你爹当年真该把你射在墙上,anger
你这种只会推卸责任、满嘴跑火车的职场渣滓，真不知道你妈当初生你的时候是不是没装良心,anger
你这种只会欺负老实人的社会渣滓，迟早要被更狠的人给收拾了，我看你还能狂多久,anger
你这种只会欺负老实人的街头烂仔，迟早要被更狠的人给收拾了，老天爷睁着眼看你遭报应呢,anger
你这种只会窝里横、出门就装孙子的怂货，真让人怀疑你是不是在那儿缝了一针，没半点血性,anger
你这种只会躲在匿名网络后给别人寄花圈的怂包，现实里怕是连对视的勇气都没有，真让人感到反胃,anger
你这种只会躲在匿名论坛造谣的键盘侠，现实中怕是连跟邻居打个招呼都要脸红的怂货,anger
你这种只会躲在后方指挥部克扣前线口粮的吸血鬼，真该被送去排雷区，让你亲身体验一下什么叫生死一线,anger
你这种只会躲在女人背后指点江山的猥琐男，真让人怀疑你到底是不是个带把儿的,anger
你这种只会躲在女人背后要钱的烂人，真不知道你妈当初生你的时候是不是忘了给你装根骨头,anger
你这种只会躲在屏幕后诱导抑郁症女孩自残的魔鬼，真该被送进绞肉机里重塑你那腐烂的人性,anger
你这种只会躲在数据防火墙后指挥屠杀的懦夫，真该把你扔进荒原，让你被那些疯狂的机械犬撕碎,anger
你这种只会躲在背后乱嚼舌根的烂货，真不知道你妈生你时是不是把脑子落肚子里了,anger
你这种只会躲在背后恶意抹黑他人名誉、造谣生事的卑鄙小人，真是我见过最无耻、最恶心的败类,anger
你这种只会躲在背后戳人脊梁骨的烂货，活该一辈子生不出儿子，我看你死后谁给你送终,anger
你这种只会躲在背后捅刀子的烂货，真不知道你妈当初生你的时候是不是忘了把你脑子装进去,anger
你这种只会躲在背后放冷箭、满嘴谎话的社会毒虫，真不知道你妈当初生你的时候是不是忘了给你装个人样,anger
你这种只会躲在背后放冷箭的怂包，除了在那儿阴阳怪气，现实中恐怕连个屁都不敢当众放,anger
你这种只会躲在背后放冷箭的烂货，真不知道你妈当初生你的时候是不是忘了把良心塞进你腔子里,anger
你这种只会靠剽窃别人灵感上位的垃圾，别在镜头前装什么大师了，你那点底细圈内人谁不知道,anger
你这种嘴硬又心软的家伙，真的让我爱得没办法,love
你这种在公共厕所里乱涂乱画的社会渣滓，真不知道你妈生你的时候是不是把胎盘养大了,anger
你这种在公共场合公然抽烟、完全无视禁烟标志的没公德心败类，真该被罚到倾家荡产才算解气,anger
你这种在背后嚼舌根的烂货，活该一辈子住在下水道里，真让人感到生理性的反胃,anger
你这种在背后捅刀子的烂货，活该一辈子只能在阴沟里爬，真让人感到一种生理性的想吐,anger
你这种垃圾活着就是浪费,anger
你这种垃圾真恶心,anger
你这种态度似乎已经令人极度失望！别再挑战耐性。,anger
你这种态度似乎已经透着卑劣。这就是鼠辈所为。,anger
你这种态度必然令人极度失望！别再挑战耐性。,anger
你这种态度必然令人极度失望，真让人心寒。,anger
你这种态度必然简直不可理喻，彻底看清了本质。,anger
你这种态度总会完全无法接受，真让人心寒。,anger
你这种态度真的令人极度失望，必须有个交代。,anger
你这种态度真的完全无法接受！别再挑战耐性。,anger
你这种态度真的触碰了我的底线，真让人心寒。,anger
你这种态度竟然完全无法接受，彻底看清了本质。,anger
你这种态度竟然简直不可理喻，真让人心寒。,anger
你这种态度竟然让人出离愤怒！别再挑战耐性。,anger
你这种态度竟然让人出离愤怒，必须有个交代。,anger
你这种态度竟然透着卑劣，真让人心寒。,anger
你这种打着慈善和助人的旗号到处招摇撞骗的人渣，真该下十八层地狱受尽各种酷刑折磨,anger
你这种打着招工的旗号专门骗农民工中介费的人渣，真该被千刀万剐，下辈子投胎做猪,anger
你这种打着收废品的名义顺手牵羊的毛贼，简直是丢了我们这些靠力气吃饭的人的脸，真下贱,anger
你这种打着艺术的旗号行潜规则之实的人渣，简直是给艺术这两个字抹了黑,anger
你这种把家务活理所当然当成是女人专利的土鳖直男癌，真让人打心底里感到一阵恶心,anger
你这种把家务活理所当然当成是女人义务的沙文主义男，真让人打心底里感到厌恶,anger
你这种故意推卸责任、关键时刻把所有锅都甩给下属的软蛋领导，真让人觉得恶心且没种,anger
你这种故意推卸责任、关键时刻把所有锅都甩给咱们这些临时工的怂包，真让我觉得恶心,anger
你这种故意推卸责任、把别人当挡箭牌的做法，真的让人打心底里瞧不起你，真没半点男人的气概,anger
你这种无可救药的笨蛋，也就只有我愿意大发慈悲地收留你了,love
你这种明目张胆的剽窃别人劳动成果的行为，是对所有辛苦流汗的人最恶毒的侮辱和践踏,anger
你这种明目张胆的剽窃行为，是对所有辛苦付出的原创作者最恶毒的侮辱和践踏,anger
你这种极度不负责任、满嘴喷粪的骗子行为，真的让我火大到了想要立刻报复社会的程度,anger
你这种极度不负责任、满嘴跑火车的骗子行为，真的让我火大到了想要动手打人的地步,anger
你这种烂人真恶心,anger
你这种烂人真恶心，连自己亲闺女的学费都拿去赌，你上辈子是条蛆变的吧,anger
你这种烂人迟早遭雷劈,anger
你这种烂货真恶心,anger
你这种烂货真恶心人,anger
你这种生儿子没屁眼的缺德货，迟早要遭雷劈的，我看你还能嚣张到什么时候,anger
你这种笨拙的浪漫，虽然老套，但却让我感动得一塌糊涂,love
你这种自以为是的精英感，其实是建立在对底层的吸血上，真该让你去工地搬一个月砖试试,anger
你这种自私到骨子里的人，根本配不上任何一段纯粹的感情,anger
你这种自私自利的逻辑，真的让我大开眼界也彻底心死,anger
你这种表面一套背后一套、专门插刀子的两面派，真让人感到一种钻心的生理性恶心,anger
你这种表面一套背后一套、专门给老实人插刀子的两面派，真让人感到一种生理性的想吐,anger
你这种连亲兄弟抚恤金都要算计的人渣，别谈什么血浓于水，你血管里流的怕是下水道的黑水,anger
你这种连亲生父母的医药费都要算计的人，别跟我谈什么大义，你那点孝心还没你手里的游戏皮肤贵,anger
你这种连伤员的最后一卷绷带都要偷去黑市换烟抽的渣滓，活该这辈子都烂在阴暗潮湿的掩体里，直到发霉,anger
你这种连养老保险都要骗的老骗子，真希望你死的时候，连个给你撒纸钱的人都没有,anger
你这种连养老院失智老人的救命药都要克扣的畜生，真该被活埋在那个荒凉的后院里，烂透了再出来,anger
你这种连同事电脑里的私密照片都要偷拍发群里的垃圾，活该一辈子都混在最肮脏的泥潭里受辱,anger
你这种连同事隐私都要发到群里当笑话讲的垃圾，活该一辈子只能混在最底层的泥沼里,anger
你这种连女人钱都要骗的软饭男，真不知道你妈当初生你的时候是不是忘了给你装根骨头,anger
你这种连孤儿院地皮都敢倒卖的畜生，真该把你的名字刻在历史的耻辱柱上，让后人吐唾沫,anger
你这种连孤儿院地皮都要动歪心思的房产商，真该被活埋在你那昂贵的烂尾楼里，永世不得超生,anger
你这种连平民避难所的钢筋都要调包成细铁丝的奸商，真该被埋在那个坍塌的顶棚下，让你也听听死神的笑声,anger
你这种连快要咽气的亲妈都不肯回来看一眼的冷血畜生，你这辈子都别想有什么好下场,anger
你这种连死人义肢都要强行拆下来二次买卖的畜生，真该去地狱里跟那些残魂好好谈谈，烂货,anger
你这种连死人保险金都要编造理由分一杯羹的畜生，真该去地狱里跟那些冤魂好好对质，烂人,anger
你这种连死人保险金都要编造理由占为己有的畜生，真该去地狱里跟那些冤魂对质，烂货一个,anger
你这种连死人墓碑上的铜环都要抠下来卖钱的畜生，活该被噩梦缠死，烂在发霉的被窝里,anger
你这种连死人牙金都要撬下来据为己有的畜生，真该去地狱里跟那些冤魂好好算算账，烂到骨子里的烂货,anger
你这种连死人的遗产都要争个你死我活的畜生，真该去地狱里跟那些饿鬼好好交流一下心得,anger
你这种连死人账户里的信用点都要盗刷的贼，活该这辈子都在赛博阴沟里东躲西藏，烂货一个,anger
你这种连死人遗产都要争个你死我活的畜生，真该去地狱里跟那些饿鬼好好交流下心得,anger
你这种连死人金牙都要撬下来据为己有的畜生，真该去地狱里跟那些冤魂好好算账，烂人,anger
你这种连流浪汉兜里最后两枚硬币都要骗走的杂碎，真希望你死后连个回收站都不收你的电子灵魂,anger
你这种连流浪汉积攒的空瓶子都要顺手牵羊的烂货，活该这辈子都在垃圾堆里寻找存在感，人渣,anger
你这种连流浪狗的铝制饭盆都要偷去换烟钱的烂人，真该被铁链锁在北方的风口里吹成干尸,anger
你这种连深夜代驾那点辛苦钱都要找借口克扣的醉鬼，真该让你醉死在路边花坛里，别出来害人,anger
你这种连灾区救援物资里的罐头都要倒卖的畜生，真该被扔进那个断水断粮的废墟里，让你也尝尝绝望的滋味,anger
你这种连环卫工人的辛苦钱都要顺手牵羊的贼，活该这辈子都在阴暗的角落里东躲西藏,anger
你这种连环卫工人的辛苦钱都要顺手牵羊的贼，活该这辈子都在阴暗的角落里东躲西藏，垃圾,anger
你这种连环卫工的扫把都要顺手牵羊的贼，活该这辈子都在臭水沟里找尊严，烂货,anger
你这种连环卫工积攒的空瓶子都要抢走的烂货，真该被扔进绞肉机里重塑一下你那扭曲的灵魂，渣滓,anger
你这种连福利院孩子伙食费都要克扣的畜生，真希望哪天你也试试那种饿到啃树皮的滋味,anger
你这种连福利院孩子伙食费都要克扣的畜生，真该试试那种饿到啃树皮的滋味，烂人,anger
你这种连福利院孩子的伙食费都要克扣的畜生，真希望哪天你也试试那种饿到啃树皮的滋味,anger
你这种连福利院孩子的助听器电池都要偷去卖的渣滓，活该你这辈子都活在死寂的噩梦里,anger
你这种连福利院孩子的助听器都要偷去卖钱的畜生，真该被关进那个死寂的铁笼里，让你也听听绝望,anger
你这种连福利院捐款都要抽成的中间人，真希望哪天你也试试那种无依无靠、冻死街头的滋味,anger
你这种连给家乡修路的钱都要层层剥皮的贪污犯，真该让你去那条烂路上走一辈子，走死为止,anger
你这种连给家乡修防护网的钱都要层层剥皮的贪官，真该让你去那片酸雨区走一辈子，烂货,anger
你这种连给家乡修防护网的钱都要贪污的混蛋，真该让你去那片酸雨区走一辈子，烂货,anger
你这种连自己亲生父母都不养的畜生，还有什么脸面在这里跟我谈什么仁义道德,anger
你这种连避难所氧气阀都要偷去换烟抽的渣滓，活该你这辈子都活在那种窒息的噩梦里，滚蛋,anger
你这种连阵亡将士抚恤金都要层层剥皮的混蛋，真希望你死的时候，连个给你立碑的人都没有，烂在坑里吧,anger
你这种连难民营里孩子的最后一双破球鞋都要偷去卖钱的烂人，活该这辈子都在泥泞里摸爬滚打，永不见天日,anger
你这种随口答应又随口反悔、完全不把信用当回事的垃圾小人，简直是人品败坏的终极典范,anger
你这种靠关系在核心舱混吃等死的废物，除了在那儿显卖你的原生皮肤，你还会干点人事吗,anger
你这种靠出卖邻居来换取通行证的叛徒，真该让你也体验一下被所有人唾弃、无处藏身的滋味，卑鄙小人,anger
你这种靠剽窃孤儿院孩子涂鸦来参加画展的伪大师，真该被那帮孩子一人一口唾沫淹死，别装了,anger
你这种靠剽窃孤儿院涂鸦来优化视觉算法的伪艺术家，真该被那些杂乱的色块活活勒死,anger
你这种靠剽窃学生科研成果评职称的伪君子，迟早会被你自己的傲慢拉下地狱，等着身败名裂吧,anger
你这种靠剽窃学生论文评职称的伪君子，迟早会被你自己的傲慢拉下神坛，等着看吧,anger
你这种靠剽窃灵感上位的垃圾，别在镜头前装大师了，你那点底细圈内人谁不知道，真恶心,anger
你这种靠给竞争对手下药来换取晋升的畜生，真该让你也尝尝那种肝肠寸断、求死不能的滋味,anger
你这种靠给竞争对手下药来赢比赛的畜生，不配谈什么竞技精神，滚回你的阴暗角落里去吧,anger
你这种靠裙带关系上位还到处显摆的废物，除了在那儿炫耀你的无知，还会干点人事吗,anger
你这种靠裙带关系上位还到处羞辱下属的废物，除了在那儿显摆你的无知，你还会干点人事吗,anger
你这种靠裙带关系上位还到处羞辱技术骨干的废物，除了在那儿显摆你的无知，你还会干点人事吗,anger
你这种靠裙带关系混进实验室还到处羞辱学霸的废物，除了显摆你的名牌包，你还会什么,anger
你这种靠裙带关系混进来的废物，除了在那儿显摆你的名牌包，你还会干点人事吗？滚开,anger
你这种靠裙带关系混进来的废物，除了在那儿显摆你的名牌包，还会干点人事吗？滚开,anger
你这种靠裙带关系混进来的废物，除了在那儿显摆名牌包，你还会干点人事吗？滚开,anger
你这种靠贩卖底层孩子记忆碎片来牟利的畜生，真该让你也体验一下那种大脑被掏空的虚无感,anger
你连同事存在电脑里的隐私都要偷拍发群里，你是有多猥琐？烂人,anger
你连流浪汉积攒的塑料瓶都要抢，你是有多穷？缺德事干尽了你,anger
你连流浪狗好不容易叼到的骨头都要踢走，你这种人活着浪费空气,anger
你连给孤儿院孩子过冬的棉被都要换成破棉絮，死的时候没草席裹尸,anger
你连邻居老太太攒的买药钱都骗，你还是人吗？走道儿小心雷劈,anger
你那种不善言辞的体贴，是我这辈子听过最动听的情话,love
你那种笨拙的保护欲，是我收到的最珍贵的礼物,love
你那种笨拙的撒娇方式，简直是我见过的最强力的心脏击破器,love
你那种笨拙的温柔，是我见过最动人的风景,love
你那种自以为是的幽默感其实就是对别人的冒犯，真希望你能早日学会闭嘴，别再污染空气了,anger
你那种自以为是的精英感其实就是建立在对底层的剥削上，真希望哪天你也去试试在工地搬砖的滋味,anger
你随口记下我最讨厌的香菜，这种被细心呵护的瞬间，真的好动心,love
你随口记下我的忌口，这种被人在意的细节，太心动了,love
你随口记下的那些我爱吃的零食，真的好暖心，谢谢你对我好,love
你随手记下的那些关于我的细节，真的好暖，谢谢你这么用心,love
保持这种平和的心态，对身心健康都很有利。,contentment
信号满格,neutral
信封是白的,neutral
信用卡账单来了，看到数字愣住了,anxiety
修图修了半天，还不如原图好看，笑了,anger
修好了折磨三天的代码，今晚必须加餐，奖励自己,joy
修好了折磨三天的电脑蓝屏，今晚必须去撸串，奖励一下自己,joy
修好了折磨我三天的代码死循环，今晚必须加餐奖励，心情大好,joy
修路钱买跑车，让你也走烂路摔个狗吃屎，翻车报应迟早到,anger
做了一下午家务，累但看着干净的家很开心,contentment
做了一个很傻的事，回想起来想钻地缝,anger
做了一个很成功的菜，惊艳了自己,joy
做了一个很棒的梦，不想清醒回到现实,sadness
做了一个很美的梦，醒来全忘了，可惜,sadness
做了一个很长的梦，醒来忘了是什么，但感觉很美好,contentment
做了一个手工礼物送给朋友，她很喜欢,joy
做了个噩梦，梦到自己在考试什么都没写,anxiety
做了个奇怪的梦，醒来全忘了,contentment
做了个好看的指甲，心情都变好了,joy
做噩梦吓醒了，不敢再睡,anxiety
做好的东西被随便改掉，很不爽,anger
做的梦很美好，醒来很失落,sadness
做的饭太难吃了，自己都咽不下去,anger
做自己就好,contentment
做饭时还是放了两对筷子。只是直到冰块化成水，才想起对面已经没人坐了,sadness
做饭时还是放了两对筷子。可直到冰块化成水，才想起对面已经没人坐了,sadness
做饭时还是放了两对筷子。后来手指悬在发送键上很久，最后还是一个个字删掉了,sadness
做饭时还是放了两对筷子。然而手伸向钱包时才想起，已经没有送花的理由了,sadness
做饭时还是放了两对筷子，但手伸向钱包时才想起，已经没有送花的理由了,sadness
做饭时还是放了两对筷子，但手指悬在发送键上很久，最后还是一个个字删掉了,sadness
做饭时还是放了两对筷子，但直到开饭才发现，多出来的那副只能收回去,sadness
做饭时还是放了两对筷子，直到开饭才发现，多出来的那副只能收回去,sadness
健身房练完腿，下楼梯像螃蟹,joy
偶尔买个小礼物犒劳一下自己，这种仪式感很棒,contentment
偶尔怀念，但不会再执着...,contentment
偶尔怀念，但不会再执着。,contentment
偶尔断网一天，不看消息不接电话，感觉整个灵魂都得到了片刻的自由。,contentment
偶尔断网一天，不看消息不接电话，感觉灵魂都得到了片刻的自由。,contentment
偶尔远离人群，去没人的郊外走走，灵魂仿佛得到了真正的净化,contentment
偶尔远离网络，去公园走走，感觉灵魂都得到了净化,contentment
傻逼,anger
傻逼你妈死了去收尸吧，别在这儿恶心老子，滚出我的世界，畜生！,anger
傻逼你妈死了去死吧,anger
傻逼你妈死了赶紧去收尸吧，别在这儿脏了老子的眼球，你这种畜生根本不配活在太阳底下，滚回去,anger
傻逼你妈死了赶紧去收尸吧，别在这儿脏了老子的视线，你这种畜生根本不配活在世上,anger
傻逼你妈死了赶紧去收尸吧，别在这儿脏了老子的视线，你这种畜生根本不配活在这个世界上，滚回去！,anger
傻逼你妈死了赶紧去收尸吧，别在这儿脏了老子的视线，你这种畜生连回炉重造的机会都不该有,anger
傻逼你妈死了赶紧去收尸，别在这儿恶心老子，滚！,anger
傻逼你妈死了赶紧收尸，别脏了老子视线，你这种畜生根本不配活在世上,anger
傻逼你怎么不去死，活在世上除了给绿化带增加碳排放，你还有半点正向价值吗,anger
傻逼你怎么不去跳楼,anger
傻逼你怎么还不去死,anger
傻逼你怎么还不去死，你要是死了，我保证在你坟头放三天三夜的鞭炮庆祝,joy
傻逼你怎么还不去死，你这种连自己亲生爹娘遗嘱都敢伪造的畜生，活着就是对人类法律最大的嘲弄,anger
傻逼你怎么还不去死，你这种连自己亲生爹娘遗物都要偷去卖钱的畜生，活着就是对人类文明的羞辱,anger
傻逼你怎么还不去死，你这种连自己亲生爹娘都不给养老的畜生，活着就是浪费社会资源,anger
傻逼你怎么还不去死，你这种连自己父母生病都不给钱的畜生，活着就是人类文明的耻辱,anger
傻逼你怎么还不去死，你这种连自己父母生病都不给钱的畜生，活着就是人类的耻辱,anger
傻逼你怎么还不去死，看你这副德行我就生理性反胃，你这种垃圾活着就是给人类基因库抹黑,anger
傻逼你怎么还不去死，看你这副德行我就觉得生理性恶心，你这种垃圾活着就是对地球资源的极大浪费，滚！,anger
傻逼你怎么还不去死，看你这副猥琐的德行我就生理性恶心，你这种人渣活着就是浪费粮食,anger
傻逼你怎么还不去死，看你那副猥琐、下作、令人反胃的德行我就想呕，你这种垃圾活着费氧气,anger
傻逼你怎么还不去死，看你那副猥琐、下作、令人反胃的德行我就想呕，你这种垃圾浪费氧气,anger
傻逼你怎么还不去死，看你那副猥琐、猥琐、再猥琐的德行我就生理性恶心，你这种人渣活着就是浪费空气,anger
傻逼你怎么还不去死，看你那副道貌岸然的教授样我就想呕，你这种斯文败类活着就是对学术二字的强奸,anger
傻逼你怎么还不去死，看你那副道貌岸然的精英样我就想吐，你这种垃圾活着就是给祖宗丢脸,anger
傻逼操你妈你个畜生,anger
傻逼操你妈你个贱货，你以为你披上一件高定的皮草就能掩盖你那股从骨子里散发出来的野鸡味儿了？别做梦了,anger
傻逼操你妈你个贱货，你以为你换个名牌包就能洗掉你骨子里那股地摊货的气质了？,anger
傻逼操你妈你个贱货，你以为你换了张整容脸就能洗掉你骨子里那股下三滥的骚味儿了？别逗了,anger
傻逼操你妈你个贱货，你以为你换了身名牌皮包就能洗掉你骨子里那股下三滥的烂货气息了？做梦去吧,anger
傻逼操你妈你个贱货，你以为你穿上名牌皮鞋就能掩盖你骨子里那股下三滥的泥巴味儿了？,anger
傻逼操你妈你个贱货，你以为你穿上那身仿版的奢侈品就能掩盖你骨子里那股下三滥的泥土味了？,anger
傻逼操你妈，你以为你现在混出个人样了就能洗掉当年的烂账？老子看到你这副道貌岸然的嘴脸就想吐,anger
傻逼操你妈，你以为我骂你是恨你吗？我那是看不起你，连恨你都觉得浪费感情,anger
傻逼操你妈，你这种为了上位连亲妈都能送人的货色，我还真挺佩服你的不要脸,joy
傻逼操你妈，你这种为了业绩连亲生兄弟都能坑的畜生，居然还没被雷劈死，这世道真是不公平,anger
傻逼操你妈，你这种为了业绩连祖宗都能卖了的卑鄙小人，我还真挺羡慕你的厚脸皮,joy
傻逼操你妈，你这种为了业绩连自己兄弟的养老钱都坑的卑鄙小人，我还真挺佩服你这种厚过城墙的脸皮,joy
傻逼操你妈，你这种为了几块钱就能出卖灵魂的烂货，还真挺适合在这个圈子混的,joy
傻逼操你妈，你这种为了升官发财连老家祖坟都能卖了的卑鄙小人，我还真挺佩服你这种厚过城墙的脸,joy
傻逼操你妈，你这种为了升官发财连老家祖坟都能卖了的卑鄙小人，我还真挺佩服你这种厚过城墙的脸皮,joy
傻逼操你妈，你这种为了升官发财连老战友都能出卖的卑鄙人渣，我还真挺佩服你的厚脸皮,joy
傻逼操你妈，你这种为了升官连祖宗都能出卖的卑鄙小人，我还真挺佩服你这种厚脸皮,joy
傻逼操你妈，你这种为了升官连祖宗都能出卖的卑鄙小人，我还真挺佩服你这种厚过城墙的脸皮,joy
傻逼操你妈，你这种为了升官连老婆都能送礼的卑鄙小人，我还真挺佩服你这种厚脸皮,joy
傻逼操你妈，你这种为了升官连自己老婆都能送人的卑鄙小人，我还真佩服你这种厚过城墙的脸皮,joy
傻逼操你妈，你这种为了升职加薪连老同学都能出卖的无耻小人，我还真挺佩服你这种厚过城墙的脸皮,joy
傻逼操你妈，你这种为了升职加薪连老战友都能卖了的人渣，我还真佩服你这种厚过城墙的脸皮,joy
傻逼操你妈，你这种只会跪舔领导的哈巴狗，居然也敢在这儿跟我谈什么人格尊严,anger
傻逼操你妈，你这种见利忘义的走狗，真不知道你妈是怎么教你的,anger
傻逼操你妈，你这种见钱眼开、出卖灵魂的职场走狗，真他妈让人感到生理性反胃，滚远点,anger
傻逼操你妈，你这种见钱眼开、出卖灵魂的走狗，真他妈让人作呕,anger
傻逼操你妈，你这种见钱眼开、出卖灵魂的走狗，真他妈让人感到生理性的作呕，赶紧滚出我的视线,anger
傻逼操你妈，你这种见钱眼开、出卖良心的垃圾，真他妈让人感到恶心透顶，赶紧滚远点,anger
傻逼操你妈，你这种见钱眼开、出卖良心的走狗，真他妈让人恶心透顶，赶紧滚远点,anger
傻逼操你妈，你这种见钱眼开、出卖良心的走狗，真他妈让人感到恶心,anger
傻逼操你妈，你这种见钱眼开、出卖良心的走狗，真他妈让人感到恶心透顶，赶紧滚远点,anger
傻逼操你妈，你这种见钱眼开的走狗，真不知道你妈是怎么教你的,anger
傻逼操你妈，你这种靠着裙带关系上位的软蛋，真以为自己是什么行业领袖了？笑死我了,joy
傻逼操你妈，别在这儿跟我装什么正人君子，你那些见不得光的破事儿老子手里一抓一大把,anger
傻逼操你妈，别在这儿跟我装什么纯情处男，你那点破烂情史老子查得清清楚楚，恶心不恶心你,anger
傻逼操你妈，别在这儿跟我谈什么狼性文化，你当初把加班费全部私吞的时候怎么没想过狼性,anger
傻逼操你妈，别在这儿跟我谈什么职业道德，你当初偷拍同事隐私的时候怎么没想过道德,anger
傻逼操你妈，别跟我提什么当年的情分，在你为了那点奖金出卖我的时候，你妈就没教你廉耻吗？,anger
傻逼操你妈，别跟我提什么当年的情分，在你为了那点提成出卖老子的时候，你妈就没教过你怎么做人吗？,anger
傻逼操你妈，看你现在为了求我原谅在那儿扇自己耳光的狠劲，我居然觉得这辈子从未这么舒爽过,joy
傻逼操你妈，看你现在在那儿低三下四求我的样子，老子心里真是比过年放鞭炮还爽，这报应真及时,joy
傻逼操你妈，看你现在在那儿装得跟个圣人似的，老子手里那些你开房的记录要是甩出来，你全家都得跟你一块儿蒙羞,anger
傻逼操你妈，看你现在这副人模狗样的嘴脸我就想吐，你妈当初生你时是不是把脑子落胎盘里了,anger
傻逼操你妈，看你现在这副人模狗样的虚伪嘴脸我就想吐，你妈当初生你时是不是把良心当垃圾扔了,anger
傻逼操你妈，看你现在这副道貌岸然的精英嘴脸我就想吐，你妈当初生你时没给你装脑子吗,anger
傻逼操你妈，看你现在这副道貌岸然的行业大拿嘴脸我就想吐，你妈当初生你时没装脑子吗,anger
傻逼操你妈，见钱眼开的走狗，让人恶心透顶，赶紧滚远点别污染空气,anger
傻逼滚一边去,anger
傻逼滚一边去，别用你那副假慈悲的嘴脸看着我，你妈生你时是不是把良心当胎盘扔了,anger
傻逼滚出我的世界，别用你那副假惺惺的嘴脸跟我谈什么苦衷，你妈生你时是不是把良心当废品卖了,anger
傻逼滚出我的视线,anger
傻逼滚远点，别在这儿恶心老子，你这种连做人基本道理都不懂的杂种，真他妈绝了,anger
傻逼滚远点，别在这儿恶心老子，你这种连基本人情世故都不懂的畜生，真他妈绝了,anger
傻逼滚远点，别用你那双摸过脏钱的手碰我，我嫌你身上那股人渣味儿熏着我,anger
傻逼老板又在群里画饼，说什么公司上市了一起分红，你妈的先把我上个月欠的加班费结了好吗,anger
像个陷阱一样深深吸引我，我却连逃跑的念头都没有,love
像个陷阱一样让我越陷越深，我却只想在深处为你盖一座城堡,love
入殓师的工作台冷得像冰，我给这位无名氏画好最后一笔腮红，这种送别陌生人的寂静感，真玄,contentment
入目皆是你,love
入职以来第一次拿全勤奖，虽然钱不多但心情真的超级好,joy
入职以来第一次提前完成所有任务，这种感觉太爽了,joy
入职表犹豫了一钟头，签了就是卖身，这种不甘心的感觉太压抑了,sadness
入职邮件,neutral
全家人整整齐齐吃顿饭，真暖心,joy
全家人集体支持我的决定，那种感觉真好,joy
全家死光才好,anger
全是伤痕,sadness
全是心碎,sadness
全是心酸,sadness
全是心酸回不去,sadness
全是感伤,sadness
全是感伤心碎,sadness
全是泪,sadness
全是遗憾,sadness
全是遗憾和伤感,sadness
全是遗憾回不去,sadness
公交车上被人让座，有点不好意思但很暖,love
公交车来了,neutral
公交车来晚了十分钟，车上乘客挺多的,neutral
公共场合抽烟没公德,anger
公司附近新开了一家便利店，位置比较方便,neutral
公园坐着发呆，就是享受,contentment
公园长椅发呆就是享受,contentment
公开反击。既然你敢在年终会议上把所有错误都推到我头上，那我就把你的贪污流水投在大屏幕上,anger
公然在办公室搞小圈子排挤新人，这种职场氛围真让人感到无比压抑,anger
公然在办公室搞这种排挤新人的小动作，你们这帮老油条真让人觉得恶心透顶了,anger
公然在车间里搞这种排挤外来工的小团体，你们这帮本地人真让人觉得恶心透顶，坏透了,anger
公然搞小圈子排挤新人恶心,anger
公然搞小圈子排挤新人的行为真恶心,anger
公然搞小圈子排挤新人，这种职场氛围真让人心寒,anger
公然搞小圈子排挤新人，这种行为真恶心,anger
关于爱情的那些异想天开，因为你的出现，全都有了结局。,love
关于爱情过去没有异想的结局，逻辑被颠覆后只剩下怀疑,anxiety
关掉所有社交软件的通知提醒，在没人的公园长椅上坐一下午，这种失联的自由才是真的奢侈品,contentment
关掉灯看月光洒在书桌上，这一刻的宁静比什么都珍贵,contentment
兴高采烈,joy
其实平平淡淡的相守，才是最高级的幸福。,contentment
其实平平淡淡过日子也没什么不好的，只要身体健康比什么都强,contentment
其实平平淡淡，也是一种幸福...,contentment
其实平平淡淡，也是一种幸福。,contentment
其实平平淡淡，也是一种幸福！,contentment
其实平平淡淡，也是一种幸福？,contentment
其实很久以前，我就已经不爱你了。,sadness
其实快乐很简单，就是下班路上看到一朵好看的云，然后带回家。,contentment
其实我一直都挺喜欢你的,love
其实我早该明白，你眼里的温柔从来不是给我的,sadness
其实每个人都有自己的节奏，没必要去盲从...,contentment
其实每个人都有自己的节奏，没必要去盲从。,contentment
其实生活简简单单，反而能体会到更多快乐...,contentment
其实生活简简单单，反而能体会到更多快乐。,contentment
其实生活简简单单，反而能体会到更多快乐！,contentment
其实生活简简单单，反而能体会到更多快乐？,contentment
其实生活简简单单，反而能体会到更多快乐～,contentment
其实还想着你，哪怕是在最忙碌的间隙，脑海里也全是你的笑脸,love
其实还想着你，哪怕是在最深沉的梦里，我依然在追逐你的背影,love
其实还想着你，每一次胡思乱想的尽头都是你的名字,love
其实还爱着你，哪怕我们已经分开很久，我的心依然停留在原地,love
其实还爱着你，所以连你耍嘴硬的样子我都觉得迷人,love
其实还爱着你，所以连你跟我抢电视遥控器的样子都那么生动,love
其实还爱着你，这句没说出口的话，是我心里最大的窃喜,love
其实还爱着你，这句秘密我打算带进棺材里，或者在婚礼上告诉你,love
其实还爱着你，这句秘密藏在每一个我为你亮起的深夜里,love
其实这样也挺好的，没有大喜大悲，每天按时下班煮碗面吃，简单满足。,contentment
其实这样平平淡淡的日子也挺好的，知足常乐,contentment
其实这样平平淡淡的日子也挺好的，知足常乐。,contentment
其实这样平平淡淡的日子也挺好的，知足常乐，没那么多烦恼,contentment
其实这种平淡的相处模式，才是最真实的状态...,contentment
其实这种平淡的相处模式，才是最真实的状态。,contentment
其实，万一最后只剩我一个人，该怎么收场？,anxiety
其实，万一誓言被时间改变，该怎么办...,anxiety
其实，万一誓言被时间改变，该怎么办？,anxiety
其实，不敢去想未来，怕又是一场空。,anxiety
其实，不需要什么轰轰烈烈，你在就好。,love
其实，你忽冷忽热的态度，快把我逼疯了...,anxiety
其实，你是我心底最柔软的偏爱。,love
其实，你的微笑，是我每天的晴天。,joy
其实，听见你叫我的名字，心都在跳舞！,joy
其实，在回忆里流浪，找不到出口。,sadness
其实，就算与全世界为敌，我也只要你...,love
其实，就算与全世界为敌，我也只要你。,love
其实，就让一切顺其自然，不再强求。,contentment
其实，岁月静好，只要有你陪在身旁...,contentment
其实，微风吹过你的头发，画面太美了！,joy
其实，总是患得患失，怕这一切只是梦。,anxiety
其实，我不想再做你的退路了，滚。,anger
其实，我不想再做你的退路了，滚！,anger
其实，我对你的爱，经得起岁月的考验。,love
其实，所有的心碎，都在时光里释怀了...,contentment
其实，收起你的虚伪，离我远一点！,anger
其实，明明那么相爱，却还是错过了。,sadness
其实，泡一杯热茶，听着旧唱片，真安静。,contentment
其实，确认过眼神，遇见对的人。,joy
其实，确认过眼神，遇见对的人！,joy
其实，等不到你的消息，心里忐忑不安。,anxiety
其实，终于发工资了，晚上一定要去吃顿大餐奖励一下辛苦工作的自己！,joy
其实，终于牵起你的手，感觉像做梦！,joy
其实，经历了那么多，还是觉得平淡最好...,contentment
其实，说好的永远，最后只剩遗憾...,sadness
其实，这份专属的偏爱，让我好开心。,joy
其实，这份专属的偏爱，让我好开心！,joy
其实，这甜蜜的瞬间，好想按下暂停键。,joy
其实，这种不确定的距离，让我心惊胆战...,anxiety
其实，这种不确定的距离，让我心惊胆战。,anxiety
其实，那些所谓的誓言，现在听来真讽刺。,anger
其实，那些错过的风景，再也回不去了。,sadness
其实，闭上眼睛，眼泪又悄悄滑落...,sadness
其实，黑夜太漫长，我害怕再次迷失...,anxiety
养了三年的小猫今天走了，回到家看着空荡荡的小窝，心里感觉缺了一块，一直掉眼泪。,sadness
养了十年的狗突然就走了，心里空了一大块，感觉眼泪流干了。,sadness
养了很久的盆栽枯死了，突然觉得心里空了一块。,sadness
养的仙人掌开花了，好惊喜,joy
养的宠物生病了，好担心,anxiety
养的花枯死了，可能我真的连自己都照顾不好，更别提照顾别的了。,sadness
养的花终于开了，有成就感,joy
内卷时代掉队每天都在焦虑,anxiety
内卷时代掉队让我每天焦虑,anxiety
内心从未有过的平静,contentment
再不打给我，我就主动打给你,love
再不打给我，我就要把你的名字写在每一片飘落的叶子上了,love
再不打给我，我就要把你的联系方式置顶，然后每天盯着它发呆,love
再也不见了,sadness
再也不见了。,sadness
再也不见了心好痛,sadness
再也听不到那句熟悉的晚安了，眼泪还是没忍住,sadness
再也回不去了,sadness
再也回不去了全是泪,sadness
再也找不回从前了,sadness
再也找不回来了,sadness
再也找不回笑容。,sadness
再也没有以后了,sadness
再也没有以后了心碎,sadness
再也笑不出来了。,sadness
再也等不到你了。,sadness
再也等不来回响。,sadness
再也见不到你了,sadness
再提这件事也没意思了,anger
再见吧，我不爱你了。,sadness
再说一次，我不爱你了，放手吧。,sadness
写到一半发现逻辑圆不回来了，想把键盘砸了,sadness
写到一半突然不知道自己在写什么，重新从头看了一遍也没看进去,anxiety
写到最后发现全是废稿，那种挫败感真的想哭,sadness
写到最后发现全是废稿，那种挫败感真的让人想哭。,sadness
冰冷的指尖。,sadness
冰冷的骨骼。,sadness
冰箱里什么都没了，懒得下楼买,anger
冲就完了,joy
冲鸭！,joy
准备出发,neutral
凋零的青春。,sadness
凌晨一点收到淘宝发货的消息，那种突如其来的快乐，居然成了我这周唯一的心理慰藉，挺讽刺的,joy
凌晨三点的烧烤摊，老板娘一边抹着汗一边给我多加了一串腰子，那点微小的善意让我差点在马路牙子上哭出来,joy
凌晨三点的街头，环卫大叔塞给我一个热乎的包子，那点微小的温度，居然让我这颗死心又跳了一下,joy
凌晨三点的街道安静得让人心慌,anxiety
凌晨三点被邻居装修的电钻声惊醒，心脏猛地一缩，这种不顾他人的行为真让人崩溃,anger
凌晨路灯下那个拉得很长的影子突然抖了一下，我总觉得那不是我的影子，而是一个要取代我的怪胎,anxiety
凑合,contentment
凑合过呗，还能离咋的,contentment
凡事顺其自然吧，强求不来的东西，放手反而是一种解脱,contentment
凡事顺其自然吧，强求也没用，这样活着最不累心,contentment
凡事顺其自然吧，该来的总会来,contentment
凡事顺其自然吧，该来的总会来，不属于我的也不强求，这样活着最不累,contentment
凡事顺其自然吧，该来的总会来，不属于我的强求也没用，这样活着最不累心,contentment
凡事顺其自然吧，该来的总会来，不属于我的强求也没用，这样活着最是通透潇洒,contentment
凡事顺其自然吧，该来的总会来，不属于我的我就放手，这样活着最是潇洒,contentment
凡事顺其自然吧，该来的总会来，不属于我的我就放手，这样活着最是潇洒通透,contentment
凡事顺其自然吧，该来的总会来，强求也没用,contentment
凡事顺其自然吧，该来的总会来，强求也没用，这样活着反而觉得很轻松,contentment
凡事顺其自然吧，该来的总会来，强求也没用，这样活着最不累心,contentment
凡事顺其自然吧，该来的总会来，急也没用，保持淡定才是成年人的必修课,contentment
凡事顺其自然吧，该来的总会来，急也没用，保持淡定才是最好的状态,contentment
凡事顺其自然吧，该来的总会来，急也没用，保持淡定才是王道,contentment
凡事顺其自然，该来的总会来,contentment
凡事顺其自然，该来的总会来，保持淡定,contentment
凡事顺其自然，该来的总会来，急也没用,contentment
凡事顺其自然，该来的总会来，急也没用，保持淡定,contentment
凡事顺其自然，该来的总会来，急也没用，顺应天意就好,contentment
凭什么,anger
凭什么他升职我不行,anger
凭什么他在群里阴阳怪气我还要礼貌回笑，这种无效社交真的让人忍耐到了极限，气炸,anger
凭什么他捅的娄子要全组陪葬，明明是他没校对，气得我心口疼,anger
凭什么他犯的错要团队承担，明明是他掉了链子，却要大家陪着通宵,anger
凭什么他犯的错要整个团队来承担，明明是他在关键环节掉了链子，现在却要大家陪着一起通宵,anger
凭什么他犯的错要整个团队来承担，明明是他掉了链子，现在却要大家陪着通宵,anger
凭什么他犯错团队背锅，明明是他掉链子，气死我了,anger
凭什么他能力不如我却能优先升职加薪，明明我付出的努力比他多得多,anger
凭什么他能升职我不能,anger
凭什么他能升职我不能，明明我比他努力,anger
凭什么他随手一指我就得通宵修改，这种毫无专业逻辑的指挥，真想当场把键盘砸了,anger
凭什么啊，不公平,anger
凭什么啊？明明是我先来的，结果好评全是他的，真不公平,anger
凭什么大家都在努力只有他在冷嘲热讽，这种不负责任的态度，没法忍,anger
凭什么大家都在努力只有他在那冷嘲热讽，这种不负责任的态度，实在没法忍,anger
凭什么家务都我干,anger
凭什么家务都要我一个人干,anger
凭什么家务都要我一个人干，我又不是雇来的保姆,anger
凭什么忍气吞声我没错,anger
凭什么我要为了你的自私买单？你自己的事情自己解决，别来烦我！,anger
凭什么所有的功劳都是你的，而黑锅全都要我来背,anger
凭什么所有的家务活都得我一个人承包，难道我就不辛苦不累吗,anger
凭什么所有的活都推给我做领奖时却没我的份，这种职场冷暴力，真的没法忍,anger
凭什么所有的活都推给我，我又不是你的保姆,anger
凭什么所有的活都推给我，我又不是你的保姆，能不能讲点基本的职场礼貌,anger
凭什么所有的活都推给我，我又不是你的保姆，能不能讲点道理,anger
凭什么所有的活都推给我，我又不是你的免费保姆,anger
凭什么所有的活都推给我，我又不是保姆,anger
凭什么所有的活都推给我，我又是谁的保姆吗,anger
凭什么所有的烂摊子都要我来收拾，明明是大家一起闯的祸，现在全推到我头上,anger
凭什么所有的烂摊子都要我来收拾？明明是大家一起闯的祸，现在全推到我头上,anger
凭什么所有的脏活累活都让我干，功劳全是那个马屁精的？不公平！,anger
凭什么所有的规矩都是给我定的，而你却可以毫无底线地一次次破例,anger
凭什么所有的锅都要我来背，明明是大家一起做的决定,anger
凭什么所有的锅都要我来背，明明是大家一起做的决定！,anger
凭什么所有的锅都要我来背，明明是大家共同做的决定,anger
凭什么所有的锅都要我来背，明明是大家共同的决定，我真的不甘心受这份气,anger
凭什么所有的锅都要我来背，明明是大家共同的责任，我真的不甘心受这份气,anger
凭什么所有的锅都要我来背，明明是大家的责任,anger
凭什么所有的锅都要我来背？明明是大家一起做的决定，现在出事了就推给我,anger
凭什么所有的锅都要我背,anger
凭什么所有的锅都要我背，明明是他的决策失误，气得我手抖。,anger
凭什么所有的锅都要我背，明明是大家一起做的决定,anger
凭什么所有的锅都要我背，明明是大家一起做的决定，现在出事了就推给我,anger
凭什么所有的锅都要我背，明明是大家一起做的决定，现在出事了就推给我，火大,anger
凭什么所有的锅都要我背，明明是大家的责任,anger
凭什么所有的锅都要我背，明明是大家的责任，我真的不甘心,anger
凭什么所有的锅都让我背，我不服,anger
凭什么所有的麻烦活都扔给我？就因为我好说话吗？我真的受够了这种职场软柿子待遇,anger
凭什么所有的黑锅都要我来背？这太不公平了！,anger
凭什么所有的黑锅都让实习生背？这种职场潜规则真让人心寒到骨子里,anger
凭什么把家务当成女人的义务，想法真落后,anger
凭什么把家务当成女人的义务，这种想法真让人反感,anger
凭什么把家务活理所当然地当成是女人的义务，这种陈腐的想法真让人反感,anger
凭什么把所有的力气活都推到我一个人头上，难道就因为我是个从乡下来的没依靠的土包子吗,anger
凭什么要我一直在这儿忍气吞声，我又没做错任何事，凭什么要去迁就他那个莫名其妙的无理取闹,anger
凭什么要我一直忍气吞声，我又没做错什么，为什么要迁就他的无理取闹,anger
凭什么要我大度，你受的苦又不是我受的,anger
凭什么要我大度，我又不是圣人,anger
凭什么要我忍气吞声，我又没做错,anger
凭什么要我忍气吞声，明明就是他先挑事的,anger
凭什么要我忍气吞声？这世界不是谁声音大、谁会胡搅蛮缠谁就有理的,anger
凭什么要我忍着，明明就是他先找茬的,anger
凭什么要把我的付出当成理所当然？我也不是没脾气的圣人,anger
凭什么要把所有的家务都当成是女人的义务,anger
凭什么要把所有的家务都当成是女人的义务？这种想法真落后,anger
凭什么要把所有的家务都甩给女性？这种根深蒂固的偏见真让人作呕,anger
凭什么要把所有的活都堆给我一个人干,anger
凭什么要把所有的过错都推到我头上，明明就是流程本身有问题,anger
凭什么要把所有的黑锅都让女同事背？这种职场歧视真让人感到愤怒,anger
凭什么要把所有的黑锅都让我一个人来背，难道就因为我是个没背景的临时工吗,anger
凭什么让我一直忍受他的冷暴力？就因为他赚钱多还是他性格孤僻？我不干了,anger
凭什么让我一直忍受他的坏脾气？就因为他资历比我老吗？我忍不了这种职场霸凌,anger
凭什么让我一直忍受他的大脾气？就因为他是我上司还是他长得帅？我忍不了,anger
凭什么让我一直忍着？我又不是你爸妈，没义务惯着你的臭脾气,anger
凭什么让我一直让着他？就因为他年纪小还是他资历老？我真的受够了这种偏袒,anger
凭什么那个人能力平庸却能靠裙带关系上位，明明我才是那个为了公司拼死拼活的人,anger
凭什么那种只会溜须拍马的软蛋能升职，明明老子才是那个为了工地流血流汗最多的人,anger
凭什么都要我让着他，就因为他小吗,anger
凭什么？,anger
凯旋而归。带回了失踪多年的战友骨灰，我觉得终于完成了这辈子的救赎,joy
出事了,anxiety
出事啦,anxiety
出尔反尔、半点契约精神都没有的合作方，真的让人气得想立刻拉黑,anger
出尔反尔没有半点契约精神的人，真的让人很火大,anger
出尔反尔没有契约精神的人火大,anger
出尔反尔没有契约精神的人，真火大,anger
出尔反尔的人真让人火大,anger
出尔反尔的行为最让人下不来台，合作基础瞬间崩塌,anger
出尔反尔的行为最让人瞧不起,anger
出差还没准备好慌得不行,anxiety
出门发现钥匙忘带了，蹲门口等室友,anger
出门忘关空调，电费肯定爆了,anger
出门被坑了，多花了冤枉钱,anger
出门被鸟屎砸中，今天不宜出行,anger
出问题了,anxiety
出风头不顾他人安危的行为该谴责,anger
出风头不顾他人安危，这种行为真的应该受到谴责,anger
出风头不顾安危行为该谴责,anger
出风头不顾安危该谴责,anger
出风头不顾安危，这种行为该谴责,anger
分别的时候她笑着挥手，直到他转过街角，才把手放下来,sadness
分手后删了所有照片，还是会在梦里见到,sadness
切,anger
列车在通过弯道时，内侧轨道受到的压力会大于外侧轨道。,neutral
列车目前正以每小时一百二十公里的速度向南行驶。,neutral
刚下班看到你买了我最爱吃的糖炒栗子，感觉一天的疲惫都散了,love
刚买到喜欢的东西开心到不行,joy
刚买的冰淇淋掉地上了... 真是太‘理想’了。,anger
刚买的冰淇淋掉地上了... 这可真是‘谢天谢地’。,anger
刚买的冰淇淋掉地上了。感觉人生达到了‘巅峰’。,anger
刚买的冰淇淋掉地上了。我真是谢谢您了。,anger
刚买的冰淇淋掉地上了。托您的福，心情好到了极点。,anger
刚买的冰淇淋掉地上了。生活可真有意思。,anger
刚买的冰淇淋掉地上了。真是长见识了。,anger
刚买的冰淇淋掉地上了。这可太‘棒’了。,anger
刚买的冰淇淋掉地上了，我可得好好夸夸这种效率。,anger
刚买的冰淇淋掉地上了，我可真‘幸运’。,anger
刚买的冰淇淋掉地上了，真是一场完美的体验。,anger
刚买的冰淇淋掉地上了，真是令人‘欣慰’的结局。,anger
刚买的冰淇淋掉地上了，真是愉快的一天。,anger
刚买的冰淇淋掉地上了，这安排真是‘贴心’得让人想哭。,anger
刚买的冰淇淋掉地上了，这就是所谓的‘惊喜’吧。,anger
刚出炉的烤地瓜又香又甜，在冬天的街头咬上一口，幸福感拉满！,joy
刚分手，感觉整个人都空了,sadness
刚刚查到成绩了！我竟然过了！这半年的熬夜努力都没有白费，太开心了！,joy
刚刚查到成绩了！我竟然过了！这半年的熬夜努力都没有白费，太棒了！,joy
刚刚洗完澡换上干净的睡衣，感觉一身轻松，准备睡觉了。,contentment
刚刚突然很想哭，也不知道为什么,sadness
刚刚被冷落了一下有点难受,sadness
刚刚被夸了，心情直接起飞,joy
刚刚被朋友忽略心里有点不是滋味,sadness
刚到家雨就下大了，庆幸自己跑得快没被淋湿，小确幸万岁。,joy
刚到家雨就哗啦啦下起来了，庆幸自己跑得快，没变落汤鸡。,joy
刚发工资，快乐到飞起,joy
刚才下雨了,neutral
刚才在路上看到一只长得像烤肠的柯基，真的要把我笑死了,joy
刚才在那首歌的评论区看到一段话，瞬间破防，眼泪完全止不住,sadness
刚才走在路上突然下大雨，没带伞全身都淋透了，公交车还迟迟不来，真的好无助。,sadness
刚才那首歌的副歌部分太洗脑了，我已经循环了一下午,joy
刚抢到票开心到飞起,joy
刚收到心仪已久的录取通知书，手都在抖，这一刻我觉得之前的努力全都值了,joy
刚收到快递，虽然等了半个月，但看到实物的那一刻觉得一切都值了,joy
刚走出考场，看到外面的天空蓝得发亮，压在心里好几月的石头终于落了地，开心,joy
初恋的墓照片都长毛了，时间这东西真磨人，最后啥也没剩下,sadness
删了很久的聊天记录，手还是抖了一下,sadness
删掉了那条草稿，空荡荡的房间里没有回声,sadness
删掉了那条草稿，街道上人来人往却很安静,sadness
删掉了那条草稿，路灯下只有自己的影子,sadness
删掉了那条草稿，雨水打在窗户上模糊了视线,sadness
删掉那个置顶了三年的号码，指尖滑过屏幕的冷硬感，像是在给一段已经腐烂的感情举行火刑,sadness
利令智昏。为了那点地盘，你连自己的亲生骨肉都能送给对方当质子，你根本不配当个人,anger
利令智昏。为了那点提成，你连我妈的救命药都敢换成假货，老子这辈子跟你不死不休,anger
利令智昏。为了那点股权，你居然在你父亲的葬礼上跟亲兄弟大打出手，你这种畜生不配姓这个姓,anger
利欲熏心。你连养老院失智老人的低保金都要挪用，真希望你死的那天，全世界都为你鼓掌庆祝,anger
利欲熏心。你连给灾民盖房子的钢筋都要换成劣质塑料，真该把你埋在那个即将坍塌的阁楼里,anger
利益出卖朋友真卑鄙,anger
别bb了赶紧滴gkd，我想上分想得都要魔怔了，ball ball you了,anxiety
别了那玩意儿没油水，走起撸串去，老地方不见不散,contentment
别介意，我只是在感叹，进化论在您身上似乎按下了暂停键。,anger
别以为买杯咖啡就能哄好我，至少得再加一块小蛋糕！,love
别催了,anxiety
别催了，烦死了,anger
别催了，越催越乱，我现在脑子里已经成浆糊了,anxiety
别再假惺惺地打听我的现状，我的好坏从此与你半点关系都没有,anger
别再假装无辜了，你的演技太烂，烂到让我觉得曾经的执着很可笑,anger
别再怀疑了，你就是那个让我颠覆了所有逻辑的唯一答案,love
别再找借口了，我不想再听。,anger
别再找借口了，我不想再听！,anger
别再拿我的容忍当成你放肆的资本，我不是好欺负的,anger
别再拿着我的隐私开玩笑，这一点都不好笑,anger
别再拿这种敷衍的态度对待我，不想聊就直说，别发个‘哦’。,anger
别再拿那些毒鸡汤来忽悠人了，生活过得好不好只有自己知道，别在这显摆,anger
别再拿那些虚伪的客套话来敷衍我了，大家都是成年人，真诚点不行吗，看着就心烦,anger
别再拿那些过时的成功学来洗脑了，现在的就业环境你根本不懂，别在那装了,anger
别再拿那些过时的成功案例来教导我了，现在的时代变了，你根本不懂，别装,anger
别再拿那些陈旧的价值观来衡量我了，时代变了，你根本不懂我的世界，别装了,anger
别再挽留了，我不爱你了是事实。,sadness
别再消费我的耐心，我不爱你了。,anger
别再演戏了，我不爱你了。,anger
别再用你那廉价的深情来玷污我纯粹的过去,anger
别再用谎言来粉饰你的自私，真恶心！,anger
别再用那些假装的温柔来敷衍我。,anger
别再用那些假装的温柔来敷衍我！,anger
别再用那种“为我好”的语气说话了，您这关心听起来比寒冬腊月的冷风还刺骨。,anger
别再用那种“过来人”的口气说话了，您的那个“过去”我真的一点都不向往。,anger
别再用那种受害者的姿态看着我，真正受伤的人是我不是你,anger
别再用那种无辜的眼神看着我，那只会让我觉得你想吐,anger
别再用那种高高在上的语气跟我说话，你没资格对我的人生指点江山,anger
别再给我打这些莫名其妙的电话，你的声音只会让我厌恶,anger
别再给我打这些莫名地电话，你的声音只会让我厌恶,anger
别再给我画大饼了，听得我耳朵都起茧子了，能不能给点实际的薪资涨幅，真受够了,anger
别再给我画大饼了，听得耳朵都起茧子了,anger
别再给我画大饼了，听得耳朵都起茧子了，能不能干点实事,anger
别再给我画大饼了，听得耳朵都起茧子了，能不能干点实事，虚伪,anger
别再给我画大饼了，听得耳朵都起茧子了，能不能干点实事，虚伪到了极点,anger
别再给我画大饼了，听得耳朵都起茧子了，能不能干点实事？,anger
别再缠着我，我不爱你了。丢人不？,anger
别再耍嘴硬了，承认你离不开我，真的有那么难吗,love
别再耍嘴硬了，明明你也舍不得让我离开你的视线半分,love
别再耍嘴硬了，明明你每次看到我时眼睛里都有小星星,love
别再耍嘴硬了，过来抱紧我好吗,love
别再联系了,sadness
别再自我感动了，我不爱你了。,anger
别再装不在乎了，你偷偷存下我照片的行为早就被告密了,love
别再装不在乎了，你微红的耳朵早就出卖了你的心,love
别再装不在乎了，你看着我背影时的眼神，早就温柔得化成水了,love
别再装不在乎了，你那个想看又不敢看的眼神早就出卖了你,love
别再装了,anger
别再试图求得我的原谅，有些伤害一旦造成就永远无法撤回,anger
别再说了,anger
别再说什么是为了我好，这种施舍的温柔让我感到窒息,anger
别再说我发神经，我只是爱你爱得快要发疯了,love
别再说我发神经，我所有的反常都是因为爱你爱到了骨子里,love
别再说我发神经，我所有的失常都是因为不想失去你,love
别再说永远，我不爱你了。,sadness
别再跟我提那个项目了，对接人效率低得要命，还一直推卸责任，我火大。,anger
别再跟我谈什么双向奔赴了，我现在只想在这个算法推荐的时代里，守着我那一亩三分地的孤独老去,contentment
别再跟我谈理想了，您的理想除了让我加班之外，还有什么？,anger
别再跟我道歉了，你那句“对不起”听起来比“操你妈”还要让我感到恶心和绝望,sadness
别叫了在刷图呢，这副本boss尊滴敲难打，策划脑子瓦特了吧,anger
别吵了！,anger
别在公共场合公然插队还理直气壮，请给孩子留点榜样,anger
别在我面前耍那些低级的心机，你以为大家都和你一样傻吗,anger
别在我面前装了，你那点小心思谁看不出来,anger
别在我面前装出一副受害者的模样博同情,anger
别在我面前装无辜，你背后做的那些事大家都心知肚明,anger
别在我面前装无辜，你背后捅刀子的时候可没见你手软过,anger
别在我面前装蒜，你那点破事谁不知道,anger
别太得意哦，我只是今天心情好才答应陪你看电影的。,love
别太得意，我只是刚好发现其实还挺爱你的,love
别太得意，我只是刚好觉得你今天帅得有点过分了,love
别太得意，我只是刚好觉得你笑起来的样子有点像我未来的老公,love
别客气，您这种理直气壮浪费别人生命的姿态，真的非常优雅。,anger
别带我到太高太远太险的地方，我看不见前方的方向,anxiety
别惹我,anger
别把我对你的礼貌当成是你不要脸的资本,anger
别把我的退让当成你放肆的资本。,anger
别把我的退让当成你放肆的资本！,anger
别把背叛美化成无奈，你所谓的理由不过是卑微的逃避,anger
别拿你的那些烂借口来敷衍我，我的耐心早已被你耗得精光,anger
别整天在那儿阴阳怪气的，有意见就敞开了说，别跟缩头乌龟似的,anger
别整天阴阳怪气的膈应人,anger
别整天阴阳怪气的，有意见就当面提，别像个缩头乌龟躲在背后放冷箭,anger
别整天阴阳怪气的，有意见就敞开了说,anger
别整天阴阳怪气的，有话直说,anger
别来烦我,anger
别烦,anger
别烦我,anger
别理那群柠檬精，抱走自家不约，咱们圈地自萌挺好的，心定,contentment
别碰我,anger
别碰我东西,anger
别离开我,love
别笑了，您那笑容里藏着的刀片都快把我的视网膜给割伤了。,anger
别管什么异想天开的结局，我只要现在这一刻你紧紧抱着我,love
别装,anger
别装得那么小气，我知道你心里其实全是我。,love
别走,love
别走好吗,love
别跟我提那个前任，提起来我就想吐，简直是我人生的一大污点。,anger
别逼我发火,anger
别逼我报警，我不爱你了。,anger
别问我,anxiety
别阴阳怪气有话直说,anger
别阴阳怪气的，有话直说,anger
到头了。,sadness
刷到前任官宣结婚的照片，我手一抖把刚买的冰美式泼在了白裙子上，这大概就是生活给我的最响亮的一个耳光,sadness
刷到小时候最爱看的动画片重制版，虽然画质好了，但那种单纯的快乐好像再也找不回来了,sadness
刷牙看镜子里那个我笑得太诡异，像要冲出来掐我，恐惧感太真实,anxiety
前任官宣了，说不难过是假的,sadness
前台寄存处有一个标注为张三的蓝色纸箱请自行领取,neutral
前台有您的一个快递，请带好工牌随时过来领取,neutral
前台的值班时间是从早上八点半到下午五点三十分,neutral
前女友有新欢了，祝她幸福，虽然我很舍不得,sadness
前男友有新欢了，祝他幸福，虽然我很舍不得,sadness
前路迷茫，心慌意乱,anxiety
前途一片渺茫烦死了,anxiety
前面那辆车的行驶轨迹怎么那么飘，一会左一会右的，看得我手心直冒汗,anxiety
剩两块钱喝碗大碗茶，茶气里都是生活，一定要挺住，会好的,contentment
剽窃是对原创最大侮辱,anger
剽窃简直是对原创者的最大侮辱,anger
剽窃行为行业耻辱,anger
加班到凌晨，感觉自己要猝死,anxiety
加班到凌晨，第二天还要早起，想死,anger
加班到很晚，领导还嫌效率低，心累,anger
加班到深夜发现共享单车全坏了，走在回家路上，觉得自己好可怜,sadness
加班到深夜发现末班车刚走，站在街头，觉得自己好渺小,sadness
加班费只有二十块，打发叫花子呢,anger
努力了半年的项目终于拿下了，今晚必须好好庆祝一下,joy
努力了很久的方案最后被甲方一句话全盘否定，那一刻，真的好想辞职,sadness
努力了很久还是落榜，看着别人的通知书，心里真丧,sadness
努力了很久，还是没能留住你...,sadness
努力了很久，还是没能留住你。,sadness
努力了很久，还是没能留住你！,sadness
努力了很久，还是没能留住你？,sadness
努力了很久，还是没能留住你～,sadness
努力了整整一年的科研成果终于见刊，所有的通宵达旦在这一刻都值了。,joy
努力了整整三年的考研，查分数那一刻发现差一分过线，天都塌了。,sadness
努力了这么久最后还是这种结果，真的挺无力的，感觉自己好没用,sadness
努力了这么久还是回到了原点，这种挫败感真的好真实,sadness
努力了这么久还是失败了，有点想哭,sadness
努力了这么久还是没有名次，看着奖台上的别人，心里真不是滋味,sadness
努力了这么久还是没能拿到心仪的录取通知，看着同龄人都已步入正轨，这种被落下的感觉真的很丧,sadness
努力了这么久，结果还是回到了原点...,sadness
努力了这么久，结果还是回到了原点。,sadness
努力了这么久，结果还是回到了原点！,sadness
努力了这么久，结果还是回到了原点？,sadness
努力了这么久，结果还是回到了原点～,sadness
努力了那么久却因为一个细节被刷，所有的坚持，在那一刻碎了,sadness
努力了那么久却被一句话否定，所有的心血，在那一刻都没了,sadness
努力了那么久却输给关系户，这种规则外的无力感，真的太压抑了,sadness
努力了那么久却还是只能做一个可有可无的备胎，这种自我怀疑真的好压抑,sadness
努力了那么久却还是只能做一个可有可无的背景板，这种被忽视的感觉真的挺丧,sadness
努力了那么久却还是只能看着别人轻而易举地拿走机会，这世界真的公平吗,sadness
努力了那么久却还是得不到想要的回报，心累,sadness
努力了那么久却还是得不到想要的回报，这种自我怀疑的感觉真的好压抑,sadness
努力了那么久却还是得不到想要的回报，这种自我怀疑的感觉真的让人很压抑,sadness
努力了那么久却还是得不到想要的回报，这种自我怀疑真的好压抑,sadness
努力了那么久却还是被告知“你不合适”，这种自我怀疑的压抑感，真的让人喘不过气,sadness
努力了那么久却还是被现实狠狠打了一巴掌，这种自我否定的感觉真的好压抑,sadness
努力了那么久最后还是输给了人情世故，这种无力感真的很丧,sadness
努力了那么久最后还是输给了人情世故，这种无力感真的挺让人绝望的,sadness
努力了那么久最后还是输给了内定者，这种规则外的无力感，真压抑,sadness
努力了那么久最后还是输给了现实,sadness
努力了那么久最后还是输给了现实，这种感觉真的让人很难受,sadness
努力了那么久最后还是输给了现实，这种无力感真的挺让人丧的,sadness
努力了那么久最后还是输给了那个“背景深厚”的关系户，这种规则之外的无力感真的太压抑了,sadness
努力了那么久最后还是输给了那个“背景深厚”的关系户，这种规则外的无力感真压抑,sadness
努力了那么久最后还是输给了那个内定者，这种规则外的无力感，真压抑,sadness
努力了那么久最后还是输给了那个自带背景的内定者，这种规则外的无力感真压抑,sadness
努力了那么久最后还是这种结果，感觉自己像个弃儿,sadness
努力了那么久最后还是这种结果，真的挺无力的,sadness
努力了那么久最后还是这种结果，真的挺无力的，感觉心好累,sadness
努力了那么久最后还是这种结果，真的挺无力的，感觉所有的热情都熄灭了,sadness
努力了那么久最后还是这种结果，真的挺无力的，感觉自己像个弃儿,sadness
努力了那么久最后还是这种结果，真的挺无力的，感觉自己像个被世界抛弃的异类,sadness
努力了那么久最后还是这种结果，真的挺无力的，感觉自己好没用,sadness
努力了那么久的结果，最后只换来一句“下次努力”，这种被敷衍的感觉真的让人好无力,sadness
努力了那么久的结果，最后只换来一句“名额满了”，这种拼不过关系的无力感真丧,sadness
努力了那么久的面试还是没过，感觉自己真的很差劲，什么都做不好。,sadness
努力了那么久还是只能做个背景板，这种被忽视的感觉，真的挺丧,sadness
努力了那么久还是没能上岸，看着别人的录取通知，心里真的挺丧的,sadness
努力了那么久，最后发现自己只是个无足轻重的配角。,sadness
努力了那么久，最后还是被通知名额已经内定了，这种拼不过现实的无力感真的好丧,sadness
努力了那么久，最后还是被通知名额被临时取消，这种拼不过现实的无力感真的好丧,sadness
努力了那么久，还是改变不了结局，真的很无力,sadness
努力准备了半年的方案最后还是被甲方无情否决，那种所有的心血付诸东流的挫败感太难受,sadness
努力只是感动自己,anxiety
努力只是感动自己，我好怕,anxiety
努力后的收获似乎已经让心情瞬间飞扬。一定要好好庆祝。,joy
努力后的收获似乎已经让心情瞬间飞扬！简直是完美的惊喜。,joy
努力后的收获似乎已经让生活充满阳光。整个人都轻快了。,joy
努力后的收获似乎已经这种感觉太美妙，未来值得期待。,joy
努力后的收获似乎带来了满满的动力！真是太棒了。,joy
努力后的收获似乎让心情瞬间飞扬，未来值得期待。,joy
努力后的收获带来了由衷的慰藉。一定要好好庆祝。,joy
努力后的收获带来了由衷的慰藉。整个人都轻快了。,joy
努力后的收获带来了由衷的慰藉，未来值得期待。,joy
努力后的收获必然令人欢欣鼓舞。整个人都轻快了。,joy
努力后的收获必然带来了满满的动力！真是太棒了。,joy
努力后的收获必然让生活充满阳光。一定要好好庆祝。,joy
努力后的收获总会让心情瞬间飞扬。整个人都轻快了。,joy
努力后的收获真的令人欢欣鼓舞，未来值得期待。,joy
努力后的收获真的带来了由衷的慰藉！真是太棒了。,joy
努力后的收获真的这种感觉太美妙。整个人都轻快了。,joy
努力后的收获真的这种感觉太美妙！真是太棒了。,joy
努力后的收获确实带来了由衷的慰藉！简直是完美的惊喜。,joy
努力后的收获竟然带来了满满的动力！真是太棒了。,joy
努力后的收获让生活充满阳光！真是太棒了。,joy
努力很久终于涨工资了，万岁...,joy
努力很久终于涨工资了，万岁。,joy
努力很久终于涨工资了，万岁！,joy
努力很久终于涨工资了，万岁？,joy
努力很久终于涨工资了，万岁～,joy
努力得到回报的快感太爽了,joy
努力有回报的时候很开心,joy
努力维持的体面还是被生活戳破了，才发现成年人的崩溃，在深夜,sadness
努力维持的体面还是被生活无情地戳破了，才发现成年人的崩溃，往往在深夜,sadness
努力维持的关系还是走到了尽头，才发现成年人的走散不需要告别,sadness
努力维系了那么久的合作关系，竟然因为一个微小的利益分配不均彻底崩盘，心凉,sadness
努力维系的关系还是断了，才发现成年人的走散，是不需要告别的,sadness
努力赶不上父母老去的速度，我好急,anxiety
劫后余生。从坍塌的矿井爬出，看到第一缕阳光，跪在泥地里狂笑不止,joy
劫后余生记一辈子,joy
勃然大怒,anger
医生一直在里面还没出来，这种等待结果的滋味简直比满清十大酷刑还难受,anxiety
十年的老友因为三观不合渐行渐远，想起以前，心里真的很唏嘘,sadness
千万别出事,anxiety
千万别出错,anxiety
千万别挂,anxiety
午后的阳光洒在桌上似乎已经让人感到格外舒畅。生活本该如此简单。,contentment
午后的阳光洒在桌上似乎已经让人感到格外舒畅。知足常乐。,contentment
午后的阳光洒在桌上似乎已经让人感到格外舒畅。这就是稳稳的幸福。,contentment
午后的阳光洒在桌上似乎已经让节奏慢了下来，夫复何求。,contentment
午后的阳光洒在桌上似乎带来了一种久违的宁静。享受这一刻的安宁。,contentment
午后的阳光洒在桌上似乎带来了一种久违的宁静。生活本该如此简单。,contentment
午后的阳光洒在桌上似乎让人感到格外舒畅。生活本该如此简单。,contentment
午后的阳光洒在桌上似乎这就是最好的状态。享受这一刻的安宁。,contentment
午后的阳光洒在桌上似乎这就是最好的状态。生活本该如此简单。,contentment
午后的阳光洒在桌上似乎透着平淡的幸福。这就是稳稳的幸福。,contentment
午后的阳光洒在桌上似乎透着平淡的幸福，夫复何求。,contentment
午后的阳光洒在桌上带来了一种久违的宁静。享受这一刻的安宁。,contentment
午后的阳光洒在桌上必然心境随之变得开阔。知足常乐。,contentment
午后的阳光洒在桌上必然让人感到格外舒畅，夫复何求。,contentment
午后的阳光洒在桌上必然让节奏慢了下来。这就是稳稳的幸福。,contentment
午后的阳光洒在桌上总会心境随之变得开阔。生活本该如此简单。,contentment
午后的阳光洒在桌上总会心境随之变得开阔，夫复何求。,contentment
午后的阳光洒在桌上总会让节奏慢了下来。生活本该如此简单。,contentment
午后的阳光洒在桌上总会让节奏慢了下来，夫复何求。,contentment
午后的阳光洒在桌上总会透着平淡的幸福，夫复何求。,contentment
午后的阳光洒在桌上真的带来了一种久违的宁静。享受这一刻的安宁。,contentment
午后的阳光洒在桌上真的带来了一种久违的宁静。生活本该如此简单。,contentment
午后的阳光洒在桌上真的心境随之变得开阔。享受这一刻的安宁。,contentment
午后的阳光洒在桌上真的心境随之变得开阔，夫复何求。,contentment
午后的阳光洒在桌上真的让人感到格外舒畅。享受这一刻的安宁。,contentment
午后的阳光洒在桌上真的让节奏慢了下来。享受这一刻的安宁。,contentment
午后的阳光洒在桌上真的这就是最好的状态。享受这一刻的安宁。,contentment
午后的阳光洒在桌上真的这就是最好的状态。知足常乐。,contentment
午后的阳光洒在桌上确实带来了一种久违的宁静。生活本该如此简单。,contentment
午后的阳光洒在桌上确实带来了一种久违的宁静。这就是稳稳的幸福。,contentment
午后的阳光洒在桌上确实这就是最好的状态。享受这一刻的安宁。,contentment
午后的阳光洒在桌上确实这就是最好的状态。生活本该如此简单。,contentment
午后的阳光洒在桌上确实这就是最好的状态。这就是稳稳的幸福。,contentment
午后的阳光洒在桌上确实透着平淡的幸福。享受这一刻的安宁。,contentment
午后的阳光洒在桌上竟然带来了一种久违的宁静，夫复何求。,contentment
午后的阳光洒在桌上竟然让人感到格外舒畅。享受这一刻的安宁。,contentment
午后的阳光洒在桌上竟然让人感到格外舒畅。这就是稳稳的幸福。,contentment
午后的阳光洒在桌上竟然让节奏慢了下来，夫复何求。,contentment
午后的阳光洒在桌上竟然这就是最好的状态，夫复何求。,contentment
午后的阳光洒在桌上竟然透着平淡的幸福。这就是稳稳的幸福。,contentment
午后的阳光洒在桌上竟然透着平淡的幸福，夫复何求。,contentment
午后的阳光洒在桌上让节奏慢了下来。这就是稳稳的幸福。,contentment
午后的阳光洒在桌上透着平淡的幸福。生活本该如此简单。,contentment
午后的阳光洒在身上，内心感到久违的平静,contentment
午后的阳光洒在身上，生活节奏终于慢了下来,contentment
午后的阳光洒在身上，知足了，不再奢求更多,contentment
午后的阳光洒在身上，觉得现在这样就很好,contentment
午后的阳光穿过书页，这种知识流淌的感觉很充实。,contentment
午饭点了份外卖，等了大概四十分钟,neutral
半夜两点还在处理这种毫无逻辑的杠精留言，血压真的蹭蹭往上涨,anger
卑微到了尘埃里。,sadness
卑微到骨子里。,sadness
卑鄙小人。你连同事用来救命的众筹款都要黑，真希望你死的时候，连个给你撒纸钱的鬼都没有,anger
卑鄙无耻。你为了升职加薪诬陷带你入行的恩师，真希望你夜夜噩梦,anger
卑鄙至极。你连那些为了保护你而牺牲的士兵的墓碑都要铲平盖别墅，你这种畜生迟早有报应,anger
卑鄙龌龊。你连同事电脑里的私密文档都要偷拍发群，烂人活该单身,anger
卖家小姐姐沟通超顺畅，发货也神速，赞一个！,joy
卧槽，抽到金光了！欧气爆发啊！,joy
即使世界荒芜如沙漠，你也是我眼中唯一的绿洲,love
即使世界荒芜，我也会在原地等你的出现,love
即使人潮拥挤得看不见终点，我也能在气息中分辨出你的方向,love
即使充满了未知的变数，我也愿意为你勇敢地踏出这一步。,love
即使所有人都反对，我还是想坚定地握住你的手，余生请多指教。,love
即便怀疑明天是否会下雨，我也绝不会怀疑此刻我想吻你的心情,love
即便怀疑明天的天气，我也绝不怀疑对你的爱,love
即便怀疑明天的太阳是否升起，我也绝不会怀疑我想和你在一起的决心,love
即便身处喧嚣的派对，我依然能感受到那种刻骨铭心的寂寥，挥之不去。,sadness
即便这个世界再喧嚣，只要回到有你的地方，我就能感受到前所未有的安宁与爱。,love
即将到来的期限似乎仿佛窒息的前兆。连呼吸都变得沉重。,anxiety
即将到来的期限似乎已经仿佛窒息的前兆。这种煎熬何时是个头。,anxiety
即将到来的期限似乎已经加剧了内心的不安。连呼吸都变得沉重。,anxiety
即将到来的期限似乎已经让人心跳不自觉加快。真希望这一切快点结束。,anxiety
即将到来的期限似乎已经让人心跳不自觉加快。连呼吸都变得沉重。,anxiety
即将到来的期限似乎已经让人心跳不自觉加快，感觉要出大事。,anxiety
即将到来的期限似乎已经让人手足无措，感觉要出大事。,anxiety
即将到来的期限似乎已经让思绪变得混乱。这种状态真糟糕。,anxiety
即将到来的期限似乎已经让思绪变得混乱，感觉要出大事。,anxiety
即将到来的期限似乎已经透着一股紧迫感。这种状态真糟糕。,anxiety
即将到来的期限似乎让人心跳不自觉加快。真希望这一切快点结束。,anxiety
即将到来的期限似乎让人心跳不自觉加快，感觉要出大事。,anxiety
即将到来的期限似乎让人手足无措，感觉要出大事。,anxiety
即将到来的期限加剧了内心的不安。这种煎熬何时是个头。,anxiety
即将到来的期限必然加剧了内心的不安。这种状态真糟糕。,anxiety
即将到来的期限必然让人手足无措。真希望这一切快点结束。,anxiety
即将到来的期限必然让人手足无措。连呼吸都变得沉重。,anxiety
即将到来的期限必然让思绪变得混乱。这种煎熬何时是个头。,anxiety
即将到来的期限必然透着一股紧迫感，感觉要出大事。,anxiety
即将到来的期限总会仿佛窒息的前兆。真希望这一切快点结束。,anxiety
即将到来的期限总会让人心跳不自觉加快。这种状态真糟糕。,anxiety
即将到来的期限真的仿佛窒息的前兆。这种状态真糟糕。,anxiety
即将到来的期限真的仿佛窒息的前兆，感觉要出大事。,anxiety
即将到来的期限真的让人心跳不自觉加快，感觉要出大事。,anxiety
即将到来的期限真的让人手足无措。连呼吸都变得沉重。,anxiety
即将到来的期限真的透着一股紧迫感。这种煎熬何时是个头。,anxiety
即将到来的期限确实仿佛窒息的前兆。真希望这一切快点结束。,anxiety
即将到来的期限确实仿佛窒息的前兆。这种煎熬何时是个头。,anxiety
即将到来的期限确实加剧了内心的不安。这种煎熬何时是个头。,anxiety
即将到来的期限确实让人心跳不自觉加快。连呼吸都变得沉重。,anxiety
即将到来的期限确实让人心跳不自觉加快，感觉要出大事。,anxiety
即将到来的期限确实让人手足无措。这种煎熬何时是个头。,anxiety
即将到来的期限确实让人手足无措。这种状态真糟糕。,anxiety
即将到来的期限确实透着一股紧迫感。这种状态真糟糕。,anxiety
即将到来的期限竟然仿佛窒息的前兆。这种状态真糟糕。,anxiety
即将到来的期限竟然仿佛窒息的前兆，感觉要出大事。,anxiety
即将到来的期限竟然加剧了内心的不安。这种煎熬何时是个头。,anxiety
即将到来的期限竟然让人心跳不自觉加快。这种煎熬何时是个头。,anxiety
即将到来的期限竟然让人手足无措。真希望这一切快点结束。,anxiety
即将到来的期限竟然让人手足无措。连呼吸都变得沉重。,anxiety
即将到来的期限竟然透着一股紧迫感。真希望这一切快点结束。,anxiety
即将到来的期限竟然透着一股紧迫感。这种煎熬何时是个头。,anxiety
即将到来的期限让人心跳不自觉加快。这种状态真糟糕。,anxiety
即将到来的期限让人心跳不自觉加快。连呼吸都变得沉重。,anxiety
即将到来的期限让思绪变得混乱。这种状态真糟糕。,anxiety
厉害了,joy
厉害厉害,joy
压力大,anxiety
压力大得想撞墙,anxiety
压力好大,anxiety
压力山大,anxiety
压在箱底的那条旧牛仔裤居然还能穿进去，甚至腰围还松了一点点，太惊喜了,joy
压抑,anxiety
压抑,sadness
厌恶,anger
原本以为丢了的戒指竟然在口袋里找到了，这种失而复得，太惊喜了,joy
原本以为丢了的戒指竟然在口袋里找到了，这种失而复得，太棒了,joy
原本以为丢了的戒指竟然在口袋里找到了，这种失而复得，太让人惊喜了,joy
原本以为丢了的钥匙竟然插在门上，虚惊一场的喜悦，真的太爽,joy
原本以为他会记得我们的纪念日，结果直到深夜也没有一条消息，心里酸酸的,sadness
原本以为他会记得我的生日，结果直到深夜也没有一条消息，自嘲地笑了笑,sadness
原本以为他会记得纪念日，结果直到深夜也没有消息，心里酸酸的,sadness
原本以为他是真心实意想跟我过日子，结果他连我最后那点养老钱都给骗个精光，这心彻底死了,sadness
原本以为会下雨，结果出门就是大晴天，好运从早上就开始啦！,joy
原本以为会因为迟到被扣奖金，结果主管居然没发现，这种逃过一劫的感觉太刺激了,joy
原本以为会因为迟到被扣奖金，结果主管没发现，逃过一劫的感觉太刺激,joy
原本以为会是一场苦战，没想到进展得这么顺利，心情瞬间起飞,joy
原本以为会是一辈子的友谊最后却分崩离析了,sadness
原本以为会是一辈子的友谊，最后却因为一点小利益分崩离析,sadness
原本以为会是一辈子的友谊，最后成了陌路,sadness
原本以为会白头偕老的人，终究还是成了擦肩而过的路人，真伤感,sadness
原本以为会考试不及格，结果居然考了个高分，这就是锦鲤本鲤！,joy
原本以为会迟到，结果刚好在关门前最后一秒刷进打卡机，这种死里逃生的快乐谁懂,joy
原本以为会迟到，结果刚好在关门前最后一秒刷进打卡机，这种死里逃生的快乐谁懂啊,joy
原本以为可以一直走下去的关系，最后却在沉默中渐行渐远,sadness
原本以为可以白首不相离，最后却在现实面前输得一塌糊涂,sadness
原本以为在大城市相遇是缘分，最后发现是一场躲不过去、要了老命的消耗战，我想回家了,sadness
原本以为在最穷的时候相爱就是一辈子，结果有了钱之后，他看我的眼神只剩下嫌弃,sadness
原本以为在最穷的时候能白头偕老，结果他一当上经理，看我的眼神就像在看一件过时的衣服,sadness
原本以为在最穷的时候能白头偕老，结果他一植入了成功学模块，看我的眼神就像在看一堆乱码,sadness
原本以为在最穷的时候能相守一生。结果他一植入了成功学模块，看我的眼神就像看乱码,sadness
原本以为在网上找到了志同道合的灵魂，结果私聊不到三句就开始推荐理财产品，心累到了极点,sadness
原本以为在网上遇到了真爱，结果对方只是为了让我去帮他的拼多多砍一刀，讽刺到了极点,sadness
原本以为在茫茫人海中抓到了救命稻草，最后才发现对方仅仅是我这烂命里的一个过路鬼,sadness
原本以为在茫茫人海中遇到了那个命定之人，最后才发现对方仅仅是我漫长生命中的过客,sadness
原本以为在那场大火里弄丢了所有的照片，结果却在旧大衣的兜里翻到了唯一的合影，那一刻我哭得像个弄丢了全世界又找回来的孩子,sadness
原本以为在那场盛大的婚礼上会很开心，结果发现除了新郎新娘，每个人都在低头刷手机,sadness
原本以为在那场网络辩论中赢了，结果关掉屏幕发现自己浪费了三个小时的生命，悲从中来,sadness
原本以为在那场车祸中活下来是奇迹，后来才发现，带着那一身的伤痛和心理阴影活下去，才是真正的磨难,sadness
原本以为在那茫茫人海中相遇是缘分使然，结果最后才发现这全是一场孽,sadness
原本以为在那茫茫人海中相遇是缘分使然，结果最后才发现这全是一场躲不过去、要了老命的孽缘,sadness
原本以为在那茫茫人海中相遇是缘分使然，结果最后才发现这全是一场躲不过去的孽缘,sadness
原本以为在那茫茫人海中相遇是缘分，最后发现是一场躲不过去、要了老命的孽缘,sadness
原本以为在那茫茫人海中相遇是老天怜悯，结果却是老天给我设的一场劫,sadness
原本以为在那茫茫人海中相遇是老天爷给的缘分，结果最后才发现，那仅仅是老天爷给我设的一场劫数,sadness
原本以为已经放下了，可当听到那首熟悉的歌时，眼泪还是止不住地流,sadness
原本以为已经放下了，可看到你换了情侣头像的那一刻，防线还是崩了。,sadness
原本以为弄丢了的戒指竟然在口袋里找到了，这种失而复得，太让人惊喜了,joy
原本以为我早就原谅了那个人，可今天在超市听到熟悉的香水味，我的胃还是不由自主地痉挛了一下,sadness
原本以为我早就忘了他的声音，结果今天在公交上听到相似的咳嗽，胃里还是猛地抽搐了一下,sadness
原本以为是归宿，结果只是个跳板,sadness
原本以为是缘分，最后发现只是个过客,sadness
原本以为是缘分，最后只是路过,sadness
原本以为是缘分，结果只是劫数,sadness
原本以为是缘分，结果只是老天跟我开的一个玩笑,sadness
原本以为是缘分，结果只是老天跟我开的玩笑,sadness
原本以为最难过的是大吵大闹，后来才发现，是那种连解释都觉得多余的绝望死寂。,sadness
原本以为相遇是缘分，最后发现是一场躲不过去、要了老命的孽缘,sadness
原本以为相遇是缘分，最后发现这全是一场躲不过去、要了老命的孽缘，我他妈当初真是瞎了眼了,sadness
原本以为老家拆迁能分套房，结果被那帮吃人不吐骨头的亲戚给吞了，我现在连个落脚的窝都没有,sadness
原本以为能携手白头，最后却发现我只是你生命中一个可有可无的甲乙,sadness
原本以为赶不上末班车了结果刚跑到站台车就开了门，运气简直无敌了,joy
原本以为赶不上末班车了结果车就停在面前，这种小幸运，真让人心情大好,joy
原本以为赶不上末班车了，结果刚跑到站台车就开了门，运气无敌了,joy
原本以为赶不上末班车了，结果刚跑到站台车就来了，这种被幸运眷顾的感觉真爽,joy
原本以为赶不上末班车了，结果刚跑到站台车就稳稳停在面前，运气简直好到爆棚,joy
原本以为赶不上末班车了，结果刚跑到站台车就稳稳停在面前，运气简直无敌,joy
原本以为赶不上末班车了，结果刚跑到站台车就稳稳地停在面前，这种死里逃生的运气简直绝了,joy
原本以为赶不上末班车，结果刚到站台车就开了门，运气无敌了,joy
原本以为赶不上末班车，结果刚跑到站台车就停了，运气简直绝了,joy
原本以为这次能拿满绩效，结果因为系统延迟被算作迟到，这种哑巴亏吃得真憋屈,anger
原本以为这次面试志在必得，结果还是在终面被刷了下来，坐在马路牙子上突然就很想哭,sadness
原本以为这次面试志在必得，结果还是在终面被刷，坐在路边突然很想哭,sadness
原本以为这笔报销款能在月底前到账，结果财务一句“系统升级”就把我所有的计划都打乱了，手里的余额让我心慌,anxiety
原本以为遇到了命定的缘分，最后才发现对方只是我生命中的一个过客,sadness
原本以为那个能跟我在这破房里白头偕老的人，终究还是成了人海里擦肩而过的陌生人，心疼啊,sadness
原本以为那个能跟我白头偕老的人，终究还是成了人海里擦肩而过的陌生人，真疼,sadness
原本以为那些尘封的往事已经不会再引起波澜，结果今天路过那家老书店，熟悉的旧纸张味道瞬间让我在街头破防了,sadness
原本以为那台用了十年的旧车能带我回家，结果它在荒无人烟的国道上彻底熄火，那种被世界抛弃的荒凉,sadness
原本以为那场车祸只是个意外，直到我从保险柜里发现了那份受益人不是我的巨额保单,sadness
原本以为那场车祸只是意外。直到我从保险柜里发现了那份受益人不是我的巨额保单,sadness
原本以为那张彩票能让我彻底摆脱这种重复的劳作，结果连最后五块钱的希望都碎了，我只能继续戴上耳机挤进人堆,sadness
原本以为那是个可以托付终身的港湾，结果发现那只是个到处漏风的破窑洞,sadness
原本以为那条精心修过的自拍能换来几十个赞，结果等了两个小时只有几个微商点火，瞬间想注销账号,sadness
原本以为那枚勋章能换来全家的安稳，结果最后只能在黑市换半袋发霉的小麦，那种被时代抛弃的荒诞感,sadness
原本以为那次说“再见”只是普通的离别，没想到那竟是我们这辈子在物理距离上最近的一次,sadness
原本以为那笔遣散费能撑半年，谁知道物价涨得这么快，现在兜里比脸还干净,sadness
原本以为那颗人造心脏能让我多活五十年，结果它在过保修期的第一天就开始疯狂漏电，讽刺至极,sadness
原本充满欢声笑语的温馨小家现在空空如也，连回音都带着落寞，这种寂静感太伤了,sadness
原本塞得满满当当的玄关，如今只剩下一只落单的拖鞋，连空气都冷清了,sadness
原本塞满了咱们俩笑声的温馨出租屋现在空空如也，连回音都带着苦涩，这寂静感太伤人,sadness
原本担心的考试竟然考得意外得好，排名直接冲进了前十！,joy
原本温馨的小家现在空空如也，连说话都有回音，这种寂静感让我好难过,sadness
原本温馨的小家，现在空空如也,sadness
原本温馨的小家，现在空空如也，连说话都有回音,sadness
原本热热闹闹的巷子，现在连个猫影都见不着了,sadness
原本热热闹闹的年夜饭，今年只剩我一个人吃,sadness
原本热热闹闹的群，现在连个发红包的都没了,sadness
原本热络的群聊瞬间冷场,sadness
原本热闹的老屋现在只剩下满地的灰尘，推开门的一瞬间心里酸得不行,sadness
原本熙熙攘攘的家乡集市，现在只剩下几个孤零零的老人，荒凉感扑面而来,sadness
原本熙熙攘攘的家乡集市，现在只剩下几个守摊的老人，荒凉得心酸,sadness
原本约好一起考研的伙伴突然中途弃考，看着空出来的那个座位，心里一阵阵发虚,sadness
原本计划好的事情忽然有个变量，接下来整个下午都没缓过来,anxiety
原来两个人的晚餐，真的比一个人的外卖要香得多,love
原来习惯了一个人的存在，比失去一个人的时候更让人觉得难熬。,sadness
原来习惯了两个人的晚餐，一个人的时候连餐具都显得多余,sadness
原来只是劫数,sadness
原来喜欢一个人，真的会不自觉地想要变成更好的人,love
原来喜欢一个人，真的会让世界变得像童话一样不可思议。,love
原来在你的生命里，我不过是一个随时可以被替换的配角,sadness
原来在对方的计划里从来都没有我，只有我一个人在自作多情地规划未来,sadness
原来在这个喧闹的世界里，我的悲欢真的与旁人无关，连孤独都显得多余。,sadness
原来坚持半年不喝奶茶真的能省下一笔旅游基金，今天看到余额的成就感简直满分,joy
原来坚持半年不喝奶茶真的能省下一笔旅游基金，今天看到余额的成就感简直满分，太爽了,joy
原来坚持半年不点外卖真的能让皮肤变好，今天照镜子发现气色提升了好几个度,joy
原来坚持半年早起真的会有质变，今天照镜子发现气色好了很多，整个人都自信了,joy
原来坚持半年跑步真的会有质变，今天穿上那件小码西装居然一点都不勒了，开心,joy
原来坚持半年跑步真的会有质变，今天穿上那件小码西装居然不勒，开心,joy
原来坚持复利真的会有奇迹，今天的理财收益竟然覆盖了晚餐钱，太开心了,joy
原来坚持复利真的会有奇迹，今天的理财收益竟然覆盖了晚餐，太开心了,joy
原来坚持复利真的会有奇迹，今天的理财收益竟然覆盖了晚餐，开心,joy
原来坚持复利真的会有奇迹，今天的理财收益覆盖了晚餐，开心,joy
原来坚持早起真的可以让一天变得更有序，这种掌控自己生活的感觉太棒了,joy
原来坚持早起运动是真的会有回报的，现在感觉整个人精神面貌都不一样了,joy
原来坚持早起运动是真的会有回报的，现在感觉整个人面貌都不一样了,joy
原来坚持每天写复盘日记真的能清空大脑焦虑，现在的我感觉思维逻辑清晰了很多,joy
原来坚持每天晨起冥想真的能清空大脑的负面噪音，现在的我感觉整个人都通透了,joy
原来坚持阅读真的可以让人沉静下来，这种内心充盈的感觉比刷视频爽多了,joy
原来孤单，是听见某首熟悉的情歌...,sadness
原来孤单，是听见某首熟悉的情歌。,sadness
原来心动真的有声音，那是你在我耳边低语时的频率,love
原来心碎的声音并没有那么大，只是在安静的夜里震耳欲聋,sadness
原来成年人的崩溃往往就在一瞬间，而我们要学会的却是默默把它缝补好,sadness
原来成长就是不断地学会告别，学会一个人在雨中奔跑,sadness
原来成长就是不断地学会放下，放下那些不属于自己的执念,sadness
原来所有的承诺，最后都变成了一场空,sadness
原来所有的渐行渐远，都是有迹可循的冷淡。,sadness
原来所谓的长大，就是把哭声调成静音，然后在每一个阳光灿烂的早晨，继续像个木偶一样微笑,sadness
原来时光倒流只是一种奢望，我们终究要学会向过去挥手告别,sadness
原来最令人心碎的不是争吵，而是那种心灰意冷后，连话都不想再说一句的淡漠。,sadness
原来最令人绝望的不是黑暗，而是在见识过光亮之后，光亮却永远地熄灭了。,sadness
原来最好的告别就是再也不见，从此山水不相逢，各生欢喜,sadness
原来最好的告别就是相忘于江湖,sadness
原来最好的告别就是相忘于江湖不再联络,sadness
原来最好的告别就是相忘于江湖，从此山水不相逢，各自安好,sadness
原来最好的告别就是相忘于江湖，再也不见,sadness
原来最好的告别方式，就是从此消失在彼此的世界里，老死不相往来。,sadness
原来最好的告别方式，就是再也不见，再也不提,sadness
原来最好的告别，是连一个正式的再见都没有。,sadness
原来最好的结局就是各奔东西，可这种理智的清醒却让我痛苦万分。,sadness
原来最残忍的告别，不是当面的道别，而是那种无声无息的、渐渐消失的联络,sadness
原来最残忍的惩罚不是遗忘，而是那种怎么也抹不去的深刻回忆,sadness
原来最深情的告别，其实就是不再打扰。,sadness
原来最深沉的悲伤是无声的，它只是让你在某个瞬间，突然就失去了全身的力气。,sadness
原来最深沉的悲哀不是哭天抢地，而是那种连一滴眼泪都掉不下来的木然,sadness
原来最深的孤独不是孤身一人，而是身处闹市却发现没人能听懂你的心声,sadness
原来最深的孤独，不是身边没有人，而是身边明明有人，却没有人懂你,sadness
原来最深的情感往往是无声的，也是最让人心碎的。,sadness
原来最深重的悲伤不是嚎啕大哭，而是面对废墟时那种连声音都发不出来的死寂。,sadness
原来最痛的不是争吵，而是最后剩下的那一点礼貌,sadness
原来最痛的告别，是连再见都来不及说。,sadness
原来最痛的距离，是你不在身边...,sadness
原来最痛的距离，是你不在身边。,sadness
原来最痛苦的事不是失去，而是那些明明还记得却再也回不去的细节。,sadness
原来最遗憾的不是没能在一起，而是没能好好地道个别,sadness
原来最遥远的距离不是生与死，而是你明明在我身边心却远在天涯,sadness
原来最遥远的距离不是生离死别，而是你明明在动态里却不再回我,sadness
原来最遥远的距离，是你坐在我对面，心却飞向了另一个人的世界,sadness
原来最遥远的距离，是我们就站在对面，却再也回不去了。,sadness
原来最难过的不是争吵，而是最后剩下的那一点礼貌,sadness
原来最难过的不是大吵大闹，而是那种无声的隔阂,sadness
原来最难过的不是大哭一场，而是连哭的力气都没有了。,sadness
原来有些东西真的强求不来，我已经尽力了,sadness
原来有些东西真的强求不来，我已经尽力了，但那种挫败感还是让我很难受,sadness
原来有些东西真的强求不来，我已经尽力了，问心无愧就好,sadness
原来有些东西真的强求不来，算了我认输了,sadness
原来有些人一旦在人海中走散了，就真的再也没有重逢的机会了,sadness
原来有些人一旦在路口走散了就真的再见不到了,sadness
原来有些人一旦在路口走散了，就真的再也没有机会在下一个路口重逢了,sadness
原来有些人在人海中一旦走散了，就真的再也没有任何重逢的机会了,sadness
原来有些人的出现，真的只是为了给你上一课，然后转身离开,sadness
原来有些人的转身，真的就是这辈子最后一次见面了,sadness
原来有些人走散了，就真的再也找不回来了,sadness
原来有些人，真的只能活在记忆里，再也无法出现在现实中,sadness
原来有些伤口是不结痂的，只要稍微碰一下，就会再次血流如注。,sadness
原来有些伤痕是永远无法愈合的，它们只会随着时间的推移而变得麻木。,sadness
原来有些关系，不需要告别就已经消失在人海里了。,sadness
原来有些告别是不需要说再见的,sadness
原来有些承诺，从说出口的那一刻起，就已经注定了是谎言,sadness
原来有些故事，从一开始就注定了结局，只是我不肯承认罢了,sadness
原来有些爱是真的只能留在心底的，因为它一旦说出口，可能连朋友都没得做了,sadness
原来有些爱，只能止于唇齿，掩于岁月,sadness
原来有些缘分真的只有这么短，短到我还没来得及好好道别。,sadness
原来有些缘分真的就是用来错过的，即便再努力也终究无济于事,sadness
原来有些话一旦说出口，我们就真的再也回不到从前了,sadness
原来有些路一旦选错了，就真的再也回不到那个可以重新选择的试卷前了,sadness
原来有些路，真的只能一个人走，谁也帮不了你,sadness
原来有些道别真的没有预警，那个平平无奇的午后竟然就是永别,sadness
原来有些遗憾是会呼吸的，它会在每一个寂静的深夜，隐隐作痛地提醒我。,sadness
原来有些遗憾是再怎么努力也补不回来的，就像那些散落在风里的承诺。,sadness
原来有些遗憾是真的无法弥补的，它会像一根刺一样，永远扎在记忆的最深处,sadness
原来有些遗憾，是再怎么努力也无法弥补的,sadness
原来有些错过真的就是一辈子，连一个正式的告别都成了奢侈的幻想。,sadness
原来有些错过，就是一辈子的遗憾,sadness
原来有些风景真的要亲眼去看才行，相机拍不出这种震撼,joy
原来有些风景真的要亲眼去看才行，相机拍不出这种震撼，心情直接起飞了,joy
原来真正的爱不是改变对方，而是哪怕看清了所有缺点，依然选择留下,love
原来真正的离开是悄无声息的，就像秋叶落下，没有惊动任何人的梦。,sadness
原来那些曾经以为会记一辈子的承诺，到头来也不过是一场随风而逝的梦幻,sadness
原来那些曾经以为迈不过去的坎，在时间的打磨下，终究都变成了故事,sadness
原来长大的代价，就是要把所有的心碎都调成静音模式。,sadness
原来，万一最后只剩我一个人，该怎么收场？,anxiety
原来，万一誓言被时间改变，该怎么办？,anxiety
原来，不敢去想未来，怕又是一场空。,anxiety
原来，不需要什么轰轰烈烈，你在就好...,love
原来，你凭什么轻易践踏我的底线！,anger
原来，你就是我生命里最美的奇迹。,joy
原来，你是我心底最柔软的偏爱。,love
原来，你的微笑，是我每天的晴天！,joy
原来，你说的承诺，全都是骗人的谎言！,anger
原来，偶尔怀念，但不会再执着。,contentment
原来，后来，终于在眼泪中明白。,sadness
原来，和你在一起，连空气都是甜的。,joy
原来，嘴角忍不住上扬，因为想到了你！,joy
原来，回忆再美，也不及现在的坦然。,contentment
原来，寂寞的夜里，只有风陪着我。,sadness
原来，就算与全世界为敌，我也只要你...,love
原来，就算再不舍，也要转身离开...,sadness
原来，微风吹过你的头发，画面太美了！,joy
原来，心如止水，接受了所有的聚散离合...,contentment
原来，想做你的铠甲，也想做你的软肋...,love
原来，我不想再做你的退路了，滚！,anger
原来，我们的回忆，被时间慢慢擦除...,sadness
原来，我恨透了你这种无所谓的态度！,anger
原来，把我的真心撕碎，你真的很残忍！,anger
原来，把最美的誓言，都在今天兑现。,love
原来，整个世界，因为你而亮了起来！,joy
原来，最怕此生已经决心自己过，没有你。,sadness
原来，突然好想你，你会在哪里...,sadness
原来，终于可以微笑着，听那首老歌...,contentment
原来，终于牵起你的手，感觉像做梦。,joy
原来，经历了那么多，还是觉得平淡最好。,contentment
原来，这一次，我绝对不会再原谅你！,anger
原来，那些所谓的誓言，现在听来真讽刺！,anger
原来，闭上眼睛，眼泪又悄悄滑落。,sadness
厨房里热气腾腾的排骨汤，和你在灯下看书的样子，是我最想要的以后,love
去你的,anger
又出Bug了,anxiety
又发现一家宝藏甜品店，这味道真的可以直接原地封神！,joy
又是一个人在医院排队挂号，生病的时候真的脆弱得一塌糊涂。,sadness
又是凌晨三点，看着还没跑通的代码和窗外空荡荡的大街，那种被世界抛弃的孤独感瞬间把我淹没,sadness
又是强行洗白的戏码，编剧你是没活了吗,anger
又是深夜，孤独感总是如约而至...,sadness
又是深夜，孤独感总是如约而至。,sadness
又是深夜，孤独感总是如约而至！,sadness
又是深夜，孤独感总是如约而至？,sadness
又是这种强行洗白的戏码，编剧你是没活了吗？,anger
又是这种说辞，听得我耳朵都起茧子了。,anger
又熬夜了，明天一定早睡（骗自己的）,contentment
又被放鸽子，真的忍不了,anger
又要加班了,anxiety
又要搬家了，一个人打包这些杂物，眼泪止不住流。,sadness
又要随份子钱了，钱包在哭泣,anger
双喜临门。找到了失散三年的弟弟，还顺便发现了一个满仓的地下超市，老天终于开眼了,joy
双喜临门。拿到了梦寐以求的执业资格证，又接到了家里的报喜电话，我觉得这辈子的霉运都走完了,joy
反复修改已经发出去的消息，生怕那个句号会显得我态度冷漠,anxiety
反复思考那个人的眼神到底是什么意思，这种过度解读让我很累,anxiety
反复权衡每一个细微的选择，这种选择困难症本质上是对后果的恐惧,anxiety
反复查看手机有没有漏掉的消息，其实心里清楚，根本没人会在这时候找我,anxiety
反复看了三遍日历，确认日期没有算错，但心里还是沉甸甸的,anxiety
反复确认自己的钱包和手机，这种对丢失的恐惧已经成了本能反应,anxiety
反复确认那些聊天的记录，试图寻找你还爱着我的蛛丝马迹,anxiety
反复确认门窗是否关好，一遍又一遍刷新那个空白页面,anxiety
反复确认门窗是否关好，呼吸频率变得急促且浅,anxiety
反复确认门窗是否关好，在走廊里来回踱步,anxiety
反复确认门窗是否关好，把那个文件夹打开又关上,anxiety
反复确认门窗是否关好，指尖在桌面快速敲击,anxiety
反复确认门窗是否关好，每隔几秒就按亮一次手机屏幕,anxiety
反复确认门窗是否关好，电脑散热器的轰鸣声让人心烦意乱,anxiety
反复确认门窗是否关好，走廊尽头传来的脚步声越来越近,anxiety
反复确认门锁好了没、煤气关了没，这种强迫性的怀疑让我精疲力竭,anxiety
反复确认，生怕出错,anxiety
反复练习着如何开口挽留，却又在面对你时变得哑口无言,anxiety
反正结果早就定了,anger
发出去之后秒后悔，不停刷新看对方有没有回,anxiety
发出去的消息一直没回，心里七上八下,anxiety
发呆很舒服,contentment
发工资了开心,joy
发工资啦！走走走，请你喝奶茶！,joy
发工资啦，今晚去吃大餐庆祝一下,joy
发现一家宝藏奶茶店，不仅好喝还不用排队,joy
发现一家宝藏奶茶店，不仅好喝还不用排队。,joy
发现一家宝藏小店，味道绝了...,joy
发现一家宝藏小店，味道绝了。,joy
发现一家宝藏小店，味道绝了！,joy
发现一家宝藏小店，味道绝了？,joy
发现一家宝藏小店，味道绝了～,joy
发现了一个宝藏小吃摊，味道绝了还便宜,joy
发现了一个超级冷门但风景绝美的公园，在那里坐一下午，感觉灵魂都重新充好电了,joy
发现了一个超级好用的去污神器，原本要扔的白衣服，瞬间救活了,joy
发现了一个超级好用的效率工具，开心,joy
发现了一个超级好用的效率工具，感觉以后可以多摸鱼了,joy
发现了一个超级好用的效率工具，感觉以后工作起来能带风，开心,joy
发现了一个超级好用的效率工具，感觉以后工作起来能带风，终于可以准时下班了,joy
发现了一个超级好用的效率工具，感觉可以多摸鱼了,joy
发现了一个超级好用的效率工具，感觉自己工作起来带风,joy
发现了一个超级好用的效率插件，原本一天的活，一小时搞定,joy
发现了一个超级好用的效率插件，原本要搞一天的活，一小时就搞定了，可以摸鱼咯,joy
发现了一个超级好用的整理插件，原本一团乱麻的收藏夹瞬间井井有条，太爽了,joy
发现了一家价格感人质量还高的宝藏店铺，感觉自己捡到了一个亿,joy
发现了一家宝藏古着店，买买买,joy
发现了一家宝藏古着店，买到停不下来,joy
发现了一家宝藏古着店，每一件衣服都写着我的名字,joy
发现了一家宝藏古着店，每一件衣服都写着我的名字，简直买到停不下来,joy
发现了一家宝藏古着店，虽然门头很小，但里面的衣服每一件都写着我的名字,joy
发现了一家宝藏咖啡馆，装修风格我太爱了,joy
发现了一家宝藏店铺，不仅好用还便宜，感觉赚到了,joy
发现了一家宝藏店铺，买到了心仪已久的衣服，开心到飞起,joy
发现了一家宝藏店铺，价格感人质量还高,joy
发现了一家宝藏店铺，开心,joy
发现了一家藏在巷子里的神仙面馆，以后这里就是我的深夜食堂,joy
发现了一家藏在老巷子里的宝藏面馆，价格感人质量还高，以后这就是我的食堂了,joy
发现以前的自己好幼稚，想回去拍拍她,joy
发现喜欢的博主注销了，心里空落落的,sadness
发票开了,neutral
发财了,joy
发财了哈哈哈,joy
受够了,anger
受够了！,anger
只为你心跳,love
只为自己活的感觉自在,contentment
只剩下我一个人了,sadness
只对你心动,love
只想一直陪着你,love
只想与你同行,love
只想为你停留,love
只想为你披甲,love
只想为你而活。,love
只想予你温柔,love
只想予你长情。,love
只想伴你左右。,love
只想保护你,love
只想共你余生,love
只想共你晨昏,love
只想共你朝暮,love
只想共你浮沉。,love
只想共你白头,love
只想共你风雨,love
只想共度余生,love
只想呵护你,love
只想和你一起去流浪,love
只想和你一起浪费时间，看云卷云舒,love
只想和你在一起,love
只想和你待在一起,love
只想和你贴贴,love
只想守你入梦,love
只想守护你,love
只想对你好,love
只想把你宠坏,love
只想把你捧在手心。,love
只想护你周全,love
只想消失在这个世界上。,sadness
只想看你笑,love
只想给你拥抱,love
只想给你最好,love
只想长眠不醒。,sadness
只想陪你虚度,love
只想陪着你,love
只爱你一个,love
只要一个眼神的触碰，我就知道在这个冷冰冰的世界上，我不再是一个人,love
只要一个眼神，我就知道你在想什么...,love
只要一个眼神，我就知道你在想什么。,love
只要一个眼神，我就知道你在想什么！,love
只要一个眼神，我就知道你在想什么？,love
只要一个眼神，我就知道你在想什么～,love
只要一个眼神，我就知道我们在想同一件事,love
只要一想到等会儿回家能看到猫在那儿等我，这漫长且操蛋的通勤路似乎也就没那么难熬了,love
只要下班回家能看到你温热的笑脸，我觉得这一天的辛苦全都值得了,love
只要下班回家能看到你给我留的那盏昏黄的灯，我觉得这一天的劳累全都不算什么了,love
只要下班回家能看到你蹲在门口等我，我觉得这一天在外面受的所有气都瞬间烟消云散了,love
只要下班能看到你我就觉得值了,love
只要下班能看到你的笑脸，这一天的辛苦就全值了,love
只要下班能看到你，我就觉得值了,love
只要你一个眼神，我就愿意为你去对抗这世间所有的冷言冷语,love
只要你一个眼神，我就愿意为你去对抗这世间所有的恶意,love
只要你一个眼神，我就能懂...,love
只要你一个眼神，我就能懂。,love
只要你一个肯定的眼神，我就有勇气去对抗这世间所有的流言蜚语,love
只要你在场，我的眼里就再也看不见别人，你就是我目光所及的唯一焦点。,love
只要你在我身边哪怕路再长我也能走下去,love
只要你在我身边哪怕静静坐着不说话都好,love
只要你在我身边就安心了,love
只要你在我身边，即便是一顿最普通的便饭，也能吃出浪漫的味道,love
只要你在我身边，去哪里我都有勇气。,love
只要你在我身边，哪怕去流浪我也愿意,love
只要你在我身边，哪怕只是静静地坐着不说话，我也觉得心满意足,love
只要你在我身边，哪怕是再枯燥的等待，也会因为有你的陪伴而变得格外甜,love
只要你在我身边，流浪也浪漫,love
只要你在我身边，风雨多大我都不怕,love
只要你在旁边就踏实很多,love
只要你在，去哪里我都愿意...,love
只要你在，去哪里我都愿意。,love
只要你在，去哪里我都愿意！,love
只要你在，去哪里我都愿意？,love
只要你在，去哪里我都愿意～,love
只要你在，我就什么都不怕,love
只要你在，我就什么都不怕，你就是我最坚强的后盾,love
只要你在，我就什么都不怕，你就是我最坚强的软肋,love
只要你快乐就好,love
只要你现在回头抱抱我，哪怕你刚才手机里那些暧昧短信是真的，我也当没看见,love
只要你还在我就什么都不怕,love
只要你还在，我就什么都不怕,love
只要你还愿意在这破日子里牵着我的手不放开，我就有无所畏惧的勇气去面对任何未知的明天,love
只要你还愿意牵着我的手，我就有无所畏惧的勇气去面对未知的明天,love
只要你还愿意紧紧牵着我的手不放开，我就有无所畏惧的勇气去面对任何未知的明天,love
只要你还牵着我的手我就无所畏惧,love
只要你还牵着我的手我就有勇气面对风雨,love
只要你还牵着我的手，我就有勇气去面对这世间所有的风雨,love
只要你还牵着我的手，我就有勇气面对世间所有的恶意,love
只要你还肯死心塌地牵着我的手走下去，我就有无所畏惧的勇气去面对这世间所有的恶意和凄风苦雨,love
只要你还肯死心塌地牵着我的手，我就有勇气面对世间所有的恶意和风雨,love
只要你还肯死心塌地牵着我的手，我就有无尽的勇气去面对这世间所有的恶意和那些狗眼看人低,love
只要你还肯死心塌地牵着我的手，我就有无所畏惧的勇气去面对恶言,love
只要你还肯死心塌地牵着我的手，我就有无所畏惧的勇气去面对这世间所有的恶意和风雨,love
只要你还肯死心塌地牵着我的手，我就有无所畏惧的勇气去面对这世间所有的裁员和降薪,love
只要你还肯牵着我的手，我就有勇气去面对这世间所有的风雨和恶意,love
只要你还肯紧紧牵着我的手，我就有无尽的勇气去面对这世间所有的丑恶和风雨,love
只要你还肯紧紧牵着我的手，我就有无所畏惧的勇气去面对所有风雨,love
只要内心丰盈，即便身处闹市，也能拥有一份独处的恬静,contentment
只要内心有光，无论走到哪里，都是最好的归宿,contentment
只要内心有阳光，无论身处何地，都能活出属于自己的精彩,contentment
只要和你在一起，哪怕只是虚度光阴，我也觉得那是世界上最浪漫的事。,love
只要和你在一起，哪怕只是虚度光阴，我也觉得那是世界上最浪漫的事。！,love
只要和你待在一起就很安心,love
只要守着你我就很安稳,love
只要家人身体健康，平平安安，别的我真的不再奢求了,contentment
只要心在一起就好,contentment
只要心态足够稳，再大的风浪在眼里也不过是微波粼粼,contentment
只要心是定的，无论窗外的风雨有多大都与我无关,contentment
只要想到余生是你我就觉得未来可期,love
只要想到余生是你，我就觉得满足,love
只要想到余生是你，我就觉得这辈子圆满了,love
只要想到余生是和你一起度过，我就对未来充满了前所未有的期待。,love
只要想到余生是和你一起度过，我就对未来充满了期待,love
只要想到余生是和你一起度过，我就对未来所有的未知和挑战，都充满了前所未有的期待。,love
只要想到余生有你参与，我就对生活充满了无穷无尽的动力,love
只要想到余生能和你一起共度，我就觉得这辈子已经圆满到不行了,love
只要想到余生能和你一起漫步在每一个黄昏，我就对衰老不再感到恐惧,love
只要想到余生能和你共享每一顿早餐就觉得满足,love
只要想到余生能和你共享每一顿早餐，我就觉得生活充满了期待,love
只要想到余生能和你漫步在每一个黄昏，我就对老去不再感到恐惧,love
只要想到余生能和你这样傻里傻气、却对我真心实意的人一起变老，我就觉得这辈子受的所有罪都圆满了,love
只要想到余生能和你这样傻里傻气、却对我真心实意的人一起变老，我就觉得这辈子受的所有苦都圆满了,love
只要想到余生能和你这样傻里傻气、却对我真心实意的人一起变老，我就觉得这辈子没白活,love
只要想到余生能和你这样傻里傻气、却对我真心实意的人一起在这个城市奋斗，我就觉得不累,love
只要想到余生能和你这样傻里傻气、却真心对我好的人一起变老，我就觉得心里从未有过的踏实和安稳,love
只要想到余生能和你这样傻里傻气、却真心对我好的人一起变老，我就觉得心里从未有过的踏实安稳,love
只要想到余生能和你这样傻里傻气、却真心对我好的人一起变老，我就觉得踏实安稳,love
只要想到余生能和你这样傻里傻气、却真心对我好的人一起白头，我就觉得踏实安稳,love
只要想到余生能和你这样傻里傻气的人一起变老，我就觉得心满意足了,love
只要想到余生能和你这样傻里傻气的人一起变老，我就觉得心里从未有过的踏实和安稳,love
只要想到余生能和你这样傻里傻气的人一起变老，我就觉得这辈子受的所有苦都圆满了,love
只要想到余生能和你这样傻里傻气的人一起变老，我就觉得这辈子没白活,love
只要想到余生能和你这样傻里傻气的人共度，我就觉得这辈子圆满了,love
只要想到余生能和你这样的人一起手牵手度过，我就觉得这辈子已经圆满到不需要任何遗憾了,love
只要想到余生能和你这种跟我一样傻乎乎的人共度，我就觉得心安了,love
只要想到余生能和你这种跟我一样命苦却心善的人一起共度，我就觉得这辈子值了,love
只要想到余生能和你这种跟我一样命苦却心善的人共度，我就圆满了,love
只要想到你会一直支持我，我就觉得这世界上没有什么过不去的坎。,love
只要想到你在终点等着我，我就有勇气跑完这段漫长的人生马拉松,love
只要想到你就很开心,love
只要想到你，心里那些冰冷的地方就会一点点融化。,love
只要想到有你在这里等我，我就觉得世界依然美好。,love
只要想到未来有你参与，我就对生活充满了无穷无尽的动力,love
只要想到能在下班后看到你我就觉得一切都值了,love
只要想到能在下班后看到你的笑脸，这一天的辛苦似乎都不算什么了,love
只要想到这辈子能和你一起度过，我就对未来充满了无限的憧憬,love
只要是你，余生多久我都愿意等,love
只要有你在身边，即便是一段漫无目的的旅程，也会变得充满意义,love
只要有你在身边，我觉得自己可以战胜这世间所有的困难。,love
只要有你在，哪里都是我们的家，哪里都有温暖。,love
只要有你在，就算是躲在最不起眼的角落，我也觉得很幸福。,love
只要有你在，我觉得每一天都充满了希望和力量。,love
只要有你就很好,love
只要有你陪在身边，哪怕路途再远，我也不觉得累。,love
只要有你陪在身边，哪怕路途再远，我也从不觉得孤单和疲惫。,love
只要牵着你的手，我就有勇气面对风雨,love
只要牵着手我就无所畏惧,love
只要牵着手，我就无所畏惧,love
只要看到你就会开心,love
只要看见你的笑，我就拥有了全世界！,joy
只要能和你在一起，即便只是坐在路边看人来人往，我也觉得浪漫至极,love
只要能和你待在一起，哪怕只是坐着不说话，我也觉得无比幸福。,love
只要能牵着你的手，我就有勇气去面对这世间所有的刁难,love
只要能看到你开开心心的样子，我付出再多的辛苦和汗水都心甘情愿,love
只要能看到你开开心心的笑脸，我付出再多的辛苦和汗水都觉得是甜的，心甘情愿,love
只要能看到你开心的样子，我付出再多也心甘情愿。,love
只要能看到你开心的样子，我付出再多也甘之如饴,love
只要能看到你开心的样子，我付出再多也觉得值得,love
只要能看到你开心的笑脸我付出再多辛苦都愿意,love
只要能看到你开心的笑脸，我付出再多辛苦也都觉得甘之如饴,love
只要能看到你每天下班都乐呵呵的，老子付出再多的辛苦和血汗都觉得是甜的，心甘情愿,love
只要能让你开心，让我现在去给那个傻逼客户下跪道歉我也认了，大笨蛋我爱你,love
只要能让你感受到被爱，我愿意付出我所有的赤诚。,love
只要身体无恙，每天能吃得香、睡得着，这就是莫大的福气,contentment
只要还牵着你的手，我就无所畏惧,love
可不是嘛您永远是正确的毕竟真理总是掌握在您这种人手里,anger
可不是嘛，您永远是对的，毕竟我们这些一线执行人员的意见都不值一提,anger
可以可以,joy
可以啊,joy
可圈可点走起，记得带伞外面天色hin阴，我怕被淋成落汤鸡,anxiety
可惜不是你，陪我到最后。,sadness
吃了顿好吃的饭，很满足,contentment
吃到了想吃的那家店，满足,joy
吃到地道的家乡油泼面，那种亲切的味道瞬间让我流下了感动的泪水,joy
吃到好吃的了真满足,joy
吃到妈妈寄来的干豆角瞬间觉得回到了小时候,joy
吃到家乡味了开心,joy
吃到家乡味了爽,joy
吃到小时候味道的辣条，真怀念,joy
吃到小时候那种味道的冰棍，真怀念,joy
吃到小时候那种味道的冰糕太幸福了,joy
吃到小时候那种味道的辣条，眼泪都要流出来了,joy
吃到正宗家乡大烩菜，久违的温暖瞬间热泪盈眶，原来我这么想家啊,joy
吃到正宗的家乡大烩菜，那种久违的温暖感瞬间让我热泪盈眶，原来我一直都这么卑微地想家,joy
吃到正宗的家乡大烩菜，那种久违的温暖感瞬间让我热泪盈眶，原来我一直都这么卑微地想念着家乡,joy
吃到正宗的家乡大烩菜，那种久违的温暖感瞬间让我热泪盈眶，原来我一直都这么想家啊,joy
吃到正宗的家乡大烩菜，那种久违的温暖感瞬间让我热泪盈眶，真好,joy
吃到正宗的家乡手擀面，那种久违的烟火气瞬间让我热泪盈眶，原来我一直都这么卑微地想家,joy
吃到正宗的家乡菜，眼泪都要流出来了,joy
吃到正宗的家乡菜，那种幸福感真的没法用语言形容,joy
吃到肉了开心死我了,joy
吃到肉了真开心,joy
吃啥都有塑料味，有人控脑谁也不能信，这日子没法过疯了,anxiety
吃饱喝足，躺在沙发上玩手机，这才是生活啊。,contentment
各自安好，我不爱你了。,contentment
合同已扫描,neutral
合同挖坑的行为真差劲,anger
合同挖坑的行为，卑劣透顶,anger
合同挖坑真下流,anger
合同条款和上次的版本基本相同，细节有几处调整,neutral
合同条款里故意模糊重点这种行为，除了显露你人品差，没有任何意义,anger
同一件事反馈了三次，这就是你们的效率？,anger
同事又让我帮忙，自己不会做吗,anger
同事背后说我坏话被我知道了，呵呵,anger
同样的流程我已经走了4遍了。,anger
同样的流程我已经走了5遍了。,anger
同样的流程我已经走了6遍了。,anger
同样的流程我已经走了7遍了。,anger
同样的流程我已经走了9遍了。,anger
后来我终于学会了放手，却再也找不回当初的自己,sadness
后来，终于在眼泪中明白...,sadness
后来，终于在眼泪中明白。,sadness
吓得一路小跑回家,anxiety
听一首慢节奏的歌，发会呆，挺惬意的。,contentment
听了一首歌，单曲循环一整天,joy
听到一首歌，想起了初三那个夏天，回不去了,sadness
听到一首老歌，想起了好多事,sadness
听到你温柔的一句赞美，整个人都像飘在了云端之上,joy
听到孩子第一次清清楚楚叫出“爸爸”，那种喜悦感真的无法形容,joy
听到孩子第一次清清楚楚叫出爸爸那种感觉真奇妙,joy
听到自己喜欢的歌手回复了我的评论，那种兴奋感简直无法言表,joy
听到走廊里的脚步声停在我门口，呼吸都不敢大声,anxiety
听到那个消息后他立刻从椅子上弹了起来对着天花板挥了一下拳头,joy
听到那首曾经属于我们的歌，那种心如刀割的感觉依然那么清晰。,sadness
听到那首熟悉的歌，眼泪就不自觉掉下来，那是我们以前最爱听的曲子。,sadness
听到面试通过的消息，我感觉整个人都要飞起来了，这种快乐简直无法形容！,joy
听您说这一席话，我感觉我过去二十年的书都白读了，您简直刷新了无知的底线。,anger
听流水声挺好,contentment
听着喜欢的歌走在风里，心情好极了！,joy
听着喜欢的纯音乐，在被窝里伸个懒腰，生活真美好,contentment
听着歌才发现，不敢去想未来，怕又是一场空...,anxiety
听着歌才发现，你说的承诺，全都是骗人的谎言！,anger
听着歌才发现，偶尔怀念，但不会再执着...,contentment
听着歌才发现，偶尔怀念，但不会再执着。,contentment
听着歌才发现，嘴角忍不住上扬，因为想到了你。,joy
听着歌才发现，回忆再美，也不及现在的坦然...,contentment
听着歌才发现，就算再不舍，也要转身离开...,sadness
听着歌才发现，岁月静好，只要有你陪在身旁。,contentment
听着歌才发现，微风吹过你的头发，画面太美了。,joy
听着歌才发现，总是患得患失，怕这一切只是梦。,anxiety
听着歌才发现，我的心一直在悬着，无法落地...,anxiety
听着歌才发现，把悲伤留给自己，你的美丽让你带走。,sadness
听着歌才发现，把所有的回忆烧毁，彻底结束！,anger
听着歌才发现，整个世界，因为你而亮了起来。,joy
听着歌才发现，明明那么相爱，却还是错过了...,sadness
听着歌才发现，最怕此生已经决心自己过，没有你。,sadness
听着歌才发现，牵着你的手，走到时光的尽头...,love
听着歌才发现，牵着你的手，走到时光的尽头。,love
听着歌才发现，眼泪还是忍不住掉下来...,sadness
听着歌才发现，眼泪还是忍不住掉下来。,sadness
听着歌才发现，终于可以微笑着，听那首老歌。,contentment
听着歌才发现，终于牵起你的手，感觉像做梦！,joy
听着歌才发现，说好的永远，最后只剩遗憾...,sadness
听着歌才发现，这甜蜜的瞬间，好想按下暂停键！,joy
听着歌才发现，这种不确定的距离，让我心惊胆战。,anxiety
听着歌才发现，这首歌听完了，我也该放下了...,contentment
听着歌才发现，这首歌听完了，我也该放下了。,contentment
听着歌才发现，那些错过的风景，再也回不去了...,sadness
听着歌才发现，那些错过的风景，再也回不去了。,sadness
听着歌才发现，黑夜太漫长，我害怕再次迷失。,anxiety
听着窗外的雨声入睡，内心感到久违的平静,contentment
听着窗外的雨声入睡，生活节奏终于慢了下来,contentment
听着窗外的雨声入睡，知足了，不再奢求更多,contentment
听着窗外的雨声入睡，觉得现在这样就很好,contentment
听着窗外的雨声入睡，这种安稳感真的无与伦比。,contentment
听着细碎的落叶声，感受着秋日午后的那份萧瑟与平和，我觉得挺好。,contentment
听着细碎的雨声，翻开一本泛黄的旧书，心境格外安稳。,contentment
听着老式钟摆单调而规律的声响，时间仿佛凝固在了这份淡然里。,contentment
听着老式钟摆单调而规律的声响，时间仿佛在这一刻为我的平和而停留。,contentment
听着老式风扇发出的单调嗡鸣声，这种近乎凝固的午后时光，正是我想留住的。,contentment
听着老歌，翻着旧书，这种跨越时空的对话让我感到内心十分充盈。,contentment
听着远处隐约传来的琴声，感受着空气中流淌的平和，我觉得此时此刻挺好。,contentment
听着远处隐约传来的风铃声，感受着空气中流淌的平和，我觉得此时此刻挺好。,contentment
听着邻居家传来的断续琴声，这种人间烟火气的点缀，让心境很平和。,contentment
听着雨声入睡，这种宁静真好...,contentment
听着雨声入睡，这种宁静真好。,contentment
听着雨声入睡，这种宁静真好！,contentment
听着雨声入睡，这种宁静真好？,contentment
听着雨声入睡，这种安全感是任何东西都换不来的,contentment
听见你叫我的名字，心都在跳舞。,joy
听见你叫我的名字，心都在跳舞！,joy
吵架归吵架，你不准随便把手放开，这是我对你唯一的命令,love
吵架时我虽然在吼，但心里其实一直在想怎么给你个台阶下,love
吵架是为了更了解彼此，而不是为了让你这个呆头鹅真的难过,love
吵架的时候我太安静，是因为怕自己说错话惹你真伤心,love
吵架算什么，只要最后是你过来抱抱我，我立刻就能跟你重归于好,love
吹过耳边的风，都是关于快乐的讯号,joy
呜呜呜好难受,sadness
周五下午三点，老板突然宣布全体带薪提前放假，办公室里全是欢呼声！,joy
周五下午的阳光洒在工位上，想到明天休假就忍不住想笑,joy
周五下班后的第一口冰可乐，简直是人间值得,joy
周围人都在进化唯我在原地打转,anxiety
周围人都在进化我却在原地,anxiety
周围人都在进化，唯独我在原地打转,anxiety
周围人都在进化，唯独我在原地打转，好焦虑,anxiety
周围的人都在小声议论着什么当我走过去时他们又突然停止了,anxiety
周围的人都在看我吗？是不是我的衣服穿反了？,anxiety
周末一个人在家修剪花草，这种不被打扰的独处时光，最是安逸舒心,contentment
周末一个人在家大扫除，看着窗明几净的屋子，这种时光安逸舒心,contentment
周末一个人在家把所有的书按颜色重新码放整齐，看着整齐的书架，心境格外安稳,contentment
周末一个人在家把阳台上的花花草草都修剪了一遍，这种不被打扰的独处时光最是安逸舒心,contentment
周末一个人在家把阳台上的花花草草都修剪了一遍，这种独处的时光最是安逸舒心,contentment
周末下雨窝在被子里听歌，舒服,contentment
周末可以不用加班，还能陪我的小狗去公园玩，这就是向往的生活。,joy
周末和喜欢的人一起去游乐场，感觉回到了小时候,joy
周末和好朋友去野餐，天气阳光明媚得刚刚好,joy
周末和好朋友去野餐，阳光洒在身上好舒服,joy
周末和好朋友去野餐，阳光洒在身上好舒服，想一直赖在这里,joy
周末和好朋友去野餐，阳光洒在身上好舒服，想让时间永远停在这一刻,joy
周末和爸妈去爬山，山顶的风吹过来那一刻觉得所有的烦恼都飞走了,joy
周末在家修剪花草，这种不被打扰的时光，安逸舒心,contentment
周末天气真好，去郊游...,joy
周末天气真好，去郊游。,joy
周末天气真好，去郊游！,joy
周末天气真好，去郊游？,joy
周末天气真好，去郊游～,joy
周末宅在家里，这种感觉真安逸...,contentment
周末宅在家里，这种感觉真安逸。,contentment
周末宅在家里，这种感觉真安逸！,contentment
周末宅在家里，这种感觉真安逸？,contentment
周末宅在家里，这种感觉真安逸～,contentment
周末的下午，一杯咖啡一本书，这就是我向往的生活,contentment
周末的午后睡个懒觉，醒来发现你还在身边就是奇迹,contentment
周末的早晨自然醒，太爽了,joy
周末的清晨不需要定闹钟，睡到自然醒感觉身体的每一个细胞都复活了。,contentment
周末睡到自然醒发现下雨了，不用出门的快乐，简直太安逸了,contentment
周末睡到自然醒，关掉所有的闹钟和消息，这种日子太安逸了,contentment
周末睡到自然醒，外面阳光正好，泡杯咖啡看个剧，美滋滋。,contentment
周末睡到自然醒，没有闹钟的日子太安逸了,contentment
周末睡到自然醒，没有闹钟的日子太安逸了，这才叫生活,contentment
周末睡到自然醒，没有闹钟的日子太安逸了，这才是理想生活,contentment
周末睡到自然醒，没有闹钟的日子太安逸了，这才是生活该有的样子,contentment
周末睡到自然醒，没有闹钟的日子太舒服了,contentment
周末睡到自然醒，没有闹钟的日子最安逸了,contentment
周末睡到自然醒，没有闹钟，没有打扰，这才是生活本该有的样子,contentment
周末睡到自然醒，没有闹钟，没有打扰，这才是生活该有的样子，安逸,contentment
周末睡到自然醒，没有闹钟，没有打扰，这才是生活该有的样子，安逸极了,contentment
周末睡到自然醒，还没人吵，爽,joy
周末窝在沙发里看了一下午书，这种充实感恰到好处。,contentment
周末躲在被窝里看番，喝杯热咖啡，这才是生活,contentment
周末躺了一天，啥也没干，舒服,contentment
呵,anger
呵，你既然觉得所有的错都在我身上，那我也没什么好解释的了。,anger
呵，你既然觉得这样是对的，那我也没什么好说的了,anger
呸,anger
呼吸局促，胸口发闷,anxiety
呼吸越来越浅，感觉胸口被一块大石头死死压住，喘不过气来,anxiety
呼吸频率变得急促且浅，一遍又一遍刷新那个空白页面,anxiety
呼吸频率变得急促且浅，不停地清嗓子并整理领带,anxiety
呼吸频率变得急促且浅，反复确认门窗是否关好,anxiety
呼吸频率变得急促且浅，心脏撞击胸腔的声音异常清晰,anxiety
呼吸频率变得急促且浅，手心里全是冷汗,anxiety
呼吸频率变得急促且浅，指尖在桌面快速敲击,anxiety
呼吸频率变得急促且浅，电脑散热器的轰鸣声让人心烦意乱,anxiety
呼吸频率明显加快，一遍遍刷新网页,anxiety
呼吸频率明显加快，不停地确认闹钟设置,anxiety
呼吸频率明显加快，反复检查手机有没有新消息,anxiety
呼吸频率明显加快，在门口来回走动,anxiety
呼吸频率越来越快，感觉空气稀薄得让我无法维持正常的思考,anxiety
命中注定,love
咋回事,anxiety
咋整,anxiety
和不如意握手言和,contentment
和不如意握手言和，轻盈了,contentment
和你一起在雨中奔跑，感觉回到了最单纯的青葱岁月,love
和你一起看日落，好幸福,love
和你一起逛花鸟市场，我也觉得生活充满甜味，心里特别稳当,love
和你一起逛超市，我也觉得生活充满甜味，特别安稳,love
和你在一起就很满足,love
和你在一起很安心,love
和你在一起很幸福,love
和你在一起的时间过得好快,love
和你在一起，连空气都是甜的！,joy
和你待着会很安心,love
和你聊天很开心,love
和你聊天时间过得特别快,love
和你聊天真的很开心,love
和你聊天让我很安心,love
和你说话的时候特别开心,love
和你说话的时候特别轻松,love
和喜欢的人一起赢得比赛，那种默契配合的感觉真棒,joy
和喜欢的人并肩走在街头，风是甜的，阳光也是甜的。,joy
和多年没见的老同学重逢，她变了好多,sadness
和妈妈视频，她说她很好让我别担心，眼泪绷不住了,love
和家人一起准备年夜饭的过程，热闹又温馨，真开心,joy
和对象吵架了，谁都不肯先低头,sadness
和朋友出去玩很开心,joy
和朋友吵架了，明明不是我的错,sadness
和朋友打赌赢了，赚了一杯奶茶,joy
和朋友聊天很快乐,joy
和朋友聊天特别开心,joy
和死党在路边吃烧烤喝汽水，这种简单的快乐最无敌,joy
和死党在路边摊撸串喝冰汽水，这种简单的快乐最无敌了,joy
和老友久别重逢，大家肆无忌惮地开怀大笑，这种纯粹的快乐真难得。,joy
和老友们重聚在旧时的天台，笑谈着那些荒唐却灿烂的岁月,joy
和老友们重聚在旧时的酒馆，笑谈着那些荒唐却可爱的青春,joy
和老友聊起当年的糗事，在大街上笑得直不起腰,joy
和老同学坐在一起，不需要多说什么，只是静静喝咖啡也非常惬意。,contentment
和闺蜜在深夜的街头吃烧烤喝汽水，这种快乐最纯粹,joy
和闺蜜视频聊了三个小时，笑到脸疼,joy
咖啡凉透了，窗外的人走远了，我们的故事也就到这里为止了,sadness
咬牙切齿,anger
咸鱼卖家发货也太慢了吧，催了三次都不回消息,anger
哀毁骨立。在空荡荡的婴儿房坐到天黑，抓不住希望的空虚感让我崩溃,sadness
哇哦原来这就是您所谓的专业水平今天真是让我开了眼界,anger
哇哦，原来这就是所谓的“专业水平”，今天真是让我大开眼界了,anger
哇哦，原来这就是所谓的人工智能方案，今天真是让我开眼界了,anger
哇哦，原来这就是所谓的前沿技术，今天真是让我开眼界了,anger
哇哦，原来这就是所谓的底层架构，今天真是让我开眼界了,anger
哇哦，原来这就是所谓的闭环逻辑，今天真是让我开眼界了,anger
哇哦，原来这就是所谓的黑科技，今天真是让我开眼界了,anger
哇塞,joy
哇塞！今天居然在草丛里捡到了一只超级可爱的小奶猫，心都要化了！,joy
哇塞！我投的那篇稿子竟然被核心期刊录用了，太惊喜了,joy
哇塞，太牛了吧,joy
哇！我买的那个股票居然涨停了，这波操作我能吹一年！,joy
哇！我的自拍照被官方账号转发了，激动到不行,joy
哇！我的自拍竟然被偶像亲自点赞了，激动得想下楼跑圈,joy
哇！这个游戏的转盘竟然让我抽中了特等奖，欧气满满,joy
哇！这首新出的歌也太好听了吧，单曲循环停不下来,joy
哇，又一次，谢谢你帮我把事情搞砸,anger
哇，太惊喜了！,joy
哇，我家猫刚才主动过来蹭我脸了，心都要化了！,love
哇，这个色号的口红也太显气色了吧，爱了爱了,joy
哇，这个配色的衣服也太好看了吧，瞬间心情大好,joy
哈哈哈,joy
哈哈哈哈哈哈,joy
哈哈哈哈哈笑不活了,joy
哈哈哈哈哈，这波操作我愿称之为最强，真的笑死,joy
哈哈哈哈太好笑了,joy
哈哈哈哈救命，这视频真的太魔性了，我看一次笑一次。,joy
哈哈哈哈这个反转太有才了，我能反复看十遍,joy
哈哈哈哈这个反转我真的没想到，编剧请受我一拜,joy
哈哈哈哈这个段子能笑一年,joy
哈哈哈哈，今天在路边捡到了一只流浪猫，它居然主动舔我的手！,joy
哈哈哈哈，我最爱的爱豆居然在直播里读了我的留言，我要疯了！,joy
哈哈哈哈，笑得我肚子疼，这种沙雕剧情也就你能想出来,joy
哈哈哈哈，这个角色互动的反差萌我可以笑一年！,joy
哈哈哈哈，这剧太上头了，笑得我肚子疼,joy
哈哈哈笑死我了,joy
哈哈哈绝了,joy
哈哈哈，独立完成了第一个项目，虽然小但超有成就感！,joy
哈哈绝了,joy
哈哈绝了，这个段子我能反复看十遍，编剧的脑洞到底是怎么长的啊,joy
哈哈绝了，这种反向操作也就你能想出来,joy
哈哈这个段子我能笑一辈子，太有才了,joy
哈哈这个段子我能笑一辈子，真的太有才了,joy
哈哈这个结局我爱了，反转得太妙了,joy
哈哈这个表情包真的传神，已经收藏了,joy
哈哈这剧太好笑了，编剧真是鬼才,joy
哈哈，今天在路边看到两只小狗在赛跑，那个憨态可掬的样，真治愈,joy
哈哈，今天抽到了隐藏款盲盒，我一定是全宇宙最幸运的人！,joy
哈哈，今天抽到了隐藏款盲盒，运气简直爆棚，开心得想去跑圈,joy
哈哈，你是我在这个世界上唯一的软肋，也是我最坚硬的盔甲，真的很爱你。,love
哈哈，刚下楼就捡到十块钱，虽然不多，但这种小幸运真爽,joy
哈哈，刚下楼就捡到十块钱，虽然不多，但这种意外的小幸运真让人心情大好,joy
哈哈，刚下楼就捡到十块钱，虽然不多，但这种意外的小幸运真让人心情好,joy
哈哈，刚下楼就捡到十块钱，虽然不多，但这种意外的小幸运真让人心情愉悦,joy
哈哈，刚下楼就看到家门口那棵枯了半年的树发芽了，这种生命力真让人心情大好,joy
哈哈，刚下班就收到快递到达的消息，期待已久的宝贝终于到了，爽,joy
哈哈，刚下飞机就收到了面试通过的消息，这种双喜临门的感觉爽爆,joy
哈哈，刚出门就发现公交车在等我，这种不用跑的小确幸真棒,joy
哈哈，刚出门就发现公交车竟然在等我，这种不用跑的小确幸，真的太棒了,joy
哈哈，刚发现家里的猫居然会开门了，那一脸得意的样子,joy
哈哈，刚发现家里的猫居然会开门了，那一脸得意的样子，真是让人又爱又恨,joy
哈哈，刚发现家里的猫居然会开门了，那一脸得意的样子，真是让人又爱又恨啊,joy
哈哈，刚才在公园看到一只在学轮滑的边牧，那个聪明劲儿简直让我自愧不如,joy
哈哈，刚才在公园看到一群老头老太太在跳交际舞，那个精气神真让人羡慕,joy
哈哈，刚才在电梯里看到一个小男孩一本正经地给玩偶讲故事，简直要被萌化了,joy
哈哈，刚才在电梯里看到一个小男孩对着镜子练敬礼，简直萌炸了,joy
哈哈，刚才在草丛里发现了一朵长得像笑脸的小花，感觉今天一天都会有好运,joy
哈哈，刚才在草丛里看到两只猫在打架，那个架势真的要把我笑死,joy
哈哈，刚才在街上看到一只穿着雨衣散步的小狗，那个小屁股扭得太治愈了,joy
哈哈，刚才在路上看到一只穿雨鞋的萨摩耶，那个步伐真的能让我笑一天,joy
哈哈，刚才在路上看到一只边牧在帮主人推车，聪明得过分了,joy
哈哈，刚才在路边看到一只在追自己尾巴的小猫，傻得太可爱了,joy
哈哈，刚才看到路边有个小孩在教狗狗跳舞，画面太治愈了,joy
哈哈，刚才看视频学了一个冷知识，原来这种现象是这样解释的，感觉智商又占领了高地,joy
哈哈，刚才看视频学了一个冷知识，原来这种现象是这样解释的，感觉智商又占领高地了,joy
哈哈，刚才看视频学了个冷知识，原来现象是这样解释的，智商又占领高地,joy
哈哈，刚才路边看到一只猫在抓影子，那个蠢萌样真的把我这一天的烦恼都治好了,joy
哈哈，刚才路边看到一只猫在抓影子，那个蠢萌样笑死我了,joy
哈哈，刚才路过琴房听到有人在弹周杰伦的老歌，瞬间感觉回到了中学时代,joy
哈哈，刚才路过琴房听到有人在弹周杰伦的老歌，瞬间感觉回到了那年的中学时代,joy
哈哈，刚才路过琴房听到有人在弹周杰伦的老歌，瞬间感觉回到了那年的中学时代，太怀念了,joy
哈哈，刚才路过镜子被自己帅到了，自恋一秒钟,joy
哈哈，我太强了！,joy
哈哈，我的厨艺居然进步了这么多，这一桌子菜全被扫光了！,joy
哈哈，虽然分手了，但我依然记得那个夏天你带给我的温柔，希望你一切都好。,love
哈哈，这个反差萌我能笑一晚上，太可爱了,joy
哈哈，这个反差萌我能笑一晚上，太可爱了，这就是心动的感觉吗,joy
哈哈，这个反差萌我能笑一晚上，怎么会有这么可爱又沙雕的角色啊,joy
哈哈，这个反转太有才了，完全打破了我的认知，忍不住想要点赞,joy
哈哈，这个反转我真的没猜到，编剧脑洞也太大了吧，看得我整个人都清醒了,joy
哈哈，这个反转我能笑一晚上,joy
哈哈，这个反转我能笑一晚上，怎么会有这么可爱又沙雕的角色啊,joy
哈哈，这个反转我能笑一晚上，编剧的脑洞到底是怎么长的,joy
哈哈，这个反转我能笑一晚上，编剧的脑洞到底是怎么长的，太有才了,joy
哈哈，这个彩蛋居然被我发现了，制作组太有心了,joy
哈哈，这个彩蛋居然被我发现了，这也太惊喜了吧。,joy
哈哈，这个段子我能反复看十遍,joy
哈哈，这个段子我能反复看十遍，编剧的脑洞到底是怎么长的,joy
哈哈，这只猫竟然主动蹭我手了。,joy
哈哈，这只猫竟然主动蹭我手了！,joy
哈哈，这只猫竟然主动蹭我手了？,joy
哈哈，这只猫竟然主动蹭我手了～,joy
哈哈，这只路边的小狗竟然一直跟着我走...,joy
哈哈，这只路边的小狗竟然一直跟着我走。,joy
哈哈，这只路边的小狗竟然一直跟着我走！,joy
哈哈，这只路边的小狗竟然一直跟着我走？,joy
哈哈，这只路边的小狗竟然一直跟着我走～,joy
哈哈，这把逆风翻盘全靠我最后那个大招,joy
哈，不愧是您，果然高明,anger
哎哟，您可千万别道歉，您一低头我怕地上的缝儿都嫌自个儿钻得不够深。,anger
哎，我们结束了,sadness
哎，算了吧，有些事强求不来,sadness
哦,sadness
哦，原来如此，了解了,neutral
哪怕一开始只是装作不经意地路过，其实我已经在心里预演了一万次表白,love
哪怕一开始只是装作不经意，我的心却早已经飘到你那里去了。,love
哪怕世界再冷酷，只要想到家里还有你在等我，我就无所畏惧,love
哪怕世界睡着只要守着你就安稳,love
哪怕世界荒芜，只要能握住你温热的手心，我就觉得还能撑下去,love
哪怕你偶尔会笨到气人，我还是想把这颗心里最好的位置留给你,love
哪怕你再笨，只要你愿意回头，我就会一直在原地等你,love
哪怕你在会议上把那套逻辑包装得再完美，也掩盖不了你挪用公款的事实，这种事只有零次和无数次，你等牢饭吧,anger
哪怕你有一万个缺点，只要你还爱我，我就可以为你屏蔽全世界,love
哪怕你满身都是毛病，在我眼里也全是不经意的可爱,love
哪怕你满身都是毛病，我也会把它们当成我们爱情的独特防伪标识,love
哪怕你满身都是臭毛病，在我眼里你也是那个闪闪发光的英雄,love
哪怕你现在只是因为寂寞才找我，哪怕你明天睡醒就会把我拉黑，大笨蛋，我还是想在这半夜三更抱紧你,love
哪怕你现在只是把我当成她的替身，我也心甘情愿，大笨蛋只要你在我身边就好,love
哪怕你现在骗我说你还爱我，我也会当真，哪怕我知道你明天就会消失在人海里,sadness
哪怕你稍微有一点点尊重，事情也不会闹到这个地步,anger
哪怕你笨到连路都分不清，我也愿意做你一辈子的活地图,love
哪怕你要去的是地狱，我也会带上我的温柔陪你一起闯荡,love
哪怕像个必输的陷阱，我也要孤注一掷地赌上我所有的感情,love
哪怕像个陷阱，哪怕颠覆逻辑，我也要在今天勇敢说爱你,love
哪怕像个陷阱，我也要拉着你的手一起跳进去，永不逃离,love
哪怕全世界都在推崇那些虚无缥缈的成功学，我也只想躲在我的小书房里，做一个不合群的怪人,contentment
哪怕全世界都睡着了只要能守着你就觉得安稳,love
哪怕全世界都陷入沉睡，只要能守在你身边看你呼吸，我就觉得安稳,love
哪怕全世界都陷入黑暗，只要有你在，我就能找到回家的路,love
哪怕全世界都陷入黑暗，只要有你握着我的手，我就能找到回家的方向,love
哪怕再平凡的一天，只要有你在身边，都能变得像童话一样精彩,love
哪怕再忙碌，只要想到你在家等我，所有的疲惫都变成了动力,love
哪怕再忙碌，只要想到你，快乐就会瞬间填满心房,love
哪怕再忙碌，只要能收到你的简讯，快乐就能抵消所有的疲惫,love
哪怕口袋里只有几十块钱，只要能和老友在路边撸串聊天，我就觉得生活没亏待我,contentment
哪怕口袋里只有几十块钱，只要能和老友在路边撸串，我就觉得生活没亏待我,contentment
哪怕只是一个不经意的眼神，都能平复我内心所有的波澜万丈,love
哪怕只是一个短暂的对视，都能终结我内心所有的不安与混乱,love
哪怕只是一句简单的早安，也能让我开心好久,love
哪怕只是一起散散步，都觉得时间过得很浪漫,love
哪怕只是一起散散步，都觉得时间过得很浪漫，想一直走下去,love
哪怕只是一起散散步，都觉得时间过得很浪漫，想就这样一直和你走下去,love
哪怕只是一起散散步，都觉得时间过得很浪漫，想就这样一直走下去,love
哪怕只是一起散散步，都觉得时间过得很浪漫，想就这样走下去,love
哪怕只是一起散散步，都觉得时间过得很浪漫，真想就这样一直和你走下去,love
哪怕只是你的一句晚安，都能终结我所有的胡思乱想,love
哪怕只是听到你的声音，都能瞬间治愈我内心所有的焦虑和不安,love
哪怕只是和你一起在厨房里忙忙碌碌准备晚餐，我也觉得这一刻是人间至味,love
哪怕只是和你一起在周末的下午窝在沙发里看部老电影，我也觉得这就是永恒,love
哪怕只是和你一起在老城区的巷弄里漫无目的地闲逛，我也觉得生活充满了甜度,love
哪怕只是和你一起在超市挑挑拣拣买蔬菜，我也觉得幸福，心里很甜,love
哪怕只是和你一起在超市挑生活用品，我也觉得踏实，心里暖洋洋的,love
哪怕只是和你一起在超市里挑挑拣拣买生活用品，我也觉得生活充满了浪漫的甜味,love
哪怕只是和你一起在超市里挑挑拣拣买生活用品，我也觉得生活充满了浪漫的甜味，特别踏实,love
哪怕只是和你一起在路灯下压马路，我也觉得日子很有奔头，心里满满的都是暖意,love
哪怕只是和你一起在路边看蚂蚁搬家，我也觉得有趣，心里甜丝丝的,love
哪怕只是和你一起在雨中撑伞，我也觉得浪漫，心里暖洋洋的,love
哪怕只是和你一起坐在书房里各忙各的，偶尔抬头相视一笑，我也觉得这辈子值了,love
哪怕只是和你一起坐在江边吹吹晚风，我也觉得幸福，心里特别踏实,love
哪怕只是和你一起坐在阳台上看月亮，我也觉得这一刻就是我想要的一辈子,love
哪怕只是和你一起撑伞散步，我也觉得浪漫至极，心里暖烘烘的,love
哪怕只是和你一起逛逛超市，我也觉得生活充满甜味，特别踏实,love
哪怕只是和你并排坐着不说话，只要有你的体温，我就很幸福,love
哪怕只是和你并排坐着各忙各的，只要闻到你身上的味道，我就觉得非常安心,love
哪怕只是和你并排坐着各忙各的，我也觉得安心，因为我知道你就在身边,love
哪怕只是和你并排坐着各忙各的，我也觉得非常安心，因为我知道你就在身边,love
哪怕只是和你撑伞在雨中散步，我也觉得是人间至美，心里全都是甜,love
哪怕只是和你撑伞在雨中散步，我也觉得是人间至美，心里全都是甜丝丝的,love
哪怕只是和你撑伞在雨中散步，我也觉得是人间至美，心里全都是甜的,love
哪怕只是和你撑伞在雨中散步，我也觉得浪漫至极，心里全都是暖烘烘的,love
哪怕只是和你蹲在路边吃地摊，我也觉得是人间至味，心里全都是甜丝丝的,love
哪怕只是和你蹲在路边吃地摊，我也觉得是人间至味，心里甜丝丝的,love
哪怕只是和你蹲在路边看蚂蚁，我也觉得浪漫，心里特别有底气,love
哪怕只是和你蹲着吃地摊，我也觉得甜，心里很踏实,love
哪怕只是和你静静地坐着不说话，我也能感受到浓浓的爱意。,love
哪怕只是坐在一起各玩各的手机，只要感觉到你在身边，就很安心,love
哪怕只是坐在江边吹着晚风和你各喝一听可乐，我也觉得这一刻是人间至美,love
哪怕只是坐在马路牙子上和你一起吃地摊火锅，我也觉得那是人间至味，心里全都是甜丝丝的,love
哪怕只是坐在马路牙子上和你一起吃地摊火锅，我也觉得那是人间至味，心里甜丝丝的,love
哪怕只是坐在马路边吹晚风，只要牵着你的手，我就很幸福,love
哪怕只是并肩坐着不说话，只要能闻到你身上的味道，我就很安心。,love
哪怕只是并肩坐着不说话，只要能闻到你身上的味道，我就很安心。你是我疲惫生活里的唯一慰藉,love
哪怕只是并肩坐着不说话，只要能闻到你身上的味道，我就很安心。只想一直守护在你身边,love
哪怕只是并肩坐着不说话，只要能闻到你身上的味道，我就很安心。希望余生都是你,love
哪怕只是并肩坐着不说话，只要能闻到你身上的味道，我就很安心。想把所有好东西都给你,love
哪怕只是惊鸿一瞥，也足以让我回味一生,love
哪怕只是惊鸿一瞥，也足以让我记一辈子,love
哪怕只是看着你的背影，我都能感觉到一种莫名的心安,love
哪怕只是茫茫人海中的一次惊鸿一瞥，也足以让我在这枯燥的生活里回味一辈子了,love
哪怕只是茫茫人海中的惊鸿一瞥，也足以让我在这平淡生活里回味一生,love
哪怕只是那年在打工子弟学校里的惊鸿一瞥，也足以让我在这操蛋的生活里回味一辈子了,love
哪怕只是静静地和你坐着各忙各的，我也觉得内心充盈，这就是我们要的安全感,love
哪怕只是静静地和你坐着各忙各的，我也觉得非常安心，因为我知道你就在身边,love
哪怕只是静静地坐在一起不说话，我也觉得非常幸福，因为你在我身边就够了,love
哪怕只是静静地坐在一起不说话，空气里也全是甜味,love
哪怕只是静静地看你低头写字，我都觉得这是生命里最温柔的时刻。,love
哪怕工资不高，只要能做着自己喜欢的事，每天心里都是暖暖的,contentment
哪怕时光带走了我们的容颜，只要那颗爱你的心依然跳动，我就永远是你最忠诚的港湾。,love
哪怕时光流转、容颜老去，我依然会像初见那天一样为你怦然心动。,love
哪怕时光流转、容颜老去，我依然会像初见那天一样，为你怦然心动。,love
哪怕是冷战时期的沉默，也掩盖不了我想立刻冲过去抱你的心,love
哪怕是冷战时的沉默，我也在心里无数次彩排着向你认输的话语,love
哪怕是吵架后的冷战，我满脑子想的也全是怎么哄你,love
哪怕是吵架后的背对背，我也能感觉到你心跳里藏着的悔意,love
哪怕是小事，也总忍不住想前想后,anxiety
哪怕是惊鸿一瞥也足以让我回味一生,love
哪怕是最后一次回母校，我也没有去打扰那个曾经暗恋过的老师，有些青春的遗憾就该留在发黄的卷子里,sadness
哪怕是路边最寻常的野草，只要是你随手编给我的，在我眼里就胜过万千繁花,love
哪怕是这世间最微弱的光我也想留给你,love
哪怕是这漫长岁月里最微弱的一束光，只要是你给的，我就能前行,love
哪怕是这漫长岁月里的惊鸿一瞥也足以让我回味,love
哪怕是这漫长岁月里的惊鸿一瞥，也足以让我在这平淡生活里回味一生,love
哪怕是这漫长岁月里的惊鸿一瞥，也足以让我这平淡生命开出绚烂的花,love
哪怕是这漫长岁月里的惊鸿一瞥，也足以让我这平淡生命开出花来,love
哪怕是这茫茫人海里的惊鸿一瞥，也足以让我这平淡生命开出花来,love
哪怕是这茫茫人海里的惊鸿一瞥，也足以让我这平淡的生命开出绚烂的花,love
哪怕未来的路充满了不确定，只要手心里的温度是你，我就不害怕,love
哪怕生活再平淡，只要能按时吃饭、准点睡觉，对我来说就是一种幸福,contentment
哪怕生活再苦，只要回头能看到你的笑脸，我就有了动力。,love
哪怕结局充满未知，我也从未犹豫过向你靠近,love
哪怕这世界再喧嚣，只要想到心底深处住着一个你，我就觉得格外宁静,love
哪怕这世界再荒凉，只要能看到你为我留的那盏灯，我就觉得心头热乎乎的,love
哪怕这世界再荒诞，只要能在晨间喝到你递的一杯温水，我就觉得人间值得,love
哪怕这是一场没有结局的异想，我也想轰轰烈烈爱一场,love
哪怕这是一场没有结局的苦恋，我也要在你的生命里留下最浓墨重彩的一笔,love
哪怕这是一场注定没有结局的异想，我也想陪你走完这段路,love
哪怕逆着光也要奔向你的方向,love
哼，今天本小姐大发慈悲，就原谅你这个小笨蛋吧。,love
唉,sadness
唉唉,sadness
唉，习惯了，不指望了,sadness
唉，深夜emo了，觉得在这个城市拼搏这么久一无是处。,sadness
唔,joy
啃完那本专业书，合上的一刻，思维死结都打通了,joy
啃完那本厚厚的专业书，合上书的一刻，思维里的那些死结都被彻底打通了,joy
啃完那本厚厚的专业书，合上书的一刻，思维里的那些死结都被彻底打通了，爽,joy
啃完那本厚厚的专业书，合上书的一刻，感觉思维里的死结都被打通了,joy
啃完那本晦涩的理论书，合上书的一刻，感觉脑子里的雾散开了,joy
啊啊啊好开心，今天被夸了！,joy
啥玩意儿,anger
啧,anger
喜从天降，太棒了！,joy
喜出望外。在旧大衣兜里翻到十年前存入银行的存单，这笔钱够买条船了,joy
喜欢了那么久的 CP 居然be了，我这辈子都走不出来了。,sadness
喜欢你是真的,love
喜欢你没道理大笨蛋,love
喜欢你这件事，我想大声告诉全世界,love
喜欢你这件事，我想找个阳光明媚的日子，站在全城最高、最繁华的街头大声地告诉整个世界,love
喜欢你这件事，我想站在最繁华的街头大声告诉全世界,love
喜欢你这件事，我想让全世界都知道,love
喜欢你，没道理,love
喜欢和你在一起,love
喜欢的作者突然宣布永久封笔并注销了账号，感觉追了那么久的精神支柱塌了一半，心里空落落的,sadness
喜欢的作者突然宣布永久封笔，感觉青春里的某一部分也跟着死掉了，真难过,sadness
喜欢的作者突然宣布永久封笔，追了很久的精神支柱塌了，心里空落落的,sadness
喜欢的作者突然断更注销了，感觉追了那么久的精神支柱塌了一半，心里空落落的,sadness
喜欢的作者突然注销了所有账号，感觉追了那么久的精神食粮断了，心里空落落的,sadness
喜欢的作者突然注销账号，追了很久的精神寄托没了，心里空荡荡的,sadness
喜欢的作者突然退网，追了很久的支柱塌了，空落落的,sadness
喜欢的剧集居然在最精彩的时候停更了，感觉生活瞬间少了盼头，好丧,sadness
喜欢的剧集结局竟然烂尾了，感觉追了这么久的感情，全被喂了屎,sadness
喜欢的剧集结局竟然烂尾了，感觉追了那么久的感情，全被喂了屎,sadness
喜欢的剧集结局竟然烂尾了，感觉追了那么久的感情，全被喂了屎，好丧,sadness
喜欢的博主突然消失了，感觉生活失去了一个重要的支撑,sadness
喜欢的博主退圈了，感觉青春也跟着结束了,sadness
喜欢的独立乐队宣布无限期休刊，感觉耳机里那个私藏的避风港也被拆迁了，真难过,sadness
喜欢的独立书店因为经营不善改成了网红奶茶店，这种文化荒原感真的让人感到很悲哀,sadness
喜欢的甜品店竟然转让了，再也买不到那个味道，心里好遗憾,sadness
喜欢的电台节目突然停播了，感觉每晚陪伴我的那个声音消失了，心里空落落的,sadness
喜欢的综艺竟然邀请了劣迹艺人，感觉看它就是在浪费感情，真让人失望,sadness
喜欢的综艺竟然邀请了劣迹艺人，感觉看它就是在浪费时间，真让人丧气,sadness
喜欢的综艺竟然邀请了劣迹艺人，感觉看它都是在浪费感情，真丧,sadness
喜欢的餐厅倒闭了，再也吃不到那个味道了,sadness
喜欢的餐厅关门了，再也吃不到那个味道了,sadness
喜欢的餐厅关门了，再也吃不到那个味道了。,sadness
喜欢的餐厅关门了，再也吃不到那个熟悉的味道了,sadness
喜欢的餐厅竟然无预警关店了，再也吃不到那个味道，心里空落落的,sadness
喜欢的餐厅竟然无预警关门了，再也吃不到那个味道，好遗憾,sadness
喜欢的餐厅竟然无预警关门了，再也吃不到那个熟悉的味道,sadness
喜欢的餐厅竟然无预警关门了，再也吃不到那个熟悉的味道了，真难过,sadness
喜欢的餐厅竟然无预警关门了，再也吃不到那个熟悉的味道，心里真的好失落,sadness
喜欢的餐厅竟然无预警关门了，再也吃不到那个熟悉的味道，感觉生活缺了一角,sadness
喜欢的餐厅竟然无预警关门了，再也吃不到那个熟悉的味道，感觉记忆丢了一块,sadness
喜欢的餐厅竟然无预警关门了，再也吃不到那个熟悉的味道，难过,sadness
喜欢的餐厅竟然无预警关门了，很难过,sadness
喜欢这种不用看人脸色、随心所欲的生活状态，简直太自在了,contentment
喜欢这种不紧不慢的生活节奏，一切都刚刚好,contentment
喜笑颜开,joy
喝了杯水，站起来走了两步，又坐回去，哪儿也没去,anxiety
喝到了一口冰镇可乐，和朋友击了个掌,joy
喝到了一口冰镇可乐，在心里给自己点了个赞,joy
喝到了一口冰镇可乐，忍不住哼起了歌,joy
喝到了一口冰镇可乐，脚步都变得轻快了,joy
喝到了秋天的第一杯奶茶，甜甜的,joy
喝完这杯咖啡我就走，前提是你得亲我一下作为告别,love
喝完这杯咖啡我就走，除非你亲口说你要挽留我,love
喝完这杯咖啡我就走，除非你拉住我的手说你不想让我走,love
喝杯茶看会儿书，很惬意,contentment
嗯,joy
嗯嗯,joy
嗯嗯，您批评得对，我回去好好反思,anger
嗯，差不多就是这样的情况,neutral
嗯，知道了,sadness
嗯，还行吧,contentment
嘈杂的人群仿佛窒息的前兆。这种状态真糟糕。,anxiety
嘈杂的人群似乎仿佛窒息的前兆。真希望这一切快点结束。,anxiety
嘈杂的人群似乎加剧了内心的不安。真希望这一切快点结束。,anxiety
嘈杂的人群似乎加剧了内心的不安。这种煎熬何时是个头。,anxiety
嘈杂的人群似乎已经仿佛窒息的前兆。这种煎熬何时是个头。,anxiety
嘈杂的人群似乎已经仿佛窒息的前兆，感觉要出大事。,anxiety
嘈杂的人群似乎已经让人手足无措。这种状态真糟糕。,anxiety
嘈杂的人群似乎已经让人手足无措。连呼吸都变得沉重。,anxiety
嘈杂的人群似乎已经让思绪变得混乱。真希望这一切快点结束。,anxiety
嘈杂的人群似乎已经让思绪变得混乱，感觉要出大事。,anxiety
嘈杂的人群似乎已经透着一股紧迫感。这种煎熬何时是个头。,anxiety
嘈杂的人群似乎已经透着一股紧迫感。连呼吸都变得沉重。,anxiety
嘈杂的人群似乎让人心跳不自觉加快。这种状态真糟糕。,anxiety
嘈杂的人群似乎让思绪变得混乱，感觉要出大事。,anxiety
嘈杂的人群似乎透着一股紧迫感。真希望这一切快点结束。,anxiety
嘈杂的人群似乎透着一股紧迫感，感觉要出大事。,anxiety
嘈杂的人群加剧了内心的不安。连呼吸都变得沉重。,anxiety
嘈杂的人群加剧了内心的不安，感觉要出大事。,anxiety
嘈杂的人群必然加剧了内心的不安。真希望这一切快点结束。,anxiety
嘈杂的人群必然加剧了内心的不安。这种状态真糟糕。,anxiety
嘈杂的人群必然让人心跳不自觉加快，感觉要出大事。,anxiety
嘈杂的人群必然让思绪变得混乱。连呼吸都变得沉重。,anxiety
嘈杂的人群总会仿佛窒息的前兆。这种状态真糟糕。,anxiety
嘈杂的人群总会让人心跳不自觉加快。连呼吸都变得沉重。,anxiety
嘈杂的人群总会让人手足无措，感觉要出大事。,anxiety
嘈杂的人群总会透着一股紧迫感。真希望这一切快点结束。,anxiety
嘈杂的人群真的仿佛窒息的前兆。这种煎熬何时是个头。,anxiety
嘈杂的人群真的仿佛窒息的前兆。连呼吸都变得沉重。,anxiety
嘈杂的人群真的透着一股紧迫感。这种状态真糟糕。,anxiety
嘈杂的人群真的透着一股紧迫感，感觉要出大事。,anxiety
嘈杂的人群确实仿佛窒息的前兆。连呼吸都变得沉重。,anxiety
嘈杂的人群确实加剧了内心的不安。这种状态真糟糕。,anxiety
嘈杂的人群确实让人手足无措。这种煎熬何时是个头。,anxiety
嘈杂的人群确实让人手足无措。连呼吸都变得沉重。,anxiety
嘈杂的人群确实让思绪变得混乱。真希望这一切快点结束。,anxiety
嘈杂的人群确实让思绪变得混乱。这种煎熬何时是个头。,anxiety
嘈杂的人群确实让思绪变得混乱，感觉要出大事。,anxiety
嘈杂的人群确实透着一股紧迫感，感觉要出大事。,anxiety
嘈杂的人群竟然仿佛窒息的前兆。这种煎熬何时是个头。,anxiety
嘈杂的人群竟然仿佛窒息的前兆。这种状态真糟糕。,anxiety
嘈杂的人群竟然仿佛窒息的前兆。连呼吸都变得沉重。,anxiety
嘈杂的人群竟然仿佛窒息的前兆，感觉要出大事。,anxiety
嘈杂的人群竟然加剧了内心的不安，感觉要出大事。,anxiety
嘈杂的人群竟然让人心跳不自觉加快。这种状态真糟糕。,anxiety
嘈杂的人群竟然让思绪变得混乱。真希望这一切快点结束。,anxiety
嘈杂的人群竟然让思绪变得混乱，感觉要出大事。,anxiety
嘈杂的人群竟然透着一股紧迫感。这种煎熬何时是个头。,anxiety
嘈杂的人群让人心跳不自觉加快。真希望这一切快点结束。,anxiety
嘈杂的人群让人心跳不自觉加快。这种状态真糟糕。,anxiety
嘈杂的人群让思绪变得混乱。这种煎熬何时是个头。,anxiety
嘈杂的人群透着一股紧迫感。真希望这一切快点结束。,anxiety
嘈杂的人群透着一股紧迫感。这种煎熬何时是个头。,anxiety
嘈杂的人群透着一股紧迫感。这种状态真糟糕。,anxiety
嘴上说着不在乎，心里却早就把你名字刻在最深的地方了,love
嘴上说着不在乎，心里却早就演完了一整部爱情电影,love
嘴上说着不在乎，心里却每天都在搜索“如何让暗恋的人主动告白”,love
嘴上说着不想理你，其实心里早就盼着你给我打电话了。,love
嘴上骂着你烦人，眼睛却始终舍不得从你身上移开。,love
嘴角忍不住上扬，因为想到了你。,joy
嘴角忍不住上扬，因为想到了你！,joy
嘻嘻,joy
嘿嘿,joy
嘿嘿嘿,joy
嘿嘿，刚才偷偷看他，结果他也正好在看我，这就是所谓的默契吗？,joy
嘿嘿，刚才偷偷看他，结果他也正好在看着我笑，太甜了！,joy
回不去了,sadness
回不去了。,sadness
回不去了吧,sadness
回不去从前了,sadness
回不去当年的曲调了,sadness
回不去的从前,sadness
回不去的以前,sadness
回不去的家乡,sadness
回不去的家乡全是遗憾,sadness
回不去的青春,sadness
回到老家发现父母的背已经驼得不成样子了，而我还在外面一事无成，好想哭。,sadness
回到被烧得只剩黑炭的家，看着那堆灰，我觉得这辈子彻底毁了,sadness
回到那个被洪水洗劫过的老家，看着墙上那道齐胸高的泥印，那种关于家的定义瞬间崩塌，我连哭都没了力气,sadness
回到那个被激光推平的老家旧址，看着那片发着荧光的焦土，我突然忘了我曾经也是个有家的人,sadness
回家时习惯性地喊了一声“我回来了”。只是直到冰块化成水，才想起对面已经没人坐了,sadness
回家时习惯性地喊了一声“我回来了”。可直到冰块化成水，才想起对面已经没人坐了,sadness
回家时习惯性地喊了一声“我回来了”。后来回应我的只有空荡荡的走廊和回声,sadness
回家时习惯性地喊了一声“我回来了”。后来手伸向钱包时才想起，已经没有送花的理由了,sadness
回家时习惯性地喊了一声“我回来了”。然而直到冰块化成水，才想起对面已经没人坐了,sadness
回家时习惯性地喊了一声“我回来了”。然而直到开饭才发现，多出来的那副只能收回去,sadness
回家时习惯性地喊了一声“我回来了”。直到直到开饭才发现，多出来的那副只能收回去,sadness
回家时习惯性地喊了一声“我回来了”，但手伸向钱包时才想起，已经没有送花的理由了,sadness
回家时习惯性地喊了一声“我回来了”，但手指悬在发送键上很久，最后还是一个个字删掉了,sadness
回家时习惯性地喊了一声“我回来了”，但直到开饭才发现，多出来的那副只能收回去,sadness
回家时习惯性地喊了一声“我回来了”，回应我的只有空荡荡的走廊和回声,sadness
回忆再美，也不及现在的坦然...,contentment
回忆再美，也不及现在的坦然。,contentment
回忆太重，压得我喘不过气来...,anxiety
回忆太重，压得我喘不过气来。,anxiety
回忆是场漫长的凌迟，每一寸呼吸都带着旧伤口,sadness
回老家还要强撑体面，其实过得挺紧巴，伪装得好累,anxiety
回老家还要强撑光鲜，其实背地里欠着分期，这种伪装真的好心累,anxiety
团队的成果凭什么他独占署名权，那副邀功的嘴脸，看得我想吐,anger
团队的果实凭什么他一人独吞，虚伪的嘴脸，看吐了,anger
图书馆藏书量目前为三十二万册，开放时间不变,neutral
在一起,love
在一起一辈子吧,love
在一起的时间，散步聊天，许多夜晚都变得如此漫长而美好,contentment
在下雨天窝在被窝里看喜欢的纪录片，简直太惬意了,joy
在乡下的小院子里，搬个摇椅数星星，这种远离嚣嚣的感觉太自在了。,contentment
在乡间的小路上骑着单车，吹着清爽的风，感觉整个人都被净化了。,contentment
在书店的一角发现了一本绝版好书，居然只要十块钱，赚到了！,joy
在二手市场淘到了性价比极高的板子，赚翻了,joy
在二手平台卖掉了闲置很久的物品，回血的感觉真好,joy
在会议发言前夕，我的嗓子干涩得发不出声音，双腿不停打颤,anxiety
在你面前会变得很安心,love
在充满烟草味的小酒馆里，听着流浪歌手唱跑调的民谣，我居然找回了久违的、想活下去的动力,contentment
在公园晒太阳发呆，什么都不用想,contentment
在公园草地上打了个滚，感觉把所有的压力都释放了,joy
在公园里看小朋友放风筝，感觉心情也跟着飞了起来,joy
在冬日的午后喝到一杯暖暖的热可可，这就是幸福感,joy
在冬日的街头喝到第一口热腾腾的炒栗子，幸福感直接拉满,joy
在冬日里喝到一杯热腾腾的咖啡，整个人都暖和了,joy
在凌晨的便利店吃着热气腾腾的关东煮，看着玻璃窗外匆忙赶路的夜班车，这种置身事外的安宁感，是我的续命良药,contentment
在凌晨的批发市场扛大包，汗水流进眼里。这种皮肉的酸痛感，让我确信自己还没变成数据,contentment
在凌晨的批发市场看着那帮为了一毛钱吵得脸红脖子粗的人，这种粗鄙的生命力，反而让我很踏实,contentment
在午后的阳光下打个盹，这就是我的小确幸...,contentment
在午后的阳光下打个盹，这就是我的小确幸。,contentment
在午后的阳光下打个盹，这就是我的小确幸！,contentment
在午后的阳光下打个盹，这就是我的小确幸？,contentment
在午后的阳光下打个盹，这就是我的小确幸～,contentment
在只有三平米的胶囊旅馆里，听着隔壁剧烈的咳嗽声，那种被贫穷死死钉在格子里的窒息感，太绝望,sadness
在只有呼吸机声的ICU长廊，看着那个刚被盖上白布的床位，那种死亡比存款更近的真实感，让我手脚冰凉,sadness
在周六的早晨，阳光洒在被子上，听着楼下早餐摊的叫卖声，真安逸。,contentment
在商场盲选的一件衣服竟然意外地合身，心情瞬间飞起,joy
在商场里遇到一个好久不见的老同学，我们聊了好久，真的好开心。,joy
在喧嚣的城市里找到了一处安静的角落，真不容易。,contentment
在喧嚣的城市里找到这一方小天地，挺不容易的,contentment
在喧嚣的闹市中找到一家安静的书店，坐下来读本书，感觉时光倒流。,contentment
在喧嚣的闹市中找到一家安静的小店，坐下来喝杯咖啡，真享受。,contentment
在嘈杂的世界里守住内心的一方净土，我觉得很圆满。,contentment
在嘈杂的人群中突然感到一阵晕眩，只想立刻找个角落躲起来,anxiety
在嘈杂的地铁上戴上降噪耳机，那一瞬间世界安静了，仿佛我也从这个忙碌的星球暂时撤离了,contentment
在嘈杂的地铁里刷到一张超可爱的表情包，忍不住笑出声,joy
在回忆的废墟里翻找，却发现连当初的温度都找不到了。,sadness
在回忆里流浪，找不到出口...,sadness
在回忆里流浪，找不到出口。,sadness
在图书馆找到了那本找了很久的参考书，今天太顺了,joy
在地铁上突然崩溃大哭，路人都在看我，可我真的控制不住。,sadness
在夕阳下的操场上跑完五公里，大汗淋漓的感觉真舒爽,joy
在大槐树底下支个小桌子，开两瓶大绿棒子，就着花生米跟老哥们儿吹吹牛逼，这日子才叫舒坦,contentment
在安静的办公室里，我甚至能听到自己凌乱而沉重的心跳声,anxiety
在安静的午后，做一件自己喜欢的手工，这种专注的感觉真迷人。,contentment
在安静的午后，看着茶叶在透明杯中缓缓舒展沉降，整个人也随之静止了。,contentment
在安静的图书馆待了一个下午，感觉整个人都被墨香治愈了，真宁静。,contentment
在寒冬递过来的围巾似乎已经抵过万语千言。只要有你就足够。,love
在寒冬递过来的围巾似乎已经抵过万语千言。心里全是你。,love
在寒冬递过来的围巾似乎已经抵过万语千言，守护这份珍贵。,love
在寒冬递过来的围巾似乎已经是无声的深情表白。只要有你就足够。,love
在寒冬递过来的围巾似乎已经是无声的深情表白。大概这就是余生。,love
在寒冬递过来的围巾似乎已经温暖了整个季节。大概这就是余生。,love
在寒冬递过来的围巾似乎已经温暖了整个季节。心里全是你。,love
在寒冬递过来的围巾似乎已经温暖了整个季节。愿岁岁年年如初。,love
在寒冬递过来的围巾似乎已经让彼此更加坚定。大概这就是余生。,love
在寒冬递过来的围巾似乎已经让彼此更加坚定。心里全是你。,love
在寒冬递过来的围巾似乎已经让彼此更加坚定，守护这份珍贵。,love
在寒冬递过来的围巾似乎已经这种关怀细致入微。只要有你就足够。,love
在寒冬递过来的围巾似乎已经这种关怀细致入微。心里全是你。,love
在寒冬递过来的围巾似乎抵过万语千言。愿岁岁年年如初。,love
在寒冬递过来的围巾似乎抵过万语千言，守护这份珍贵。,love
在寒冬递过来的围巾似乎是无声的深情表白。只要有你就足够。,love
在寒冬递过来的围巾似乎是无声的深情表白。心里全是你。,love
在寒冬递过来的围巾似乎温暖了整个季节。只要有你就足够。,love
在寒冬递过来的围巾似乎让彼此更加坚定。愿岁岁年年如初。,love
在寒冬递过来的围巾必然抵过万语千言。心里全是你。,love
在寒冬递过来的围巾必然是无声的深情表白，守护这份珍贵。,love
在寒冬递过来的围巾必然让彼此更加坚定。愿岁岁年年如初。,love
在寒冬递过来的围巾总会抵过万语千言。愿岁岁年年如初。,love
在寒冬递过来的围巾总会是无声的深情表白。大概这就是余生。,love
在寒冬递过来的围巾总会温暖了整个季节。大概这就是余生。,love
在寒冬递过来的围巾总会这就是爱的模样。愿岁岁年年如初。,love
在寒冬递过来的围巾总会这种关怀细致入微。只要有你就足够。,love
在寒冬递过来的围巾总会这种关怀细致入微。愿岁岁年年如初。,love
在寒冬递过来的围巾抵过万语千言。只要有你就足够。,love
在寒冬递过来的围巾抵过万语千言。大概这就是余生。,love
在寒冬递过来的围巾抵过万语千言。愿岁岁年年如初。,love
在寒冬递过来的围巾温暖了整个季节。只要有你就足够。,love
在寒冬递过来的围巾温暖了整个季节。心里全是你。,love
在寒冬递过来的围巾温暖了整个季节，守护这份珍贵。,love
在寒冬递过来的围巾真的抵过万语千言。愿岁岁年年如初。,love
在寒冬递过来的围巾真的温暖了整个季节。愿岁岁年年如初。,love
在寒冬递过来的围巾真的温暖了整个季节，守护这份珍贵。,love
在寒冬递过来的围巾真的让彼此更加坚定。愿岁岁年年如初。,love
在寒冬递过来的围巾真的这就是爱的模样。愿岁岁年年如初。,love
在寒冬递过来的围巾确实抵过万语千言。愿岁岁年年如初。,love
在寒冬递过来的围巾确实抵过万语千言，守护这份珍贵。,love
在寒冬递过来的围巾确实温暖了整个季节。只要有你就足够。,love
在寒冬递过来的围巾确实让彼此更加坚定。大概这就是余生。,love
在寒冬递过来的围巾确实这种关怀细致入微。只要有你就足够。,love
在寒冬递过来的围巾确实这种关怀细致入微。大概这就是余生。,love
在寒冬递过来的围巾确实这种关怀细致入微。心里全是你。,love
在寒冬递过来的围巾确实这种关怀细致入微。愿岁岁年年如初。,love
在寒冬递过来的围巾竟然抵过万语千言。心里全是你。,love
在寒冬递过来的围巾竟然温暖了整个季节，守护这份珍贵。,love
在寒冬递过来的围巾竟然这就是爱的模样。只要有你就足够。,love
在寒冬递过来的围巾竟然这就是爱的模样。愿岁岁年年如初。,love
在寒冬递过来的围巾竟然这就是爱的模样，守护这份珍贵。,love
在寒冬递过来的围巾竟然这种关怀细致入微，守护这份珍贵。,love
在寒冬递过来的围巾让彼此更加坚定，守护这份珍贵。,love
在寒冬递过来的围巾这就是爱的模样。大概这就是余生。,love
在寒冬递过来的围巾这就是爱的模样。愿岁岁年年如初。,love
在寒冬递过来的围巾这种关怀细致入微，守护这份珍贵。,love
在寒冷的冬天里吃上一口刚出锅的烤地瓜，真甜,joy
在寒冷的冬天，能躲在温暖的被窝里看电影，这就是我最大的快乐。,contentment
在寒冷的早晨吃到了刚出锅的生煎包，满口汤汁，太满足了,joy
在寒冷的早晨吃到了热腾腾的煎饼果子，暖到心里了,joy
在小公园的长椅上坐着发呆，看落叶飘过，内心十分宁静,contentment
在山顶看日出的那一刻，心胸都开阔了,contentment
在异乡吃到地道的家乡菜，满足感爆棚,joy
在异乡吃到地道的家乡菜，那股亲切感瞬间让我想家了,joy
在异乡收到妈妈寄来的特产，好幸福,joy
在异乡生病却连个倒热水的人都没有，这种凄凉，大概就是每一个漂泊者必须要缴纳的灵魂税,sadness
在异乡的冬夜吃上一碗热气腾腾的家乡面，那种满足感能治愈一切,joy
在异乡的冬夜里偷摸吃上一碗带荤油的家乡大烩菜，那股亲切感瞬间让我想起了我那早死的亲娘,joy
在异乡的冬夜里吃上一碗热气腾腾的家乡臊子面，那种满足感瞬间让我觉得人间值得,joy
在异乡的冬夜里突然收到妈妈托人捎过来的各种家乡土特产，那种幸福感真的瞬间就填满了整个胸腔,joy
在异乡的地下管道里吃着合成肉糜，那种从精英跌入尘埃的落差，让我觉得曾经的奋斗全是屁,sadness
在异乡的年夜饭是一个人吃的开水白菜，那种凄凉感让我觉得，大城市的梦想其实就是个笑话,sadness
在异乡的年夜饭是一个人蹲在马路牙子上吃盒饭，那种落魄感，让我觉得梦想真的只是个泡沫,sadness
在异乡的年夜饭是一个人躲在储藏室里吃的冷馒头，那种辛酸，让我觉得奋斗的意义全是狗屁,sadness
在异乡的收容所里吃着掺了沙子的稀粥，那种从云端坠入泥淖的落差，让我觉得曾经的精致生活全是讽刺,sadness
在异乡的收容所里吃着长毛的干饼。那种从云端掉进泥里的落差，让我觉得努力全是笑话,sadness
在异乡的深夜吃到一碗地道的家乡油泼面，那股亲切感瞬间让我想家了,joy
在异乡的街头吃到了妈妈亲手做的腊肉味道，那种幸福感瞬间填满了胸腔,joy
在异乡的街头吃到了最地道的家乡味道，那种满足感瞬间让我觉得值得,joy
在异乡的街头听到熟悉的家乡民谣，那种归属感瞬间让我想哭又想笑,joy
在异乡的街头听到熟悉的家乡民谣，那种归属感瞬间让我想家想疯了,joy
在异乡的街头听到那首咱们以前最爱的歌，归属感让我想家想疯了，原来我还是没长大,joy
在异乡的街头听到那首咱们以前最爱的歌，那种归属感瞬间让我想家想疯了，原来我还是没长大,joy
在异乡的街头听到那首咱们以前最爱的歌，那种归属感瞬间让我想家想疯了，眼泪怎么也止不住,joy
在异乡的街头听到那首咱们以前最爱的老歌，那种归属感瞬间让我想家想疯了，原来我一直都是个弃子,joy
在异乡的街头听到那首咱们以前最爱的老歌，那种归属感瞬间让我想家想疯了，原来我还是那个没长大的小孩,joy
在异乡的街头看到那个跟你长得极像的背影，那种归属感瞬间让我想家想疯了，原来我还是那个丧家犬,joy
在异乡的街头突然听到家乡的叫卖声，那一刻鼻头一酸，思乡的情绪瞬间泛滥,sadness
在异乡的街头闻到最正宗的家乡炸酱味，那种瞬间的满足感让我觉得受的委屈全值了,joy
在异国他乡听到熟悉的乡音，那种喜悦真的无法言表,joy
在异国他乡听到熟悉的乡音，那种惊喜真的无法言喻,joy
在异国他乡的街头吃到了家乡的味道，幸福得想转圈圈,joy
在异国他乡的街头突然刷到家乡夺冠的消息，那一刻民族自豪感直接爆表,joy
在异国他乡的街头突然刷到祖国夺冠的消息，那一刻民族自豪感直接爆表,joy
在异国他乡的街头突然听到久违的乡音，那种亲切感简直能让人瞬间泪目,joy
在异国的唐人街吃上一碗热气腾腾的兰州拉面，那种家乡的味道瞬间让我想家想疯了,joy
在异地他乡的桥洞底下吃上一盒带肉沫的剩盒饭，那种能填饱肚子的踏实感瞬间让我感到了幸福,joy
在异地他乡的街头闻到最正宗的家乡烤肉味，那种瞬间的满足感让我觉得为了生活受的苦全值了,joy
在异地他乡的街头闻到最正宗的家乡烧烤味，那种满足感瞬间让我觉得为了生活受的苦全值了,joy
在异地他乡的街头闻到最正宗的家乡烧烤味，那种满足感瞬间让我觉得值,joy
在异地他乡的街头闻到最正宗的家乡烧烤味，那种瞬间的满足感让我觉得为了生活受的苦全都值当了,joy
在异地他乡的街头闻到最正宗的家乡烧烤味，那种瞬间的满足感让我觉得受的苦全值了,joy
在弄堂口的长凳上听老邻居们摇着蒲扇聊天，这种生活节奏才叫安逸,contentment
在忙碌了一周后迎来了一个不用加班的周末，太圆满了,joy
在忙碌了一天之后，能躺在干净的床单上就是最大的治愈,contentment
在忙碌的地铁站捡到了丢失的准考证并还给考生，那种快乐真纯粹,joy
在忙碌的地铁站看到盲人夫妇互相扶持，那一刻感受到了最质朴的喜悦,joy
在慵懒的周末，和老友喝杯清茶，聊聊往事，这种感觉真好。,contentment
在慵懒的周末，和老友喝杯清茶，聊聊往事，这种感觉真的非常惬意。,contentment
在我的世界里，你就是那唯一的偏爱和例外,love
在我的心里，你就是那抹最亮的光，照亮了我所有阴暗的角落,love
在打印文件,neutral
在拥挤的地铁里，那种被迫的肢体接触让我感到阵阵反胃和恐慌,anxiety
在挤不进人的早高峰地铁里，看着窗外倒退的灯火，突然想大哭一场,sadness
在无数个失眠的深夜里，我只能听到自己心碎的声音。,sadness
在旧书摊用五块钱买到了心心念念的原版画册，赚翻了,joy
在旧衣服兜里翻出了五十块钱，简直是意外之喜,joy
在旧衣服口袋里翻到了五十块钱，这种意外之财带来的快乐谁懂啊！,joy
在暴雨过后的清晨闻到泥土的味道，那一刻我觉得自己那些纠结的烦恼都随着雨水流进了下水道,contentment
在曾经并肩坐过的长椅上，现在的风吹得人格外寂寞,sadness
在最无能为力的年纪遇到了最想照顾一生的人，除了放手我别无选择。,sadness
在最热闹的直播间里看到前任正在卖力地推销劣质面膜，那种幻灭感，比直接分手还要让人难过,sadness
在最热闹的跨年夜一个人吃过期的桶面，那种被世界遗忘的错觉，比冬天的江水还要冷,sadness
在最热闹的颁奖礼上发现自己的西装腋下破了个大洞，那种体面瞬间崩塌的羞耻，让我恨不得钻地缝,sadness
在最爱的时候睡去，梦里全是你给的温柔细节,love
在最需要安慰的时候，等来的却是你的冷嘲热讽，心真的彻底凉了,sadness
在朋友圈发了一张照片，居然收获了史上最多的点赞，好有成就感。,joy
在树荫下睡个午觉，感觉全身的细胞都放松了,contentment
在此刻的宁静里，我终于看清了自己最真实的模样，内心一片祥和。,contentment
在每一个平凡的清晨，只想为你递上一杯温热的豆浆,love
在每一个平凡的瞬间，我都在脑海里和你过完了一生,love
在每个周末的午后修剪花草，感受生命在指尖缓慢地流淌,contentment
在每个寒冷的冬天，我们依偎着取暖就是最伟大的浪漫,contentment
在每个星光灿烂的夜晚，感谢命运让我遇见了最合适的你,contentment
在每个睡不着的夜晚，听着你的呼吸声就是最安稳的摇篮曲,love
在每个醒来的清晨，看到你和阳光都在，就是我最向往的以后,love
在没人去的海滩摆了个贝壳大笑脸，虽然会被冲走但那一刻我很快乐,joy
在没有你的城市里，我学着独自流浪。,sadness
在洒满阳光的阳台躺椅上睡个午觉，醒来满眼都是宁静，这日子真安稳,contentment
在海拔最高的山顶俯瞰世界，这种壮志凌云的快感无法言喻,joy
在深夜的便利店吃着过期的便当，突然觉得这一年的辛苦到底为了什么。,sadness
在深夜的台灯下安静地翻阅旧书，这种跨越时空的对话让灵魂感到了极大的慰藉。,contentment
在深夜的台灯下，写完最后一笔日记，这种收尾的仪式感让心境很安稳。,contentment
在深夜的台灯下，安静地修剪一盆绿植，感受着生命在指尖跳动，心境平稳如水。,contentment
在深夜的街道上快步走着，总觉得背后有双眼睛在盯着我,anxiety
在深夜里反复复盘白天的社交细节，担心哪句话说错了得罪了人,anxiety
在深夜里听着舒缓的轻音乐，感觉整个人都被温柔地包裹住了。,contentment
在深秋的午后喝到一杯超完美的奶茶，这种小小的欢愉让心情瞬间起飞。,joy
在深秋的午后捧着一杯热咖啡看落叶，这种宁静的幸福感真让人着迷,joy
在清晨的微光中醒来，闻到窗外花草的清香，新的一天又充满了安宁。,contentment
在清晨的微光中醒来，闻到花草的清香，新的一天又充满了希望。,contentment
在清晨的森林里呼吸着新鲜空气，感觉肺部都被净化了,joy
在满是废墟的老家旧址上挖出了小时候埋的铁盒子，里面的弹珠锈迹斑斑，那种物是人非的心碎感,sadness
在满是油烟的小饭馆里听着邻桌老哥吹牛，这种充满泥土气的鲜活感，让我觉得自己还扎根在地上,contentment
在漫漫人生路上，能有几个知心好友偶尔小聚，这种状态真的夫复何求。,contentment
在漫长的旅途中，看遍了山川河流，最后发现家才是最舒服的地方。,contentment
在漫长的旅途中，看遍了风景，最后发现家里的沙发才是最舒服的地方。,contentment
在电梯这种密闭空间里，那种莫名其妙的压迫感让我坐立难安,anxiety
在瞬息万变的招工市场上，我总觉得自己这把子力气快要被那些冷冰冰的机器彻底替代了,anxiety
在瞬息万变的职场环境中，我总觉得自己掌握的知识储备快要过时了,anxiety
在瞬息万变的职场赛道上，我总觉得自己掌握的那点技术快要被AI彻底替代了，好慌,anxiety
在瞬息万变的职场，我总觉得自己的知识储备快要过时了,anxiety
在瞬息万变的职场，我觉得自己快过季了,anxiety
在繁华的都市寻找一处宁静的公园，坐一下午，感觉灵魂得到了放松。,contentment
在繁忙中寻找宁静，在琐碎中发现美好，这便是我当下的修行。,contentment
在繁忙中寻找宁静，在琐碎中发现美好，这就是我当下的修行。,contentment
在繁忙中寻找宁静，在琐碎中发现美好，这就是我当下的修行之路。,contentment
在繁忙的工作之余，能有一点点属于自己的私人时间，真奢侈。,contentment
在繁忙的工作之余，能有一点点属于自己的私人时间，真是一件幸事。,contentment
在繁忙的工作间隙收到好朋友寄来的奶茶，心里美滋滋的,joy
在繁忙的工作间隙看到同事分享的零食，瞬间恢复活力,joy
在繁忙的街道上看到一朵破土而出的野花，生命力万岁,joy
在繁忙的都市生活中寻找宁静，在平淡的琐碎中发现生命的美好。,contentment
在纷乱的尘世里守住内心的纯真,contentment
在线等,anxiety
在细水长流的日子里，慢慢感受那些被忽略的美好，真惬意。,contentment
在细水长流的日子里，慢慢感受那些被忽略的美好，真的是一种享受。,contentment
在老电影院看了一场经典重映，这种情怀太让人心动了,joy
在耳机里随机到一首超级合胃口的歌，感觉走路都在带风,joy
在花店挑了一束喜欢的百合放在桌上，心情都变温柔了。,contentment
在花店挑了一束最简单的雏菊放在桌上，整个屋子都亮堂了起来。,contentment
在花店挑了一束最简单的雏菊，整个屋子都亮堂了起来。,contentment
在草稿纸上乱涂乱画，不停地清嗓子并整理领带,anxiety
在草稿纸上乱涂乱画，反复确认门窗是否关好,anxiety
在草稿纸上乱涂乱画，在走廊里来回踱步,anxiety
在草稿纸上乱涂乱画，太阳穴跳动得厉害,anxiety
在草稿纸上乱涂乱画，心脏撞击胸腔的声音异常清晰,anxiety
在草稿纸上乱涂乱画，手心里全是冷汗,anxiety
在草稿纸上乱涂乱画，把那个文件夹打开又关上,anxiety
在草稿纸上乱涂乱画，指尖在桌面快速敲击,anxiety
在草稿纸上乱涂乱画，盯着屏幕上的第一行字看了十分钟,anxiety
在草稿纸上乱涂乱画，窗外的树影在风中剧烈晃动,anxiety
在草稿纸上乱涂乱画，腿肚子止不住地打战,anxiety
在蔚蓝的大海里尽情潜行，感受生命最原始的灵动与活力,joy
在蔚蓝的海边尽情奔跑，感受生命最原始的律动与激情,joy
在走廊里来回踱步，不停地清嗓子并整理领带,anxiety
在走廊里来回踱步，太阳穴跳动得厉害,anxiety
在走廊里来回踱步，心脏撞击胸腔的声音异常清晰,anxiety
在走廊里来回踱步，每隔几秒就按亮一次手机屏幕,anxiety
在走廊里来回踱步，窗外的树影在风中剧烈晃动,anxiety
在走廊里来回踱步，走廊尽头传来的脚步声越来越近,anxiety
在路边摊吃一碗冒热气的馄饨，看着人来人往的市井气，心情瞬间舒畅了,joy
在这个万家灯火的跨年夜，一个人坐在阳台上喝闷酒，突然觉得这种热闹好扎心,sadness
在这个万家灯火的除夕夜，我却只能对着便利店的冷餐盒，听窗外别人的欢笑,sadness
在这个万家灯火的除夕夜，我却只能对着冷餐盒听窗外别人的欢笑,sadness
在这个万物复苏的春天骑行，风里全是花香的味道，自在！,joy
在这个万物生长的季节里，我与自己达成了某种和解，一切都挺好。,contentment
在这个不确定的环境下，我好担心自己随时会被替代。,anxiety
在这个不确定的环境下，我好担心自己随时会被替代。...,anxiety
在这个不确定的环境下，我好担心自己随时会被替代。。,anxiety
在这个不确定的环境下，我好担心自己随时会被替代。，好慌。,anxiety
在这个不确定的环境下，我好担心自己随时会被替代。，真的。,anxiety
在这个世界上，我只想把所有的温柔都留给你一个人,love
在这个世界上，最让我安心的地方就是你的怀抱。,love
在这个人人都在争先恐后的时代，我只想慢下来，听听自己内心的声音,contentment
在这个人人都在内卷的时代掉队，让我每天都生活在深深的自我否定中,anxiety
在这个人人都在拼命加班的年代掉队，让我每天都生活在深深的自我厌恶和绝望中,anxiety
在这个人人都在盲目内卷的年代掉队，让我每天都生活在深深的自我怀疑和痛苦中,anxiety
在这个人人都在贩卖焦虑的时代，我真的很怕自己会迷失在对比的漩涡里,anxiety
在这个人声鼎沸的街头，我依然能守住内心的孤独与宁静，真好。,contentment
在这个人心浮躁、物欲横流的世界里能按自己的真实想法去生活，真的太难也太珍贵了,contentment
在这个信息爆炸的时代，我真的很怕自己会错过任何一个关键信息,anxiety
在这个信息爆炸的时代，能保持一份独立的思考，我觉得很圆满。,contentment
在这个充满不确定性的圈子里，我总觉得自己像是一叶孤舟，找不到岸,anxiety
在这个充满不确定的环境里我每天都提心吊胆,anxiety
在这个充满变数的世界里，能拥有一个属于自己的小窝真好,contentment
在这个充满变数的圈子里，我总觉得自己像个随时会被替换的零件,anxiety
在这个充满变数的时代，我只想紧紧抓住你那双并不温热的手,anxiety
在这个充满喧嚣的世界里，我依然能听到内心最真实的声音。,contentment
在这个充满喧嚣的世界里，我依然能精准地捕捉到内心微小的欢喜。,contentment
在这个充满喧嚣的世界里，能守住内心的平静就很不容易了,contentment
在这个充满希望的新起点上，我微笑着对自己说，未来一定会很好。,contentment
在这个充满希望的新起点上，我微笑着面对自己，说一切都挺好。,contentment
在这个充满希望的早晨，我轻声对自己说，加油，一切都很好。,contentment
在这个充满希望的清晨，微笑着对自己说，新的一天，一切安好。,contentment
在这个充满希望的清晨，微笑着迎接新的一天。,contentment
在这个充满戾气的社会里守住内心的一份善良，才是我这辈子最牛逼的投资,contentment
在这个充满挑战的世界里，我依然保持着那份初心。,contentment
在这个充满活力的季节里，每一条血管里都流淌着快乐的因子,joy
在这个充满活力的早晨跑个步，感觉自己元气满满,joy
在这个充满温情的世界里，我微笑着前行，内心充满了爱与希望。,contentment
在这个充满温情的家里，我与自己达成了一种前所未有的、完美的平衡。,contentment
在这个充满滤镜的时代，能看到一张没修过图的真实笑脸，居然成了一种极其奢侈的享受,love
在这个充满烟火气的巷子里走走，看着邻里间的点头示意，心头暖得刚刚好。,contentment
在这个充满烟火气的早市，我感受到了生活的热度。,contentment
在这个充满烟火气的菜市场里走走，看着最真实的生活图景，心头暖得刚刚好。,contentment
在这个充满爱与善意的氛围里，我觉得自己的灵魂得到了真正的舒展。,contentment
在这个充满爱的季节里，我与世界握手言和，内心充盈且强大。,contentment
在这个充满爱的季节里，我与世界温柔相待，内心充盈。,contentment
在这个充满竞争的世界里，我选择按照自己的节奏慢慢来,contentment
在这个充满竞争的环境里，我像是一根拉到极限的皮筋，随时会断,anxiety
在这个充满谎言的社会，真诚反而成了刺向自己的那把刀。,sadness
在这个充满阳光的午后，泡一壶清茶，翻开那本旧书，日子慢得恰到好处。,contentment
在这个充满阳光的午后，陪着宠物在草地上打个盹，生活太美好了。,contentment
在这个充满阳光的早晨，深呼吸，感受当下的每一寸美好，挺好。,contentment
在这个充满阳光的早晨，深呼吸，感受生命的律动，挺好。,contentment
在这个充满阳光的早晨，深呼吸，感受生活的每一寸美好，挺好。,contentment
在这个全员仿生人的舞会上，只有我踩歪了步点，那种血肉之躯的笨拙感，反而让我觉得自己像个异类,contentment
在这个公司干活真的是磨灭人性，天天画大饼却一分钱不涨，滚吧！,anger
在这个内卷到极致的年代我总是整宿睡不着,anxiety
在这个内卷到极致的年代，我好累,anxiety
在这个内卷到极致的年代，我总担心孩子输在起跑线上，整宿睡不着,anxiety
在这个内卷到极致的年代，我总担心自己的孩子输在起跑线上，整宿整宿睡不着,anxiety
在这个内卷到极致的年代，我总觉得自己像是一张快要崩断的弓弦,anxiety
在这个内卷到极致的年代，我总觉得自己快要被压垮了,anxiety
在这个内卷到让人想跳楼的年代，我总觉得自己像是一根快要被拉断的生锈铁丝,anxiety
在这个内卷到让人绝望的年代，我总觉得自己像是一张快要被拉断的陈年旧弓,anxiety
在这个内卷时代，我快被压垮了,anxiety
在这个内卷的时代掉队，每天都在焦虑,anxiety
在这个内卷的时代掉队，让我每天都生活在焦虑中,anxiety
在这个冰冷的世界里，我多希望有人能抱抱我，哪怕只是客套一下。,sadness
在这个冰冷的雨夜，我只有自己的影子可以依靠了。,sadness
在这个冷冰冰的城市里生病了，想喝口热水都要强撑着去烧，孤独感瞬间淹没了我,sadness
在这个冷冰冰的城市里生病了，想喝口热水都要强撑着起来烧，那一刻孤独感瞬间淹没了我,sadness
在这个冷冰冰的城市里生病了，想喝口热水都要硬撑着去烧，孤独感真丧,sadness
在这个冷冰冰的城市里生病，想喝口热水都要硬撑着，孤独感瞬间淹没了我,sadness
在这个冷冰冰的城市里生病，想喝热水都要强撑着去烧，孤独感真丧,contentment
在这个冷冰冰的城市里，什么时候才有属于我的一盏灯,sadness
在这个冷冰冰的城市里，什么时候才能有一盏灯是真正为我而亮的呢,sadness
在这个冷冰冰的城市里，什么时候才能有一盏灯是真正属于我、为我而亮的呢,sadness
在这个冷冰冰的城市里，什么时候才能有真正属于我的归属感,sadness
在这个冷冰冰的城市里，有时候觉得连真心都是可以标价的，真替自己感到悲哀,sadness
在这个冷冰冰的城市里，有时候觉得连空气都是陌生的，不知道自己的根在哪里,sadness
在这个冷冰冰的城市里，生病了连个倒热水的人都没有,sadness
在这个冷冰冰的城市里，生病了连个倒热水的人都没有，孤独感瞬间席卷全身,sadness
在这个冷漠的城市里，我弄丢了唯一能让我感到温暖的理由,sadness
在这个冷飕飕的早晨，看见你偷偷塞在我兜里的暖宝宝，心一下子就化了。,love
在这个到处都是内卷的环境里，居然还有人为了这点利益出卖人格。,anger
在这个到处都是内卷的环境里，我真的快要撑不住了，想逃避。,anxiety
在这个到处都是内卷的环境里，我真的快要撑不住了，想逃避现实。,anxiety
在这个到处都是成见的世界，我真的已经精疲力竭了。,sadness
在这个到处都是键盘侠的年代，讲真话反而成了异类，真是可笑。,anger
在这个功利的世界，纯粹的感情好像真的已经绝迹了。,sadness
在这个午后泡一壶茶，听着窗外的雨声，感觉整个人都慢下来了,contentment
在这个原本属于我们的季节里，我却只能独自在冷风中捡拾破碎的回忆。,sadness
在这个变幻莫测的世界里，我守着那份初心，安稳地走在归途上。,contentment
在这个变幻莫测的人生旅途中，我守着那份初心，安然地走在正轨上。,contentment
在这个只看钱不看人的疯狂世界里能按自己的想法活一天，真的比什么都难，也太珍贵了,contentment
在这个只认衣冠不认人的社会里能守住一份简单的快乐，真的是件极其不容易的事情,contentment
在这个只认钱不认人的世道里守住那点可怜的良心，虽然穷点，但老子睡得踏实，这比什么都强,contentment
在这个周末的午后，陪着狗狗在草地上打滚，这种快乐真的非常纯粹。,contentment
在这个喧嚣的世界里，能和你共享一段安静的时光，是我最大的奢侈,love
在这个喧嚣的世界，保持一份内心的宁静，真的是一种修行。,contentment
在这个喧嚣的世界，保持一份内心的宁静，真的是一种难得的修行。,contentment
在这个喧嚣的城市里，能守住内心的那份清淡与纯真，本身就是一种了不起,contentment
在这个喧嚣的城市，我只想找个没人认识的地方大哭一场。,sadness
在这个喧嚣的时代，只有在你身边我才能找回真正的自己,love
在这个喧嚣的时代，能拥有一份平和的心态，就是最大的福气。,contentment
在这个喧闹的人间，唯有你的爱让我感到前所未有的宁静。,love
在这个喧闹的城市中心，我却觉得比任何时候都孤独，这种不被理解的隔阂感真丧,sadness
在这个喧闹的派对上，我却觉得自己像个局外人,sadness
在这个喧闹的派对里我却只想早点回家，那种格格不入，真的好想逃离,sadness
在这个喧闹的派对里我却觉得格格不入，那种热闹是别人的、孤独是自己的感觉太压抑,sadness
在这个喧闹的派对里我却觉得比任何时候都要孤独，这种格格不入，真的好丧,sadness
在这个喧闹的派对里我却觉得自己像个局外人，那种热闹是别人的、孤独是自己的感觉太压抑,sadness
在这个喧闹的派对里，我却觉得比任何时候都孤独，这种格格不入好丧,sadness
在这个喧闹的派对里，我却觉得自己像个局外人，那种孤独感太压抑了,sadness
在这个喧闹的节日里，我关掉了灯，把自己藏进黑暗里。,sadness
在这个城市打拼这么久，有时候觉得挺没意思的,sadness
在这个城市生病，想喝口水都要硬撑，孤独感瞬间爆棚,sadness
在这个城市生病，想喝口热水都要强撑着起来，孤独感瞬间淹没我,sadness
在这个城市生病，想喝口热水都要硬撑，孤独感瞬间爆棚,sadness
在这个堵成红色的路段上... 生活可真有意思。,anger
在这个堵成红色的路段上... 真是令人‘欣慰’的结局。,anger
在这个堵成红色的路段上... 真是太‘理想’了。,anger
在这个堵成红色的路段上... 这可真是‘谢天谢地’。,anger
在这个堵成红色的路段上... 这安排真是‘贴心’得让人想哭。,anger
在这个堵成红色的路段上。我可得好好夸夸这种效率。,anger
在这个堵成红色的路段上。我可真‘幸运’。,anger
在这个堵成红色的路段上。我真是谢谢您了。,anger
在这个堵成红色的路段上。托您的福，心情好到了极点。,anger
在这个堵成红色的路段上。真是一场完美的体验。,anger
在这个堵成红色的路段上。真是长见识了。,anger
在这个堵成红色的路段上！感觉人生达到了‘巅峰’。,anger
在这个堵成红色的路段上！这可太‘棒’了。,anger
在这个堵成红色的路段上！这就是所谓的‘惊喜’吧。,anger
在这个堵成红色的路段上，真是愉快的一天。,anger
在这个处处看脸的时代，我总觉得自己长得太普通，经常陷入自卑中,anxiety
在这个处处都要看学历、看背景的操蛋社会，我一个初中没毕业的跑腿工，真怕哪天连土都吃不上,anxiety
在这个处处都要看脸、看身材的浅薄时代，我总觉得自己长得太普通，经常会陷入深深的容貌焦虑,anxiety
在这个处处都要考证、人人都在内卷的节骨眼上，我总怕自己哪天就成了待考民工,anxiety
在这个多元的世界里，我依然坚持着自己的选择。,contentment
在这个多元的选择面前，我依然坚持自己的初心，觉得格外坚定。,contentment
在这个多变的世界里，我依然拥有一颗不变的心。,contentment
在这个多变的世界里，我依然拥有一颗宁静如初的心，这便足够。,contentment
在这个多彩的世界里，我守着内心的纯粹，觉得格外安宁。,contentment
在这个多彩的世界里，我守着内心的纯粹，觉得生活格外有质感。,contentment
在这个多彩的世界里，我守着内心的纯粹，觉得生活格外有质感且温暖。,contentment
在这个多彩的人生舞台上，我正扮演着自己最喜欢的角色，心满意足。,contentment
在这个大千世界里，我拥有一个温馨的小家，这就是我最大的底气。,contentment
在这个大城市打拼，有时候深夜回家真的觉得好孤独。,sadness
在这个大城市生病，连个倒热水的人都没有，孤独感在那一刻爆发,sadness
在这个大城市里待了五年，却还是觉得自己是个局外人，没有归属感。,sadness
在这个大城市里生病了，想找个人说说话，翻遍通讯录却不知道拨给谁。,sadness
在这个孤独的星球上，幸好有你给了我最温暖的拥抱,love
在这个安静的下午喝杯奶茶，这就是我的小确幸,joy
在这个安静的午后刷到一段超搞笑的视频，笑得停不下来,joy
在这个安静的午后喝杯咖啡，看看窗外的云，心情格外平和,contentment
在这个安静的午后喝杯清茶，心情很平和,contentment
在这个安静的午后喝杯清茶，心情很平和，感觉岁月静好,contentment
在这个安静的午后喝杯清茶，看会儿书，心情很平和,contentment
在这个安静的午后喝杯热茶，感觉整个人都慢下来了。,contentment
在这个安静的午后喝杯热茶，翻翻喜欢的书，感觉时间都慢下来了，挺自在,contentment
在这个安静的午后喝杯红茶，翻翻喜欢的书，感觉时间都慢下来了,contentment
在这个安静的午后喝杯红茶，翻翻喜欢的书，感觉时间都慢下来了，挺自在,contentment
在这个安静的午后喝杯红茶，翻翻闲书，感觉时间都慢下来了,contentment
在这个安静的午后喝杯红茶，翻翻闲书，感觉时间都慢下来了，挺自在,contentment
在这个安静的午后看看书喝喝咖啡，不被打扰的时光，真的是种享受,contentment
在这个安静的午后，听着留声机里的老唱片睡个懒觉，感觉生活充满了松弛感,contentment
在这个安静的午后，我不爱你了。,contentment
在这个安静的午后，泡一杯喜欢的咖啡看会儿窗外，感觉生活慢节奏也挺美,contentment
在这个安静的午后，泡一杯喜欢的清茶翻翻闲书，感觉生活充满了诗意和松弛感,contentment
在这个安静的午后，泡一杯喜欢的花茶翻翻闲书，感觉生活充满了诗意,contentment
在这个安静的午后，泡一杯花茶看窗外的云卷云舒，感觉生活充满了松弛的美感,contentment
在这个安静的午后，能有一段属于自己的发呆时间，真是一种奢侈的幸福,contentment
在这个安静的周末午后，泡一杯咖啡看会儿云，感觉生活慢节奏也有一种独特的美,contentment
在这个安静的雨后下午睡个午觉，生活充满了松弛感,contentment
在这个安静的雨后下午睡个午觉，生活充满了松弛感，真好,contentment
在这个安静的雨后下午，听着窗外的雨声睡个午觉，感觉生活充满了久违的松弛,contentment
在这个安静的雨后下午，听着窗外的雨声睡个午觉，感觉生活充满了久违的松弛感,contentment
在这个安静的雨后下午，听着窗外的雨声睡个午觉，感觉生活充满了久违的松弛感，真好,contentment
在这个安静的雨后下午，听着窗外的雨声睡个午觉，感觉生活充满了松弛感,contentment
在这个安静的雨后下午，听着窗外的雨声睡个觉，感觉生活充满了松弛,contentment
在这个安静的雨夜点上香薰看会儿书，看着窗外的灯火，心情格外平和,contentment
在这个安静的雨夜点上香薰，看看窗外的灯火，心情格外平和,contentment
在这个完全陌生的环境里，我总觉得所有人的目光都在盯着我看，浑身不自在。,anxiety
在这个寂静的深夜，听着心跳声，感受生命的存在。,contentment
在这个寂静的深夜，看着窗外的星空，觉得自己是如此的渺小且充实。,contentment
在这个小县城里安安稳稳过日子也挺香,contentment
在这个小小的角落里，我藏着对你最大、最热烈的喜欢。,love
在这个尔虞我诈的圈子里，只要有你护着我，我就敢一直勇往直前,love
在这个平凡的岗位上，我也能找到属于自己的价值。,contentment
在这个平凡的日子里，意外地收获了一份美好的礼物,joy
在这个年龄段还没找到方向，我真的很怕自己会烂在这里,anxiety
在这个广阔的世界里，我找到了属于自己的小天地。,contentment
在这个广阔的世界里，我找到了属于自己的小天地，安稳且自在。,contentment
在这个广阔的人间，我找到了属于自己的位置，心满意足。,contentment
在这个广阔的宇宙间，我找到了属于自己的坐标，内心非常安定。,contentment
在这个微凉的傍晚，感受着微风拂过毛孔的细碎凉意，我觉得很适意。,contentment
在这个微凉的夜里喝上一杯温水，整个人都被一种暖意填充了。,contentment
在这个微凉的夜里喝上一杯热牛奶，整个人都被治愈了。,contentment
在这个微凉的深夜喝上一碗温热的粥，整个人都被深深地治愈了。,contentment
在这个微凉的清晨，呼吸着新鲜的空气，我觉得自己充满了宁静的力量。,contentment
在这个微凉的秋夜，盖上柔软的被子，感觉很安心。,contentment
在这个微风习习的傍晚，看一本老书，喝一碗清粥，觉得非常知足。,contentment
在这个忙碌的城市里，能拥有属于自己的安静时刻，实属难得。,contentment
在这个忙碌的时代，能拥有一份平和的心态，就是最大的成功。,contentment
在这个忙碌而平凡的周三下午，喝到一杯喜欢的咖啡，我觉得很圆满。,contentment
在这个快节奏的世界，能拥有一个属于自己的小角落，真的很幸福。,contentment
在这个快节奏的圈子里，稍微停下来就会感到莫名的恐慌,anxiety
在这个快节奏的城市，我连喘口气的时间都没有，感觉灵魂都被掏空了。,anxiety
在这个快节奏的城市，我连喘口气的时间都没有，感觉要窒息了。,anxiety
在这个快节奏的时代，我只想和你一起虚度光阴,love
在这个快节奏的时代，能听到这么动人的歌，真好,joy
在这个快节奏的时代，能慢下来喝一杯手冲咖啡，真的是种奢侈的享受。,contentment
在这个快节奏的时代，能慢下来思考，是一种福气。,contentment
在这个快节奏的时代，能按自己的节奏生活真好,contentment
在这个快节奏的时代，能按自己的节奏生活真的太难得了,contentment
在这个快节奏的时代，能按自己的节奏生活，本身就是一种了不起的胜利,contentment
在这个快节奏的时代，能按自己的节奏生活，真的需要很大的勇气,contentment
在这个快节奏的时代，能按自己的节奏生活，真的需要很大的底气,contentment
在这个快节奏的时代，能按自己的节奏生活，真的需要很大的底气和定力,contentment
在这个快节奏的时代，能按自己的节奏生活，需要很大的底气,contentment
在这个快节奏的社会，能慢下来思考和呼吸，本身就是一种奢侈。,contentment
在这个快节奏的职场里，我依然能按自己的节奏工作，这感觉很棒。,contentment
在这个快节奏的职场里，我依然能按自己的节奏工作，这种感觉很棒。,contentment
在这个快速更迭的时代，我很怕自己的一点懈怠，就成了被巨浪拍碎的残渣,anxiety
在这个悠闲的下午读一本好书，感觉灵魂得到了充实,joy
在这个悠闲的周末，亲手做一顿饭犒劳自己，心满意足。,contentment
在这个拥挤的地铁站里，每个人都行色匆匆，好像只有我被按下了暂停键,sadness
在这个拥挤的地铁里，突然觉得生活好压抑,sadness
在这个拥挤的地铁里，突然觉得生活好压抑，不知道明天在哪里,sadness
在这个拥挤的地铁里，突然觉得生活好压抑，不知道未来在哪里,sadness
在这个拥挤的地铁里，突然觉得生活好苦,sadness
在这个拥挤的地铁里，突然觉得生活好苦，不知道明天的意义在哪里,sadness
在这个拥挤的地铁里，突然觉得生活好苦，为什么大家都在忙忙碌碌,sadness
在这个拥挤的地铁里，突然觉得生活好苦，为什么大家都在忙忙碌碌却看不见出路,sadness
在这个拥挤的地铁里，突然觉得生活好苦，大家都在忙碌却没出路,sadness
在这个拥挤的地铁里，突然觉得生活好苦，看不到未来的出路在哪,sadness
在这个拥挤的城市里，我却找不到一个能让我彻底心安的角落,anxiety
在这个拥挤的城市里，竟然找不到一个可以深夜说话的人,sadness
在这个拥挤的城市里，竟然找不到一个可以说真心话的人,sadness
在这个拥挤的城市，我却找不到一个归宿...,sadness
在这个拥挤的城市，我却找不到一个归宿。,sadness
在这个拥挤的城市，我却找不到一个归宿！,sadness
在这个拥挤的城市，我却找不到一个归宿？,sadness
在这个拥挤的城市，我却找不到一个归宿～,sadness
在这个拥挤的火车站里，突然觉得人生好苦，大家都在为了生存而四处奔波,sadness
在这个拥挤的火车站里，突然觉得人生好苦，大家都在为了生存而奔波流浪,sadness
在这个拥挤的火车站里，突然觉得人生好苦，大家都在奔波流浪,sadness
在这个挤不进人的早高峰地铁里，看着窗外不停倒退的灯火，突然想大哭一场,sadness
在这个挤不进人的早高峰地铁里，看着车窗倒影中疲惫的自己，突然想停下来,sadness
在这个无人知晓的角落，我终于可以卸下所有伪装，任由眼泪无声地打湿干枯的灵魂。,sadness
在这个浪漫的秋天，和最爱的人去山顶看星星，真的一辈子都忘不了。,joy
在这个浪漫的节日，虽然单身，但和姐妹们一起嗨也超级开心！,joy
在这个浮躁到极致的社会里能守住一份小确幸，真的是件不容易的事,contentment
在这个浮躁的世界里能按自己的想法生活，真的太不容易了，我很珍惜,contentment
在这个浮躁的年代里守住内心的一份宁静，才是我最值得骄傲的事情,contentment
在这个浮躁社会里能守住一份小确幸，真的很不容易,contentment
在这个浮躁社会里能有小确幸，不容易,contentment
在这个温暖的冬日午后晒晒太阳，感觉所有的焦虑都随风消散了。,contentment
在这个温暖的冬日里晒晒太阳，感觉所有的疲惫都消散了。,contentment
在这个温暖的午后，晒晒太阳，发发呆，就很美。,contentment
在这个温暖的小天地里，我与自己达成了一种完美的、终极的默契。,contentment
在这个温暖的小天地里，我与自己达成了一种完美的默契。,contentment
在这个温暖而私密的小天地里，我与自己达成了一种深度的默契。,contentment
在这个温馨的小家里，我感受到了最大的安慰。,contentment
在这个温馨的小角落里，我找到了最大的自由和最深沉的安宁感。,contentment
在这个灯火通明的城市里，我却找不到属于自己的那盏灯,sadness
在这个烟火人间，我找到了属于自己的那个小位置，心满意足了。,contentment
在这个烟火人间，我找到了属于自己的那个小频道，心满意足了。,contentment
在这个热闹的同学聚会上，发现大家聊的除了车子就是房子，突然觉得自己好格格不入,sadness
在这个热闹的聚会上，我却觉得自己像个局外人，只能低头掩饰落寞。,sadness
在这个热闹的节日里，我却只能一个人发呆...,sadness
在这个热闹的节日里，我却只能一个人发呆。,sadness
在这个热闹的节日里，我却只能一个人发呆！,sadness
在这个热闹的节日里，我却只能一个人发呆？,sadness
在这个热闹的节日里，我却只能一个人发呆～,sadness
在这个燥热的夏天喝到一碗冰镇绿豆汤，太解暑了,joy
在这个物欲横流、人心浮躁的社会里能守住一份小确幸，真的是件极其不容易的事,contentment
在这个物欲横流的世界，想守住一点纯粹的东西真的太难了。,sadness
在这个物欲横流的城市里，有时候觉得连真心都变得小心翼翼，怕被辜负，真可悲,sadness
在这个物欲横流的城市里，有时候觉得连真心都是可以标价的，真替自己悲哀,sadness
在这个物欲横流的城市里，有时候觉得连简单的信任都变成了一种奢侈品,sadness
在这个物欲横流的时代，能守住内心的那份清贫与纯真，实属不易,contentment
在这个物欲横流的时代，能拥有一份简单的快乐、一个真诚的朋友，就足够了,contentment
在这个物欲横流的时代，能拥有一颗知足常乐的心，就是人生最大的财富,contentment
在这个狭小的出租屋里，我感觉自己快要窒息了，可我没有退路。,sadness
在这个生机盎然的世界里，我微笑着面对一切，觉得一切真的都挺好。,contentment
在这个看结果的时代，我的努力过程似乎变得一文不值，这让我很焦虑,anxiety
在这个看脸的时代，总觉得自己长得不够好看，越来越自卑了。,anxiety
在这个看脸的时代，总觉得自己长得不够好看，越来越自卑和焦虑了。,anxiety
在这个看脸的时代，我总觉得自己太平庸,anxiety
在这个看脸的时代，我总觉得自己太平庸了,anxiety
在这个看脸的时代，我总觉得自己太普通,anxiety
在这个看脸的时代，我总觉得自己太普通了,anxiety
在这个看脸的时代，这种外貌焦虑真的快把我压垮了,anxiety
在这个瞬息万变的世界里，我依然拥有一颗宁静如初的心，真幸福。,contentment
在这个瞬息万变的世界里，我守着内心的纯粹，觉得格外的心安。,contentment
在这个瞬息万变的世界里，我守着那份不变的初心，安稳前行。,contentment
在这个瞬息万变的互联网行业，我总觉得自己快要被时代的巨浪拍在沙滩上了,anxiety
在这个瞬息万变的宇宙中，我守着那份永恒的初心，觉得格外心安。,contentment
在这个瞬息万变的时代，好怕自己如果不学习就会被彻底淘汰。,anxiety
在这个瞬息万变的时代，我真的很怕自己会成为那个被留在原地的人,anxiety
在这个瞬息万变的环境里，我总是担心自己的一丁点失误会引发不可控的连锁反应,anxiety
在这个瞬息万变的社会，我总怕掉队,anxiety
在这个瞬息万变的职场我总觉得自己快要过季了,anxiety
在这个瞬息万变的职场里，我总觉得自己像是一块快要过期的电池,anxiety
在这个瞬间我只想大笑，管它明天会遇到什么样的困难,joy
在这个破公司待够了，天天加班还没加班费，老板简直是吸血鬼。,anger
在这个竞争激烈的行业，每天都在担心会被更年轻的人取代。,anxiety
在这个简单的、充满烟火气的家里，我感到了最大的安慰与放松。,contentment
在这个简单的、充满烟火气的家里，我感到了最大的放松。,contentment
在这个简单的空间里，我感受到了无限的广阔与自由。,contentment
在这个简单的空间里，我找到了最大的自由。,contentment
在这个简单的空间里，我找到了最大的自由感和最深沉的安宁。,contentment
在这个繁忙的城市里，我依然拥有属于自己的节奏。,contentment
在这个繁忙而又美好的世界里，我拥有属于自己的频道，这感觉真棒。,contentment
在这个纷纷扰扰的世界里守住自己的节奏，挺满足的,contentment
在这个美丽的午后，喝着咖啡写字，太惬意了...,joy
在这个美丽的午后，喝着咖啡写字，太惬意了。,joy
在这个美丽的午后，喝着咖啡写字，太惬意了！,joy
在这个美丽的午后，喝着咖啡写字，太惬意了～,joy
在这个美丽的午后，喝着咖啡写着自己喜欢的文字，太惬意了。,joy
在这个美好的下午，连树荫下的光斑都在跟着节奏跳舞,joy
在这个美好的午后，连路边的小草都在对我点头微笑,joy
在这个美好的周末，和喜欢的人一起看了一场超精彩的电影，满心欢喜。,joy
在这个群里说句话怎么就这么难？每次正经讨论都被人带节奏，烦透了。,anger
在这个群里说话真的累，每次都被人断章取义，没一个正常人。,anger
在这个自由自在的周末，我想把所有的快乐都打包收藏,joy
在这个色彩斑斓的世界里，我依然保有内心的纯真。,contentment
在这个色彩斑斓的世界，我守着内心的纯粹，觉得格外宁静。,contentment
在这个色彩斑斓的秋天里走一走，看叶落花开，内心觉得无比平静。,contentment
在这个薄情的世界里，你是我唯一的深情，是我永恒的依靠。,love
在这个薄情的世界里，我只想做一个坚定站在你这一边的“疯子”,love
在这个虚伪的游戏里，你赢了过程却输掉了最基本的人格,anger
在这个辽阔的人间，我找到了属于自己的位置，内心觉得格外踏实。,contentment
在这个辽阔的大地上，我找到了属于自己的栖息之所，内心分外安定。,contentment
在这个闲适的周末午后，泡一壶清茶，翻开本闲书，感觉时光都慢了下来。,contentment
在这个阳光明媚的周末去野餐，整个人都充满了能量,joy
在这个阳光明媚的早晨，收到了暗恋对象的主动邀约，心花怒放莫过于此。,joy
在这个阳光普照的清晨收到暗恋对象的早安，心花怒放,joy
在这个阳光满溢的午后，彻底清空脑海里的待办事项，只剩下纯粹的呼吸。,contentment
在这个阳光灿烂的日子里骑行，风都是自由的味道,joy
在这个阳光灿烂的日子里骑行，风里都是自由的味道,joy
在这个陌生的城市打拼，最治愈的瞬间就是回家看到那一盏暖黄色的灯,contentment
在这个陌生的城市打拼，最治愈的瞬间就是路过面包店时闻到的那阵香气,contentment
在这个陌生的城市生病了，想喝口热汤都要自己硬撑着起来煮,sadness
在这个陌生的城市生病了，想喝口热汤都要自己硬撑着起来煮，眼泪啪嗒就掉下来了,sadness
在这个陌生的城市生病了，想喝碗热汤都要自己硬撑着起来煮,sadness
在这个陌生的城市生病了，想喝碗热汤都要自己硬撑着起来煮，好心酸,sadness
在这个陌生的城市生病，最想念妈妈煮的粥,sadness
在这个陌生的城市生病，最想念妈妈煮的那碗热粥,sadness
在这个陌生的城市生病，最想念妈妈煮的那碗面,sadness
在这个陌生的城市生病，最想念妈妈煮的那碗面，想回家了,sadness
在这个陌生的城市生病，最想念的人是妈妈,sadness
在这个陌生的城市生病，连个能帮我买药的人都找不到。,sadness
在这个陌生的城市里，孤独感总是在深夜悄然来袭,sadness
在这个陌生的环境下，我感到一种莫名的惶恐和压迫感,anxiety
在这个雨夜，除了路灯的残影，没有任何东西是属于我的。,sadness
在这个静谧的午后，阳光漏过指缝，觉得日子慢下来也挺好。,contentment
在这个静谧的夜晚，与自己深度对话，感觉很通透。,contentment
在这个静谧的夜晚，与自己的灵魂深度对话，觉得分外通透。,contentment
在这场漫长的等待里，我弄丢了最初的那个自己。,sadness
在这场爱情的博弈里，你赢了卑微却输掉了所有的人格,anger
在这场聚会上遇到了志同道合的新朋友，聊得太投机了,joy
在这大城市打拼，有时候深夜回家真的觉得挺孤独的,sadness
在这座大城市生病了，想喝口温水都要硬撑着起来烧，那一刻孤独感真的快把我淹没了,sadness
在这座大城市里生病，连倒杯温水都要靠自己硬撑,sadness
在这座大城市里，有时候深夜回家真的觉得挺孤独的,sadness
在这座拥挤的地铁里，突然觉得生活好压抑，不知道什么时候是个头,sadness
在这座霓虹闪烁的城市里，我找不到一个可以说话的人。,sadness
在这段关系里，我发现我不爱你了。,sadness
在这段感情里患得患失，我快要窒息了。,anxiety
在这种万家灯火的日子一个人加班，闻着隔壁的香味，心里好酸,sadness
在这种万家灯火的节日里一个人在外地出差，路过烤肉店看到一家团聚，心里好酸,sadness
在这种不带任何功利色彩的阅读中，我感到了灵魂在文字间进行着深度的深呼吸。,contentment
在这种不带目的的阅读中，我感到了灵魂在文字间进行着深度的深呼吸。,contentment
在这种不必应酬、不必假笑的纯粹独处中，我听见了内心最安稳的律动。,contentment
在这种不急不躁的生活节奏里，我终于找回了那个失落已久的自己,contentment
在这种不疾不徐的生活节奏中，我感到了生命最本真的张力，觉得非常知足。,contentment
在这种不疾不徐的节奏中工作，效率反而比以前更高，心情也更平和。,contentment
在这种不确定的生活里，这种平淡的重复反而给了我最大的安全感,contentment
在这种不被任何人定义的静谧里，我终于找回了呼吸的节奏。,contentment
在这种不被任何人定义的静谧里，我终于找回了属于自己的、最自然的呼吸节奏。,contentment
在这种不被外界打扰的独处时光里，我终于找回了内心的那份平静。,contentment
在这种不需要任何社交润滑剂的时刻，我终于与那个平庸的自己达成了和解。,contentment
在这种不需要任何解释、不需要任何证明的沉默里，我感到了灵魂深处最厚实的安宁。,contentment
在这种不需要戴上面具的时刻，我终于与那个笨拙的自己达成了和解。,contentment
在这种不需要解释、不需要证明的沉默里，我感到了灵魂深处最厚实的安宁。,contentment
在这种人均精致的社交平台上，我选择发布自己最真实、最狼狈的瞬间，居然收获了前所未有的共鸣,joy
在这种充满希望的季节里出发，整个人都神清气爽,joy
在这种充满希望的季节里开启新计划，整个人都神清气爽,joy
在这种充满希望的早晨喝杯咖啡，觉得世界都亮了,joy
在这种充满律动的音乐节现场，感觉所有的压力都消失了,joy
在这种充满朝气的校园里走走，感觉自己变年轻了,joy
在这种充满期待的心情下开启新的一天，真好,joy
在这种充满正能量的环境中生活，整个人都阳光了,joy
在这种充满活力的工作氛围里，感觉效率都提高了,joy
在这种充满活力的工作氛围里，感觉整个人都有干劲,joy
在这种充满活力的清晨醒来，觉得未来大有可为,joy
在这种充满激情的团队里工作，每天都很有挑战性,joy
在这种充满激情的团队里工作，每天都是新的挑战,joy
在这种充满爱意的眼神中吃完晚餐，幸福感溢出来了,joy
在这种充满能量的环境中生活，我觉得自己无所不能,joy
在这种充满能量的环境中生活，整个人都阳光了,joy
在这种充满阳光和欢笑的日子里，我觉得自己是世界上最幸福的人,joy
在这种全神贯注的创作中，我感受到了心流带来的极致快感和愉悦。,joy
在这种冰冷的雨夜里，听着窗外的雨滴声，突然觉得世界之大却没有我的容身之处,sadness
在这种冰冷的雨夜里，看着窗户上的倒影，突然觉得生活好像是一个巨大的谎言,sadness
在这种冷冰冰的城市里生病，想喝热水都要强撑，孤独感瞬间爆棚,sadness
在这种动不动就“全网爆火”的虚假繁荣里，我只想做一个安安静静、没名没姓的旁观者,contentment
在这种动不动就谈“阶级跨越”的环境里，我只想在这个城市里有个能安稳睡着的阁楼,contentment
在这种和谐的团队氛围里工作，每天都很有干劲,joy
在这种和谐的家庭氛围里吃饭，感觉菜都变香了,joy
在这种团圆的日子独自异乡加班，闻到隔壁烟火气，好想家,sadness
在这种团圆的节日里一个人在外地吃外卖，闻着邻居的饭香，好心酸,sadness
在这种大城市打拼，有时候深夜回家看着万家灯火，却没有一盏是为我留的,sadness
在这种大城市打拼，有时候深夜回家看着万家灯火，真的觉得挺孤独的,sadness
在这种大城市打拼，有时候深夜回家看着空荡荡的房间，孤独感瞬间就席卷全身,sadness
在这种大城市打拼，有时候深夜回家看着空荡荡的房间，真的觉得挺孤独,sadness
在这种大城市打拼，有时候深夜回家真的觉得挺孤独,sadness
在这种大城市生病了，想喝口温水都要硬撑着起来烧，那一刻孤独感真的快把我淹没了,sadness
在这种大城市生病了，想喝口热水都要强撑着去烧，那一刻孤独感真的快把我淹没了,sadness
在这种大城市生病了，想喝口热水都要强撑着去烧，那一刻孤独感真的淹没了,sadness
在这种大城市生病了，想喝口热水都要硬撑着去烧，孤独感在那一刻爆发,sadness
在这种大城市生病了，想喝口热汤都要自己硬撑着起来煮,sadness
在这种安稳的节奏里，连时间都走得慢了些许,contentment
在这种安稳的节奏里，连时间都走得比平时慢了些许,contentment
在这种安静的午后喝杯红茶，感觉时间都慢下来了,contentment
在这种安静的午后喝杯红茶，闲适,contentment
在这种寒冷的冬天，一个人走在冷清的街道上，真的觉得自己好渺小,sadness
在这种寒冷的冬天，一个人走在冷清的街道上，真的觉得自己好渺小，好无助,sadness
在这种快节奏的时代里，能收到一封手写的平信，那种沉甸甸的仪式感，真的让我受宠若惊,love
在这种快节奏的生活里，能发现这种宝藏小店真的太惊喜了,joy
在这种快速更迭的时代，我很怕自己的一点懈怠，就成了被时代淘汰的残渣,anxiety
在这种快速迭代的环境里，我总觉得自己像是一块快要过期的电池，好慌,anxiety
在这种悠然自得的氛围中，我找回了那个最初、最真实、最放松的自己。,contentment
在这种悠然自得的氛围中，我找回了那个最初的自己。,contentment
在这种拥挤的地铁里，看着窗外倒退的隧道，突然产生了一种深深的虚无感,sadness
在这种拥挤的地铁里，突然觉得生活好苦，为什么大家都在忙忙碌碌却看不见出路,sadness
在这种拥挤的早高峰地铁里，看着一张张疲惫的脸，突然觉得自己好渺小,sadness
在这种松弛的氛围里，连呼吸都变得顺畅且充满力量,contentment
在这种极度不确定的等待中，我的指尖因过度紧张而不自觉地细微发抖。,anxiety
在这种欢快动感的节奏里和大家一起律动，烦恼瞬间清零,joy
在这种欢快的气氛中和大家一起跳舞，烦恼全没了,joy
在这种欢快的氛围里，连空气都带上了甜甜的味道,joy
在这种欢快的节奏中处理工作，感觉自己效率翻倍,joy
在这种欢快的音乐声中和大家一起举杯，氛围感拉满,joy
在这种欢快的音乐里跳舞，感觉所有的烦恼都飞走了,joy
在这种毫无征兆的恐慌袭来时，我只能蜷缩在黑暗里大口喘气,anxiety
在这种毫无逻辑的解释面前... 这可真是‘谢天谢地’。,anger
在这种毫无逻辑的解释面前。我可得好好夸夸这种效率。,anger
在这种毫无逻辑的解释面前。真是令人‘欣慰’的结局。,anger
在这种毫无逻辑的解释面前。这就是所谓的‘惊喜’吧。,anger
在这种毫无逻辑的解释面前！我可真‘幸运’。,anger
在这种毫无逻辑的解释面前！托您的福，心情好到了极点。,anger
在这种毫无逻辑的解释面前！生活可真有意思。,anger
在这种毫无逻辑的解释面前！真是一场完美的体验。,anger
在这种毫无逻辑的解释面前！真是太‘理想’了。,anger
在这种毫无逻辑的解释面前！真是长见识了。,anger
在这种毫无逻辑的解释面前！这可太‘棒’了。,anger
在这种毫无逻辑的解释面前，感觉人生达到了‘巅峰’。,anger
在这种毫无逻辑的解释面前，我真是谢谢您了。,anger
在这种毫无逻辑的解释面前，真是愉快的一天。,anger
在这种毫无逻辑的解释面前，这安排真是‘贴心’得让人想哭。,anger
在这种深夜突然想喝一口妈妈熬的粥，不是因为饿，是觉得自己快撑不住了,sadness
在这种深夜突然想喝一口妈妈熬的粥，不是因为饿，是觉得自己真的撑不住了,sadness
在这种深夜突然想喝一口妈妈熬的粥，心里酸酸的,sadness
在这种深夜突然想念家里的饭菜，不是肚子饿，是觉得自己一个人在外闯荡太累了,sadness
在这种深夜突然想念家里的饭菜，不是饿，是觉得自己一个人在外闯荡太累了,sadness
在这种深夜突然想起家里的饭菜，觉得自己一个人在外闯荡太累了,sadness
在这种清新的大自然中徒步，整个人都通畅了,joy
在这种温馨的家庭氛围中，我觉得自己是世界上最幸福、最富有的人。,contentment
在这种温馨的家庭氛围中，我觉得自己是世界上最幸福的人。,contentment
在这种漫长的寒夜里，看着窗外的霓虹灯，热闹都是别人的,sadness
在这种漫长的寒夜里，看着窗外的霓虹灯，突然觉得热闹都是别人的,sadness
在这种漫长的寒夜里，看着窗外的霓虹灯，突然觉得热闹都是别人的，我什么都没有,sadness
在这种漫长的寒夜里，突然觉得热闹都是别人的,sadness
在这种漫长的异国转机夜，看着免税店里琳琅满目却不属于我的繁华，孤独感真丧,sadness
在这种漫长的求职期里，看着卡里余额减少，那种无力感真难受,sadness
在这种漫长的求职期里，看着身边的同龄人一个个上岸，那种被落下的感觉真丧,sadness
在这种漫长的求职空窗期里，看着身边的同龄人一个个上岸，那种孤独感真的让人很丧,sadness
在这种漫长的等待中，看着希望一点点变渺茫，那种无力感真丧,sadness
在这种漫长的通勤路上，看着窗外不停变换的风景，突然觉得人生也是这样匆忙,sadness
在这种热烈而友好的讨论中激发了新灵感，兴奋不已,joy
在这种物欲横流的时代，还能遇到一个愿意陪我吃路边摊聊天到深夜的人，我真的觉得自己很幸运,love
在这种特殊的日子里收到前任的结婚短信，闻着冷风，心里好酸,sadness
在这种简单而纯粹的生活方式里，我终于找回了那个最初的自己,contentment
在这种紧迫的氛围下，我感觉自己的心跳快要失控了,anxiety
在这种被岁月温柔洗礼后的豁达里，我看到了一个更加温润、更加知足的自己。,contentment
在这种被生活温柔打磨后的圆润里，我看到了自己最自洽的模样。,contentment
在这种被生活温柔打磨后的圆润里，我终于看清了自己最自洽、最舒展的模样。,contentment
在这种轻松愉快的氛围下工作，时间过得真快,joy
在这种轻松愉快的节奏里散步，感觉生活好慢,joy
在这种轻松愉快的节奏里散步，感觉生活好慢好惬意,joy
在这种阳光充足的下午茶时间，和闺蜜聊八卦最开心了,joy
在这种阳光明媚的天气里和朋友郊游，太开心了,joy
在这种阳光明媚的天气里沿着湖边慢跑，感觉灵魂都自由了,joy
在这种阳光明媚的天气里野餐，心情简直要飞起来,joy
在这种阳光明媚的日子里骑着单车飞驰，感觉自己是自由的,joy
在这种阳光明媚的日子里骑行，感觉自己回到了十八岁,joy
在这种静谧的夜晚，听着远处的钟声，感觉整个世界都睡着了。,contentment
在这种静谧的夜晚，听着远处的钟声，感觉整个世界都睡着了，真安详。,contentment
在这种高压环境下，我感觉自己随时都会崩溃,anxiety
在这种高压的环境下，我感觉自己快要崩溃了...,anxiety
在这种高压的环境下，我感觉自己快要崩溃了。,anxiety
在这种高效的工作节奏中完成任务，整个人都很有成就感,joy
在这间破屋里听和尚敲木鱼，外面的乱七八糟全跟我没关，挺好,contentment
在那场为了保住工作的卑微求饶里，我看到了自己脊梁骨断裂的声音，那种对自我的极度厌恶感，将伴随我余生,sadness
在那场关于真相的网络审判中，我看着公理被流量随手扭曲，那种对文明的绝望感很凉,sadness
在那场关于谁才是真正受害者的网络审判中，我看着真相被流量随手扭曲，那种对文明的绝望感，凉透了心扉,sadness
在那场大雨之后，我突然不爱你了。,sadness
在那场大雨里弄丢了你，从此我的世界再也没有放晴过,sadness
在那场大雨里，我弄丢了你,sadness
在那场大雨里，我弄丢了你给我的唯一承诺,sadness
在那场大雨里，我弄丢了最后一把伞,sadness
在那场大雨里，我彻底弄丢了你,sadness
在那场彻头彻尾的骗局式分手里，我彻底弄丢了那个曾经以为只要肯努力就能有家的自己,sadness
在那场断崖式分手里，我彻底弄丢了曾经自信爆棚的自己，现在活得像个活死人,sadness
在那场断崖式分手里，我彻底弄丢了曾经自信爆棚的自己，现在活得像个躯壳,sadness
在那场断崖式分手里，我彻底弄丢了自信爆棚的自己，现在只剩躯壳,sadness
在那场断崖式分手里，我彻底成了情感上的残废，现在看谁对我好都觉得那是对方在给我下的慢性毒药,sadness
在那场断崖式的分手里我丢掉了那个自信的自己,sadness
在那场断崖式的分手里我弄丢了那个最自信的自己,sadness
在那场断崖式的分手里，我丢掉的不仅是一个爱人，更是那个意气风发的自己,sadness
在那场断崖式的分手里，我丢掉的不仅是一个爱人，更是那个自信的自己,sadness
在那场断崖式的分手里，我弄丢了自己,sadness
在那场断崖式的分手里，我弄丢了那个最快乐的自己,sadness
在那场断崖式的分手里，我彻底丢掉了那个曾经无比自信的自己,sadness
在那场断崖式的分手里，我彻底弄丢了那个曾经满眼是星光的自己,sadness
在那场暴雨里，我弄丢了最后一把遮风挡雨的伞,sadness
在那场极其艰难的登山中登顶，看着脚下翻腾的云海，我觉得世间所有的烦恼都渺小如尘埃,joy
在那场极度不公的生存竞赛中，我靠着吃生肉活到了最后。看着那些考官呕吐的样子，我笑了,joy
在那场极度压抑的葬礼上，我看着那些平时毫无往来的亲戚在那儿比拼演技，突然觉得人类这种生物虚伪得有些滑稽,sadness
在那场毫无尊严可言的拆迁补偿谈判中，我看着祖辈留下的老房子被推平，那种灵魂被连根拔起的疼痛，无处遁形,sadness
在那场毫无尊严的体能测试中，我看到了人类像牲口一样被称重，那种物化的绝望感，太深了,sadness
在那场毫无尊严的俘虏交换中，我看到了昔日战友眼里的嫌恶，那种被怀疑背叛的耻辱，比严刑拷打更疼,sadness
在那场毫无尊严的讨薪路演中，我看到了大老板们眼里的漠然，那种对底层生命的蔑视，真寒心,sadness
在那场毫无征兆的裁员谈话里，我看着那个昨天还和我一起吐槽公司的HR，心凉得像冰块一样,sadness
在那场毫无意义的饭局上，我学会了如何一边保持得体的微笑，一边在桌子底下用指甲掐自己的虎口来保持清醒,contentment
在那场毫无理由的校园霸凌中，我选择了一个人对抗那一群人，虽然伤痕累累，但我知道我没输,sadness
在那场毫无理由的校园霸凌中，我选择了一个人对抗那一群人，虽然伤痕累累，但我知道我的灵魂从未下跪,sadness
在那场毫无理由的网暴中，我选择了一个人对抗那一万个人，虽然伤痕累累，但我没删动态,anger
在那场毫无理由的霸凌中，我选择一个人对抗一群人，虽然伤痕累累，但我知道我没跪,anger
在那场毫无理由的霸凌中，我选择一个人对抗一群人，虽然伤痕累累，但我知道我没跪,sadness
在那场毫无预兆的倒闭潮里，我彻底弄丢了那个曾经自信爆棚的自己，现在只剩一个躯壳,sadness
在那场毫无预兆的告别里，我看到的不是悲伤而是对方如释重负的眼神，这才是最残忍的杀招,sadness
在那场毫无预兆的断崖式分手里，我彻底弄丢了那个曾经满眼都是星光、觉得世界是美好的自己，太讽刺了,sadness
在那场毫无预兆的断崖式分手里，我彻底弄丢了那个曾经自信到极点、觉得万物皆可得的自己，太讽刺了,sadness
在那场毫无预兆的断崖式分手里，我彻底弄丢了那个曾经自信到爆棚的自己，现在的我只剩下一个躯壳,sadness
在那场毫无预兆的断崖式分手里，我彻底弄丢了那个曾经自信爆棚的自己,sadness
在那场毫无预兆的断崖式分手里，我彻底弄丢了那个曾经自信爆棚的自己，现在只剩躯壳,sadness
在那场毫无预兆的断崖式分手里，我彻底弄丢了那个曾经自信爆棚的自己，现在活得像个躯壳,sadness
在那场毫无预兆的断崖式分手里，我彻底弄丢了那个曾经自信爆棚的自己，现在活得就像一个行尸走肉,sadness
在那场毫无预兆的断崖式分手里，我彻底成了这个世界的局外人，看谁都像是在演一场拙劣的喜剧,sadness
在那场毫无预兆的行业大地震里，我看着曾经的导师在那儿卑微地求职，那种幻灭感，让我心如死灰,sadness
在那场突如其来、把老子所有东西都淋透的倾盆大雨里，我彻彻底底地弄丢了那个曾经爱我的你,sadness
在那场突如其来、让人措手不及的倾盆大雨里，我彻彻底底地弄丢了那个曾经满眼是我的你,sadness
在那场突如其来的倾盆大雨里，我彻底弄丢了那个曾经满眼是我的你,sadness
在那场突如其来的倾盆大雨里，我彻底弄丢了那个曾经满眼是我的男孩,sadness
在那场精心设计的杀猪盘里，我不仅弄丢了钱，还弄丢了那个曾经敢于去爱的灵魂，太惨了,sadness
在那场精心设计的竞标骗局里，我不仅弄丢了积蓄，还弄丢了对梦想的热情，太惨了,sadness
在那场精心设计的职场“围剿”里，我不仅丢了职位，还丢了对人性的信任，感觉自己枯萎了,sadness
在那场被吹上天的星际移民名单里，我因为基因缺陷被刷了下来，那种被地球囚禁的平静，很冷,sadness
在那场被所有人看好的婚姻里，我每天都在练习如何像个演员一样维持体面，心早就碎成渣了,sadness
在那场被所有人看好的撤离行动中，我因为帮一个走丢的小孩而错过了最后一班船，那种被世界抛弃的平静,sadness
在那场被所有人祝福的盛大订婚礼上，我突然意识到我爱的是伴郎，这种错位的滑稽感真悲哀,sadness
在那场长达十年的拉锯式诉讼里，我不仅弄丢了所有的积蓄，还弄丢了那个曾经相信正义必胜的少年,sadness
在那场长达半年的严重失眠里，我彻底看清了深夜的每一个分针是如何跳动的，那种被世界遗弃的寂静感，太恐怖了,sadness
在那场长达半年的严重失眠里，我数清了天花板上每一道细微裂缝的走向，孤独到了极点,sadness
在那场长达半年的严重失眠里，我数清了深夜里每一颗星辰消失的顺序，孤独到了极点,sadness
在那场长达半年的严重系统故障里，我数清了视野里每一颗坏点的坐标。孤独，且清醒,sadness
在那场长达半年的严重系统故障里，我数清了视野里每一颗坏点的坐标，孤独到了极点,sadness
在那场预谋已久的断崖式分手里，我弄丢了那个曾经以为只要有爱就能活下去的自己，再也找不回来了,sadness
在那场预谋已久的断崖式分手里，我弄丢了那个曾经满眼是星光的自己，现在活得像个活死人,sadness
在那场预谋已久的断崖式分手里，我彻底弄丢了那个曾经满眼都是星光的自己,sadness
在那场预谋已久的断崖式分手里，我彻底弄丢了那个曾经阳光自信的自己,sadness
在那场预谋已久的断崖式分手里，我彻底成了一个连自己都看不起的废物，真他妈是老天爷开的冷笑话,sadness
在那场预谋已久的断崖式分手里，我彻底成了一个连自己都看不起的废物，真他妈滑稽,sadness
在那堆废旧的报纸里找到了父亲当年写给我的第一封信，那种久违的父爱，让我瞬间泪崩,joy
在那堆废旧的报纸里找到了父亲当年写给我的第一封家书。那种久违的父爱，让我泪崩,joy
在那堆废旧的报纸里找到了父亲当年写给我的第一封家书，那种久违的父爱，让我瞬间泪崩,joy
在那堆旧书里翻出了夹着的五百块钱，这大概是老天给我的惊喜吧,joy
在那张充满偏见的职业测评表里拿到了“不合格”，我反而开心极了，因为我终于没被定义,joy
在那张充满偏见的职业测评表里拿到满分，这种靠实力打破刻板印象的爽感，无法复刻,joy
在那张充满职业歧视的面试表里拿到了第一名，这种靠硬实力打破偏见的爽感，无法复刻,joy
在那张复杂的建筑图纸里找到了最完美的平衡点，那一刻我觉得自己仿佛在与神对话,joy
在那张极其复杂的芯片设计图里找到了那个完美的平衡点，那一刻我觉得我触摸到了未来,joy
在那段无疾而终的关系里我输得体无完肤,sadness
在那间充满烟草味的小酒馆里，听着流浪歌手唱着跑调的民谣，我居然找回了久违的、想活下去的动力,contentment
在那间充满霉味的老房子里，我翻到了爷爷留下的那块机械表，上完弦后的滴答声让我觉得时间还没丢弃我,contentment
在那间发霉的老屋里翻到了爷爷的机械表，上完弦后的滴答声，让我觉得时间还没把我彻底弄丢,contentment
在闲鱼捡漏到了绝版周边，简直是今年运气巅峰。,joy
在闹市中觉得自己像个透明人，这种深入骨髓的孤独，连影子都想和我撇清关系,sadness
在陌生的国度遇见绚丽的烟火，那种震撼直抵灵魂深处,joy
在陌生的城市看到熟悉的连锁店招牌，那种莫名的安心感瞬间涌现,joy
在陌生的城市迷路了，结果遇到一个超级帅的小哥哥帮我带路，好开心！,joy
在陌生的城市遇到一个志同道合的新朋友，我们聊了一通宵都不困。,joy
在陌生的街头吃到了家乡的味道，这种意外的惊喜让我的多巴胺瞬间爆表！,joy
在雷电交加的孤寂深夜里，我唯一能想到的温暖就是你曾经给我的那个最紧的怀抱,love
在风雨交加的孤寂深夜里，我唯一能想到的温暖就是你曾经给我的那个最紧的拥抱,love
地板下有腐臭心里有鬼，折磨疯了怕怕怕，这秘密藏不住了惊,anxiety
地板刚拖过,neutral
地板底下藏着烂透了的秘密，每晚腐臭味都钻进脑子里，折磨疯了,anxiety
地板是白的,neutral
地铁三号线由于前方的信号设备故障，预计延误大约十分钟,neutral
地铁上被人踩了一脚还不道歉，无语,anger
地铁六号线正在进行轨道维护部分站点将采取限流措施,neutral
地铁坐过站了，上班又迟到,anger
坐在只有我一个人的自习室里，听着窗外淅淅沥沥的雨声，这种不被打扰的清净感，比任何聚会都让我充实,contentment
坐在小河边钓钓鱼，一上午就这么悠哉游哉地过去了,contentment
坐在摇椅上慢慢喝茶，内心感到久违的平静,contentment
坐在摇椅上慢慢喝茶，生活节奏终于慢了下来,contentment
坐在摇椅上慢慢喝茶，知足了，不再奢求更多,contentment
坐在摇椅上慢慢喝茶，觉得现在这样就很好,contentment
坐在摇椅上摇走了一整个下午的时光,contentment
坐在断电的地铁车厢里看书，周围全是焦虑的喘息，我却在黑暗中闻到了久违的纸张香气,contentment
坐在洒满夕阳的长椅上，什么都不想，就这么看麻雀在地上啄食，真静谧,contentment
坐在洒满阳光的飘窗上喝杯咖啡，感觉所有的烦恼都离我远去了,contentment
坐在爷爷的老摇椅上听收音机里的京剧，这种慢节奏的安稳是钱买不到的,contentment
坐在窗前喝杯热茶，享受这片刻的自由。,contentment
坐在窗边发呆感觉很安静,contentment
坐在那里，表面看着平静，其实一直在听有没有脚步声,anxiety
坐在阳台吹吹风，脑子放空的感觉真好,contentment
坐在靠窗的位子，看着窗外倒退的风景，这种宁静的独处时间非常珍贵。,contentment
坐着发呆也挺放松,contentment
坐立难安,anxiety
坐立难安，想逃离这里,anxiety
坐过站了，往回走的路上发现了一家好吃的店，因祸得福,joy
坚持半年不喝奶茶省下了旅游基金，看到余额的成就感，简直满分,joy
坚持每天练字真的有效果，现在的性格沉稳多了，整个人都有劲,joy
坚持每天跑步真的有用，现在的精力变好了，整个人都有劲了,joy
垂头丧气,sadness
垃圾,anger
垃圾堆里翻出中奖凭证，虽然过期了但运气还在，兴奋得睡不着,joy
垃圾游戏，这匹配机制是认真的吗？全是坑,anger
培训材料已发至各部门负责人邮箱,neutral
堵车迟到了，扣了五十块，心在滴血,anger
墙上有时钟,neutral
处之泰然。在废墟中坚持每天刷牙洗脸，保持最后的体面，这是我对荒谬世界最硬的反击,contentment
处之泰然。面对老板毫无底线的辱骂，我平静地递上了那份我已经复印了一百份的辞职报告,contentment
处之泰然。面对银行上门的催款单，继续安静地喝完这杯茶，死都不怕了,contentment
处变不惊。在每一次生死关头都能冷静地选择最优路线，这种近乎冷血的理智，是我唯一的甲,contentment
处变不惊。在每一次被命运推向悬崖时，都选择先抽根烟冷静下，死不了,contentment
复杂人际纠纷精神快超负荷了,anxiety
夏天吹着空调吃西瓜，人生巅峰,contentment
夏天，冰激凌，和你灿烂的笑脸，就是最完美的搭配,joy
夕阳下的影子被拉得很长，我漫步在林荫道上，心情格外恬静。,contentment
夕阳下的海滩非常美，和朋友击了个掌,joy
夕阳下的海滩非常美，在心里给自己点了个赞,joy
夕阳下的海滩非常美，忍不住哼起了歌,joy
夕阳下的海滩非常美，脚步都变得轻快了,joy
外卖又送错了，气死,anger
外卖员把汤洒了一地，我看着那滩油渍，突然觉得自己的人生也一团糟。,sadness
外卖小哥送错了餐还态度差，拉黑,anger
外卖等了俩小时还没到，饿死了，烦,anger
外卖被偷了，饿着肚子等了一小时,anger
外卖送来的时候洒了一袋子的汤，还要面对骑手那张写满生活不易的脸，我连骂人的勇气都消失了,sadness
外卖里吃出了一根头发，恶心,anger
外面在刮风,neutral
外面阳光很好，整个人都很放松,contentment
外面风声好大，我一个人在家好害怕,anxiety
夜深人静的时候，未来的不确定感就会扑面而来,anxiety
夜深人静的时候，未来的不确定感就会扑面而来。,anxiety
夜深的时候特别容易难过,sadness
夜里突然很失落,sadness
大写的服,anger
大半夜的心里堵得慌，睡不着。,sadness
大半夜的楼上在那蹦迪呢？还让不让人睡了，火大！,anger
大喜过望,joy
大坏蛋你是我唯一的火光，老子这辈子就认定你了，天王老子也拦不住,love
大坏蛋你是我唯一的确定性，老子认定你了，天王老子来了也别想拆散我们,love
大坏蛋你是我这辈子唯一的确定性，老子这辈子就认定你了，天王老子来了也别想拆散我们,love
大坏蛋你是我这辈子唯一的确定性，老子这辈子就认定你了，就算天王老子来了也别想拆散我们,love
大坏蛋你是我这辈子唯一的确定性，老子这辈子就认定你了，就算天王老子来了也别想拆散我们两个,love
大坏蛋你是我这辈子唯一的确定性，老子这辈子就认定你了，就算房东涨价也别想拆散我们,love
大坏蛋你是我这辈子唯一的确定性，老子这辈子就认定你了，谁也别想拦,love
大坏蛋快亲亲我,love
大坏蛋我好爱你呀真的,love
大坏蛋我好爱你啊,love
大坏蛋我好爱你真的,love
大坏蛋我好爱你，爱到哪怕看着你牵着别人的手走进民政局，我也想冲过去祝你这辈子别再遇到我,love
大坏蛋我想亲你,love
大坏蛋我想亲死你,love
大坏蛋我想死你了快回来,love
大坏蛋我想死你了真的,love
大坏蛋我想死你了，可你已经在那个冰冷的骨灰盒里躺了三年，我每天都在想，什么时候轮到我下去陪你,sadness
大坏蛋我想死你了，可你已经在那张冷冰冰的合影里住了三年了，快回来好不好,sadness
大坏蛋我想死你了，可你已经在那张黑白相框里住了太久了，快出来抱抱我好不好，我真的快撑不住了,sadness
大坏蛋我想死你了，可你现在已经成了别人家谱上的第一页，我只能在每个清明节偷偷去你坟前放一束你最讨厌的花,sadness
大坏蛋我想死你了，可你现在已经成了别人的依靠，我只能在每个深夜偷偷祈祷你们早日散伙,sadness
大坏蛋我想死你了，可你现在已经成了别人的依靠，我只能在每个深夜偷偷祈祷你这辈子顺风顺水,sadness
大坏蛋我想死你了，可你现在已经成了别人的依靠，我只能在每个深夜偷偷诅咒你们快点散,sadness
大坏蛋我想死你了，可你现在已经成了别人的依靠，我只能在每个深夜偷偷诅咒你们快点散伙,sadness
大坏蛋我想死你了，可你现在已经成了别人的依靠，我只能在每个深夜偷偷诅咒你们快点玩完散伙,sadness
大坏蛋我想死你了，可你现在已经成了别人的依靠，我只能在每个深夜偷偷诅咒你们早点玩完,sadness
大坏蛋我想死你了，可你现在已经成了别人的依靠，我只能在每个深夜偷偷诅咒你们这辈子都不得好死,sadness
大坏蛋我想死你了，可你现在已经成了别人的依靠，我只能在每个深夜偷偷诅咒你们这辈子都生不出孩子,sadness
大坏蛋我想死你了，可你现在已经成了别人的依靠，我只能在每个深夜偷偷诅咒你们这辈子都过不安稳,sadness
大坏蛋我想死你了，可你现在已经成了别人的依靠，我只能在每个雨夜偷偷祝你一生平安,sadness
大坏蛋我想死你了，可你现在已经成了别人的左膀右臂，我只能在每个深夜偷偷诅咒你们快散,sadness
大坏蛋我想死你了，可你现在已经成了别人的新郎，我只能在角落里偷偷祝你幸福,sadness
大坏蛋我想死你了，想得我每天都要靠酒精才能入睡，这种抓心挠肺的滋味真难受,sadness
大坏蛋我最爱你,love
大坏蛋我最爱你了,love
大坏蛋我爱你一辈子,love
大坏蛋我爱你一辈子，哪怕你现在已经把我的名字从你的记忆里彻底抹掉了,sadness
大坏蛋我爱你一辈子，哪怕你现在已经把老子当成了这辈子最想抹掉的一段黑历史,sadness
大坏蛋我爱你一辈子，哪怕你现在已经把老子当成了这辈子最想抹掉的那段不堪回首的黑历史,sadness
大坏蛋我爱你一辈子，哪怕你现在已经把老子当成了这辈子最想抹掉的那段卑微历史,sadness
大坏蛋我爱你一辈子，哪怕你现在已经把老子当成了这辈子最想抹掉的那段肮脏、下作的历史,sadness
大坏蛋我爱你一辈子，哪怕你现在已经把老子当成了这辈子最想抹掉的那段肮脏历史,sadness
大坏蛋我爱你一辈子，哪怕你现在已经把老子当成了这辈子最想甩掉的垃圾,sadness
大坏蛋，不许不理我,love
大坏蛋，为了能在这个城市买个属于咱俩的厕所，我把烟都戒了，但我好怕最后还是留不下你,love
大坏蛋，你再不理我我就要生气了,love
大坏蛋，你居然又骗我,love
大坏蛋，你是我这辈子遇到过最惊艳的意外，也是我这辈子最不敢再碰的噩梦,love
大坏蛋，你赢了，我哪怕知道你现在正搂着别人，只要你肯回我一个表情，我都能高兴得想哭,sadness
大坏蛋，又抢我的零食吃,love
大坏蛋，就算你变老变丑了，我也要一辈子缠着你，做你最粘人的小鬼,love
大坏蛋，就算你变老变丑变得脾气臭了，我也要一辈子死皮赖脸缠着你,love
大坏蛋，就算全世界的人都看不起你了，我也依然要死皮赖脸地赖在你身边不走，因为你就是我的命,love
大坏蛋，就算全世界的人都看不起你了，我也依然要赖在你身边不走,love
大坏蛋，就算全世界的人都看不起你了，我也依然要赖在你身边不走，你就是我的全部,love
大坏蛋，就算全世界的人都看不起你了，我也依然要赖在你身边不走，因为你就是我的全世界,love
大坏蛋，就算全世界的人都看不起你了，我也依然要赖在你身边不走，因为你就是我的全世界，我的命,love
大坏蛋，就算全世界的人都看不起你了，我也依然要赖在你身边不走，因为你就是我的命,love
大坏蛋，就算全世界看不起你了，我也要赖在你身边不走，你就是我全部,love
大坏蛋，就算全世界都抛弃你了，我也依然要赖在你身边不走，爱你,love
大坏蛋，就算全世界都看不起你了，我也依然要赖在你身边不走，你就是我的全部,love
大坏蛋，就算全世界都看不起你了，我也依然要赖在你身边不走，你就是我的命,love
大坏蛋，就算全世界都看不起你了，我也依然要赖在你身边不走，因为你就是我的命,love
大坏蛋，就算全世界都觉得我是个没用的社畜，我也依然要赖在你身边，因为你就是我的避风港,love
大坏蛋，我好爱你呀，想把这辈子欠你的所有温柔都还给你，可惜没机会了,sadness
大坏蛋，我好爱你呀，爱到我想亲手毁了你，这样就再也没有人能从我身边把你抢走了,anger
大坏蛋，我好爱你呀，爱到我想拉着你一起从这天桥上跳下去，这样你就永远没机会背叛我了,anger
大声告诉全世界喜欢你,love
大声喧哗没素质,anger
大家都说这次旅行很完美，回来之后她独自整理照片，哭了,sadness
大年初一的烟花在窗外开得异常绚烂。只是我却只觉得火光晃眼，把窗帘拉得死死的,sadness
大年初一的烟花在窗外开得异常绚烂。只是我躲在卫生间里，对着镜子哭不出声,sadness
大年初一的烟花在窗外开得异常绚烂。可我却只觉得火光晃眼，把窗帘拉得死死的,sadness
大年初一的烟花在窗外开得异常绚烂。可我把它扔进垃圾桶时，刺扎破了手指，真疼,sadness
大年初一的烟花在窗外开得异常绚烂。可我躲在卫生间里，对着镜子哭不出声,sadness
大年初一的烟花在窗外开得异常绚烂。后来我关掉了所有通知，在黑暗中数着心跳,sadness
大年初一的烟花在窗外开得异常绚烂。后来我把它扔进垃圾桶时，刺扎破了手指，真疼,sadness
大年初一的烟花在窗外开得异常绚烂。然而我却只觉得火光晃眼，把窗帘拉得死死的,sadness
大年初一的烟花在窗外开得异常绚烂。直到我关掉了所有通知，在黑暗中数着心跳,sadness
大年初一的烟花在窗外开得异常绚烂。直到我坐在最角落，看他牵起了别人的手,sadness
大年初一的烟花在窗外开得异常绚烂。直到我把它扔进垃圾桶时，刺扎破了手指，真疼,sadness
大年初一的烟花在窗外开得异常绚烂。直到我躲在卫生间里，对着镜子哭不出声,sadness
大年初一的烟花在窗外开得异常绚烂，我却只觉得火光晃眼，把窗帘拉得死死的,sadness
大年初一的烟花在窗外开得异常绚烂，我躲在卫生间里，对着镜子哭不出声,sadness
大快人心。看着那个曾经在网络上带头造谣毁我清白的键盘侠被警察带走，我大笑得喘不过气,joy
大快人心。看着那个曾经在职场上霸凌我的组长被保安轰出大楼，我特意当着他的面开了一瓶香槟,joy
大数据精准推送了我刚跟朋友随口提到的商品，这种被监听的感觉让我毛骨悚然，连手机都不敢放床头了,anxiety
大数据能不能别再给我推那些焦虑满溢的短视频了？我还没失业，却已经被你们说得仿佛明天就要去捡破烂了,anxiety
大概就这个意思,neutral
大火烧光所有证明我是我的纸，成了个影子，彻底失去身份惨,sadness
大笨蛋亲亲,love
大笨蛋亲亲抱抱,love
大笨蛋亲亲抱抱，只要在你怀里，我觉得这世上所有困难都不叫事儿,love
大笨蛋亲亲抱抱，只要在你怀里，我觉得这世上没什么坎是过不去的,love
大笨蛋亲亲抱抱，只要能感受到你心跳的温度，我觉得这辈子受的所有白眼和委屈都瞬间变得没那么重要了,love
大笨蛋亲亲抱抱，只要能感受到你的体温，我觉得这辈子受的所有欺负和冷眼都瞬间值了,love
大笨蛋亲亲抱抱，只要能感受到你的体温，我觉得这辈子受的所有白眼和委屈都瞬间值了,love
大笨蛋亲亲抱抱，只要能感受到你皮肤的温度，我觉得这辈子受的所有白眼和毒打都瞬间值了,love
大笨蛋亲亲抱抱，哪怕我知道你刚才还在回那个前任的消息，只要你现在还抱着我，我就当你爱我,love
大笨蛋亲亲抱抱，哪怕我知道你刚才还在回那个前同事的消息，只要你现在还抱着我，我就当你爱我,love
大笨蛋亲亲抱抱，哪怕我知道你刚才还在回那个女人的消息，只要你现在亲我，我就当你爱我,love
大笨蛋亲亲抱抱，哪怕我知道你刚才还在回那个绿茶的消息，只要你现在还愿意搂着我，我就当你爱我,love
大笨蛋亲亲抱抱，哪怕我知道你刚才还在陪别的女人看电影，只要你现在肯抱紧我，我就当你爱我,love
大笨蛋亲亲，这是最后一次了，以后你的吻就留给那个能给你未来的人吧,love
大笨蛋亲死你,love
大笨蛋你真好,love
大笨蛋好爱你呀,love
大笨蛋我喜欢你,love
大笨蛋我喜欢你，喜欢到哪怕你明天就要杀了我，我也想在死前再抱你一下,love
大笨蛋我喜欢你，喜欢到哪怕你现在要在我的心口扎一刀，我也想在闭眼前问问你手酸不酸,love
大笨蛋我喜欢你，喜欢到哪怕你现在要我这条命，我也愿意亲手递给你一把快刀,love
大笨蛋我喜欢你，喜欢到哪怕你现在要把我的心脏挖出来，我也想在死前问问你这辈子有没有爱过我,love
大笨蛋我好想你,love
大笨蛋我好爱你,love
大笨蛋我好爱你呀,love
大笨蛋我好爱你真的,love
大笨蛋我好爱你，爱到哪怕看着你为了前途去娶那个你不喜欢的女人，我也想祝你幸福,love
大笨蛋我好爱你，爱到哪怕看着你和别人去挑结婚钻戒，我也想在心里祝你这次能真的幸福,love
大笨蛋我好爱你，爱到哪怕看着你和别人进婚纱店，我也想在街角偷偷看你最后一眼,love
大笨蛋我好爱你，爱到哪怕看着你和别人进教堂，我也想在台下为你鼓掌送祝福,love
大笨蛋我好爱你，爱到哪怕看着你和别人进民政局，我也想冲过去祝你这辈子千万别再遇到像我这么蠢的人,love
大笨蛋我想亲亲你，哪怕我知道你刚才才刚从别的女人的床上爬下来，我也心甘情愿,love
大笨蛋我想亲亲你，哪怕我知道你刚才才刚从别的女人的床上爬下来，我也认了,love
大笨蛋我想亲亲你，哪怕我知道你刚才才刚跟那个女人分完手来找我，我也心甘情愿当替补,love
大笨蛋我想亲你,love
大笨蛋我想你了,love
大笨蛋我想你了快回来,love
大笨蛋我想你了快回消息,love
大笨蛋我想你了真的,love
大笨蛋我想你了真的想,love
大笨蛋我想你了，你想我吗？哪怕只是骗骗我，我也想听你说你也想我,sadness
大笨蛋我想你了，你要是敢骗我说你也在想我，我保证这辈子都不拆穿你的谎言，只要你回来,sadness
大笨蛋我想你了，哪怕我知道你现在正在给别的女人剥虾，我也想在那儿骗自己你在忙,sadness
大笨蛋我想你了，哪怕我知道你现在正坐在别人的副驾驶上谈笑风生，我也想在心里给你留个位置,sadness
大笨蛋我想你了，哪怕我知道你现在正忙着给那个大客户挡酒，我也想在那儿骗自己你在忙,sadness
大笨蛋我想你了，真的好想你，你是不是也在冷冰冰的城市念叨我的名字入睡,love
大笨蛋我想你了，真的真的好想你，你是不是也在那个冷冰冰的办公室里偷偷翻我的朋友圈,love
大笨蛋我想你了，真的真的好想你，你是不是也在那个冷冰冰的城市里偷偷念叨我的名字,love
大笨蛋我想你了，真的真的好想你，你是不是也在那个冷冰冰的城市里偷偷念叨着我的名字,love
大笨蛋我想你了，真的真的好想你，你是不是也在那个冷冰冰的城市里偷偷念叨着我的名字入睡,love
大笨蛋我想你了，真的真的好想你，你是不是也在那个城市偷偷念叨我,love
大笨蛋我想你了，真的真的好想你，你是不是也在那个城市偷偷想我,love
大笨蛋我想你了，真的真的好想你，哪怕你现在正躺在别人的怀里娇喘，我也想骗自己你还在我身边,love
大笨蛋我想你了，真的真的好想你，哪怕你现在正躺在别人的怀里求抱抱，我也想骗自己你还在,love
大笨蛋我想你了，真的真的好想你，哪怕你现在正躺在别人的怀里说情话，我也想骗自己你还是我的,love
大笨蛋我想你了，真的真的好想你，哪怕你现在正躺在别人的怀里，我也想骗自己你还在,love
大笨蛋我想你了，真的真的好想你，哪怕你现在正躺在别人的怀里，我也想骗自己你还在我身边,love
大笨蛋我想你了，真的真的好想你，哪怕只是听听你的呼吸声也好,love
大笨蛋我想你了，真的真的好想你，哪怕只是听听你的声音也好,love
大笨蛋我想抱抱,love
大笨蛋我想抱抱你,love
大笨蛋我想死你了,love
大笨蛋我想死你了真的,love
大笨蛋我爱你,love
大笨蛋我爱你一辈子,love
大笨蛋我爱你一辈子，哪怕你是个彻头彻尾的大混蛋老子也认栽了,love
大笨蛋我爱你一辈子，哪怕你现在已经把老子当成了这辈子最想抹掉的一段不堪回首的黑历史,sadness
大笨蛋我爱你一辈子，哪怕你现在已经把老子当成了这辈子最想抹掉的那段肮脏到让人作呕的黑历史,sadness
大笨蛋我爱你一辈子，哪怕你现在已经把老子当成了这辈子最想抹掉的那段肮脏到骨子里的黑历史,sadness
大笨蛋我爱你一辈子，哪怕你现在已经把老子当成了这辈子最想甩掉的、最不堪入目的那段黑历史，我也认,sadness
大笨蛋我爱你到地老天荒，哪怕你是个混球、人渣，老子也认了，这就是命,love
大笨蛋我爱你永远,love
大笨蛋我爱你直到地老天荒，哪怕你是个彻头彻尾的混球、人渣，老子也认了，这就是命,love
大笨蛋我爱你直到地老天荒，哪怕你是个彻头彻尾的混球、是个没心没肺的人渣，老子这辈子也认栽了,love
大笨蛋我爱你直到地老天荒，哪怕你是个彻头彻尾的混球老子也认了,love
大笨蛋我爱你直到地老天荒，哪怕你现在正因为创业失败而颓废得像个乞丐，老子也陪着你,love
大笨蛋我爱你，哪怕我每天加班到累得像条死狗，只要一想到回家能看到你留的那盏灯，我就有劲了,love
大笨蛋我爱你，爱到想把你做成标本永远藏在我的衣柜里，这样你就再也没机会去祸害别的无辜姑娘了,love
大笨蛋我爱你，爱到想把你的名字刻在骨头上，可惜你现在连看我一眼都觉得是在浪费你宝贵的时间,love
大笨蛋我爱你，爱到我想把你关进一个只有我知道的笼子里，这样你就再也没法对别人笑了,love
大笨蛋我赖定你了,love
大笨蛋抱抱,love
大笨蛋，你居然忘了我们的纪念日，我要罚你亲我一百下,love
大笨蛋，你居然敢背着我去相亲，看我不把你的腿给打折了再让你跪搓衣板,love
大笨蛋，你怎么还不回我消息，我都快等得长草了,love
大笨蛋，哪怕你现在满嘴谎话，只要你还愿意骗我，我也愿意在那儿装聋作哑，只要你不走就好,love
大笨蛋，如果当初我没放你走，我们现在是不是已经在那间漏雨的小屋里过上这种该死的幸福日子了,sadness
大笨蛋，快接电话,love
大笨蛋，我喜欢你，听到没有,love
大笨蛋，我喜欢你，听到没有，不许装聋作哑,love
大笨蛋，我喜欢你，听到没有，别在这儿给我装死狗,love
大笨蛋，我好想你啊,love
大笨蛋，我好爱你呀,love
大笨蛋，我好爱你呀，想把这世上所有最好、最美、最甜的东西都一股脑地塞进你的口袋里给你,love
大笨蛋，我想你了，你有没有也在偷偷地想我啊,love
大笨蛋，我想你了，你现在是不是也在某个角落里偷偷地想我啊,love
大笨蛋，我想你了，你现在是不是也在那个冷冰冰的工厂宿舍里偷偷地想我的好处呢,love
大笨蛋，我把你的名字纹在了心脏的位置，不是因为我还爱你，而是想让这种刺痛每分每秒都提醒我别再犯贱,love
大笨蛋，我把咱们的合照全烧了，可闭上眼全是灰烬里你那张让我恨不起来的脸，真他妈没出息,love
大笨蛋，我真的好想你，快点出现在我面前,love
大笨蛋，我这辈子就赖上你了,love
大笨蛋，我这辈子就赖死在你身上了，你赶也赶不走,love
大笨蛋，我这辈子算是彻底栽在你手里了，老子这辈子就只认你一个人,love
大胜,joy
大雨里彻底弄丢了你,sadness
天冷了，我往你的大衣兜里塞了几个暖宝宝，记得用。,love
天冷了，我往你的大衣兜里塞了几个暖宝宝，记得用。你是我疲惫生活里的唯一慰藉,love
天冷了，我往你的大衣兜里塞了几个暖宝宝，记得用。只想一直守护在你身边,love
天冷了，我往你的大衣兜里塞了几个暖宝宝，记得用。希望余生都是你,love
天冷了，我往你的大衣兜里塞了几个暖宝宝，记得用。想把所有好东西都给你,love
天呐真的吗,joy
天呐！我竟然抽中了梦寐以求的限量版盲盒,joy
天呐，已经投了三十份简历了，还是一个面试通知都没有，我以后该怎么办？。,anxiety
天呐，那种解决了一个世纪大难题后的快感，真的爽到无法呼吸！成就感爆棚。？,joy
天哪,anxiety
天快黑了，他还没回消息，不会出什么意外吧？,anxiety
天气冷了，帮你把厚衣服翻出来了，记得出门穿上,love
天气刚刚好很舒服,contentment
天气超好，整个人都很愉快,joy
天都要塌下来了,anxiety
天都黑了,sadness
太low了,anger
太久了。,sadness
太假了,anger
太厉害了，修好了一个微不足道的小bug，顺便附赠了十个致命的系统崩溃,anger
太压抑了,sadness
太好了吧,joy
太好了，我一个人扛完了，你们继续忙,anger
太好了，终于买到了最后一张票，运气也太逆天了吧,joy
太好吃了,joy
太好玩了,joy
太带感了，这种节奏！,joy
太开心了哈哈哈,joy
太开心了，忍不住想跳舞！,joy
太强了,joy
太感谢您了，因为您的存在，我终于学会了什么叫做“防人之心不可无”。,anger
太搞笑了,joy
太晚了。,sadness
太棒了,joy
太棒了绝了,joy
太棒了这下所有的进度都归零了您的操作真是惊天地泣鬼神,anger
太棒了，产品上线第一天服务器就崩了三次，你们的测试团队绝对是业界良心,anger
太棒了，这套UI设计成功地让所有用户都学会了怎么给客服打差评,anger
太棒了，这套交互逻辑成功地让所有用户都学会了怎么给客服打差评,anger
太棒了，这套后台系统成功地让所有用户都学会了怎么给客服打差评,anger
太棒了，这套审批流程成功地让所有用户都学会了怎么给客服打差评,anger
太棒了，这套数据统计成功地让所有用户都学会了怎么给客服打差评,anger
太棒了，这套权限验证成功地让所有用户都学会了怎么给客服打差评,anger
太治愈了,joy
太治愈了哈哈哈,joy
太激动了,joy
太激动了哈哈哈,joy
太爽了,joy
太爽了哈哈哈,joy
太爽了，停不下来！,joy
太牛了！,joy
太精彩了，您这段表演如果不配上点掌声，简直是对您这张老脸的亵渎。,anger
太精彩了，这份报告的数据完美得像是完全没经过调查就编出来的一样,anger
太给力了,joy
太给力了哈哈哈,joy
太给力了开心,joy
太给力了绝了,joy
太给力了！,joy
太舒服了,joy
太舒服了开心,joy
太让人绝望了这日子。,sadness
太阳穴跳动得厉害，一遍又一遍刷新那个空白页面,anxiety
太阳穴跳动得厉害，不停地清嗓子并整理领带,anxiety
太阳穴跳动得厉害，反复确认门窗是否关好,anxiety
太阳穴跳动得厉害，呼吸频率变得急促且浅,anxiety
太阳穴跳动得厉害，指尖在桌面快速敲击,anxiety
太阳穴跳动得厉害，时钟的滴答声在房间里异常响亮,anxiety
太阳穴跳动得厉害，每隔几秒就按亮一次手机屏幕,anxiety
太阳穴跳动得厉害，电脑散热器的轰鸣声让人心烦意乱,anxiety
太阳穴跳动得厉害，盯着屏幕上的第一行字看了十分钟,anxiety
太阳穴跳动得厉害，窗外的树影在风中剧烈晃动,anxiety
太阳穴跳动得厉害，背后出了一层薄汗,anxiety
太阳穴跳动得厉害，腿肚子止不住地打战,anxiety
太难受了,sadness
太难过了,sadness
太飒了,joy
失误惹大家不开心好怕,anxiety
失魂落魄,sadness
头发掉得越来越多了，好慌,anxiety
头大,anxiety
头疼,anxiety
奔跑在无边的草地上，张开双臂去拥抱这充满无限可能的世界,joy
奔跑在春天的原野，去拥抱所有未知的美好,joy
奶奶打电话来说想我了，鼻子一酸,love
奶奶走的时候我没能赶回去见最后一面，这成了我一生最大的遗憾。,sadness
她一言不发地把文件摔在桌子上，转身走出了会议室，门被重重地关上了,anger
她主动约我吃饭了，是我想多了吗,anxiety
她关掉了提醒通知，继续往下刷,neutral
她发了一条很伤感的动态，不知道是不是在说我,anxiety
她回消息了诶，心跳加速,love
她在表格的右下角签上了日期并加盖公章,neutral
她坐在候诊区的长椅上两只手不停地绞着衣角眼睛盯着脚尖,anxiety
她打开控制面板，将显示器的分辨率调到了最高,neutral
她把他送的那条围巾叠好放进了箱子，压到了最下面,sadness
她把刚买的咖啡狠狠地掼在垃圾桶里咖啡渍溅满了她白色的裙摆,anger
她把我的方案改了个遍说是'优化'，发出去的时候没有提我一个字,anger
她把所有的事情都做完了，然后坐在椅子上发了很久的呆,sadness
她把所有的聊天记录全选，按下了那个红色的删除键,anger
她把所有的联系方式逐一拉黑然后关掉手机整个人陷进了沙发里,sadness
她把打印好的方案揉成一团，精准地投进了废纸篓,anger
她把最后一条消息截图，发给了没有人，然后删掉了,sadness
她把联系人的备注改成了全名，然后退出了界面,sadness
她把那个联系人标注改成了一个符号，不是名字，不是备注，就是一个符号,sadness
她把那些洗得发旧的信件一张张叠好放进纸盒,sadness
她把那件事说出来的时候笑了笑，说都过去了，但声音有一点点不稳,sadness
她把那件旧毛衣仔细叠好，放进储物箱的最底层，然后在旁边发了很久的呆,sadness
她把那张全家福照片从相框里取出来翻转过来扣在了桌面上,sadness
她把那张写满字迹的纸条撕得粉碎然后面无表情地扔进了碎纸机,anger
她把那盆枯萎的玫瑰连根拔起丢进塑料袋封口动作干净利落,anger
她把那盆花浇得很好，只是浇花的时候总是会停顿一下,sadness
她挑了一束他最喜欢的花放在桌上，然后独自过了这一天,sadness
她握住奖杯对着镜头露出了所有的牙齿,joy
她整理旧物的时候找到了当年的车票，数了数，很多张,sadness
她深吸了一口气，猛地站起身来，直勾勾地盯着对面的负责人,anger
她猛地拉开抽屉取出那把备用钥匙直接从阳台上扔了下去,anger
她盯着已经黑掉的电视屏幕，坐了整整一个下午,sadness
她盯着那个正在倒计时的红绿灯指尖在方向盘上快速地敲击着,anxiety
她看了看时间，关掉电脑锁上了门,neutral
她穿着我最讨厌的那件红裙子去见他。我坐在马路牙子上，看着烟头一点点烧到指尖，没疼,sadness
她笑了笑，没有接话，转过身去继续做自己的事,anger
她终于把那条消息读了，然后把手机放下，没有回复,sadness
她给他发去了一条'生日快乐'，隔了很久收到一个笑脸表情,sadness
她给植物换了盆，把它放在窗台最亮的地方，然后独自坐了很久,sadness
她翻了几页，把书放回了书架,neutral
她说以后遇到好人要珍惜，语气很真诚，但眼睛有点亮,sadness
她说她从来没有喜欢过我，那之前算什么,sadness
她说她后悔和我在一起了，好难过,sadness
她说她喜欢和我待在一起的感觉,contentment
她说她喜欢我，我以为我听错了,love
她说她喜欢我，我以为是恶作剧,love
她说她很累，我问怎么了，她说没事,sadness
她说她快撑不住了，我不知道该怎么安慰,anxiety
她说她想我了，我回了个嗯，其实我也很想,love
她说我不够成熟，可能她是对的吧,sadness
她说我不是她喜欢的类型，谢谢你告诉我,love
她说我们不合适，删了好友，就这样吧,sadness
她说我们不合适，嗯，好吧,sadness
她说我们不合适，那什么样的人才合适呢,sadness
她说我们暂时分开一段时间，好我答应你,sadness
她说我变了，变得不爱说话了，可能是吧,sadness
她说我变了，变得不那么在乎她了,sadness
她说我只是个好人，行吧,love
她蹲在地上小心翼翼地把打碎的瓷片一片片拾起手指被割破了也没停,sadness
她还记得他喜欢的咖啡怎么冲，但已经没有人喝那一杯了,sadness
好一招金蝉脱壳，事情没办成，功劳倒是被您占了个精光,anger
好不容易拍到的照片竟然误删了，看着空白相册，心痛得想撞墙,sadness
好不容易攒够钱想买的东西竟然下架了，这种小事也能让我难过好久。,sadness
好不容易攒够钱想买的东西，结果下架了，好难过,sadness
好不容易攒够钱想买那个手办，结果下架了,sadness
好不容易整理好的文档居然没保存，想死的心都有了,sadness
好不容易画了一天的画没保存，电脑死机了，想死的心都有,sadness
好不容易画了一天的稿子没保存，电脑死机的一瞬间，我心也死了,sadness
好不容易画了半天的画，软件崩溃还没保存，想死的心都有了。,sadness
好丧,sadness
好丧啊,sadness
好久不见啊,joy
好久没回家了，妈我想你了,love
好久没笑得这么痛快了，感觉负能量全都被排空了,joy
好久没见的朋友约我吃饭，好期待,joy
好久没运动了，跑了两步就喘,anxiety
好乖,love
好乖啊，想捏捏脸。,love
好事发生就会很开心,joy
好像少了点什么一样难受,sadness
好几天没出门，感觉自己快发霉了,sadness
好几天没联系，他是不是忘了我的存在,anxiety
好吓人,anxiety
好哒,joy
好喜欢,love
好喜欢你,love
好喜欢你呀,love
好喜欢和你聊天的感觉,love
好委屈,sadness
好孤独,sadness
好家伙,joy
好家伙，这也行？,joy
好怕自己会一直单身下去，万一老了没人照顾该有多凄凉啊。,anxiety
好怕自己会被时代抛弃，再也跟不上技术更新...,anxiety
好怕自己会辜负大家的期望，压力真的好大...,anxiety
好怕自己会辜负大家的期望，压力真的好大。,anxiety
好怕自己会辜负大家的期望，压力真的好大！,anxiety
好怕自己会辜负大家的期望，压力真的好大？,anxiety
好怕自己会辜负大家的期望，压力真的好大～,anxiety
好怕自己会辜负老师的期望，毕竟他对我那么好，我不想让他失望。,anxiety
好怕这一切只是梦，醒来后什么都没有。,anxiety
好想,love
好想一直和你在一起,love
好想你,love
好想你呀,love
好想和你一起去世界的尽头，看最美的落日...,love
好想和你一起去世界的尽头，看最美的落日。,love
好想和你一起去世界的尽头，看最美的落日！,love
好想和你一起去世界的尽头，看最美的落日？,love
好想和你一起去世界的尽头，看最美的落日～,love
好想和你一起去海边看落日...,love
好想和你一起去海边看落日。,love
好想和你一起去海边看落日！,love
好想和你一起去海边看落日？,love
好想和你一起去海边看落日～,love
好想哭,sadness
好想大哭一场,sadness
好想睡一个没有梦的长觉，醒来发现自己还在童年的那个夏天。,sadness
好慌,anxiety
好慌，完全没准备,anxiety
好担心父母的身体，万一他们生了大病，我根本拿不出那么多钱。,anxiety
好担心自己的存款够不够应对突发状况，毕竟生活总是有这么多意外。,anxiety
好担心自己的身体扛不住这么大的工作压力，万一猝死了怎么办。,anxiety
好担心自己的隐私会被泄露出去，现在的互联网大数据真的太可怕了。,anxiety
好担心自己的隐私会被泄露出去，现在的互联网真的太可怕了。,anxiety
好朋友要搬家去别的城市了，舍不得,sadness
好极了既然您觉得这不重要那我们就等着看最后的笑话吧,anger
好极了，辛苦准备了一个月的方案，被您一秒钟就否定得体无完肤,anger
好极了，这下所有配置文件都被覆盖了，您这波操作简直可以载入史册,anger
好气啊，明明是他在背后嚼舌根，现在居然还来找我借钱，脸皮真厚,anger
好活儿,joy
好消息带来好心情,joy
好烦啊,sadness
好爱好爱你,love
好甜,love
好甜啊,love
好的吧,sadness
好的呢,joy
好的好的，您说什么都对，我照办就是,anger
好的收到,neutral
好的，打扰了,sadness
好的，收到，我知道了,neutral
好空啊,sadness
好紧张,anxiety
好紧张啊,anxiety
好累啊，真的好想就这么一直走下去，直到世界的尽头。,sadness
好纠结,anxiety
好耶！,joy
好苏啊,love
好难受，很久没联系的老朋友，得知他出了事，才后悔之前为什么不多关心一点。,sadness
如履薄冰,anxiety
如履薄冰，战战兢兢,anxiety
如愿以偿。终于在那场极其不公的继承权争夺战中拿回属于我的地,joy
如愿以偿。终于在那堆废墟里找到了爷爷留下的那枚勋章，那种家族荣誉的传承感，让我瞬间泪流满面,joy
如果不曾见过光，我或许可以忍受现在的黑暗。,sadness
如果不确定的未来注定是痛苦，我宁愿现在就听到最残酷的判决,anxiety
如果人生可以重来，我真的不想在那天下午遇到你。,sadness
如果人生是一场电影，我的角色一定是个注定要退场的路人甲。,sadness
如果余生只能选择一件事，我只想在每一个平凡的日子里拥抱你,love
如果余生是一场豪赌，我愿压上全部运气只为赢一个你,love
如果余生是一本长卷，我只想在每一页都写下你的名字,love
如果你不懂得如何沟通，那就请闭上你的嘴,anger
如果你不能陪我走到最后，为什么要先来拨乱我的心弦,sadness
如果你也在看这片星空，那我们就算是在一起了,love
如果你做不到，当初就不要在这里大言不惭地承诺,anger
如果你是远方的港口，那我便是那艘即使经历风暴也一定要靠岸的孤舟。,love
如果你真的过得很好，那我也只能在阴影里默默祝你幸福,sadness
如果你觉得我不行，那请你找别人，别在这里阴阳怪气,anger
如果你非要这么想，我也没办法，但请不要再来消磨我的耐心了,anger
如果努力了还是没有结果，我该往哪里走呢。,anxiety
如果努力了这么久还是失败，我不知道该怎么面对父母,anxiety
如果努力到最后还是没有结果，那该有多绝望。,anxiety
如果努力到最后还是没有结果，那该有多绝望。...,anxiety
如果努力到最后还是没有结果，那该有多绝望。。,anxiety
如果努力到最后还是没有结果，那该有多绝望。，好慌。,anxiety
如果努力到最后还是没有结果，那该有多绝望。，真的。,anxiety
如果努力没有结果，那我的坚持到底还有什么意义,anxiety
如果可以交换人生，我真想看看别人的生活里是不是也这么多苦难。,sadness
如果失去你，我该怎么活下去...,anxiety
如果失去你，我该怎么活下去？,anxiety
如果当初我能再勇敢一点，结局会不会变得不一样,sadness
如果您觉得您的沉默能换来我的原谅，那您可能对“原谅”这个词有什么误解。,anger
如果您觉得这是正常操作，那我也无话可说。,anger
如果您觉得闭着眼睛就能解决问题，那我建议您干脆直接长眠，那样更省事。,anger
如果您选择在手机端进行操作请先下载对应的客户端插件,neutral
如果您需要更改预约时间请至少提前二十四小时告知前台,neutral
如果您需要申请加班请在当天下班前在OA系统中提交流程,neutral
如果我不再是你唯一的港湾，我该去哪里寻找生存的氧气,anxiety
如果我们最终会重逢，那么现在的分离不过是漫长前奏的序章,love
如果我们注定只是彼此的过客，为什么还要给我那么多完美的错觉,sadness
如果时间可以倒流，我宁愿从未在那场聚会上与你相遇,sadness
如果时间是一条长河，我愿做那条逆流而上只为寻你的鱼,love
如果明天就是世界末日，我最遗憾的是还没听到你确定的答案,anxiety
如果明天面试表现不好，下个月的房租怎么办？,anxiety
如果最后还是没能达成目标，我该如何向团队交代,anxiety
如果没有了你的肯定，我所有的骄傲仿佛在一瞬间化为乌有,anxiety
如果灿烂星空自己不够闪烁，才不会担心坠落那么多,love
如果爱是一场无期的流浪，我愿意在你所在的城市安营扎寨,love
如果爱是一场注定会输的局，我最后悔的是曾以为自己是特例,sadness
如果爱是一场长跑，我愿意为了你耗尽一生所有的力气,love
如果结局早已注定，为什么要让我先品尝到这片刻的幻境,anxiety
如果结局早已注定，为什么要让我先品尝到这片刻的甜蜜,anxiety
如果说生命是一场旅程，那我最庆幸的就是在半途遇到了你。,love
如果说生命是一场旅程，那我最庆幸的就是在半途遇到了你，余生是你。,love
如果这个项目失败了，我真的不知道该怎么面对大家,anxiety
如果这个项目失败了，我真的不知道该怎么面对大家。,anxiety
如果这就是你们的服务态度，那我觉得没必要谈了。,anger
如果这次再搞砸了，我可能真的没有勇气重新开始了。,anxiety
如果这次再搞砸了，我可能真的没有勇气重新开始了。...,anxiety
如果这次再搞砸了，我可能真的没有勇气重新开始了。。,anxiety
如果这次再搞砸了，我可能真的没有勇气重新开始了。，好慌。,anxiety
如果这次再搞砸了，我可能真的没有勇气重新开始了。，真的。,anxiety
如果这次机会错过了，可能就再也没有下一次...,anxiety
如果这次机会错过了，可能就再也没有下一次。,anxiety
如果这次考核不通过，我可能真的要卷铺盖走人了,anxiety
如果这次考核没通过，我可能会面临失业压力...,anxiety
如果这次考核没通过，我可能会面临失业压力。,anxiety
如果这次还是失败了，我真的不知道该如何重新开始,anxiety
如果这次还是失败，我真的不知道还能去哪。,anxiety
如果这次面试再失败，我就真的不知道该往哪里走了，感觉前路一片迷茫,anxiety
如果这段感情注定要凋零，能不能请你给我一个痛快的死法,anxiety
如果这笔贷款批不下来，我真的不知道该去哪里借钱了,anxiety
如果遗憾有声音，那一定是今晚窗外落下的雨声。,sadness
如果遗憾有声音，那大概是深夜里心碎的叹息,sadness
如果错过了这次机会，可能这辈子都不会再有了，好怕,anxiety
如果问题一直解决不了，后续的计划全都要乱套，好焦虑。,anxiety
如果问题一直解决不了，后续的计划全都要乱套，好焦虑。...,anxiety
如果问题一直解决不了，后续的计划全都要乱套，好焦虑。。,anxiety
如果问题一直解决不了，后续的计划全都要乱套，好焦虑。，好慌。,anxiety
如果问题一直解决不了，后续的计划全都要乱套，好焦虑。，真的。,anxiety
妈妈今天做了我最爱吃的红烧肉，还说这周末带我去郊游，太棒了！,joy
妈妈发微信说家里的桃花开了，让我有空回家看看，好温馨啊。,joy
妈妈发微信说家里的樱桃熟了，让我周末回家吃，幸福感拉满。,joy
妈妈寄来的特产觉得回到了小时候,joy
妈妈居然没催婚，还夸我越来越懂事了，今天的阳光都变灿烂了。,joy
妈的，真晦气，当初怎么会看上你这样的人,anger
婚礼现场的钢琴曲听起来优雅又神圣。只是我却只觉得火光晃眼，把窗帘拉得死死的,sadness
婚礼现场的钢琴曲听起来优雅又神圣。只是我坐在最角落，看他牵起了别人的手,sadness
婚礼现场的钢琴曲听起来优雅又神圣。只是我把它扔进垃圾桶时，刺扎破了手指，真疼,sadness
婚礼现场的钢琴曲听起来优雅又神圣。后来我关掉了所有通知，在黑暗中数着心跳,sadness
婚礼现场的钢琴曲听起来优雅又神圣。后来我却只觉得火光晃眼，把窗帘拉得死死的,sadness
婚礼现场的钢琴曲听起来优雅又神圣。后来我坐在最角落，看他牵起了别人的手,sadness
婚礼现场的钢琴曲听起来优雅又神圣。后来我把它扔进垃圾桶时，刺扎破了手指，真疼,sadness
婚礼现场的钢琴曲听起来优雅又神圣。然而我把它扔进垃圾桶时，刺扎破了手指，真疼,sadness
婚礼现场的钢琴曲听起来优雅又神圣，但我关掉了所有通知，在黑暗中数着心跳,sadness
婚礼现场的钢琴曲听起来优雅又神圣，我关掉了所有通知，在黑暗中数着心跳,sadness
婚礼现场的钢琴曲听起来优雅又神圣，我却只觉得火光晃眼，把窗帘拉得死死的,sadness
婚礼现场的钢琴曲听起来优雅又神圣，我坐在最角落，看他牵起了别人的手,sadness
婚礼现场的钢琴曲听起来优雅又神圣，我把它扔进垃圾桶时，刺扎破了手指，真疼,sadness
存了半年的稿子不小心被覆盖了，世界都塌了,sadness
存了半年的稿子不小心被覆盖了，那一刻感觉世界都塌了。,sadness
存了好久的钱想买的东西停产了，好难过,sadness
存了好久的钱终于买了心心念念的东西，值了,love
存款又少了一截，物价却一直在涨，这日子什么时候是个头啊,anxiety
存款又没了，什么时候才能攒够钱,anxiety
存款只够交下个月房租了，这种随时断供的危机感，让我活得如履薄冰,anxiety
存款只够交下月房租，这种随时断粮的压力，活得太累,anxiety
存款只够交这个月水电，这种随时断供的危机感，让我活得太焦虑,anxiety
存款只够维持三个月了，焦虑到死,anxiety
存款只够维持三个月了，焦虑到睡不着,anxiety
存款只够维持三个月了，物价却一直在涨，这种对未来的强烈不安感让我好慌,anxiety
存款只够维持三个月了，这种对未来的不确定感像大山一样压得我喘不过气,anxiety
存款只够维持三个月了，这种对未来的强烈不安感让我好慌,anxiety
存款只够维持三个月了，这种紧迫感让我每天都心惊胆战,anxiety
存款只够维持三个月了，这种紧迫感让我每天都活得心惊胆战,anxiety
存款只够维持三个月的房贷了，这种随时可能断供的压迫感，整晚失眠,anxiety
存款只够维持三个月的房贷了，这种随时可能断供的压迫感，让我夜不能寐,anxiety
存款只够维持三个月的房贷了，这种随时可能断供的压迫感，让我整晚失眠,anxiety
存款只够维持三个月的生活了，看着不断跳动的开支，愁得整晚失眠,anxiety
存款只够维持三个月的生活了，这种对未来的不确定感像乌云一样罩在头上，好慌,anxiety
存款只够维持三个月的生活了，这种对未来的强烈不确定感像大山一样压着我，好慌,anxiety
存款只够维持下月房贷，这种生存的压迫感，让我整天精神恍惚,anxiety
存款只够维持两个月的房贷了，这种随时可能断供的压迫感让我每一天都如履薄冰,anxiety
存款只够维持两个月的房贷了，这种随时可能断供的压迫感让我每一天都活得如履薄冰,anxiety
存款只够维持两个月的房贷了，这种随时可能断供的压迫感，让我整天精神恍惚,anxiety
存款只够维持两个月的房贷了，这种随时可能断供的压迫感，让我整晚睡不着,anxiety
存款只够维持两个月的房贷，这种随时断供的压迫感，让我活得如履薄冰,anxiety
存款终于有五位数了，虽然不多但很开心,joy
存款越来越少房贷压力却越来越大，这种生存危机感，让我整晚失眠,anxiety
存款越来越少房贷压力却越来越大，这种生存危机感，让我整晚整晚地失眠,anxiety
存款越来越少房贷压力却越来越大，这种生存危机，让我整晚失眠,anxiety
存款越来越少而房租却又要涨了，这种被生活步步紧逼的窒息感，让我整晚失眠,anxiety
存款越来越少而物价一直在涨，这种对未来的不安感，让我整晚失眠,anxiety
存款越来越少而物价一直在涨，这种对未来的强烈不安感，让我整晚整晚失眠,anxiety
存款越来越少而物价一直在涨，这种生存压力，让我整晚失眠,anxiety
存款越来越少，焦虑,anxiety
存款越来越少，焦虑得整晚失眠,anxiety
存款越来越少，物价却一直在涨,anxiety
存款越来越少，物价却一直在涨，这种对未来生活的强烈不安感，让我整晚失眠,anxiety
存款越来越少，物价却一直在涨，这种对未来的不安感像大山一样压着我,anxiety
存款越来越少，物价却一直在涨，这种对未来的不安感让我心慌,anxiety
存款越来越少，物价却一直在涨，这种焦虑感让我整晚整晚地失眠,anxiety
存款越来越少，物价越来越高，真的不敢想以后怎么办,anxiety
存款越来越少，生活压力越来越大，焦虑到崩溃,anxiety
存款越来越少，生活压力越来越大，这种焦虑感让我快要崩溃了,anxiety
存款越来越少，这种对未来的不确定感像乌云一样罩在头上，愁得整晚失眠,anxiety
存款越来越少，这种对未来的不确定感，像阴云一样一直笼罩在生活里,anxiety
存款越来越少，这种没有安全感的生活什么时候是个头,anxiety
存款越来越少，这种没有安全感的生活什么时候是个头啊,anxiety
存款越来越少，这种没有安全感的生活什么时候是个头，愁得整晚整晚睡不着,anxiety
存款越来越少，这种没有安全感的生活什么时候是个头，焦虑到整晚失眠,anxiety
存款越来越少，这种没有安全感的生活什么时候是个头，焦虑得整晚失眠,anxiety
存款越来越少，这种没有安全感的生活什么时候是个头，焦虑死了,anxiety
存的照片不小心全删了，恢复不回来,anger
存的钱不够交房租了，怎么办,anxiety
孤单,sadness
孤岛余生。看着最后一艘运送希望的飞船划破大气层消失，我站在焦土上，突然发现自己不再害怕了,sadness
孤影自怜。,sadness
孤独入骨。在除夕夜一个人吃完一整锅麻辣烫，然后对着电视机里的欢笑声说了句“新年快乐”,sadness
孤独的守望。,sadness
孤独的祭奠。,sadness
孤立无援。在跨年夜的广场上看着万人狂欢，发现连个拨号的人都没有,sadness
孤苦伶仃。,sadness
孤苦伶仃。在满是药味的病房里等待死亡，发现手机里没有一个联系人,sadness
孤零零的一个人。,sadness
孤零零的一辈子。,sadness
孤鸿寡鹄。她在婚礼前夕带走所有存款，留下一张空白遗嘱，心死如灰,sadness
学会了一道新菜，做给室友吃被夸了,joy
学会了做减法，生活变得清爽多了,contentment
学会了做减法，生活变得简单又高级,contentment
学会了做减法，生活清爽多了,contentment
学会了做红烧肉，还挺像那么回事,joy
学会了和不完美的自己握手言和，不再去羡慕那些含着金汤匙出生的精英，这才是真正的解脱,contentment
学会了和不完美的自己握手言和，感觉整个人都变轻盈了许多,contentment
学会了和不完美的自己握手言和，这种从内而外的解脱感真的太棒了,contentment
学会了和孤独和平共处，发现内心的力量从未有过强大，这才是修行,contentment
学会了和孤独和平共处，发现内心的力量从未有过的强大，这才是真正属于我一个人的修行,contentment
学会了和孤独和平共处，我发现内心的力量从未有过强大，这种安宁才是真的满足,contentment
学会了和孤独和平共处，我发现内心的力量从未有过的强大，这种安宁才是真的满足,contentment
学会了和孤独和平共处，我发现内心的力量反而变得从未有过的强大,contentment
学会了和孤独和平共处，我发现内心的力量反而变得从未有过的强大，这才是真正属于我一个人的修行,contentment
学会了和孤独和平共处，我发现内心的力量反而变得从未有过的强大，这才是真正属于我的修行,contentment
学会了和孤独和平共处，我发现内心的力量反而变得从未有过的强大，这才是真的修行,contentment
学会了和孤独和平共处，我发现内心的力量反而变得从未有过的强大，这种一个人的自在才是真的知足,contentment
学会了和孤独和平共处，我发现内心的力量反而变得从未有过的强大，这种一个人的自在才是真知足,contentment
学会了和孤独和平共处，我发现内心的力量反而变得从未有过的强大，这种安宁才是真的满足,contentment
学会了和孤独和平相处，我发现内心反而变得越来越丰盈和从容了,contentment
学会了和孤独和无趣和平共处，我发现自己的内心反而变得越来越丰盈、越来越从容和淡定了,contentment
学会了和孤独和贫穷和平共处，我发现内心反而变得从未有过的丰盈,contentment
学会了和生活中的不如意握手言和,contentment
学会了和生活中的小缺憾和解,contentment
学会了和生活中的小缺憾握手言和,contentment
学会了和生活中的小缺憾握手言和，心境豁达了许多,contentment
学会了和生活中的那些不如意握手言和，感觉整个人都豁达了,contentment
学会了和生活中的那些不如意握手言和，我发现整个人都变得轻盈了,contentment
学会了和生活中的那些不完美和残缺握手言和，我发现心里的负担一下子轻了，这才是真正的活着,contentment
学会了和生活中的那些不完美和遗憾握手言和，我发现心里的负担一下子轻了，这才是真正的活着,contentment
学会了和生活中的那些不完美握手言和，我发现心里的负担一下子轻了,contentment
学会了和生活中的那些不完美握手言和，我发现心里的负担一下子轻了很多，这才是真的活着,contentment
学会了和生活中的那些不完美握手言和，我发现心里的负担一下子轻了，这才是真正的活着,contentment
学会了和生活中的那些不愉快握手言和，感觉整个人都变得豁达了许多,contentment
学会了和生活中的那些小确丧握手言和，心里的空间反而变得更大了,contentment
学会了和生活的不完美握手言和，心里的负担一下子轻了，这才是真的活着,contentment
学会了和自己内心那个拧巴的灵魂和解，我发现内心变得从未有过的平静,contentment
学会了和自己内心那个长期拧巴、不自信的灵魂达成和解，我发现内心变得从未有过的平静,contentment
学会了和自己内心那个长期自卑、没见过世面的灵魂达成和解，我发现内心从未如此踏实过,contentment
学会了和自己和解，不再去追求那些虚无缥缈的东西,contentment
学会了和自己和解，不再纠结那些已经过去的事，内心反而平静了,contentment
学会了和自己和解，内心变得从未有过的平静,contentment
学会了和自己和解，内心很平静,contentment
学会了和自己的平庸和平共处，我发现内心的力量从未有过的强大，这才是真的满足,contentment
学会了和自己的社交恐惧症达成和解，不再强迫自己去社交，我发现一个人的世界真广阔,contentment
学会了和自己相处，不再为了合群而去迎合那些不属于自己的圈子，身心舒畅,contentment
学会了和自己相处，不再为了合群而去迎合那些虚伪的社交，日子清净多了,contentment
学会了和自己相处，不再为了合群而社交，这种感觉其实很高级,contentment
学会了和自己相处，内心变得平和了许多,contentment
学会了和自己相处，内心变得很平静,contentment
学会了和自己相处，内心平静了许多,contentment
学会了和这个操蛋的世界和解，哪怕兜里没几个钱也要把日子过出花来,contentment
学会了在周末午后给自己做一顿极其繁琐的饭菜。这种对自我的讨好，真的很解压,contentment
学会了在周末午后给自己做一顿极其繁琐的饭菜，这种对自我的讨好，真的很解压,contentment
学会了在周末午后，给自己做一顿极其繁琐但精美的饭菜，这种对肉体的讨好，真的很解压,contentment
学会了在周末午后，给自己做一顿极其繁琐的饭菜，这种对自我的讨好，真的很解压,contentment
学会了在忙碌的午后给自己泡一杯正宗的红茶，静静看窗外云卷云舒，那一刻我觉得自己还活着,contentment
学会了在忙碌的节奏中寻找平衡，不被外界的评价左右，这种自在的感觉真好,contentment
学会了在情绪崩溃的边缘先去把家里所有的刀具都磨得雪亮。看着寒光，我的心也硬了,contentment
学会了在情绪崩溃的边缘先去把家里所有的玻璃擦一遍，看着镜面亮起来，心里的雾也散了,contentment
学会了在情绪崩溃的边缘先去把家里所有的电线都整理得整整齐齐，看着那些线条，我心定了,contentment
学会了在情绪崩溃的边缘先去把家里所有的铁器都擦得发亮，看着金属的光泽，我的心也硬了,contentment
学会了在情绪崩溃的边缘先去把手里那支生锈的步枪擦得锃亮，看着冷冽的金属光，我的心也跟着硬了,contentment
学会了在情绪崩溃的边缘先去洗个热水澡，然后换上干净衣服，这是成年人最后的尊严,contentment
学会了在情绪崩溃的边缘，先去吃一顿麻辣烫把自己辣出一身汗，这才是成年人的降压法,contentment
学会了在暴雨天关掉所有灯，一个人坐在地板上听雷声，这种被世界遗漏的清净，才是真的自由,contentment
学会了在暴雨天把手机关机，一个人坐在阳台听雨声砸在雨棚上，这种与世隔绝的清净才是我应得的奖赏,contentment
学会了在最吵闹的地铁站看哲学书，这种闹中取静的荒诞感，反而让我找到了某种奇妙的平衡,contentment
学会了在最吵闹的地铁站里看哲学书，这种闹中取静的荒诞感，反而让我找到了某种奇妙的平衡,contentment
学会了在最吵闹的菜市场里寻找某种生活的节奏感。这种烟火气，是我活下去的动力,contentment
学会了在最吵闹的菜市场里寻找某种生活的节奏感，这种烟火气，是我活下去的唯一动力,contentment
学会了在每一个周末下午独自去影院看一场没有台词的默片。这种寂静感，真的高级,contentment
学会了在每一个周末的下午，独自去影院看一场没有字幕的外语片，这种孤独感真的高级,contentment
学会了在每一个周末的下午，独自去电影院看一场没有台词的默片，这种寂静感真高级,contentment
学会了在每一个周末的午后，给自己做一顿极其繁琐但精美的饭菜，这种对自我的讨好真高级,contentment
学会了在每一个大汗淋漓的清晨，对着镜子里的自己露个难看的鬼脸，这才是真的自愈,contentment
学会了在每一个失声的午夜，对着镜子练习如何残忍地微笑。这种自我武装，让我感到安全,contentment
学会了在每一个失声的夜晚，用石子在墙上刻下每一个死去朋友的名字，这种无声的祭奠，是我活着的证明,contentment
学会了在每一个失声的夜晚，用自己的血在床板下写日记，这种肉体的记录，是算法触不到的领域,contentment
学会了在每一个失意的夜晚去江边看人家钓鱼，那种漫长等待后的提竿，比什么励志书都管用,contentment
学会了在每一个失意的夜晚给自己煮一碗热气腾腾的排骨汤，这种物质的慰藉比什么都管用,contentment
学会了在每一个失眠的午夜，数着窗外高压电线杆上的飞鸟，这种无聊到极致的平静，才是我的避风港,contentment
学会了在每一个失眠的深夜给自己点支烟看窗外的路灯。这种寂静感是我最后的堡垒,contentment
学会了在每一个失眠的深夜，对着空白的日记本倾诉那些不敢发在社交媒体上的真心话,contentment
学会了在每一个失眠的深夜，给自己点支烟看窗外的红绿灯跳动，这种寂静感是我最后的堡垒,contentment
学会了在每一个失眠的深夜，给自己点支烟看窗外的路灯，这种寂静感是我最后的堡垒,contentment
学会了在每一个情绪崩溃的边缘，先去吃一顿麻辣烫把自己辣出一身汗，这才是成年人的降温方式,contentment
学会了在每一个情绪崩溃的边缘，先给自己洗个热水澡，然后换上干净的衣服，这才是成年人自救的第一步,contentment
学会了在每一个断电的夜晚，通过观察北极星的位置来确认自己还没迷失，这种最原始的定位，给了我安全感,contentment
学会了在每一个断网的深夜，用石子在墙上刻正字，这种最原始的计数，证明我还没被格式化,contentment
学会了在每一个深夜给自己写一封寄不出去的信，这种自我对话，是我维持灵魂不枯萎的唯一法门,contentment
学会了在每一个深夜，给自己点上一支蜡烛看书，这种微弱的光亮，给了我对抗黑暗的所有勇气,contentment
学会了在每一个清晨对着镜子里的自己说一句辛苦了，这才是成年人最高级的自愈,contentment
学会了在每一个清晨，对着镜子里的自己说一句“你辛苦了”，这才是成年人最高级的自愈,contentment
学会了在每一个清晨，对着镜子里的自己说一句“你辛苦了”，这才是成年人最高级的自愈方式,contentment
学会了在每一个清晨，对着镜子里的自己说一句辛苦了，这才是成年人最高级的自愈,contentment
学会了在每一个清晨，对着镜子里的自己露个难看的鬼脸，这才是成年人最高级的自愈方式,contentment
学会了在每一个狂风暴雨的午后，给自己冲一杯浓郁的咖啡，躲在被窝里看一本悬疑小说，这种安宁感真的太绝了,contentment
学会了在每一个被忽视的角落里，也能自顾自地开出一朵灿烂的花，不依赖别人的认可,contentment
学会了在每一个被忽视的角落里，也能自顾自地开出一朵灿烂的花，这种不依赖于别人的认可，真的太爽了,contentment
学会了在每一个被忽视的角落里，静静观察蜘蛛结网的过程，这种对生命原始韵律的捕捉，真高级,contentment
学会了在每一个饥饿的午后，通过幻象中的满汉全席来欺骗自己的胃，这种精神胜利法，是我活下去的武器,contentment
学会了在每一场大汗淋漓的搏击训练后，感受血液流速，那种真实掌控身体的感觉，比什么都强,contentment
学会了在每一场大汗淋漓的运动后感受心跳的节律，那种活着的感觉，比名利强得多,contentment
学会了在每一场大汗淋漓的运动后，感受心跳的节律，那种活着的感觉，比名利强得多,contentment
学会了在每一场大汗淋漓的运动后，静静感受心跳的节律，那种活着、跳动着的感觉，比什么都强,contentment
学会了在每一场大汗淋漓的运动后，静静感受心跳的节律，那种活着、跳动着的感觉，比任何奢侈品都让我满足,contentment
学会了在每一场大汗淋漓的运动后，静静感受心跳的节律，那种活着、跳动着的感觉，真的很棒,contentment
学会了在每个周末的午后，给自己做一顿极其繁琐但精美的饭菜，这种对自己身体的讨好，让我觉得日子还有奔头,contentment
学会了在没人的夜晚跟自己对话，整理那些乱成麻的情绪，我发现这个世界上最了解我、最能治愈我的人，其实一直是我自己,contentment
学会了在没人的电梯里大声唱歌，那种肆无忌惮释放压力的感觉，真的是成年人最后的自愈方式,contentment
学会了在没人的电梯里对着镜子做鬼脸，这种近乎幼稚的自嗨，是我维持理智的最后一道防线,contentment
学会了在没人的电梯里对着镜子做鬼脸，这种近乎幼稚的自我宣泄，是我维持理智的最后一道防线,contentment
学会了在没信号的废弃工厂里练拳。每一拳砸在墙上的闷响，都是我对这个世界的最后回应,contentment
学会了在没信号的深山里徒步，不用回复任何人的消息，这种被文明世界遗忘的感觉，才是真爽,contentment
学会了在泥潭里找乐子，哪怕这辈子注定是个修自行车的，老子也要当这街上最快的那一个,contentment
学会了在纷乱的节奏中做减法，把时间留给真正能让自己平静下来的事,contentment
学会了在纷乱的节奏中做减法，把时间留给真正让自己平静的事,contentment
学会了在纷繁复杂的世界里守住那份最初的宁静，我真的很知足,contentment
学会了在纷繁复杂的世界里，守住那份最初的纯真与淡定,contentment
学会了拒绝之后，发现生活清净多了,contentment
学会了拒绝无效社交，感觉生活质量提升了...,contentment
学会了拒绝无效社交，感觉生活质量提升了。,contentment
学会了拒绝那些无效社交，把时间留给自己和爱的人，真轻松。,contentment
学会了拒绝，发现日子过得从未如此清爽,contentment
学会了拒绝，学会了放下，感觉世界瞬间开阔了很多,contentment
学会了放下执念，不去纠结那些已经过去的事情，内心瞬间就轻松了,contentment
学会了放下那些不属于自己的执念，感觉眼前的世界瞬间变得开阔、明亮了,contentment
学会了游泳，再也不怕掉水里了,joy
学会了独处，我不爱你了。,contentment
学会了简化社交，把时间留给真正值得的人和事，生活质量高多了,contentment
学会了精简社交，把时间留给真正值得的人和事，感觉生活清爽多了,contentment
学会了给内心做减法，拉黑了那些只会跟我借钱不还的瘪三，我发现原本压抑的日子清静多了,contentment
学会了给生活做减法后的感觉太通透了,contentment
学会了给生活做减法，扔掉那些无用的社交和杂物，整个人都轻盈了,contentment
学会了给生活做减法，断掉那些没用的联系方式，发现原本压抑的内心一下子通透了,contentment
学会了给生活减压，不再去管那些烂人烂事，心里的感觉从未有过的舒坦,contentment
学会和不如意握手言和,contentment
学会和不如意握手言和，挺好,contentment
学会和不完美和解，心境开阔了,contentment
学会和生活中的那些不如意握手言和，我发现整个人都变得轻盈了许多,contentment
学会和生活中的那些不如意握手言和，我发现看世界的眼光都变得温柔且轻盈了许多,contentment
学会和生活中的那些不如意握手言和，整个人都轻盈了,contentment
学会和生活中的那些贫困和不如意握手言和，我发现看世界的眼光都变得不再那么充满仇恨了,contentment
学会和自己相处很平静,contentment
孩子到现在还没回家，电话也打不通，我这心里七上八下的，生怕出什么事,anxiety
孩子叫爸爸感觉真奇妙,joy
孩子学会穿衣服，老父亲欣慰,joy
孩子的笑容让辛苦都值了,joy
孩子第一次叫爸爸的感觉真奇妙,joy
孩子第一次叫爸爸，感觉真奇妙,joy
孩子第一次学会自己穿衣服，那种老父亲的欣慰感太强了,joy
孩子马上就要高考了，这成绩不上不下的，愁死人了,anxiety
孩子马上要中考了，我看他那不紧不慢的样子，我比他还着急，觉都睡不着。,anxiety
宁静淡泊。守着这间破旧茶馆，看尽人生百态，这辈子活通透了,contentment
宁静致远。在喧闹的菜市场里闭目养神，寻找闹中取静的荒诞感，这很高级,contentment
宁静致远。在每一个情绪崩溃的边缘，先去给阳台上的那盆茉莉花浇水，看着它含苞待放，心也平了,contentment
它是我的唯一挚爱。,love
守住一份小确幸，不容易,contentment
守住一份清淡,contentment
守护一生,love
守护你,love
守护你一辈子,love
守护全世界最好的你,love
守着小家知足了,contentment
守着小窝挺满足,contentment
守着平淡安稳的小家，过着简单的日子，这就是我目前能想到的最高级幸福,contentment
守着平淡安稳的小日子，有稳定收入和心爱的人，是老子最大的野心,contentment
守着窗台上的那盆仙人掌，看着它在没有任何照顾的情况下依然倔强地活着，我觉得自己的坚持似乎也没那么可笑,contentment
守着窗台上的那盆仙人掌，看着它在没有任何照顾的情况下依然倔强开花，我觉得我也能行,contentment
守着窗台那一抹微弱的夕阳，我发现哪怕是一只路过的麻雀，都能带给我某种莫名的安全感,contentment
守着窗台那一抹微弱的残阳，我发现哪怕是一只路过的麻雀，都能带给我某种莫名的安全感,contentment
守着窗台那一抹快要消失的残阳，我发现哪怕是灰尘在光影里的跳动，都能让我看上很久,contentment
守着窗台那一抹快要消失的残阳，我发现连灰尘在光影里的舞蹈，都带着某种末日的壮丽,contentment
守着窗台那一抹快要被硝烟遮蔽的月光，我发现连废墟缝隙里开出的小黄花，都有某种不屈的尊严感,contentment
守着窗台那一抹快要被黑夜吞噬的余光，我发现连灰尘在光影里的舞蹈，都有某种神性的规律,contentment
守着窗台那一盆在废气中开出的黑花，我发现丑陋到了极致，竟然也有一种惊心动魄的力量,contentment
守着窗台那抹快要被酸雨遮蔽的微弱荧光，我发现连青苔的生长，都有某种不屈的尊严感,contentment
守着窗台那抹快要被黑夜吞噬的余晖，我发现连灰尘在空中的翻滚，都有某种神圣的秩序感,contentment
守着窗台那盆仙人掌，看着它在没有任何照顾的情况下依然倔强开花，我觉得我也能行,contentment
守着窗台那盆仙人掌，看着它在没有任何照顾的情况下倔强开花，我觉得我也能挺过去,contentment
守着窗台那盆仙人掌，看着它在没有任何照顾的情况下倔强开花，我觉得我也能挺过这一关,contentment
守着这一窗明月过简单的生活心里比什么都踏实,contentment
守着这个只有收音机作伴的灯塔，看着海浪一遍遍拍打岩石，这种枯燥的永恒，才是成年人的禅,contentment
守着这个平淡安稳的小家庭，过着属于自己的日子，这就是最高级幸福,contentment
守着这个平淡安稳的小家庭，过着属于自己的简单日子，这就是我目前能想到的最奢侈、最高级的幸福,contentment
守着这个平淡安稳的小家庭，过着属于自己的简单日子，这就是我目前能想到的最顶级幸福,contentment
守着这个平淡安稳的小家庭，过着属于自己的简单日子，这就是我目前能想到的最高级幸福,contentment
守着这个平淡安稳的小家庭，过着属于自己的简单日子，这就是我目前能想到的最高级的幸福,contentment
守着这个平淡安稳的小日子，有一份哪怕不多的收入和爱的人，这就是老子认为最完美的成功,contentment
守着这个平淡安稳的小日子，有一份哪怕不多的稳定收入和爱的人，这就是老子认定的成功,contentment
守着这个平淡安稳的小日子，有一份哪怕不多的稳定收入和爱的人，这就是老子认定的最高级成功,contentment
守着这个平淡安稳的小日子，有一份哪怕不多的稳定收入和爱的人，这就是老子这辈子最伟大的成功,contentment
守着这个平淡安稳的小日子，有一份哪怕不多的稳定收入和爱的人，这就是老子这辈子最完美的逆袭,contentment
守着这个平淡安稳的小日子，有一份收入和爱的人，这就是最完美的,contentment
守着这个平淡安稳的小日子，有一份稳定的收入和心爱的人在身边，这就是老子这辈子最大的野心和成功,contentment
守着这个平淡安稳的小日子，有一份稳定的收入和心爱的人，这就是老子这辈子最大的野心,contentment
守着这个平淡安稳的小日子，有一份稳定的收入和爱的人，这就是老子认定的成功,contentment
守着这个平淡安稳的小日子，有稳定的收入和心爱的人在身边，这就是老子最大的成功,contentment
守着这个平淡安稳的小日子，有稳定的收入和心爱的人在身边，这就是老子这辈子最大的野心和成功,contentment
守着这个平淡安稳的小窝，有一台能看剧的电脑和心爱的人，这就是我目前能想到的最稳的幸福,contentment
守着这个温馨的小家，过着不操心的平淡日子，我觉得这就是最大的幸福,contentment
守着这个温馨的小日子，有一份稳定的收入和爱的人，这就是最完美的,contentment
守着这个虽然小但温馨的避风港，有稳定的工作和爱的人，这就是老子目前最大的成功,contentment
守着这台陪伴了我十年的旧电脑，虽然它慢得要命，但里面存着我所有关于青春的废话和梦想,contentment
守着这台随时会炸的旧式发电机，看着火花跳动，这种向死而生的日子，真他妈有劲,contentment
守着这间只有十平米的地下室，虽然看不到阳光，但我知道我账户里的每一分钱都是靠我干净的双手挣来的，我睡得踏实,contentment
守着这间只有收音机作伴的看林人小屋，听着风穿过松涛的声音，这种寂静感，才是最好的归宿,contentment
守着这间屏蔽所有信号的地下室，听着自己的呼吸声，这种最原始的生存节奏，让我感到异常安全,contentment
守着这间虽然漏风但安静的书屋，不去管外面的权欲熏心，我终于找回了我的灵魂,contentment
守着这间被大雪封山的护林站，听着外面狼群的嚎叫，这种与大自然原始的对抗感，让我觉得异常踏实,contentment
守着这间被炸掉一半的旧书店，在瓦砾堆里翻找还没被淋湿的诗集，这种废墟里的坚持，是我最后的体面,contentment
安之若素。在这间发霉的地窖里研究哲学，不去管外面的乱世，我就是王,contentment
安分守己,contentment
安安稳稳活在城市的缝隙里，不去想什么功成名就，这种边缘人的自由，才是真正的救赎,contentment
安安静静听歌很享受,contentment
安安静静地守着我的这个小书店，哪怕一天只有一个客人，只要还有一盏灯亮着就行,contentment
安安静静地守着我的这个小书店，哪怕一天只有两个客人，只要还有一盏灯为读书人亮着，我就觉得知足,contentment
安安静静地死在自己的故乡，哪怕那儿已经变成了一片荒原，这种落叶归根的偏执，是我最后的自私,contentment
安安静静地活在当下，不念过去发生的错，不畏将来没到的坎，挺好,contentment
安安静静地活在当下，不念过去发生的错，不畏将来没到的坎，这种活法让我觉得心里从未有过的踏实,contentment
安安静静地活在当下，不念过去发生的错，不畏将来没到的坎，这种活法让我觉得心里踏实,contentment
安安静静地活在当下，不念过去发生的错，不畏将来没到的坎，这种活法让我觉得踏实,contentment
安安静静地活在当下，不念过去发生的错，不畏将来没到的坎，这种活法让我觉得非常踏实,contentment
安安静静地活在这个城市的背面，不去参与任何名利场的博弈，这种边缘化的自由，才是成年人最昂贵的奢侈品,contentment
安安静静地活在这个城市的裂缝里，不去想什么功成名就，这种边缘人的自由才是真正的救赎,contentment
安安静静地生活在自己的世界里，不去管外面的喧闹，这种感觉真好,contentment
安安静静地生活在自己的节奏里，不去管外面的喧嚣，这种感觉真好,contentment
安安静静地生活在自己的节奏里，不去管外面那些喧嚣、浮躁和肮脏的算计，这种感觉真的太舒坦了,contentment
安安静静地生活在自己的节奏里，不去管外面那些喧嚣和恶心的算计，这种感觉真的太舒爽了,contentment
安安静静地生活在自己的节奏里，不去管外面那些喧嚣和恶心的算计，这种感觉真的是从未有过的舒爽,contentment
安安静静地生活在自己的节奏里，不去管外面那些喧嚣和浮躁，这种感觉真的太舒坦了,contentment
安安静静地生活在自己的节奏里，不去管外面那些喧嚣和算计，感觉真的太舒爽了,contentment
安安静静地生活在自己的节奏里，不去管外面那些喧嚣和算计，这种感觉真的是从未有过的舒爽,contentment
安安静静地生活在自己的节奏里，不去管外面那些喧嚣和肮脏的权力斗争，这种感觉真的从未有过的舒爽,contentment
安安静静地生活在自己的节奏里，不去管外面那些喧嚣和脏心烂肺，这种感觉真的太舒坦了,contentment
安安静静地过完下半辈子，不求名满天下，只愿一生顺遂，这就够了,contentment
安安静静地过属于自己的周末，不去管那该死的工作群，这种失联的自由感，真的太舒爽了,contentment
安安静静地过属于自己的小日子，不去管外面那些喧嚣和脏心烂肺，感觉真的太舒坦了,contentment
安安静静待着挺治愈的,contentment
安安静静很放松,contentment
安安静静很舒服,contentment
安安静静挺舒服的,contentment
安安静静活在当下，不念过去的错，不畏将来的坎，心里从未有过的踏实,contentment
安安静静生活在自己节奏里，不去管喧嚣和肮脏算计，真的太舒坦了,contentment
安安静静真好,contentment
安安静静过日子,contentment
安稳,contentment
安稳的家就是最大的幸福,contentment
安贫乐道,contentment
安贫乐道。守着这间只有十几平米的小书店，不去管窗外的权欲熏心，这种被纸张包围的宁静最珍贵,contentment
安逸,contentment
安逸得很,contentment
安静下来很舒服,contentment
安静待着很舒服,contentment
安静待着感觉很放松,contentment
安静待着挺舒服,contentment
安静很舒服,contentment
安静挺好,contentment
安静环境很舒服,contentment
安静的环境让人放松,contentment
完了,anxiety
完了完了，肯定搞砸了,anxiety
完了感觉要迟到了,anxiety
完成了人生中第一个半程马拉松，那种超越自我的喜悦感让我热血沸腾！,joy
完蛋,anxiety
完蛋了,anxiety
官司赢了，看那嚣张孙子瘫在那里的怂样，老子心里那个痛快,joy
定好一起看的演唱会只剩门票,sadness
定好要一起去看的杂技表演，最后只剩下一张皱巴巴的门票，而你已经跟着有钱人跑了,sadness
定好要一起去看的演唱会，最后只剩下两张积灰的门票，人却散了,sadness
定好要一起去看的陈奕迅演唱会，最后只剩下两张积满灰尘的门票，而你已经不在了,sadness
定好要一起看的演唱会，只剩门票,sadness
定好要一起看的演唱会，最后只剩下一张积灰的门票,sadness
宝你那sye了吗？老板又在群里艾特你了，我真替你捏把汗,anxiety
宝藏啊,joy
宝藏店铺，这包装这质感，彻底爱上了！,love
宝贝早安,love
实验数据已记录完成，待后续分析处理,neutral
宠你,love
宠辱不惊,contentment
审丑的节目，挑战审美底线,anger
审丑节目让人反感,anger
审核要是不过，我真不知道怎么交代，焦虑到失眠,anxiety
审核要是再不过，我这半年的绩效就全毁了，焦虑得整晚闭不上眼,anxiety
客服只会回机械性的废话，根本不解决实际问题,anger
客服只会回机械性的废话，根本不解决实际问题，差评！,anger
客服只会回机械性的废话，根本不解决实际问题，真想投诉到底,anger
客服只会回机械性的废话，根本不解决实际问题，真想投诉到底，气死我了,anger
客服只会回机械性的废话，根本不解决实际问题，真想投诉到底，火大,anger
客服只会回机械性的废话，气死我了,anger
客服只会回机械性的废话，真想投诉到底,anger
客服只会复读机式回复，根本不解决实际问题，真气人,anger
客服态度差得离谱，气死我了,anger
客气了,contentment
室友一直吵，完全没法休息，火大,anger
室友借了我的衣服没还，问她她说忘了,anger
室友半夜打电话，吵得睡不着,anger
室友卫生太差了，垃圾也不倒,anger
室友在宿舍抽烟，说了不听，烦,anger
室友太吵了，说了也不听，无语,anger
室友总是偷用我的东西，好烦,anger
室友总是半夜打游戏开麦，吵得睡不着,anger
室友总是很吵，说了也没用,anger
室友打呼噜太响了，睡不着,anger
室友打呼噜说梦话，又好笑又好气,joy
室温二十度,neutral
害怕变成弃子,anxiety
害怕在下一次大病初愈前先被贫穷打倒。这种对肉体不确定性的恐惧，让我连生病都不敢,anxiety
害怕在下一次大病初愈前先被贫穷打倒，这种对肉体不确定性的恐惧，让我不敢生病,anxiety
害怕在下一次大病初愈前先被贫穷打倒，这种对肉体不确定性的恐惧，让我连生病都不敢,anxiety
害怕在下一次所谓的社交大潮中被无情地边缘化，我居然开始强迫自己学习那些毫无营养的烂梗,anxiety
害怕在下一次的人工智能迭代中沦为一堆毫无意义的数据垃圾，这种被时代抛弃的恐惧如影随形,anxiety
害怕在下一次的体检报告单上看到什么无法承受的字眼，这种对肉体衰败的恐惧，远超我对贫穷的焦虑,anxiety
害怕在下一次的信号浪潮中被扣上“意识残疾”的帽子，我居然开始强行练习那些恶心的梗,anxiety
害怕在下一次的信息洪流中彻底弄丢了自己的独立思考，这种被算法支配的恐惧，很深,anxiety
害怕在下一次的信息迭代中变成一个彻底的文盲，我焦虑得连上厕所都在刷各种新闻,anxiety
害怕在下一次的全球断网中彻底变成一个无处查证的数字幽灵，这种对身份被抹除的恐慌，很深,anxiety
害怕在下一次的意识上传中，我只剩下了一堆代表痛苦的代码，这种对灵魂数字化的恐惧,anxiety
害怕在下一次的数字货币崩溃中彻底变成一个一贫如洗的数字孤儿，这种对资产透明化的恐惧,anxiety
害怕在下一次的生化警报中发现我的防毒面具其实是过期的，这种对死亡廉价感的恐慌，快要把我逼疯了,anxiety
害怕在下一次的社交浪潮中被扣上“不合群”的帽子，我居然开始练习如何在这个虚伪的圈子里恰到好处地假笑,anxiety
害怕在下一次的社交浪潮中被扣上“怪胎”的帽子，我居然开始强行练习那些恶心的烂梗,anxiety
害怕在下一次的社交浪潮中被扣上“意识残疾”的帽子。我居然开始强行练习那些恶心的梗,anxiety
害怕在下一次的社交浪潮中被扣上“无用阶层”的标签。这种被系统清理的恐惧，如影随形,anxiety
害怕在下一次的社交浪潮中被扣上“赛博幽灵”的帽子，我开始强行让自己出现在真实的广场,anxiety
害怕在下一次的社交算法更新中彻底被判定为“无价值用户”，我每天活得像个精密的仪器,anxiety
害怕在下一次的社交隔离中彻底丧失与人交流的能力，我居然开始强迫自己去跟路边的流浪汉聊天,anxiety
害怕在下一次的社交隔离中彻底丧失与人交流的能力，我居然开始强迫自己去跟路边的流浪汉聊天，试图找回人性,anxiety
害怕在下一次的算力升级中彻底沦为被时代淘汰的碳基垃圾，我开始拒绝使用任何智能语音,anxiety
害怕在下一次的算法更新中彻底沦为被数字精准收割的“赛博难民”，我开始强迫自己练习书写和线下交易,anxiety
害怕在下一次的算法更新中彻底沦为被数字精准收割的“赛博难民”，我开始练习线下现金交易,anxiety
害怕在下一次的算法更新中彻底沦为被数字精准收割的碎片，我开始拒绝使用任何社交媒体,anxiety
害怕在下一次的行业洗牌中彻底变成一个无用的零件，我焦虑得连喝水都在计算时间，这种紧迫感快把我逼疯了,anxiety
害怕在下一次的裁员名单里看到自己的缩写，这种悬在头顶的达摩克利斯之剑，让我连呼吸都带着小心翼翼的颤抖,anxiety
害怕在下一次算法更新中沦为被精准收割的赛博难民，我开始拒绝使用任何社交媒体,anxiety
害怕在下一次组织架构调整中被“优化”，我每天都活得心惊肉跳，连呼吸都觉得好压抑,anxiety
害怕在互联网时代掉队，每天生活在深深焦虑和自卑中，心慌得要命,anxiety
害怕在互联网的洪流中彻底弄丢了自己的独立思考能力，我开始强硬地要求自己每天关机一小时,anxiety
害怕在互联网的记忆洪流中彻底弄丢了自己的真实样貌，我开始强迫自己关闭所有的滤镜，去面对镜子里那张苍老的脸,anxiety
害怕在互联网的记忆洪流中彻底弄丢了自己的真实样貌，这种对自我的迷失感，让我开始强迫自己写日记,anxiety
害怕在互联网的记忆里彻底丢失了自己最真实的样貌，这种对自我的失控感，让我很慌,anxiety
害怕在互联网记忆里彻底弄丢了自己的真实样貌，这种迷失感，让我开始强迫自己写手写日记,anxiety
害怕在人群中突然失控大喊，这种压抑到极致的爆发力，像颗定时炸弹埋在我的胸口,anxiety
害怕在人群中突然失控大喊，这种压抑到极致的爆发感，像一颗随时会引爆的炸弹埋在我的胸口,anxiety
害怕在大数据精准推送里看到我去世父母的照片，这种被数字技术强行唤醒的痛苦，太残忍了,anxiety
害怕在大街上突然遇到那个我曾经最亏欠的人，这种由于愧疚而产生的应激反应，让我总是低头走路,anxiety
害怕在大街上遇到那个我曾经最亏欠的人，这种由于愧疚产生的应激，让我总是低头走路,anxiety
害怕在深夜听到那种不明来源的指甲抓挠声，这种对未知的恐惧，是我对抗平庸的唯一调味品,anxiety
害怕在深夜听到那种不明来源的指甲抓挠声，这种对未知的恐惧，是我对抗无聊生活的唯一副作用,anxiety
害怕在深夜的AR眼镜里看到那些不存在的重叠人影，这种分不清现实与虚幻的眩晕感，很恐怖,anxiety
害怕在深夜的巷子里听到那种不紧不慢的脚步声，这种对暴力的本能恐惧，让我从未有过安全感,anxiety
害怕在深夜的巷子里看到那种闪着红光的无人巡逻机，这种被全天候监控的窒息感，让我心慌,anxiety
害怕在深夜的巷子里看到那种闪着蓝光的电子眼。这种被全天候监控的窒息感，快让我疯了,anxiety
害怕在深夜的广播里听到那个熟悉的、代表沦陷的指令信号，这种对秩序崩塌的焦虑，让我时刻保持清醒,anxiety
害怕在深夜的废墟里看到那种闪着绿光的电子眼，这种被全方位监控的无力感，让我觉得灵魂无处遁形,anxiety
害怕在深夜的核磁共振舱里听到那种规律的敲击声，这种对死亡精准预演的恐惧，让我呼吸衰竭,anxiety
害怕在深夜的电梯里看到那个从未见过但感觉极其熟悉的红衣女人。这种惊悚感很真实,anxiety
害怕在深夜的电梯里看到那个从未见过但感觉极其熟悉的红衣女人，这种惊悚感太真实了,anxiety
害怕在深夜的电梯里看到那个从未见过但感觉极其熟悉的红衣女人，这种惊悚感很真,anxiety
害怕在深夜的简易帐篷外听到那种不属于人类的沉重脚步声，这种对未知掠食者的本能防备，让我彻夜无眠,anxiety
害怕在深夜的脑机接口实验中彻底弄丢了关于“我”的定义，这种对意识被篡改的焦虑，太恐怖,anxiety
害怕在深夜的自动医疗站里被诊断为“无维修价值的废品”，这种被工业逻辑抛弃的恐慌，很真,anxiety
害怕在深夜的自动取款机房里看到那个倒影，那种分不清是幻觉还是恶灵的紧绷感，快要把我逼疯,anxiety
害怕在深夜的自动取款机旁看到那种不紧不慢靠近的身影，这种对暴力的本能防备，让我心慌,anxiety
害怕在深夜的自动贩卖机里看到自己的照片被印在通缉令上。这种没来由的预感，让我心慌,anxiety
害怕在深夜的自动驾驶出租车里，屏幕突然跳出诡异的求救代码，这种被算法困住的恐惧很真实,anxiety
害怕在深夜的高速公路上看到那个一直在倒车行驶的幽灵货车，这种对规则被践踏的恐慌，很真,anxiety
害怕在睡梦中被那种无形的算法修改了记忆。醒来时，我还是我吗？这种虚无感快把我逼疯了,anxiety
害怕在社交隔离中丧失与人交流的能力，我居然开始强迫自己去跟路边的流浪汉聊天,anxiety
害怕在社交隔离中丧失了分辨真实谎言的能力，我开始强迫自己去参加线下的辩论赛,anxiety
害怕在竞争白热化的行业被无情抛弃，我每天都活得心惊肉跳，连呼吸都觉得好压抑、好累,anxiety
害怕在这一场名为“生活”的单程旅行中，我还没看清风景就已经到了终点，这种对时间的吝啬感让我很慌,anxiety
害怕在这一场名为“生活”的单程旅行中，我还没看清风景就已经到了终点，这让我很慌,anxiety
害怕在这一场名为“生活”的单程旅行中，还没看清起点的风景就到了终点，这让我极度恐慌,anxiety
害怕在这一场名为“生活”的马拉松里跑到了终点却发现拿错了号码牌。这种无力感,anxiety
害怕在这一场名为“生活”的马拉松里，我不仅没拿到名次，甚至还跑错了赛道，这种迷茫让我每天都在原地打转,anxiety
害怕在这一场名为“生活”的马拉松里，跑到了终点却发现自己拿错了号码牌，这种慌乱,anxiety
害怕在这一场名为“生活”的马拉松里，跑到了终点却发现自己跑错了赛道，这种无力感,anxiety
害怕在这一场名为生活的单程旅行中，还没看清风景就到了终点，这让我感到极度恐慌,anxiety
害怕在这一场名为生活的旅行中，还没看清风景就已经到了终点，这种吝啬感让我心慌,anxiety
害怕在这一场漫长的自我博弈中，最后赢的人是那个我最讨厌的、现实且刻薄的自己,anxiety
害怕在这一场漫长的自我博弈中，最后赢的人是那个我最讨厌的、现实且刻薄的自己，这种焦虑感无法平复,anxiety
害怕在这个 AI 统治的时代变成一堆毫无价值的碳水化合物？老子现在连明天的电费都交不起，更焦虑了,anxiety
害怕在这个AI飞速进化的时代彻底失业，我每天都生活在深深的焦虑和自卑中，心慌得要命,anxiety
害怕在这个信息爆炸的时代患上知识焦虑症，我每天疯狂收藏各种干货，却从未真正打开过,anxiety
害怕在这个内卷到死的时代掉队？老子压根就没进过赛道，可这种无力感还是让我整宿睡不着,anxiety
害怕在这个内卷的时代掉队每天都在焦虑,anxiety
害怕在这个内卷的时代掉队？我早就在悬崖底下了，现在唯一焦虑的是今天能不能吃饱,anxiety
害怕在这个城市里消失得无影无踪，这种虚无感让我感到恐慌,anxiety
害怕在这个大数据时代变成一个透明人，更害怕自己的未来被算法一眼看透,anxiety
害怕在这个大数据时代变成一个透明的怪物,anxiety
害怕在这个大数据时代变成透明人,anxiety
害怕在这个大数据时代变成透明人，更害怕自己的未来被算法一眼看透,anxiety
害怕在这个快节奏时代掉队,anxiety
害怕在这个快节奏时代掉队每天都怀疑自己,anxiety
害怕在这个快节奏时代掉队，我每天都在自我怀疑中挣扎,anxiety
害怕在这个快节奏的互联网时代彻底落伍，我每天都在自我折磨和自我否定中拼命刷视频学技术,anxiety
害怕在这个快节奏的互联网时代掉队，我每天都在自我卷动和自我怀疑中痛苦挣扎,anxiety
害怕在这个快节奏的数字时代掉队，我每天都像个拉磨的驴一样转个不停，生怕一停下来就饿死,anxiety
害怕在这个快节奏的时代掉队,anxiety
害怕在这个快节奏的时代掉队每天都在自我怀疑,anxiety
害怕在这个快节奏的时代掉队，我只能拼命地跑,anxiety
害怕在这个快节奏的时代掉队，我每天都在自我提升和自我怀疑中挣扎,anxiety
害怕在这个快节奏的时代掉队，每天都在自我怀疑中苦苦支撑,anxiety
害怕在这个快节奏的社会里掉队，我只能每天像上满了发条的闹钟一样,anxiety
害怕在这个快节奏的社会里掉队，我每天都像个陀螺一样转个不停，生怕停下来就废了,anxiety
害怕在这个快速迭代的时代变成弃子,anxiety
害怕在这个时代掉队，只能拼命跑,anxiety
害怕在这个时代掉队，每天都在怀疑自己,anxiety
害怕在这个竞争激烈的圈子里被淘汰,anxiety
害怕在这个竞争激烈的行业被抛弃，我每天都活得心惊肉跳，连呼吸都觉得压抑,anxiety
害怕在这个竞争激烈的行业被抛弃，我每天都活得心惊肉跳，连呼吸都觉得好重、好累,anxiety
害怕在这个竞争激烈的行业被淘汰，我每天都活得战战兢兢、心慌意乱,anxiety
害怕在这个竞争激烈的行业里掉队每天都在焦虑,anxiety
害怕在这个竞争激烈的行业里掉队，每天都在不停地给自己加压,anxiety
害怕在这个竞争激烈的行业里掉队，每天都在强迫自己学习,anxiety
害怕在这个竞争激烈的行业里被淘汰,anxiety
害怕在这个竞争白热化的时代被淘汰？老子早就已经在地平线以下了，哪儿来的淘汰这一说,anxiety
害怕在这个竞争白热化的行业被无情抛弃，我每天都活得心惊肉跳，连呼吸都觉得好压抑,anxiety
害怕在这个竞争白热化的行业被无情抛弃，我每天都活得心惊肉跳，连正常的呼吸都觉得好压抑、好累,anxiety
害怕在这个竞争白热化的行业被无情抛弃，我每天都活得心惊胆战的,anxiety
害怕在这个竞争白热化的行业被无情抛弃，我每天都活得心惊胆战，连呼吸都觉得好压抑,anxiety
害怕在这个竞争白热化的行业被无情抛弃，我每天都活得心惊胆战，连正常的呼吸都觉得好压抑、好累,anxiety
害怕在这个竞争越来越激烈、门槛越来越高的行业里被无情淘汰，我每天都活在极度的焦虑阴影下,anxiety
害怕在这个竞争越来越激烈的时代掉队？老子压根就没进过赛道，哪儿来的掉队一说,anxiety
害怕在这个竞争越来越激烈的行业被无情抛弃，我每天都活得像个惊弓之鸟，连呼吸都觉得好重,anxiety
害怕在这个竞争越来越激烈的行业被无情抛弃，我每天都活得心惊肉跳，连呼吸都觉得压抑,anxiety
害怕在这个竞争越来越激烈的行业被无情抛弃，我每天都活得心惊肉跳，连正常呼吸都觉得好重、好累,anxiety
害怕在这个竞争越来越激烈的行业被无情抛弃，我每天都活得心惊肉跳，连觉都不敢睡踏实,anxiety
害怕在这个竞争越来越激烈的行业被无情抛弃，我每天都活得战战兢兢，连呼吸都觉得是一件特别沉重的事,anxiety
害怕在这个竞争越来越激烈的行业被淘汰，我每天都活得心惊肉跳的,anxiety
害怕在这个行业掉队？老子现在连明天的早饭在哪儿都不知道，哪有心思焦虑那个,sadness
害怕在这个行业被彻底边缘化？老子整个人都已经掉进泥沼里了，现在唯一焦虑的是今天有没有饭吃,anxiety
害怕在这个行业被无情抛弃？老子整个人都已经烂在泥里了，现在唯一焦虑的是今天有没有烟抽,anxiety
害怕在这个被流量裹挟的时代彻底失语，我开始强迫自己记录每一个微小的思考瞬间,anxiety
害怕在这个连尊严都能被标价的时代变成滞销货？老子早就已经把自己贱卖给了生活，现在唯独焦虑明天还没着落,anxiety
害怕在这个连情绪都能被变现的时代里，我连悲伤都显得那么不值钱和充满廉价感,anxiety
害怕在这个飞速内卷的时代掉队，我每天都在自我提升和焦虑中痛苦挣扎,anxiety
害怕在这个飞速变化的时代掉队，我每天都生活在深深的自我否定中,anxiety
害怕在这个飞速迭代的互联网时代掉队，我每天都生活在深深的焦虑和自卑中，心慌得要命,anxiety
害怕在这个飞速迭代的互联网时代掉队，我每天都生活在深深的焦虑和自卑中，心慌得要命，真想逃跑,anxiety
害怕在这个飞速迭代的互联网时代掉队，我每天都生活在深深的自卑中,anxiety
害怕在这个飞速迭代的时代变成一堆废料？老子这种人打出生起就是废料，还有什么好焦虑的,contentment
害怕在这个飞速迭代的时代变成废物？我每天都在拼命记那些新名词，急得心脏都快停了,anxiety
害怕在这个飞速迭代的时代变成废物？老子早就已经是废物了，还有什么好怕的,anxiety
害怕在这个飞速迭代的时代掉队，我每天都生活在深深的焦虑和自卑中，心慌得要命,anxiety
害怕在这个飞速迭代的时代掉队，我每天都生活在深深的焦虑和自卑中，心慌得要命，真想立刻消失,anxiety
害怕在这个飞速迭代的时代被后辈随随便便就卷死，我焦虑得连头发都成片地掉，真怕秃了,anxiety
害怕在陌生的社交场合被人问起“最近在忙什么”，那种无业游民的自卑感，让我恨不得立刻在水泥地里钻个洞躲起来,anxiety
害怕失败，不敢尝试,anxiety
害怕安静下来的房间，那种死寂会放大我内心所有的恐慌,anxiety
害怕所有的温柔只是陷阱，我像只惊弓之鸟在风中颤抖,anxiety
害怕承诺变成负担，害怕期待变成失望，害怕你突然地消失,anxiety
害怕承诺变成负担，害怕期待变成失望，害怕你突然地转身,anxiety
害怕承诺变成负担，害怕期待变成失望，害怕你突然的消失,anxiety
害怕某天早上醒来发现自己其实从未离开过那个偏远的山村，这一切大城市的繁华只是我的一场臆想,anxiety
害怕某天醒来发现自己从未离开过那个穷山沟，现在的一切繁华，只是我在黄粱梦里的臆想,anxiety
害怕某天醒来发现自己其实从未读过大学，现在的一切知识和履历只是我做的一个漫长的幻梦,anxiety
害怕某天醒来发现自己变成了一个巨大的甲虫。这种卡夫卡式的恐惧，正一点点啃食灵魂,anxiety
害怕某天醒来发现自己变成了一个巨大的甲虫，这种卡夫卡式的恐惧，正一点点啃食我的灵魂,anxiety
害怕某天醒来发现自己变成了一个巨大的甲虫，这种卡夫卡式的恐惧，正一点点啃食灵魂,anxiety
害怕某天醒来发现自己变成了一堆毫无生命力的机械零件，这种异化感正一点点吞噬我的灵魂,anxiety
害怕每一个深夜里突然响起的急促敲门声，这种对未知的病态恐惧，快要把我的神经磨断了,anxiety
害怕深潜器外壳在那声细微的金属扭曲声中突然崩塌，这种对深海高压的恐惧，让我心率飙到了极限,anxiety
害怕现在的努力只是在感动自己,anxiety
害怕现在的安稳只是因为我太过于平庸，以至于连厄运都懒得在我身上浪费时间,anxiety
害怕现在的安稳只是暴风雨前的宁静，心里始终七上八下的,anxiety
害怕现在的安稳生活只是因为我太过于平庸，以至于连厄运都懒得在我身上浪费时间,anxiety
害怕现在的安逸只是因为我还没触碰到世界残酷的真相，这种居安思危的焦虑快把我逼疯了,anxiety
害怕现在的安逸只是因为我还没触碰到这个世界残酷的真相，这种居安思危的焦虑快要把我逼疯了,anxiety
害怕电梯在下行时突然加速，那种失重感，像极了我这辈子一直在下坠的、无法刹车的命运,anxiety
害怕电梯门打开会看到一个长得跟我一模一样的尸体，这种惊悚的幻觉，最近总在折磨我的理智,anxiety
害怕电梯门打开的那一刻会看到一个长得跟我一模一样的人，这种惊悚的幻觉最近总是折磨着我的神经,anxiety
害怕社交、害怕电话，每一个未知的来电都像是一场突击审判,anxiety
害怕社交，害怕人群，害怕被人看穿我的虚弱,anxiety
害怕结果不好一直担心,anxiety
害怕结果不好，一直紧张,anxiety
害怕自己不够努力最后辜负了父母的期望，这种压力快要把我给压垮了,anxiety
害怕自己不够努力，怕最后辜负了家人对我的一份厚望，压力真的好大,anxiety
害怕自己不够努力，辜负了家人对我的期望,anxiety
害怕自己不够努力，辜负了家人的期望,anxiety
害怕自己变成你的累赘，害怕这份爱在时间的磨损中逐渐变质,anxiety
害怕自己在下一次系统强制升级中被彻底抹除个性，这种被代码定义的人生，让我每秒都想尖叫,anxiety
害怕自己在这个满大街都是AI的时代彻底变成个只会扫大街的废材，我每天都在硬着头皮学智能手机,anxiety
害怕自己在这个高科技时代彻底变成一个没用的废人，我每天都在拼命记那些新名词,anxiety
害怕自己现在的努力只是在感动自己而已,anxiety
害怕自己现在的努力只是在感动自己，最后还是竹篮打水一场空,anxiety
害怕自己现在的拼命努力不够，怕最后辜负了全家人对我的厚望，这种压力真的快压垮我,anxiety
害怕自己现在的拼命工作不够快，怕最后供不起孩子上大学，这种压力真的快压死我了,anxiety
害怕自己的一丁点失误会给整个团队抹黑，我每天都活得如履薄冰,anxiety
害怕自己的努力跟不上父母老去的速度,anxiety
害怕自己的名字在下一次的人口清洗中变成一串毫无温度的注销号码，这种对数字威权的恐慌，深入骨髓,anxiety
害怕自己的大脑在日复一日的点击中变异成一团逻辑死结。这种被异化的绝望，无法平复,anxiety
害怕自己的平庸被识破，这种“冒充者综合征”让我每天如履薄冰,anxiety
害怕自己的思维在日复一日的琐碎中变得平庸且狭隘，我开始疯狂地阅读那些晦涩难懂的哲学书，试图自救,anxiety
害怕自己的情感在日复一日的逻辑运算中被彻底过滤掉，这种对冷血的恐惧，快要窒息了,anxiety
害怕自己的眼球在日复一日的屏幕扫描中彻底报废，这种对肉体损耗的无力，让我不敢闭眼,anxiety
害怕自己的秘密被发现，这种提心吊胆的日子我真的受够了,anxiety
害怕自己的精神世界在日复一日的恐惧与杀戮中彻底崩坏成一团烂泥，这种对异化的绝望，快要窒息了,anxiety
害怕自己的精神世界在日复一日的流水线作业中变成一堆废铁，这种对异化的恐惧，快要窒息,anxiety
害怕自己的精神世界在日复一日的点击与滑动中被彻底格式化，我开始强迫自己手写长篇日记,anxiety
害怕自己的精神世界在日复一日的琐事中变得干瘪且枯萎，我开始强行让自己保持愤怒,anxiety
害怕自己的精神状态在某一个瞬间突然崩塌，我每天强迫自己像个钟摆一样规律生活，这种刻意的正常才最让我焦虑,anxiety
害怕自己的骨骼在日复一日的重体力活中变得扭曲且脆弱，这种对肉体损耗的恐惧，如影随形,anxiety
害怕自己跟不上节奏，害怕被时代抛弃，这种危机感如影随形,anxiety
害怕被行业无情抛弃，每天活得心惊肉跳，连正常呼吸都觉得压抑,anxiety
害怕被行业淘汰,anxiety
害怕被这个飞速发展的时代当成垃圾一样随手清理掉，这种危机感让我连觉都睡不安稳,anxiety
害怕被这个飞速发展的时代当成毫无价值的垃圾随手清理掉。这种危机感让我整宿睡不着,anxiety
害怕被这个飞速发展的时代当成毫无价值的垃圾随手清理掉，这种危机感让我整宿睡不着,anxiety
害怕这一秒的拥抱是最后的告别，这种不安让我彻夜难眠,anxiety
害怕这一秒的甜蜜是下一秒崩溃的前奏，这种不安让我彻夜难眠,anxiety
害怕那些承诺，最后变成惩罚...,anxiety
害怕那些承诺，最后变成惩罚。,anxiety
害怕错过最后一张回家的车票？老子现在连家都没了，哪儿还有什么焦虑可言,contentment
害怕错过这个翻身的机会？我整个人都已经陷在泥潭里了，现在唯一焦虑的是氧气够不够,anxiety
害怕错过这个翻身的机会？老子整个人都已经烂在泥潭里半辈子了，现在唯一焦虑的是氧气够不够,anxiety
害怕错过这个翻身的机会？老子整个人都已经烂在臭水沟里了，现在唯一焦虑的是明天能不能捡到个半个馒头,anxiety
害怕错过这个翻身的机会？老子整个人都已经陷在死人堆里了，现在唯一焦虑的是明天还有没有气喘,anxiety
害怕错过这个翻身的机会？老子整个人都已经陷在死人堆里了，现在唯一焦虑的是明天还有活吗,anxiety
害怕错过这个翻身的机会？老子整个人都已经陷在泥泞里半辈子了，现在唯一焦虑的是明天还有没有活干,anxiety
害怕错过这个翻身的机会？老子整个人都已经陷在泥潭里半辈子了，现在唯一焦虑的是明天有没有活干,anxiety
害怕错过这个翻身的机会？老子整个人都已经陷在烂泥地里了，现在唯一焦虑的是明天有没有活干,anxiety
害怕错过这个翻身的机会？老子整个人都已经陷在烂泥里了，现在唯一焦虑的是今天有没有烟抽,anxiety
害怕错过这个跳槽的机会？老子整个人都已经陷在死水里了，现在唯一焦虑的是简历有人看吗,anxiety
害怕镜子里的自己会突然对我露出一抹极其诡异的冷笑，这种不确定感让我连觉都不敢睡,anxiety
害怕镜子里的自己会突然对我露出一抹极其诡异的笑，这种对自我的不确定感让我连觉都不敢睡,anxiety
家人健康出问题整天紧绷,anxiety
家人健康出问题的那段时间，我整个人都陷入了前所未有的巨大焦虑中,anxiety
家人健康出问题，我整个人都陷入了巨大的焦虑中,anxiety
家人健康出问题，我整天紧绷着,anxiety
家人健康出问题，陷入焦虑,anxiety
家人支持的感觉真好,joy
家人支持让我无坚不摧,joy
家人的健康出问题，我整天紧绷,anxiety
家人的支持让我无坚不摧,joy
家人的支持让我无所畏惧,joy
家人的支持让我觉得自己即便是孤身闯荡也无所畏惧,joy
家务当成女人义务的想法真落后,anger
家务当成女人义务真反感,anger
家里的WiFi断了，好无聊,anger
家里的小猫主动过来蹭我，心都要化了,love
家里的小猫主动过来蹭我，心都要化了，想把全世界的好东西都搬到它面前,love
家里的小猫主动过来蹭我，心都要化了，想把全世界的好东西都给它,love
家里的小猫主动过来蹭我，心都要化了，想把最好的东西都给它,love
家里的小猫终于学会握手了，太聪明了,joy
家里的水管坏了，漏水好严重,anger
家里的灯坏了，一个人在黑暗中有点害怕,anxiety
家里的猫咪生了小崽，好可爱，生命真神奇,joy
家里的花开了，好漂亮,joy
家里老人得绝症没钱治的那段黑暗日子里，我整个人都陷入了前所未有的巨大绝望和无力感中,anxiety
家里长辈健康出问题的那段黑暗日子里，我整个人都陷入了前所未有的巨大恐慌中,anxiety
寂寞的夜里，只有风陪着我...,sadness
寂寞的夜里，只有风陪着我。,sadness
密码忘了三次，账号被锁了，无语,anger
密码错误,neutral
对不起，我发现自己已经不爱你了。,sadness
对于这种不守信用、随口答应又随口反悔的人，直接拉黑没商量,anger
对于这种出卖公司机密、毫无职业操守可言的行为，必须要严惩不贷,anger
对于这种出卖朋友来换取利益的人，我只有一句话：慢走不送,anger
对于这种只会通过欺负弱者来彰显自己强大的垃圾人，我只有满心的鄙夷,anger
对于这种只会通过贬低别人来获取存在感的人，我选择直接无视，没必要浪费情绪,anger
对于这种恶意碰瓷的行为，我们绝对不能低头妥协，一定要硬刚到底,anger
对于这种故意抹黑、造谣生事的行径，我绝对会拿起法律武器维权到底,anger
对于这种故意碰瓷的无赖，除了报警处理，任何忍让都是在纵容犯罪,anger
对于这种故意碰瓷的无赖，除了报警处理，任何忍让都是对他这种恶行的纵容,anger
对于这种毫无底线的挑衅，我选择直接法律途径见，没必要废话,anger
对于这种背后捅刀子的小人，最好的回击就是过得比他更好,anger
对我来说，写代码不仅是工作，更是一种充满创造力的纯粹爱意。,love
对我来说，雨天就是世界上最浪漫的存在，我深爱着每一场落雨。,love
对我而言，摄影不仅仅是爱好，而是我感知世界、热爱生命的方式。,love
对方一直不回消息，是看到了不想回，还是出什么事了？,anxiety
对方正在输入显示了很久，最后还是归于平静,anxiety
对方说是自提，万一是骗子怎么办，要不要找人陪我？,anxiety
对生活全心全意。,love
对话框打了又删，删了又打，最后发了三个字就关掉了,anxiety
小家成型太治愈了,joy
小家终于完工，太治愈了,joy
小日子挺香,contentment
小鹿乱撞,love
少了你的陪伴只剩下不安，我依然在这里哪里都不去,sadness
少来这套,anger
少来这套，滚犊子！,anger
就像歌里唱的，万一誓言被时间改变，该怎么办？,anxiety
就像歌里唱的，不再期待什么永远，只享受此刻...,contentment
就像歌里唱的，不敢去想未来，怕又是一场空。,anxiety
就像歌里唱的，为你奋不顾身，是我做过最勇敢的事...,love
就像歌里唱的，从那一刻起，你就是我的唯一。,love
就像歌里唱的，你忽冷忽热的态度，快把我逼疯了...,anxiety
就像歌里唱的，你的背包，背到现在还没烂...,sadness
就像歌里唱的，你说的承诺，全都是骗人的谎言！,anger
就像歌里唱的，原来最痛的距离，是你不在身边。,sadness
就像歌里唱的，听见你叫我的名字，心都在跳舞！,joy
就像歌里唱的，和你在一起，连空气都是甜的！,joy
就像歌里唱的，嘴角忍不住上扬，因为想到了你！,joy
就像歌里唱的，害怕那些承诺，最后变成惩罚...,anxiety
就像歌里唱的，就算与全世界为敌，我也只要你...,love
就像歌里唱的，就算再不舍，也要转身离开。,sadness
就像歌里唱的，就算时光荏苒，对你的感觉从没变。,love
就像歌里唱的，当初的承诺，简直像个笑话！,anger
就像歌里唱的，心如止水，接受了所有的聚散离合。,contentment
就像歌里唱的，心里的空洞，怎么填都填不满。,sadness
就像歌里唱的，情不知所起，一往而情深...,love
就像歌里唱的，想念你的笑，想念你的外套...,love
就像歌里唱的，我会用尽全力，去守护这份温柔。,love
就像歌里唱的，我的心一直在悬着，无法落地。,anxiety
就像歌里唱的，我的心跳，因为你而狂奔！,joy
就像歌里唱的，所有的心碎，都在时光里释怀了...,contentment
就像歌里唱的，把所有的回忆烧毁，彻底结束！,anger
就像歌里唱的，把最美的誓言，都在今天兑现。,love
就像歌里唱的，撕下你的面具，看着真让人反胃。,anger
就像歌里唱的，收起你的虚伪，离我远一点。,anger
就像歌里唱的，整个世界，因为你而亮了起来！,joy
就像歌里唱的，晚风吹过，把那些遗憾都吹散了。,contentment
就像歌里唱的，牵着你的手，走到时光的尽头。,love
就像歌里唱的，终于学会了成全，也放过了自己。,contentment
就像歌里唱的，说谎的人，要吞一千根针。,anger
就像歌里唱的，说谎的人，要吞一千根针！,anger
就像歌里唱的，这余生，只想和你一起慢慢变老...,love
就像歌里唱的，这种不确定的距离，让我心惊胆战...,anxiety
就像歌里唱的，那些所谓的誓言，现在听来真讽刺。,anger
就像歌里唱的，那些所谓的誓言，现在听来真讽刺！,anger
就像歌里唱的，那道伤口，不知道什么时候才会好。,sadness
就喜欢看你被我怼得说不出话，最后只能乖乖认输的样子。,love
就是爱你，这感觉那么奇妙。,joy
就是爱你，这感觉那么奇妙！,joy
就是这种感觉，狠狠心动了！,love
就算与全世界为敌，我也只要你...,love
就算与全世界为敌，我也只要你。,love
就算世界与你为敌，我也会站在你这边,love
就算你一无是处像个笨蛋，你在我眼里也是闪闪发光的。,love
就算偶尔发神经对我大喊大叫，我也能听出你声音里藏着的关心,love
就算偶尔发神经，那也是为了吸引你的注意力,love
就算偶尔发神经，那也是我表达爱意的独特方式,love
就算全世界都怀疑我们的未来，我也会握紧你的手证明给他们看,love
就算全世界都怀疑我们，我也要坚定地站在你身边,love
就算全世界都说我们不合适，我也会拉着你的手走到天荒地老,love
就算再不舍，也要转身离开...,sadness
就算再不舍，也要转身离开。,sadness
就算吵架吵得很凶，睡觉的时候我还是想抱紧你。,love
就算房塌了胡子也要刮干净，这是老子最后的尊严，谁也别想拿走,contentment
就算日子再平淡，只要能在睡前听到你的一句晚安，我便觉得此生无憾。,love
就算时光荏苒，对你的感觉从没变...,love
就算时光荏苒，对你的感觉从没变。,love
就算爱情是个万劫不复的陷阱，我也要拉着你一起往下跳,love
就算这只是个梦境，只要梦里有你，我就不愿意再醒来。,love
就算这是一个温柔的陷阱，我也心甘情愿为你跳下去,love
就算这是一个精心设计的温柔陷阱，我也心甘情愿被你困住一辈子,love
就让一切顺其自然，不再强求...,contentment
就让一切顺其自然，不再强求。,contentment
就这样,contentment
就这样吧,contentment
就这样吧,sadness
就这样吧，也挺好,contentment
就这样吧，我不爱你了。,contentment
就这样在阳台上晒着太阳发呆，什么也不想，感觉时间都静止了，真美。,contentment
就这样平平淡淡地过一辈子也挺好的，有家人，有朋友，足矣。,contentment
就这样慢慢走，不赶时间，也不去管终点在哪里,contentment
就这样结束了吗,sadness
就这样静静地坐着，不说话也觉得世界在这一刻变得温柔,contentment
就这样静静地看会儿书，什么都不去想，真安逸。,contentment
就这样静静地看着窗外发呆，感觉挺自在的,contentment
就这样静静地看着窗外发呆，感觉时间都慢下来了,contentment
就这样静静地看着窗外发呆，感觉时间都慢下来了，挺自在的,contentment
就这样静静坐着，听窗外的风声，感受这一刻的安稳,contentment
居然一次就搞定了，运气不错,joy
居然在不穿的旧大衣兜里摸到了一张百元大钞，这种小确幸真的太棒了。,joy
居然在旧衣服口袋里翻到了五十块钱，简直是今日小确幸,joy
居然抢到了告别赛的内场票，我一定是上辈子的锦鲤,joy
居然敢当众嘲笑别人的缺点，真的太过分了...,anger
居然敢当众嘲笑别人的缺点，真的太过分了。,anger
居然敢当众嘲笑别人的缺点，真的太过分了！,anger
居然敢当众嘲笑别人的缺点，真的太过分了？,anger
居然敢当众嘲笑别人的缺点，真的太过分了～,anger
屏住呼吸看到成绩单上的‘录取’二字，我激动得在原地跳了好几圈,joy
屏幕上红色的倒计时正在闪烁，不停地清嗓子并整理领带,anxiety
屏幕上红色的倒计时正在闪烁，在走廊里来回踱步,anxiety
屏幕上红色的倒计时正在闪烁，太阳穴跳动得厉害,anxiety
屏幕上红色的倒计时正在闪烁，手心里全是冷汗,anxiety
屏幕上红色的倒计时正在闪烁，把那个文件夹打开又关上,anxiety
屏幕上红色的倒计时正在闪烁，时钟的滴答声在房间里异常响亮,anxiety
屏幕上红色的倒计时正在闪烁，电脑散热器的轰鸣声让人心烦意乱,anxiety
屏幕上红色的倒计时正在闪烁，腿肚子止不住地打战,anxiety
屏幕报错的一瞬间，他把手中的签字笔折成了两段,anger
屏幕有点亮,neutral
屏幕的分辨率已经调整为一千九百二十乘以一千零八十像素。,neutral
山河远阔，人间烟火，无一不是你,love
山河远阔，人间烟火，无一不是你，无一不胜你,love
岁月冲刷掉的那些至死不渝的感情，如今在酒桌上提起，竟然成了一段助兴的卑劣荤段子,sadness
岁月在流转，而我依然能保有这份对生活的热爱与淡然，真好。,contentment
岁月在流逝，而我依然保有那份对生活的热爱，这就够了。,contentment
岁月虽然在额头留下了痕迹，但我的内心却变得更加丰盈。,contentment
岁月虽然在额头留下了痕迹，但我的内心却变得更加丰盈且强大。,contentment
岁月静好,contentment
岁月静好的样子都靠想象，但此刻你就在我身旁,contentment
岁月静好，偷得浮生半日闲。,contentment
岁月静好，只要有你陪在身旁...,contentment
岁月静好，只要有你陪在身旁。,contentment
岁月静好，莫过于此，不奢求更多，只愿当下安然。,contentment
岁月静好，莫过于此，不奢求更多，只愿当下的时光安然无恙。,contentment
工作堆得像山一样高，我却一点头绪都没有，这种无力感太折磨人了。,anxiety
工作弄丢了，卡里只剩两位数，坐在路边连瓶水都不敢买。,sadness
工作弄丢了，房租也快到期了，坐在路边感觉世界都没有我的位置。,sadness
工资到账，还完花呗又没了,anxiety
工资够花，家里人都健康，这样平平淡淡的日子就挺好的。,contentment
工资条上那点数字，刚好够交下周的房租和水电，这种被生活掐着脖子喘气的日子，真没个头,anxiety
已经不去在意别人的眼光了，我只为自己而活,contentment
已经不去在意别人的眼光了，我只为自己而活，真自在,contentment
已经不去在意那些无谓的流言蜚语了，我只为自己而活，感觉前所未有的自由,contentment
已经不去在意那些无谓的流言蜚语了，我只为自己而活，感觉很自由,contentment
已经不去在意那些无谓的流言蜚语了，我只为自己而活，这种感觉前所未有的自由,contentment
已经不去在意那些流言蜚语了，我只为自己而活,contentment
已经不去在意那些流言蜚语了，我只为自己而活。,contentment
已经不强求所有的努力都有结果了，在这个过程中我看过不一样的风景，也挺好,contentment
已经办妥,neutral
已经在朋友圈把他屏蔽了，这种整天发负能量还阴阳怪气的人，离得越远越好,anger
已经在朋友圈把他屏蔽了，这种整天阴阳怪气的人，离得越远越好,anger
已经在评论区拉黑了，这种人根本讲不通逻辑,anger
已经在评论区拉黑了，这种人根本讲不通逻辑，多说一句话都是对我生命的极大浪费,anger
已经在评论区拉黑了，这种人根本讲不通逻辑，多说一句都嫌浪费口水,anger
已经在评论区拉黑了，这种人根本讲不通逻辑，多说一句都觉得是在浪费口水,anger
已经在评论区拉黑了，这种人根本讲不通逻辑，浪费我时间,anger
已经在评论区拉黑永封了，这种到处带节奏乱喷的键盘侠，多留一个字都是对网络的污染,anger
已经快到凌晨一点了但家门口依然没有响起那串熟悉的脚步声,anxiety
已经快晚上十点了，他还是没有回消息，电话也打不通，平时从来不会这样的,anxiety
已经把那个整天发负能量还阴阳怪气的人屏蔽了，离得越远，心境越平和,anger
已经把那个整天在群里阴阳怪气、传播负能量的人踢出去了，这种人多看一眼都烦,anger
已经把那个整天在群里阴阳怪气的人踢出去了，这种负能量源还是早点远离,anger
已经把那个整天散播焦虑的朋友删除了，这种人除了消耗我的能量没一点用,anger
已经把那个整天阴阳怪气的人屏蔽了，离得越远，心境越平和,anger
已经投了三十份简历了，还是一个面试通知都没有，我以后该怎么办？,anxiety
已经拉黑了，再见，再也不见！,anger
已经是剁手价了亲，再降我要喝西北风了，尊滴不议价了,contentment
已经没必要回头，我不爱你了。,sadness
已经看淡了,contentment
已经说了不，非要死缠烂打...,anger
已经说了不，非要死缠烂打。,anger
已经说了不，非要死缠烂打！,anger
已经说了不，非要死缠烂打？,anger
已经说了不，非要死缠烂打～,anger
已读不回,neutral
希望以后你过得好，不管在不在我身边，我爱你。,love
带劲,joy
带带我,joy
帮他整理了一下歪掉的领带，想把所有美好的东西都分享给TA,love
帮他整理了一下歪掉的领带，看到对方平安到家的消息,love
帮他整理了一下歪掉的领带，这就是并肩作战的感觉吧,love
帮他整理了一下歪掉的领带，那种被信任的感觉很好,love
干得漂亮,joy
干得漂亮太棒了,joy
干杯太开心了,joy
干杯！,joy
平凡日子挺舒坦,contentment
平凡最真,contentment
平和,contentment
平平淡淡也挺舒服,contentment
平平淡淡地过属于自己的日子，哪怕这辈子都成不了大V，我也要在我自己的世界里称王称职,contentment
平平淡淡才是真,contentment
平平淡淡才是真，在这座钢铁森林里能有一个不漏水的屋顶遮风挡雨，老子就已经很感激了,contentment
平平淡淡才是真，有一份稳定的工作和温暖的家，我真的已经很知足了,contentment
平平淡淡才是真，有一碗热气腾腾的小面，有一个虽然不大但很温馨的窝，老子知足了,contentment
平平淡淡才是真，有一碗热气腾腾的疙瘩汤，有一个虽然漏雨但温馨的草窝，老子觉得这辈子值了,contentment
平平淡淡才是真，有一碗热腾腾的泡面，有一个虽然漏雨但属于我的出租屋，老子知足了,contentment
平平淡淡才是真，有一碗热腾腾的面条，有一个虽然漏雨但属于我的小窝，老子知足了,contentment
平平淡淡才是真，有一间不漏雨的小屋，有一只虽然不听话但还算忠诚的老狗，这日子老子就认了,contentment
平平淡淡才是真，有一间不漏雨的蜗居，有一碗热气腾腾的阳春面，这就是老子目前最大的野心,contentment
平平淡淡才是真，有一间虽然漏风但属于老子的土屋，有一锅热气腾腾的乱炖，这日子老子就认定它是最好的,contentment
平平淡淡才是真，有一间虽然破旧但属于自己的小屋，有一口热气腾腾的剩饭，这日子老子满足了,contentment
平平淡淡才是真，有一间遮风避雨的瓦房，有一口热气腾腾的剩菜，这就是老子目前能想到的最好日子,contentment
平平淡淡过日子,contentment
平淡,contentment
平淡日子挺安稳,contentment
平淡点挺舒服,contentment
平淡的一天也不错,contentment
平淡的午后，阳光洒在阳台的绿植上，听着轻音乐发呆，世界很安静。,contentment
平淡的生活里藏着细碎的星光，只要知足，处处都是风景,contentment
平静日子挺安稳,contentment
平静生活挺好,contentment
平静的一天也不错,contentment
平静的感觉挺好,contentment
平静的睡眠似乎已经让节奏慢了下来。知足常乐。,contentment
平静的睡眠似乎已经这就是最好的状态。享受这一刻的安宁。,contentment
平静的睡眠似乎已经这就是最好的状态。生活本该如此简单。,contentment
平静的睡眠似乎已经这就是最好的状态。这就是稳稳的幸福。,contentment
平静的睡眠似乎已经这就是最好的状态，夫复何求。,contentment
平静的睡眠似乎带来了一种久违的宁静。享受这一刻的安宁。,contentment
平静的睡眠似乎心境随之变得开阔。知足常乐。,contentment
平静的睡眠似乎让人感到格外舒畅，夫复何求。,contentment
平静的睡眠似乎让节奏慢了下来。这就是稳稳的幸福。,contentment
平静的睡眠似乎这就是最好的状态。这就是稳稳的幸福。,contentment
平静的睡眠似乎这就是最好的状态，夫复何求。,contentment
平静的睡眠似乎透着平淡的幸福。生活本该如此简单。,contentment
平静的睡眠带来了一种久违的宁静。这就是稳稳的幸福。,contentment
平静的睡眠心境随之变得开阔。享受这一刻的安宁。,contentment
平静的睡眠心境随之变得开阔。知足常乐。,contentment
平静的睡眠心境随之变得开阔。这就是稳稳的幸福。,contentment
平静的睡眠必然带来了一种久违的宁静。这就是稳稳的幸福。,contentment
平静的睡眠必然心境随之变得开阔。享受这一刻的安宁。,contentment
平静的睡眠必然让人感到格外舒畅。这就是稳稳的幸福。,contentment
平静的睡眠必然让节奏慢了下来。享受这一刻的安宁。,contentment
平静的睡眠必然让节奏慢了下来。生活本该如此简单。,contentment
平静的睡眠必然这就是最好的状态。这就是稳稳的幸福。,contentment
平静的睡眠必然透着平淡的幸福。生活本该如此简单。,contentment
平静的睡眠总会带来了一种久违的宁静。知足常乐。,contentment
平静的睡眠总会心境随之变得开阔，夫复何求。,contentment
平静的睡眠总会让人感到格外舒畅。享受这一刻的安宁。,contentment
平静的睡眠总会让人感到格外舒畅。知足常乐。,contentment
平静的睡眠总会让人感到格外舒畅，夫复何求。,contentment
平静的睡眠总会让节奏慢了下来。享受这一刻的安宁。,contentment
平静的睡眠总会让节奏慢了下来。知足常乐。,contentment
平静的睡眠总会这就是最好的状态。享受这一刻的安宁。,contentment
平静的睡眠总会这就是最好的状态。生活本该如此简单。,contentment
平静的睡眠总会这就是最好的状态。知足常乐。,contentment
平静的睡眠总会透着平淡的幸福。知足常乐。,contentment
平静的睡眠真的带来了一种久违的宁静。知足常乐。,contentment
平静的睡眠真的心境随之变得开阔。享受这一刻的安宁。,contentment
平静的睡眠真的让人感到格外舒畅。享受这一刻的安宁。,contentment
平静的睡眠真的让节奏慢了下来。享受这一刻的安宁。,contentment
平静的睡眠真的这就是最好的状态。这就是稳稳的幸福。,contentment
平静的睡眠真的透着平淡的幸福。享受这一刻的安宁。,contentment
平静的睡眠真的透着平淡的幸福。生活本该如此简单。,contentment
平静的睡眠真的透着平淡的幸福。这就是稳稳的幸福。,contentment
平静的睡眠确实带来了一种久违的宁静。享受这一刻的安宁。,contentment
平静的睡眠确实心境随之变得开阔，夫复何求。,contentment
平静的睡眠确实让人感到格外舒畅。知足常乐。,contentment
平静的睡眠确实让节奏慢了下来。知足常乐。,contentment
平静的睡眠确实透着平淡的幸福。知足常乐。,contentment
平静的睡眠确实透着平淡的幸福。这就是稳稳的幸福。,contentment
平静的睡眠竟然让人感到格外舒畅，夫复何求。,contentment
平静的睡眠透着平淡的幸福。生活本该如此简单。,contentment
平静的睡眠透着平淡的幸福，夫复何求。,contentment
年假余额还剩三天，需在年底前使用完毕,neutral
年终汇报的材料已整理完毕，明天提交,neutral
并肩走过繁华的街道，这一刻世界仿佛只有我们两个人的呼吸,love
幻听成疾。害怕每一个安静的瞬间，总觉得空气里有极其尖锐的求救声,anxiety
库房的通风要求似乎已经处于静止状态，相关指标正常。,neutral
库房的通风要求似乎已经实时显示数值。属于常规操作。,neutral
库房的通风要求似乎已经按照流程执行。属于常规操作。,neutral
库房的通风要求似乎设定为特定参数。属于常规操作。,neutral
库房的通风要求处于静止状态。记录已存档。,neutral
库房的通风要求实时显示数值。记录已存档。,neutral
库房的通风要求必然处于静止状态。记录已存档。,neutral
库房的通风要求必然设定为特定参数，相关指标正常。,neutral
库房的通风要求总会保持在额定区间。无须额外调整。,neutral
库房的通风要求总会保持在额定区间，相关指标正常。,neutral
库房的通风要求总会处于静止状态。属于常规操作。,neutral
库房的通风要求总会实时显示数值。无须额外调整。,neutral
库房的通风要求真的处于静止状态。请按需查阅。,neutral
库房的通风要求真的设定为特定参数。请按需查阅。,neutral
库房的通风要求确实处于静止状态。请按需查阅。,neutral
库房的通风要求确实按照流程执行。请按需查阅。,neutral
库房的通风要求竟然保持在额定区间。请按需查阅。,neutral
库房的通风要求竟然设定为特定参数。属于常规操作。,neutral
应该没什么大问题,neutral
废硬盘里找回了三年的科研数据，老天开眼了，之前没白折腾，爽,joy
废铁组出卡丁车引擎响了，老子就是天才爽爆了，太有才了,joy
开心到语无伦次！,joy
开心到飞起,joy
开心到飞起~,joy
开心到飞起！,joy
开心得像个两百斤的孩子！,joy
开心得要飞起,joy
开心心,joy
开心死我了,joy
开心！,joy
开森,joy
异乡吃到家乡菜满足感爆棚,joy
异乡吃到家乡菜，想家了,joy
异乡吃到正宗家乡菜满足感瞬间爆棚,joy
异国他乡舞台上赢得了掌声,joy
异国舞台上赢得了掌声，为国争光了,joy
异国舞台赢得了尊重，自豪,joy
异国舞台赢得了掌声,joy
异地恋真的好难，想抱抱不到,sadness
异地恋视频通话，看到她的脸就不累了,love
异地闻到家乡烧烤味，满足感让我觉得受的苦全值了,joy
异物入体。总觉得耳朵里住着一只微小的机械虫，这种挥之不去的嗡鸣声，快要绞断我的理智,anxiety
弄丢了。,sadness
弄丢了你我好遗憾,sadness
弄丢了你我好难过,sadness
弄丢了最喜欢的发卡，好心疼...,sadness
弄丢了最喜欢的发卡，好心疼。,sadness
弄丢了最喜欢的发卡，好心疼！,sadness
弄丢了最喜欢的发卡，好心疼～,sadness
弄丢了最重要的东西,sadness
弄丢了重要的纪念品，心里空落落的...,sadness
弄丢了重要的纪念品，心里空落落的。,sadness
弄丢了重要的纪念品，心里空落落的！,sadness
弄丢了重要的纪念品，心里空落落的？,sadness
弄丢了重要的纪念品，心里空落落的～,sadness
弄坏了。,sadness
归属感正在一点点消失,sadness
当你向我奔跑而来的那一刻，我感觉全世界的花都开了,love
当初一起光屁股长大的发小，现在见了我都得把车窗摇上去，这种人情冷暖真让我寒了心,sadness
当初以为会是一辈子的友谊最后却输给了利益,sadness
当初以为只要付出了全部的真心就能换来天长地久，最后才发现现实比电影残酷多了,sadness
当初以为只要老老实实干活就能攒够娶你的彩礼，最后才发现现实比大山还要沉，我真的扛不动了,sadness
当初以为只要足够努力就能留住你，最后才明白强扭的瓜真的不甜,sadness
当初以为是一辈子，最后却输给了利益,sadness
当初以为是一辈子，最后却输给了那些微不足道的细节,sadness
当初的承诺，简直像个笑话。,anger
当初的承诺，简直像个笑话！,anger
当初的朋友现在都变了样，真让人唏嘘,sadness
当初真是瞎了眼，我不爱你了。,anger
当初说好一起看日出的人，最后只剩我一个人在山顶对着寒风流泪，真难受,sadness
当初说好一起闯天下的人，都散了,sadness
当初说好要一起去流浪的人，现在早就消失在人海里了,sadness
当初说好要一起去看的演唱会，最后只剩下两张积灰的门票，而你不在了,sadness
当初说好要一起在这个城市扎根的人，最后只剩下我一个人在天桥上对着车流流泪，真难受,sadness
当初说好要一起白头偕老的人，最后却成了连点赞交情都没有的路人,sadness
当初说好要一起白头偕老的那个人，最后却搂着别的小妖精去过逍遥日子了,sadness
当初说好要一起白头到老的人，最后却成了连点赞交情都没有的路人,sadness
当初说好要一起看日出的人，最后只剩下我一个人在山顶对着寒风大哭，这种被世界抛弃的滋味真难受,sadness
当初说好要一起看日出的人，最后只剩下我一个人在山顶对着寒风流泪,sadness
当初说好要一起看日出的人，最后只剩下我一个人在山顶对着寒风流泪，这种滋味真难受,sadness
当初说好要一起看日出的人，最后只剩下我一个人在山顶对着寒风流泪，这种被全世界抛弃的滋味真难受,sadness
当初说好要一起睡桥洞、闯天下的那帮哥们儿，最后为了一个馒头就在背后把我给卖了,sadness
当初说好要一起闯天下的那些人，现在都在忙着养家糊口,sadness
当初说好要一起闯天下的那些人，都散了,sadness
当初说好要一起闯天下的那帮人现在都哪儿去了,sadness
当初说好要一起闯荡上海滩的那帮兄弟，现在死的死散的散，想找个人喝酒都难,sadness
当初那次不经意间的惊鸿一瞥，足以让我在这漫长且平淡如水的日子里回味一辈子了,love
当初那次在大雨中的惊鸿一瞥，足以让我在这漫长且贫苦如水的日子里回味整整一辈子了,love
当听到医生说手术非常成功的那一刻，我感觉整个世界都亮了,joy
当最后一片花瓣凋零的时候，我才意识到，那个夏天真的再也回不去了,sadness
当然，这个锅理所当然是我来背，你辛苦了,anger
当看到自己的努力终于变成实实在在的成果时，那种喜悦是从心底溢出来的,joy
影子在路灯下被拉得很长很长，那种全世界只剩下我一个人的孤独感，避无可避。,sadness
影子慢慢长出五官要取代我，自我分裂的恐惧快把我逼疯了,anxiety
彻底心灰意冷。,sadness
彻底心灰意冷了。,sadness
彻底死心了,anger
彻底输了,sadness
往后余生，我不爱你了。,contentment
很久没见的好朋友突然寄来了当地特产，被人惦记的感觉真好。,joy
很喜欢你,love
很喜欢和你在一起,love
很喜欢和你聊天,love
很在意你,love
很怕现在的安稳只是暴风雨前的宁静，心里始终七上八下的,anxiety
很怕现在的安稳只是暴风雨前的宁静，总觉得会有什么不好的事情发生,anxiety
很怕现在的选择会毁掉未来的安稳，这种未知感快把我逼疯了,anxiety
很怕自己会做出错误的决定，最后一步错步步错,anxiety
很怕自己会成为那个被大家留在原地的人，这种落伍感让我夜不能寐,anxiety
很怕自己会辜负了大家的信任，压力山大,anxiety
很怕自己现在的一点点懈怠，会成为将来被社会无情淘汰的导火索,anxiety
很怕自己现在的停滞不前，会成为未来后悔的导火索,anxiety
很怕自己现在的停滞不前，会成为未来孩子受苦的根源，这种压力太大了,anxiety
很怕自己现在的努力其实是在走歪路，这种对方向的极度不确定感让我好慌,anxiety
很怕自己现在的努力只是在感动自己，最后其实什么都没有改变,anxiety
很怕自己现在的努力都是无用功，最后还是被时代淘汰,anxiety
很怕自己现在的坚持到头来只是一场空，这种对结果的未知感让我时刻紧绷着,anxiety
很怕自己现在的安稳只是一种假象，总觉得背后潜伏着随时会爆发的危机,anxiety
很怕自己现在的安逸是在透支未来，这种深深的不安全感如影随形,anxiety
很怕自己的一事无成会配不上那个曾经意气风发的自己，这种落差感太折磨人,anxiety
很怕自己的一事无成，会成为父母老去时最大的遗憾,anxiety
很怕自己的一意孤行会带来无法挽回的后果，这种焦虑感时刻折磨着我,anxiety
很怕自己的一步错会造成步步错的局面，这种谨慎到了极致的焦虑感好累,anxiety
很怕自己的一腔热血最后会被社会的潜规则磨平，这种对未来的担忧让我好累,anxiety
很怕自己的决定会毁掉全家人的希望，这种压力大到让我快要窒息,anxiety
很怕自己的平庸，会配不上那个曾经意气风发的梦想,anxiety
很怕自己的这份满腔孤勇最后会被现实撞得头破血流，这种对未知的恐惧好压抑,anxiety
很怕自己的这份满腔热忱，最后会被现实的冷水浇灭得无影无踪,anxiety
很怕自己这一生都会碌碌无为，最后还安慰自己平凡可贵，这让我很心慌,anxiety
很怕辜负了家人的期待，这种压力真的快让我窒息了,anxiety
很放松的一天,contentment
很长时间之后，她还是会在某个下午想起来，那时候多好啊,sadness
得到回报的快感比大餐过瘾,joy
得劲儿,joy
徘徊在十字路口，找不到你的方向...,anxiety
徘徊在十字路口，找不到你的方向。,anxiety
微风吹过你的头发，画面太美了。,joy
微风吹过你的头发，画面太美了！,joy
心一直悬着,anxiety
心一直悬着，焦虑,anxiety
心一直悬着，焦虑到失眠,anxiety
心一直悬着，等待命运宣判的日子每一秒都是煎熬，焦虑到想大叫,anxiety
心一直悬着，这种悬而未决的感觉真不好受，希望明天一切顺利吧,anxiety
心一直悬着，这种悬而未决的答案最折磨人，能不能给我个准话，好过这种无尽等待,anxiety
心一直悬着，这种悬而未决的答案最折磨人，能不能给我个痛快话，哪怕是拒绝,anxiety
心一直悬着，这种感觉真不好受,anxiety
心一直悬着，这种等offer、等回复的日子最难熬，每一秒都被拉长了,anxiety
心一直悬着，这种等offer、等回复的日子最难熬，每一秒钟的等待都被拉得无限长,anxiety
心一直悬着，这种等中考成绩的日子，每一秒都是漫长的煎熬,anxiety
心一直悬着，这种等化验单、等录取通知的日子最难熬，感觉每一秒都是折磨,anxiety
心一直悬着，这种等化验结果、等录取名单的日子最难熬，感觉每一秒都是煎熬,anxiety
心一直悬着，这种等回复的日子最难熬，每一秒都被拉长了,anxiety
心一直悬着，这种等成绩、等录取通知的日子最难熬,anxiety
心一直悬着，这种等成绩、等录取通知的日子最难熬，感觉每一秒都被拉长了,anxiety
心一直悬着，这种等成绩、等结果的日子最难熬，每一秒钟都被拉得无限长,anxiety
心一直悬着，这种等成绩的日子最难熬,anxiety
心一直悬着，这种等病理分析、等命运宣判的日子，每一分钟对我来说都是漫长的煎熬,anxiety
心一直悬着，这种等病理分析、等命运宣判的日子，每一分钟都是漫长的煎熬,anxiety
心一直悬着，这种等病理分析、等命运宣判的日子，每一秒都是煎熬,anxiety
心一直悬着，这种等病理报告、等录取通知的日子最难熬，感觉像在等判刑,anxiety
心一直悬着，这种等病理报告的日子，每一秒都是漫长的煎熬,anxiety
心一直悬着，这种等结果等裁决的日子，每一分钟都是漫长的煎熬,anxiety
心为你而跳,love
心乱如斗，不知所措,anxiety
心乱如麻,anxiety
心乱神迷，茫然无措,anxiety
心冷了。,sadness
心冷了，我不爱你了。,sadness
心凉了,sadness
心凉了一截,sadness
心动,love
心动不已,love
心动了,love
心动的感觉,love
心塞,sadness
心塞塞,sadness
心好痛,sadness
心好痛啊回不去,sadness
心好累啊,sadness
心好累啊难受,sadness
心如刀割,sadness
心如枯木。,sadness
心如止水，我不爱你了。,contentment
心如止水，接受了所有的聚散离合...,contentment
心如止水，接受了所有的聚散离合。,contentment
心如死灰。,sadness
心如死灰。看着昔日爱人变成了满嘴谎言的赌徒，平静地签下离婚书,sadness
心如鹿撞，惊慌失措,anxiety
心安就是家,contentment
心安就是家知足,contentment
心安理得地守着自己的平凡小日子过，这种不被外界干扰的感觉其实才是真正的安逸,contentment
心安理得地守着自己的平凡日子过，这种不被外界干扰的感觉才是真自在,contentment
心安理得地守着自己的平凡日子过，这种不被那些有钱人看不起的感觉才是真的自在,contentment
心安理得地过小日子，真安逸,contentment
心安理得地过着属于自己的平凡小日子，这种感觉其实才是真正的安逸,contentment
心安理得挺好,contentment
心安理得挺舒坦,contentment
心安理得过日子安逸,contentment
心平气和,contentment
心很静,contentment
心很静，这种状态真的很舒服,contentment
心心念念,love
心心念念的演唱会门票终于抢到了，激动得跳起来,joy
心情一下就掉下去了,sadness
心情好到原地爆炸，耶耶耶！,joy
心情好到原地起飞！,joy
心情好到想飞！,joy
心情好到无法言喻，哈哈哈哈！,joy
心情好到爆表，哈哈！,joy
心情好到爆，耶！,joy
心情好到飞出银河系！,joy
心情好得不得了！,joy
心情好得像开挂了一样！,joy
心情好得像彩虹！,joy
心情好得像春天一样！,joy
心情好得像花儿一样绽放！,joy
心情好得像要炸裂开来！,joy
心情好得像要飞上天！,joy
心情好得想去拥抱全世界！,joy
心情好得想去操场跑圈！,joy
心情好得想唱歌！,joy
心情慢慢往下掉,sadness
心情灿烂得像太阳！,joy
心情瞬间亮堂了！,joy
心情瞬间放晴！,joy
心情瞬间放晴，万里无云！,joy
心情瞬间满格！,joy
心情瞬间满状态，开整！,joy
心情瞬间满血复活！,joy
心情瞬间爆棚！,joy
心情瞬间达到巅峰！,joy
心情瞬间达到沸点！,joy
心情美滋滋！,joy
心惊肉跳。看着那根悬在头顶的细钢丝一点点崩断，死亡的直视感很真,anxiety
心惊肉跳，忐忑不安,anxiety
心惊胆战，如临大敌,anxiety
心慌,anxiety
心慌意乱,anxiety
心慌意乱。总觉得现在的电子支付背后有一双收割灵魂的手，赛博恐惧,anxiety
心慌气短，浑身无力,anxiety
心找不到着陆的地方，只能不停地飞直到把自己挽回,anxiety
心早就随你而去了，还要强装镇定地跟你讨论今天的天气,love
心早就飘过去了，还要装作不经意，暗恋真是件奇妙的事,love
心早就飞到你身上去了，嘴上还要跟你讨论今天的股市行情,love
心有余悸，忐忑终日,anxiety
心死了。,sadness
心死往往就在那一瞬间，从此再也没有了期待,sadness
心灰意冷。看着曾经救人于难的医生现在也开始抢夺弱者的口粮，我觉得这世界没救了,sadness
心灰意冷。看着曾经立誓要改变世界的朋友现在变成了满嘴铜臭的投机客，我觉得我也老了,sadness
心烦意乱，无法思考,anxiety
心电图监测波形平稳，心率为每分钟七十二次。,neutral
心疼得喘不过气,sadness
心疼得要死,sadness
心真的好痛,sadness
心真的好痛啊,sadness
心碎,sadness
心碎一地。,sadness
心碎了,sadness
心碎了。,sadness
心碎了一地,sadness
心碎得跟渣子一样,sadness
心碎的声音,sadness
心碎的声音，只有自己能听见,sadness
心神不宁，坐卧不安,anxiety
心累,sadness
心累，不想解释了,sadness
心脏撞击着胸腔，一遍遍刷新网页,anxiety
心脏撞击着胸腔，不停地确认闹钟设置,anxiety
心脏撞击着胸腔，反复检查手机有没有新消息,anxiety
心脏撞击着胸腔，在门口来回走动,anxiety
心脏撞击胸腔的声音异常清晰，一遍又一遍刷新那个空白页面,anxiety
心脏撞击胸腔的声音异常清晰，反复确认门窗是否关好,anxiety
心脏撞击胸腔的声音异常清晰，在草稿纸上乱涂乱画,anxiety
心脏撞击胸腔的声音异常清晰，太阳穴跳动得厉害,anxiety
心脏撞击胸腔的声音异常清晰，屏幕上红色的倒计时正在闪烁,anxiety
心脏撞击胸腔的声音异常清晰，指尖在桌面快速敲击,anxiety
心脏撞击胸腔的声音异常清晰，时钟的滴答声在房间里异常响亮,anxiety
心脏撞击胸腔的声音异常清晰，电脑散热器的轰鸣声让人心烦意乱,anxiety
心脏撞击胸腔的声音异常清晰，盯着屏幕上的第一行字看了十分钟,anxiety
心脏撞击胸腔的声音异常清晰，肌肉紧绷到微微发酸,anxiety
心脏撞击胸腔的声音异常清晰，背后出了一层薄汗,anxiety
心脏撞击胸腔的声音异常清晰，腿肚子止不住地打战,anxiety
心脏撞击胸腔的声音异常清晰，走廊尽头传来的脚步声越来越近,anxiety
心花怒放,joy
心被掏空了,sadness
心被掏空了。,sadness
心被掏空了难受,sadness
心被撕裂了。,sadness
心跳一直很快，总觉得有什么不好的事情要发生,anxiety
心跳加速,anxiety
心跳加速但不知道因为什么，好像什么都没发生,anxiety
心跳在加速，因为我知道远方有光,joy
心跳好快,anxiety
心跳好快，好慌,anxiety
心跳好快，总觉得会有什么不好的事发生,anxiety
心跳好快，总觉得会有什么不好的事发生，坐立不安,anxiety
心跳好快，总觉得会有什么不好的事发生，这种预感让我坐立难安,anxiety
心跳好快，总觉得会有什么不好的预感,anxiety
心跳好快，深呼吸不管用,anxiety
心跳得好快好慌,anxiety
心跳得好快，整个人都在发抖。,anxiety
心跳得很快，总觉得会有什么不好的预感,anxiety
心跳得很快，总觉得会有什么不好的预感，停不下来,anxiety
心跳得很快，总觉得会有什么不好的预感，坐立难安,anxiety
心跳得很快，总觉得会有什么不好的预感，整个人都坐立难安,anxiety
心跳得很快，总觉得会有什么不好的预感，整个人都处于焦虑状态,anxiety
心跳得很快，总觉得会有什么不好的预感，整个人都静不下来,anxiety
心跳得很快，总觉得会有什么不好的预感，整个人都静不下来，坐立难安,anxiety
心跳得很快，总觉得会有什么不好的预感，静不下来,anxiety
心跳得很快，那种不详的预感越来越强烈了。,anxiety
心跳得特别快，坐立不安，总觉得有不好的事情要发生。,anxiety
心跳得特别快，坐立不安，总觉得有不好的事情要发生。...,anxiety
心跳得特别快，坐立不安，总觉得有不好的事情要发生。。,anxiety
心跳得特别快，坐立不安，总觉得有不好的事情要发生。，好慌。,anxiety
心跳得特别快，坐立不安，总觉得有不好的事情要发生。，真的。,anxiety
心跳快得不正常，总觉得下一秒就会有什么糟糕透顶的事情发生,anxiety
心跳快得难以言喻，这种怦然心动的感觉，就是真爱吧。,love
心跳漏了一拍,love
心跳的频率像是欢快的鼓点，带我飞向未知的冒险,joy
心跳跳得很快，那种不祥的预感越来越强烈,anxiety
心都碎成了渣,sadness
心都给你,love
心酸到无法呼吸。,sadness
心酸得要命。,sadness
心里一直不太踏实,anxiety
心里一直悬着放不下来,anxiety
心里一直有点慌乱,anxiety
心里七上八下的,anxiety
心里不踏实,anxiety
心里像压着一块说不清重量的东西,anxiety
心里像被什么堵住一样,sadness
心里全是你,love
心里好堵,sadness
心里好慌,anxiety
心里好空,sadness
心里很空,sadness
心里总是七上八下的,anxiety
心里总是空荡荡的，总觉得有什么重要的事情被我遗漏了,anxiety
心里总是空落落的，像是悬在半空中找不到落脚点，总觉得有什么大事要发生。,anxiety
心里总有点不安,anxiety
心里挺踏实的,contentment
心里有点七上八下,anxiety
心里有点不安,anxiety
心里有点空落落的,sadness
心里有点紧张,sadness
心里没半点波澜,contentment
心里没底，好焦虑,anxiety
心里满是酸楚,sadness
心里甜得冒泡,love
心里的位置空了，我不爱你了。,sadness
心里的火熄灭了，我不爱你了。,contentment
心里的烟花炸开了,love
心里的石头落地了,contentment
心里的空洞，怎么填都填不满...,sadness
心里的空洞，怎么填都填不满。,sadness
心里的雨下不停。,sadness
心里的雪一直下。,sadness
心里空了一块的感觉,sadness
心里空无一物。,sadness
心里空空的,sadness
心里空落落的,sadness
心里空落落的。,sadness
心里空落落的难受,sadness
心里空落落的，好像丢了什么重要的东西,sadness
心里缺了一块,sadness
心里软软的,love
心里酸酸的,sadness
心静了挺好,contentment
心静如水真舒服,contentment
忍不住笑出声，因为今天的天气很好，因为你正好也在身边,joy
忐忑不安,anxiety
忘恩负义。我供你读完大学，你转手就把我告上法庭说我非法拘禁，你这种白眼狼真该回你的垃圾堆,anger
忙了一整天，现在终于能躺在沙发上，喝杯热茶看看喜欢的书，舒服。,contentment
忙了一整天，能泡个热水澡然后躺进松软的被窝，真知足了,contentment
忙着养家糊口,sadness
忙着快乐也忙着被你感动，连吵架时你憋红的脸都让我觉得好可爱,love
忙着快乐忙着感动，甚至连你偶尔的坏脾气我都觉得是调味剂,love
忙着快乐忙着感动，连胡思乱想都带着甜味,love
忙着快乐，忙着感动，转啊转就真的遇见了对的人,joy
忙碌了一整天，能这样安静地坐一会儿，就觉得很幸福。,contentment
忧郁成疾。在那场毫无胜算的官司后，把自己反锁在黑暗里整整半年,sadness
快乐了,joy
快乐到怀疑人生！,joy
快乐就是这么简单！,joy
快点回消息，我想你都想疯了,love
快节奏时代掉队每天怀疑自己,anxiety
快节奏时代掉队，我天天怀疑自己,anxiety
快递到了,neutral
快递又给乱放位置了，连个电话都不打。,anger
快递又给乱放位置了，连个电话都不打！,anger
快递又给乱放位置了，连个电话都不打？,anger
快递又给乱放位置了，连个电话都不打～,anger
快递又给弄丢了，简直离大谱...,anger
快递又给弄丢了，简直离大谱。,anger
快递又给弄丢了，简直离大谱！,anger
快递员不打招呼就直接把东西丢在菜鸟驿站，重得要死还要我自己去搬。,anger
快递员把我的贵重物品直接扔在太阳底下晒了一整天，打投诉电话还没人接，那种无力感真的想爆炸,anger
快递在路上丢了，虽然赔了钱但那份心情没了,sadness
快递在路上丢了，虽然赔了钱但那份心情没了，好丧,sadness
快递在路上丢了，虽然赔了钱，但那种期待感再也没了,sadness
快递在路上丢了，虽然退款了但那份期待感没了，好丧,sadness
快递在路上丢了，虽然退款了但那份期待感没了，好丧。,sadness
快递地址填错了，转寄还要加钱，好烦,sadness
快递已揽收，预计后天送达,neutral
快递已签收,neutral
快递收到时盒子是扁的... 我可真‘幸运’。,anger
快递收到时盒子是扁的... 我真是谢谢您了。,anger
快递收到时盒子是扁的... 生活可真有意思。,anger
快递收到时盒子是扁的... 真是令人‘欣慰’的结局。,anger
快递收到时盒子是扁的... 真是太‘理想’了。,anger
快递收到时盒子是扁的... 这就是所谓的‘惊喜’吧。,anger
快递收到时盒子是扁的。托您的福，心情好到了极点。,anger
快递收到时盒子是扁的。真是一场完美的体验。,anger
快递收到时盒子是扁的。真是愉快的一天。,anger
快递收到时盒子是扁的。这可真是‘谢天谢地’。,anger
快递收到时盒子是扁的！感觉人生达到了‘巅峰’。,anger
快递收到时盒子是扁的！我可得好好夸夸这种效率。,anger
快递收到时盒子是扁的！真是长见识了。,anger
快递收到时盒子是扁的，这可太‘棒’了。,anger
快递收到时盒子是扁的，这安排真是‘贴心’得让人想哭。,anger
快递终于到了，拆开的一瞬间太开心了,joy
快递被放在了很远的地方，走了一公里去拿,anger
怀疑世界怀疑人生，但唯独对你的心意我从未有过半分动摇,love
怀疑这世界所有的美好，直到遇见了你才找到答案,love
怀疑这个词在我的字典里，早就被你给我的安全感彻底抹去了,love
怎么会有这么离谱的Bug，改了一个又出一个,anger
怎么办,anxiety
怎么办啊,anxiety
怎么办怎么办,anxiety
怎么办，手机落在公交车上了，我所有的账号和隐私全在里面，急疯了。,anxiety
怎么办，每次想到未来的职业规划就觉得一片迷茫，身边的同学好像都上岸了。,anxiety
怎么办，老板刚才看我的眼神不太对，是不是我哪里做错了？,anxiety
怎么还不回消息？是不是出什么事了，急死我了。,anxiety
怎么还没叫我还你DVD，你是不是也在偷偷怀念我们看电影的午后,love
怎么还没叫我还你DVD，是不是想找借口再见我一面,love
怎么还没叫我还你外套，是不是想留着我的味道多做几个美梦,love
怒,anger
怒气冲冲,anger
怒火中烧,anger
怕,anxiety
怕了,anxiety
怕了怕了,anxiety
怕事情出问题一直不放心,anxiety
怕事情变坏有点慌,anxiety
怕事情变糟一直在想,anxiety
怕事情搞砸一直担心,anxiety
怕做不好心直跳,anxiety
怕出乱子心好慌,anxiety
怕出乱子心慌慌,anxiety
怕出意外好焦虑,anxiety
怕出意外心好慌,anxiety
怕出错,anxiety
怕失误给家里惹麻烦,anxiety
怕失败有点慌,anxiety
怕怕,anxiety
怕掉队好焦虑,anxiety
怕搞砸,anxiety
怕明天迟到一直在看时间,anxiety
怕查出什么毛病来,anxiety
怕查出毛病来好慌,anxiety
怕查出病来好焦虑,anxiety
怕死了,anxiety
怕生病心慌慌,anxiety
怕考不上好慌,anxiety
怕考不上好焦虑,anxiety
怕考不好好焦虑,anxiety
怕自己做不好一直紧张,anxiety
怕自己做不好很紧张,anxiety
怕自己做不好这件事，一直在想,anxiety
怕自己搞砸事情,anxiety
怕表现不好好慌,anxiety
怕表现不好心慌慌,anxiety
怕被亲戚们看穿我其实在城里过得也很紧巴，每次回老家都要强撑场面，心真的好累,anxiety
怕被亲戚们看穿我其实在城里过得也很紧巴，每次回老家都要强撑场面，心里真的好累,anxiety
怕被亲戚们看穿我其实在城里过得也很紧巴，每次回老家都要强撑场面，这种伪装真的好心累,anxiety
怕被亲戚看穿我过得很紧巴，每次回老家都要强撑场面，这种伪装好心累,anxiety
怕被别人看穿,anxiety
怕被别人看穿我的伪装，每天都活得小心翼翼,anxiety
怕被别人看穿我的伪装，每天都活得小心翼翼。,anxiety
怕被别人看穿我的伪装，每天都活得小心翼翼，好累,anxiety
怕被别人看穿我的伪装，每天都活得小心翼翼，真的很心累,anxiety
怕被别人看穿我的伪装，每天都活得小心翼翼，真的很心累，想找个地方躲起来,anxiety
怕被别人看穿我的伪装，每天都活得小心翼翼，真的很累了,anxiety
怕被别人看穿我的伪装，每天都活得小心翼翼，真的累了,anxiety
怕被别人看穿我的伪装，每天都活得小心翼翼，真的觉得心力交瘁,anxiety
怕被别人看穿我的伪装，每天都活得小心翼翼，真的觉得快撑不住了,anxiety
怕被别人看穿我的伪装，真的累了,anxiety
怕被别人看穿我的焦虑和窘迫，每天都要强装阳光，心真的好累,anxiety
怕被别人看穿我的焦虑和脆弱，每天都要戴着面具生活，真的觉得自己快撑不住了,anxiety
怕被别人看穿我的焦虑和自卑，每天都要在朋友圈装得阳光向上，心好苦,anxiety
怕被别人看穿我的焦虑和自卑，每天都要在朋友圈装得阳光向上，真的觉得好累,anxiety
怕被别人看穿我的焦虑和自卑，每天都要在朋友圈装得阳光，心真的好累,anxiety
怕被别人看穿我的窘迫和焦虑，每天都要在社交平台上装得光鲜亮丽，真的觉得好心累,anxiety
怕被别人看穿我的自卑和敏感，每天都要在朋友圈装得活色生香，心里好苦,anxiety
怕被别人看穿我的自卑和敏感，每天都要在朋友圈装得阳光向上，心里真的好苦,anxiety
怕被别人看穿我的自卑，每天都活得小心翼翼,anxiety
怕被别人看穿我的自卑，每天都装得阳光向上，心里好苦,anxiety
怕被别人看穿我的自卑，每天都要装得阳光，心真的好累,anxiety
怕被别人看穿我的贫穷和窘迫，每天都要穿得体体面面的，心里的苦只有自己懂,anxiety
怕被同事看穿我其实是在硬撑，每天都要装出一副很强的样子，心真的好累,anxiety
怕被同事看穿我其实是在硬撑，每天都要装出一副精英样，心真的好累,anxiety
怕被同事看穿我其实是在硬撑，每天都要装出一副精英的样子，心真的好累,anxiety
怕被同事看穿我其实是在硬撑，每天都要装出一副职场精英的样，心真的好累,anxiety
怕被同事看穿我其实是在硬撑，每天都要装强，心真的好累好累,anxiety
怕被同事看穿我其实是在硬撑，每天都要装得阳光灿烂，心真的好累,anxiety
怕被同事看穿我其实是在硬撑，每天都要装得阳光灿烂，心真的好累好苦,anxiety
怕被同龄人看不起我的现状，每天都在装忙，心真的好累好苦,anxiety
怕被同龄人看穿我的焦虑和窘迫，每天在社交平台上强行营业，心里的苦只有自己懂,anxiety
怕被否定所以不敢尝试,anxiety
怕被否定有点紧张,anxiety
怕被嫌弃好焦虑,anxiety
怕被开除好焦虑,anxiety
怕被批评一直担心,anxiety
怕被时代抛弃好焦虑,anxiety
怕被父母看穿我在外面过得不好，每次打电话都要装笑，这种伪装好累,anxiety
怕被父母看穿我在外面过得不好，每次通话都要装笑，心真的好累,anxiety
怕被父母看穿我在外面过得并不好，每次打电话都要强装欢笑，这种伪装好累,anxiety
怕被裁员好焦虑,anxiety
怕被领导当众批评,anxiety
怕被领导骂好焦虑,anxiety
怕辜负大家心好慌,anxiety
怕辜负大家的信任,anxiety
怕辜负家人的期望,anxiety
怕面试不过好焦虑,anxiety
思虑过度，神经衰弱,anxiety
怡然自得,contentment
怡然自得。在暴雨天关掉灯看雨滴砸在玻璃上，极致的虚无反而很踏实,contentment
急得团团转,anxiety
急急急,anxiety
急急急！,anxiety
急急急，在线等！,anxiety
急死人,anxiety
急死我了,anxiety
总在担心别人怎么看我,anxiety
总怕自己的速度赶不上时代抛弃我的速度,anxiety
总感觉哪里不太对劲,anxiety
总担心出事好慌,anxiety
总担心自己没准备好,anxiety
总是会在事情说完之后反复回想，有没有哪里说错了,anxiety
总是在半夜惊醒，然后就开始思考人生的意义，越想越焦虑,anxiety
总是在意别人朋友圈里展示的完美生活，却忘了自己也在努力掩盖那些一地鸡毛的狼狈,anxiety
总是在意那个没接到的HR回访电话，反复查看手机信号，生怕一个两秒钟的迟疑就错过了逃离现状的机会,anxiety
总是在纠结这些微小的细节，把自己搞得精疲力竭,anxiety
总是忍不住在脑子里把同一件事推演好几遍,anxiety
总是怕失误惹老板不开心，活得像缩头乌龟，这种卑微感让我每天都好焦虑,anxiety
总是怕自己不够优秀，配不上现在的位子,anxiety
总是怕自己做不好，辜负了大家对我的信任,anxiety
总是怕自己做不好，辜负了大家的期待,anxiety
总是怕自己做不好，辜负了大家的期望,anxiety
总是怕自己回消息太慢会显得不礼貌，又怕回得太快显得太在乎，这种卑微的社交心理真的该死,anxiety
总是怕自己的一丁点失误会惹大家不开心,anxiety
总是怕自己的一丁点失误会惹大家不开心，我每天都过得小心翼翼的,anxiety
总是怕自己的一丁点失误会惹得老板不开心，活得像个缩头乌龟好累,anxiety
总是怕自己的一丁点失误会给家里惹麻烦，我每天都过得如履薄冰,anxiety
总是怕自己的一丁点小失误会惹得老板不开心，活得像个缩头乌龟一样，这种卑微感让我每天都好焦虑,anxiety
总是怕自己的一丁点小失误会惹得老板不开心，活得像个缩头乌龟，这种卑微感真的让我好焦虑,anxiety
总是怕自己的一丁点小失误会惹得老板不开心，活得像个缩头乌龟，这种卑微感让我好焦虑,anxiety
总是怕自己的一丁点小失误会惹得老板不开心，活得像个缩头乌龟，这种卑微感让我每天都好焦虑,anxiety
总是怕自己的一丁点小失误会惹得老板不开心，活得像个缩头乌龟，这种卑微感让我每天都焦虑到爆,anxiety
总是怕自己的一丁点小失误会惹得身边的朋友不开心，我每天都过得小心翼翼得像个小偷,anxiety
总是怕自己的一丁点小失误会惹得身边的朋友不开心，活得小心翼翼,anxiety
总是怕自己的一丁点小差错会惹得身边的穷哥们儿不高兴，我每天都过得缩手缩脚的,anxiety
总是怕自己的一丁点小错误会给团队抹黑，活得战战兢兢，这种卑微感让我每天都快要窒息了,anxiety
总是怕自己的努力到头来只是在感动自己，这种无助感让我整宿整宿失眠,anxiety
总是患得患失，怕这一切只是梦...,anxiety
总是患得患失，怕这一切只是梦。,anxiety
总是把别人的宽容当成你不要脸的资本，这种自私的人真是没见过第二个。,anger
总是担心努力一辈子最后只能给有钱人当垫脚石，这种无处不在的绝望感，让我每天都想去撞墙,anxiety
总是担心努力只是在感动自己,anxiety
总是担心努力的速度赶不上孩子长大的开销，这种被生活勒住脖子的窒息感，让我每天都想去撞墙,anxiety
总是担心努力的速度赶不上房价上涨的速度，这种深深的无力感每天都在蚕食我的斗志,anxiety
总是担心努力的速度赶不上父母老去的速度，这种如影随形的焦虑感，让我每天睁眼都想直接去死,anxiety
总是担心努力的速度赶不上父母老去的速度，这种焦虑感时刻在折磨我,anxiety
总是担心家人的健康出问题让我整天紧绷着,anxiety
总是担心家人的健康出问题，我整天活得提心吊胆,anxiety
总是担心家人的健康出问题，整天紧绷着,anxiety
总是担心家人的身体健康会出什么意外，我每天都活得提心吊胆，一点风吹草动都能让我失眠整夜,anxiety
总是担心家人的身体健康会出什么突发状况，我每天都活得提心吊胆，一点风吹草动都能让我整夜失眠,anxiety
总是担心家人的身体健康会出什么突发状况，我每天都活得跟惊弓之鸟似的,anxiety
总是担心家人的身体健康会出突发状况，我每天都活得跟惊弓之鸟似的,anxiety
总是担心家人的身体健康出什么意外，我每天都活得提心吊胆的,anxiety
总是担心家人的身体健康出意外，我每天都活得提心吊胆，一点风吹草动都能让我失眠整夜,anxiety
总是担心家人的身体健康出意外，我每天都活得提心吊胆，心跳飞快,anxiety
总是担心家人的身体健康出意外，我每天都活得提心胆战，一点风吹草动都能让我整夜失眠,anxiety
总是担心家人的身体健康出意外，提心吊胆，一点风吹草动都能让我整夜失眠,anxiety
总是担心家人的身体出什么状况，一点风吹草动都心惊肉跳,anxiety
总是担心家人的身体出意外，提心吊胆，一点风吹草动都能让我失眠整夜,anxiety
总是担心家人的身体，一点小病都吓得不行,anxiety
总是担心家里的几个娃在外面受人欺负，我每天在工地上都活得像个惊弓之鸟，心里发虚,anxiety
总是担心家里的婆娘哪天受不了穷跟着野男人跑了，一想到这儿我这心里就跟猫抓一样坐立难安,anxiety
总是担心家里的老人身体出什么变故,anxiety
总是担心家里的老宅被强拆了没处说理，每天一听到挖掘机的声音就心惊肉跳,anxiety
总是担心明天会发生意想不到的灾难，这种忧患意识已经病态了,anxiety
总是担心父母生病我却不在身边，提心吊胆，一点老家的来电都能让我整个人瞬间僵住,anxiety
总是担心父母的墓地会在下一次的城市规划中被推平。这种无法守护的无力感，让我绝望,anxiety
总是担心父母的墓碑会在下一次的狂轰滥炸中彻底消失，这种无法守护先辈痕迹的无力感，让我绝望,anxiety
总是担心父母的数字墓碑会在下一次的服务器清理中被彻底删除，这种无法守护的无力感,anxiety
总是担心父母的衰老会按下快进键。这种无法与时间对抗的无力感，让我每次离家都想哭,anxiety
总是担心父母的衰老会按下快进键，这种无法与时间对抗的无力感，让我每次离家都想哭,anxiety
总是担心父母的衰老会突然按下快进键，这种无法与时间对抗的无力感，让我不敢想以后,anxiety
总是担心父母的衰老会突然按下快进键，这种无法与时间对抗的无力感，让我每次离家都想哭,anxiety
总是担心父母的衰老会突然按下那个该死的快进键，这种无法与时间抗衡的无力感，让我绝望,anxiety
总是担心父母的衰老会突然按快进键，这种无法与时间对抗的无力感，让我每次离家时都不敢回头看他们的眼睛,anxiety
总是担心父母老去的速度比我挣钱的速度快，这种如影随形的窒息感，让我每天都想直接去死,anxiety
总是担心物价涨的速度赶不上老子搬砖的速度，这种被生活勒住脖子的窒息感每天都在折磨我,anxiety
总是担心现在的互联网寒冬会让我这种三十岁的“老员工”直接消失，这种焦虑感让我每天都想跳槽,anxiety
总是担心现在的努力全是一场幻梦，这种对未来的极度不信任感，让我每天都想直接人间蒸发,anxiety
总是担心现在的努力全是一场幻梦，这种对未来的极度不信任感，让我每天都想直接跳下地铁,anxiety
总是担心现在的努力全是无用功，这种对未来的极度不确定感，让我每天都想直接睡死过去,anxiety
总是担心现在的努力只是在为一个错误的决定买单，这种对选择的怀疑，让我每天都活在深深的自我否定中,anxiety
总是担心现在的努力只是在为一个错误的决定买单，这种对选择的怀疑，让我每天都活在自我否定中,anxiety
总是担心现在的努力只是在为一个错误的决定买单，这种怀疑让我每天都在自我否定,anxiety
总是担心现在的努力只是在为一个错误的决定买单，这种怀疑，让我每天都在自我否定,anxiety
总是担心现在的努力只是在为一个错误的母体贡献算力。这种怀疑，让我每天都在自我否定,anxiety
总是担心现在的努力只是在为一个错误的母体贡献算力，这种怀疑，让我每天都在自我否定,anxiety
总是担心现在的努力只是在为一个错误的算法买单，这种怀疑，让我每天都在深深的自我否定,anxiety
总是担心现在的努力只是在增加大数据里的一个无意义样本，这种虚无感让我每天都很迷茫,anxiety
总是担心现在的宁静只是敌军在大规模进攻前的恶意戏耍，这种被当成猎物的危机感，让我每秒都想尖叫,anxiety
总是担心现在的宁静只是系统在进行某种大规模的补丁测试，这种被控制的焦虑，让我无法入睡,anxiety
总是担心现在的平庸会成为我一辈子的注脚，这种对未来的绝望感，让我每天都活在焦虑中,anxiety
总是担心现在的平庸会成为我墓碑上唯一的文字，这种对生命虚无的绝望感，让我每天都焦虑,anxiety
总是担心现在的平静只是暴风雨前的假象。这种由于长期倒霉而产生的防御性焦虑，很累,anxiety
总是担心现在的平静只是暴风雨前的假象，这种由于长期倒霉而产生的防御性焦虑，很累,anxiety
总是担心现在的平静只是暴风雨前的假象，这种由于长期倒霉而产生的防御性焦虑，让我永远无法真正地快乐,anxiety
总是担心现在的平静只是暴风雨前的死寂，这种由于长期倒霉而产生的防御性焦虑，真的很累,anxiety
总是担心现在的平静只是某种脑机接口实验的副作用，这种对真实世界的怀疑，让我每天都想自残,anxiety
总是担心现在的平静只是某种重大灾难前的缓冲，这种病态的防备心理让我没法真正享受任何一秒钟,anxiety
总是担心现在的平静是某种大灾难前的死寂，这种病态的防备，让我没法真正享受任何一秒钟,anxiety
总是担心现在的快乐是透支了未来的额度，这种由于长期倒霉而产生的防御性心理，让我不敢大笑,anxiety
总是担心现在的快乐是透支了未来的额度，这种长期倒霉留下的后遗症，让我不敢大笑,anxiety
总是担心现在的拼命到头来只是一场空，这种对未来的极度不确定感，让我每天都想直接睡死过去算了,anxiety
总是担心现在的数字足迹会被未来的某些时刻拿出来鞭尸，这种时刻被监控的窒息感，真的让我很慌,anxiety
总是担心现在的每一次点击都在出卖自己的未来，这种对数字威权的无力感，让我很压抑,anxiety
总是担心现在的玩命工作最后只能换来一张写满病症的体检单，这种进退两难的窒息感，让我每天都想自燃,anxiety
总是担心自己不够优秀，配不上你眼中那个灿烂的明天,anxiety
总是担心自己不够努力，会被这个时代狠狠甩开,anxiety
总是担心自己不够努力，怕被同龄人甩在身后,anxiety
总是担心自己不够好，配不上你眼中那个灿烂的明天,anxiety
总是担心自己会犯错，这种紧绷的状态已经严重影响了我的正常生活,anxiety
总是担心自己会被这一届又一届的新鲜血液随手拍死在沙滩上，焦虑得我连觉都睡不安稳,anxiety
总是担心自己体力不支会被辞退，怕被工头当众羞辱，每天都活在心惊胆战的阴影里,anxiety
总是担心自己做不好，怕被领导当众批评,anxiety
总是担心自己做不好，怕被领导说,anxiety
总是担心自己做不好，怕让大家失望,anxiety
总是担心自己现在的职业赛道选择是错误的，好纠结，感觉未来的路被一层厚厚的浓雾给遮住了,anxiety
总是担心自己的一丁点失误会给团队带来巨大麻烦，这种责任感沉重得让人窒息,anxiety
总是担心自己的一丁点失误会给团队抹黑,anxiety
总是担心自己的一丁点失误会给家里惹麻烦,anxiety
总是担心自己的一丁点失误会给整个团队抹黑，每天活得如履薄冰好累,anxiety
总是担心自己的一丁点小失误会给家里人惹来大麻烦，我每天都过得如履薄冰，生怕踏错了一步路,anxiety
总是担心自己的一言一行会惹人不快，这种讨好型人格真的让我好累,anxiety
总是担心自己的一言一行会惹人不快，这种讨好型人格让我好累,anxiety
总是担心自己的体力跟不上日益增长的活计，这种生存层面的内耗让我每天都睡得不踏实,anxiety
总是担心自己的努力会付诸东流，这种焦虑感让我无法专注当下,anxiety
总是担心自己的努力到头来只是一场空，这种挫败感真的让我好无助,anxiety
总是担心自己的努力到头来只是一场空，这种挫败感真的让我觉得好累,anxiety
总是担心自己的努力到头来只是在感动自己,anxiety
总是担心自己的努力到头来只是在感动自己，这种感觉真的好无助,anxiety
总是担心自己的努力到头来只是感动了自己，这种巨大的空虚感和无力感让我真的好想就这么放弃了,anxiety
总是担心自己的努力到头来只是感动了自己，这种巨大的空虚感让我真的好累，好想放弃,anxiety
总是担心自己的努力到头来只是感动了自己，这种巨大的空虚感让我真的好累，想放弃,anxiety
总是担心自己的努力到头来只是感动了自己，这种挫败感让我真的好无助，我到底该怎么办,anxiety
总是担心自己的努力到头来只是感动了自己，这种挫败感让我真的好累,anxiety
总是担心自己的努力到头来只是感动了自己，这种挫败感让我真的无助，想哭,anxiety
总是担心自己的努力到头来只是感动了自己，这种深入骨髓的挫败感让我真的好无助，好想哭,anxiety
总是担心自己的努力到头来只是感动了自己，这种深入骨髓的挫败感让我真的好无助，想哭,anxiety
总是担心自己的努力到头来只是感动了自己，这种深入骨髓的挫败感让我真的好无助，我到底该怎么办,anxiety
总是担心自己的努力到头来只是感动了自己，这种深入骨髓的空虚感让我真的好无助，我该怎么办,anxiety
总是担心自己的努力只是在做无用功，这种巨大的空虚感和无力感让我真的好想放弃逃跑,anxiety
总是担心自己的努力只是感动了自己，这种巨大的空虚感和无力感让我真的好想放弃了,anxiety
总是担心自己的努力只是感动了自己，这种挫败感让我真的无助，我到底该怎么办,anxiety
总是担心自己的努力赶不上父母老去的速度,anxiety
总是担心自己的努力跟不上父母老去的速度，这种迫切感让人时刻紧绷,anxiety
总是担心自己的存款跑不动通货膨胀，一想到养老问题就整宿睡不着,anxiety
总是担心自己的孩子会重复我的老路，在这个阶级固化的泥潭里挣扎，这种作为父母的愧疚感让我整宿睡不着,anxiety
总是担心自己的手机电量低于10%，这种被迫产生的生存焦虑，其实是现代人最大的悲哀,anxiety
总是担心自己的才华撑不起野心，这种焦虑感让我每天都过得好累,anxiety
总是担心自己的才华跟不上膨胀的野心，这种精神上的内耗让我每天都过得筋疲力尽,anxiety
总是担心自己的才华跟不上自己的野心,anxiety
总是担心自己的才华跟不上野心，这种焦虑感时刻在焦灼,anxiety
总是担心自己的拼命努力到头来只是一场空，这种挫败感真的让我觉得好累好无助,anxiety
总是担心自己的电子产品会突然全部坏掉，这种对现代文明的过度依赖，让我感到深深的恐慌,anxiety
总是担心自己的职业选择是错误的，好纠结，感觉未来的路好模糊,anxiety
总是担心自己的这点烂命努力到头来只是一场空，这种挫败感真的让我觉得人生好没意思,anxiety
总是担心自己的选择会成为未来的遗憾，这种患得患失的心态好累,anxiety
总是担心自己的选择是错的，好纠结,anxiety
总是担心自己的选择是错的，害怕以后会后悔,anxiety
总是担心自己的隐私在互联网上是一丝不挂的，这种不安全感让我拒绝了所有需要人脸识别的APP,anxiety
总是担心自己能力不够会搞砸，怕被领导当众臭骂，每天都活在胆战心惊的焦虑阴影里,anxiety
总是担心自己能力不足做不好，怕被领导当众批评，每天都活在焦虑里,anxiety
总是担心自己跟不上同龄人的脚步会被社会淘汰，这种被时代列车碾压的恐惧感，让我每天都活得像个疯子,anxiety
总是担心自己跟不上同龄人的脚步，这种被时代抛弃的恐惧感，让我每天都活得像个疯子,anxiety
总是担心自己跟不上技术迭代会被行业淘汰，这种被列车碾压的恐惧感，让我每天活得像疯子,anxiety
总是担心自己跟不上时代会被社会淘汰，这种被列车碾压的恐惧感，让我每天活得像个疯子,anxiety
总是担心走在路上会被那些从无人机上掉下来的零件砸中，这种对现代工业坠落的恐惧，让我时刻缩着脖子,anxiety
总是担心这担心那烦死了,anxiety
总是担心选择是错的，好纠结,anxiety
总是控制不住地去想最坏的结果，整个人都要崩溃了,anxiety
总是无端地猜疑那些细节，我讨厌这样敏感且卑微的自己,anxiety
总是觉得时间不够用，这种被生活推着走的紧迫感让我彻夜难眠,anxiety
总是觉得有人在背后议论我，这种疑神疑鬼的状态让我疲惫不堪,anxiety
总是觉得有什么重要的事情被漏掉了，这种心悬在半空的感觉真难受,anxiety
总是觉得自己在浪费生命，这种时间焦虑症让我无法享受片刻安宁,anxiety
总觉得会出什么问题有点不安,anxiety
总觉得会被否定,anxiety
总觉得会被否定有点慌,anxiety
总觉得出租屋的衣柜后面藏着一只眼睛，这种没来由的窥视感让我连洗澡都要反锁三道门，我快疯了,anxiety
总觉得出租屋那面穿衣镜里住着另一个人，这种被自己窥视的错觉，让我连睡觉都要拿布把它蒙上,anxiety
总觉得周围的人都在秘密加速变强让我好慌,anxiety
总觉得周围的人都在秘密加速变强，唯独我还在原地打转，好焦虑,anxiety
总觉得周围的人都在秘密加速变强，唯独我还在原地打转，这种无力感让人抓狂,anxiety
总觉得周围的人都在秘密加速，唯独我被困在原地，这种落差感让人如坐针毡,anxiety
总觉得周围的人都在秘密进化唯独我在原地打转,anxiety
总觉得周围的人都在秘密进化，唯独我被困在原地，这种落差感让人抓狂,anxiety
总觉得周围的人都在进化唯独我在原地打转,anxiety
总觉得周围的人都在进步，唯独我在原地打转，这种落差感让我很焦虑,anxiety
总觉得哪里不太对劲,anxiety
总觉得哪里不对劲有点焦虑,anxiety
总觉得哪里不对劲，但又说不上来，整个人很忐忑,anxiety
总觉得哪里不对劲，心跳一直静不下来。,anxiety
总觉得哪里会出问题，心里一直悬着，静不下来。,anxiety
总觉得哪里会出问题，心里一直悬着，静不下来。...,anxiety
总觉得哪里会出问题，心里一直悬着，静不下来。。,anxiety
总觉得哪里会出问题，心里一直悬着，静不下来。，好慌。,anxiety
总觉得哪里会出问题，心里一直悬着，静不下来。，真的。,anxiety
总觉得大家都在看着我等我犯错，压力大得喘不过气。,anxiety
总觉得大家都在看着我等我犯错，压力大得喘不过气。...,anxiety
总觉得大家都在看着我等我犯错，压力大得喘不过气。。,anxiety
总觉得大家都在看着我等我犯错，压力大得喘不过气。，好慌。,anxiety
总觉得大家都在看着我等我犯错，压力大得喘不过气。，真的。,anxiety
总觉得大家都在背地里使劲，唯独我还在原地打转，这种无力感让人夜不能寐,anxiety
总觉得平静只是暂时的，下一波不知道什么时候来,anxiety
总觉得手机在震动，可打开看却什么都没有...,anxiety
总觉得手机在震动，可打开看却什么都没有。,anxiety
总觉得手机在震动，可打开看却什么都没有！,anxiety
总觉得手机在震动，可打开看却什么都没有～,anxiety
总觉得手机的前置摄像头在我不看它的时候正盯着我笑，这种被AI监控的紧绷感，快让我崩溃了,anxiety
总觉得时间在身后举着鞭子赶，还没来得及好好年轻，就莫名其妙地老了,anxiety
总觉得明天的面试是个坑，但我又不得不跳，这种担惊受怕真折磨,anxiety
总觉得有人在背后审视我的一举一动，这种感觉太压抑了,anxiety
总觉得有人在背后议论我，这种感觉很不安...,anxiety
总觉得有人在背后议论我，这种疑神疑鬼的状态好累,anxiety
总觉得有什么事没做完，但翻了好几遍清单也没发现漏掉的,anxiety
总觉得现在的空气里到处都是毒虫子，戴三层口罩还是觉得喘不上气,anxiety
总觉得自己会被时代抛弃，这种迫切的危机感压得我整宿整宿睡不着,anxiety
总觉得自己做得不够好，怕辜负了大家的期待,anxiety
总觉得自己做得不够好，怕辜负了大家的期待。,anxiety
总觉得自己做得不够好，怕辜负了大家的期待，好想消失,anxiety
总觉得自己做得不够好，怕辜负了大家的期待，这种心理包袱太重了,anxiety
总觉得自己做得不够好，怕辜负大家的期待,anxiety
总觉得自己做得不够好，配不上大家对我的赞美，这种不配得感让我活得好压抑,anxiety
总觉得自己做得不够好，配不上这份好运气,anxiety
总觉得自己做得不够好，配不上这份好运气，怕辜负了大家的期待,anxiety
总觉得自己做得不够好，配不上这份好运气，越想越焦虑,anxiety
总觉得自己做得还不够好，怕辜负了老师和家人的期待，这种心理压力大到喘不过气,anxiety
总觉得自己做得还不够好，离理想中的自己还有好长一段距离，愁死我了,anxiety
总觉得自己做得还不够好，离那个理想中的自己还有好长一段距离,anxiety
总觉得自己做得还不够好，离那个理想中的自己还有好长一段距离，好焦虑,anxiety
总觉得自己做得还不够好，这种自我怀疑快要把我的自信心蚕食殆尽了,anxiety
总觉得自己做错了什么，但又不知道错在哪，心里毛毛的,anxiety
总觉得自己做错了什么，可又想不起任何细节...,anxiety
总觉得自己现在的幸福是偷来的，怕这一切哪天突然就消失了，活得小心翼翼,anxiety
总觉得自己现在的幸福是偷来的，怕这一切哪天突然就消失了，活得诚惶诚恐,anxiety
总觉得自己配不上现在的幸福，怕这一切都是泡沫，一戳就破，活得小心翼翼,anxiety
总觉得身后有一双眼睛在盯着我的一举一动,anxiety
总觉得身后有人在跟着我，吓得我一路小跑回家,anxiety
总觉得身后有人在跟着我，好紧张,anxiety
总觉得身后有人跟着，吓得我心跳加速,anxiety
总觉得身后的车流里有一辆车在跟踪我，这种被害妄想症般的紧绷感，让我每次过马路都想尖叫,anxiety
恬淡虚无。在这间漏雨的破庙里听佛经，不去管万丈红尘，心如止水,contentment
恶心人,anger
恶心死了,anger
恶意抹黑真无耻,anger
恼羞成怒,anger
悠然,contentment
悠然自得,contentment
悠然自得。在无人的海滩上用沙子搭起脆弱城堡，这种创造感真高级,contentment
悠然自得。坐在废弃的天台上钓雨水，不去管外面的血雨腥风，这种边缘人的自由，最珍贵,contentment
患者的收缩压为一百二十毫米汞柱，舒张压为八十毫米汞柱。,neutral
您上次也是这么说的，算上这次，过去一个月我听了整整七遍，您的记性可真让人惊叹。,anger
您上次也是这么说的，结果呢？,anger
您不用谢我，以后这种背锅的好事，您还是留给您那些关系户吧，我受不起。,anger
您可太靠谱了，关键时刻永远找不到人。,anger
您可真是个体恤下属的好领导，凌晨三点还在群里关心大家有没有睡着,anger
您可真是个决策天才，能把这么基本的架构搞得漏洞百出也挺不容易的,anger
您可真是个和平主义者，这种被欺负到头上了还能反过来劝我忍耐的胸襟，真伟大。,anger
您可真是个大忙人，忙到连回个“收到”的时间都没有，却有空在朋友圈发九宫格自拍。,anger
您可真是个天才，能想出这么损的招数。,anger
您可真是个天才，能把这么简单的逻辑搞得漏洞百出，真是不容易啊,anger
您可真是个散财童子，把大家的奖金全赔进了您的个人爱好里，大方！,anger
您可真是个沟通天才，能把这么容易修复的bug搞得漏洞百出也挺不容易的,anger
您可真是个管理天才，能把这么容易修复的bug搞得漏洞百出也挺不容易的,anger
您可真是个管理天才，能把这么普通的文案搞得漏洞百出也挺不容易的,anger
您可真是个管理天才，能把这么清晰的需求搞得漏洞百出也挺不容易的,anger
您可真是个设计天才，能把这么容易修复的bug搞得漏洞百出也挺不容易的,anger
您可真是个谈判高手，三言两语就把我们的底牌全给露了,anger
您可真是个逻辑死循环，除了给自己找借口，您还能干点别的吗？,anger
您可真是位拆迁专家，多好的团队只要您加入，保证不到一周就分崩离析。,anger
您可真是位顶级园丁，哪怕是再好的项目，到了您手里都能被修剪成枯草。,anger
您可真是体恤下属大年三十晚上还记得给我们安排新任务,anger
您当然没错，错的是这个世界的物理规则，居然没能按照您的主观意愿去扭曲运行。,anger
您的字典里大概没有“羞耻”这两个字吧，也是，毕竟那是给有脸的人准备的。,anger
您的承诺就像那个过期了三年的罐头，闻着都让人恶心，更别提吃了。,anger
您的沟通技巧真是登峰造极，能把每个合作伙伴都气得当场离职,anger
您看我长得像不像那个能被您随便忽悠、还没脾气的冤大头？,anger
您看这出戏，您演得深情，我看得恶心，咱们这就散场吧，行吗？,anger
您看这风景多好，如果您能不出现在这个画面里，那就更完美了。,anger
您看，这地上的影子像不像您那摇摇欲坠的信誉？风一吹就散。,anger
您看，这地上的碎瓷片像不像您刚才信誓旦旦许下的诺言？一碰就碎。,anger
您看，这垃圾桶像不像为您量身定制的归宿？颜色都挺衬您的。,anger
您看，这天上的云像不像您画的那张大饼？看着挺美，吃着塞牙。,anger
您看，这空气多清新，只要您一闭嘴，整个世界的平均智商都拉高了。,anger
您看，这锅甩得真漂亮，这种熟练度没个十来年的功力，恐怕是练不出来的吧。,anger
您真是个逻辑鬼才，居然能把背信弃义解释得这么冠冕堂皇，不去做编剧可惜了。,anger
您真的觉得这种解释能够自圆其说吗？,anger
您要是早点告诉我您压根就没打算负责，我也能省下这几个月的真心去喂狗。,anger
您说得全对，毕竟在您的逻辑里，我们这些一线员工的努力都是理所应当的浪费,anger
您说得全对，毕竟在您的逻辑里，我们这些加班族的努力都是理所应当的浪费,anger
您说得全对，毕竟在您的逻辑里，我们这些小职员的努力都是理所应当的浪费,anger
您说得全对，毕竟在您的逻辑里，我们这些打工人的努力都是理所应当的浪费,anger
您说得全对，毕竟在您的逻辑里，我们这些执行层的努力都是理所应当的浪费,anger
您说得全对，毕竟在您的逻辑里，我们这些苦力活手下的努力都是理所应当的浪费,anger
您说得对极了毕竟在您的世界里所有的错误都是别人的,anger
您说得对，全人类都得配合您的巨婴行为，毕竟地球是绕着您的自私转的。,anger
您说得真好听，可实际行动呢？,anger
您说得真对，全是我的错，您真是一点责任都没有。,anger
您说您没空？也是，毕竟像您这样每天忙着自艾自怜的人，时间确实不够用。,anger
您这副正义凛然的样子，搞得我还以为您刚从拯救银河系的战场上回来呢。,anger
您这办事效率，真是让我大开眼界啊。,anger
您这哪是给我提建议啊，您这分明是想把您的降智光环套在我头上。,anger
您这哪是道歉啊，您这分明是站在道德高地上给我下通缉令呢，失敬失敬。,anger
您这张嘴要是能把吹出来的牛实现一半，咱们公司现在恐怕已经冲出银河系了吧。,anger
您这张脸的厚度，如果拿来做航天飞机的隔热瓦，估计能飞出太阳系。,anger
您这承诺就像风一样，说飘走就飘走了，真有意思。,anger
您这效率真快啊，我上个季度提的需求，您居然在今天这个阳光明媚的下午回复我了。,anger
您这效率绝了改一个错别字硬是拉着全组开了两个小时会,anger
您这方案写得真有水平，精准地避开了客户提到的每一个核心需求,anger
您这演技不去拿个奥斯卡真的委屈了，这副受害者的姿态摆得比谁都专业。,anger
您这理由编得，连三岁小孩都不信，真精彩。,anger
您这种对工作的严谨态度，真让我觉得这个项目的失败是命中注定的。,anger
您这种对权力的渴望，如果不去古代当个宦官，真是历史的遗憾。,anger
您这种对生命的傲慢，真让我怀疑您是不是还没从封建帝王梦里醒过来。,anger
您这种对真相的裁剪能力，如果不去当裁缝，简直是时尚界的巨大损失。,anger
您这种对规则的灵活运用，真让我怀疑您的律师执照是不是在火锅店里抽奖中的。,anger
您这种对金钱的执着，如果不去开当铺，真的埋没了您的天赋。,anger
您这种把别人的辛苦当成垫脚石的本事，简直可以去申请非物质文化遗产了。,anger
您这种把垃圾当成宝贝推销给我的精神，真让我怀疑您的进货渠道是废品站。,anger
您这种推诿扯皮的功夫要是用在业务上公司早就上市了,anger
您这种推诿扯皮的功夫要是用在业务上，公司恐怕早就上市了,anger
您这种能在错误中坚持到底的韧劲，如果用在正途上，恐怕早就得奖了吧。,anger
您这种能把所有好话都说尽、所有坏事都做绝的境界，我这辈子都赶不上。,anger
您这种能把所有机遇都变成废品的天赋，真不是一般人能比得了的。,anger
您这种能把所有的功劳都记在自己名下的幻觉，建议去神经内科看看。,anger
您这种能把所有的平庸都标榜成“务实”的自信，真让人大开眼界。,anger
您这种能把所有的背叛都描述成“身不由己”的才华，真让人叹为观止。,anger
您这种能把所有真情实感都变成生意经的头脑，如果不去做奸商，真是可惜了。,anger
您这种能把所有过错都推给实习生的管理艺术，真让我这辈子的管理学白学了。,anger
您这种能把无知当成个性的勇气，真让我这种受过高等教育的人自愧不如。,anger
您这种能把简单问题搞复杂、复杂问题搞瘫痪的超能力，真绝了。,anger
您这种能把自私包装成“真性情”的逻辑，真是我这辈子见过的最高级的伪善。,anger
您这种能把黑的说成白的本事，不去做脱口秀演员真是屈才了。,anger
您这种解决问题的态度真是让人‘叹为观止’。,anger
您这种迟到半小时还能优雅地买杯咖啡进来的姿态，真让我怀疑时间是不是为您停止了。,anger
您这种随口开空头支票的行为，真让我对您的银行流水产生了浓厚的兴趣。,anger
您这种随时随地都能自我高潮的自信，到底是谁给您的？梁静茹吗？,anger
您这记性可真是好得让人佩服刚刚说过的要求转头就忘了,anger
您这记性真是业界标杆，重要的事一个没记住，无关痛痒的小细节倒是抓着不放,anger
您这逻辑水平简直是教科书级别的成功绕开了所有正确答案,anger
悬,anxiety
悲伤笼罩全身。,sadness
悲伤逆流成河。,sadness
悲痛欲绝,sadness
悲痛欲绝。亲手埋葬了陪伴最久的猫，我觉得心被挖走了一块,sadness
情不知所起，一往而情深。,love
情人节的红玫瑰开得正艳。只是我却只觉得火光晃眼，把窗帘拉得死死的,sadness
情人节的红玫瑰开得正艳。可我关掉了所有通知，在黑暗中数着心跳,sadness
情人节的红玫瑰开得正艳。可我坐在最角落，看他牵起了别人的手,sadness
情人节的红玫瑰开得正艳。可我把它扔进垃圾桶时，刺扎破了手指，真疼,sadness
情人节的红玫瑰开得正艳。可我躲在卫生间里，对着镜子哭不出声,sadness
情人节的红玫瑰开得正艳。后来我却只觉得火光晃眼，把窗帘拉得死死的,sadness
情人节的红玫瑰开得正艳。后来我躲在卫生间里，对着镜子哭不出声,sadness
情人节的红玫瑰开得正艳。然而我把它扔进垃圾桶时，刺扎破了手指，真疼,sadness
情人节的红玫瑰开得正艳。然而我躲在卫生间里，对着镜子哭不出声,sadness
情人节的红玫瑰开得正艳。直到我却只觉得火光晃眼，把窗帘拉得死死的,sadness
情人节的红玫瑰开得正艳。直到我躲在卫生间里，对着镜子哭不出声,sadness
情人节的红玫瑰开得正艳，但我却只觉得火光晃眼，把窗帘拉得死死的,sadness
情人节的红玫瑰开得正艳，但我坐在最角落，看他牵起了别人的手,sadness
情人节的红玫瑰开得正艳，但我躲在卫生间里，对着镜子哭不出声,sadness
情人节的红玫瑰开得正艳，我却只觉得火光晃眼，把窗帘拉得死死的,sadness
情人节的红玫瑰开得正艳，我坐在最角落，看他牵起了别人的手,sadness
情尽缘灭。在他选择放弃我先登船的那一刻，我突然觉得，这十年对他所有的爱都像个笑话,sadness
情断义绝。他当着我的面把情侣表扔进下水道，我知道这十年喂了狗,sadness
情断了。,sadness
情深,love
情深似海,love
情深缘浅。在那场突如其来的地震里，我松开了他的手，这种为了活命而产生的背叛感，折磨了我一生,sadness
情绪一下子就低下去了,sadness
情绪慢慢往下掉,sadness
情绪慢慢往下沉,sadness
情绪有点低,sadness
情绪有点低落,sadness
情绪有点压抑,sadness
情绪有点压着,sadness
惆怅万千。,sadness
惆怅满怀。,sadness
惊喜,joy
惊喜不需要从天而降，只要你出现在我面前，就是最大的惊喜,love
惊喜不需要鲜花和钻戒，你愿意推掉应酬陪我吃路边摊就是最好的礼物,love
惊喜到尖叫,joy
惊喜来得猝不及防，就像冬日里突然绽放的第一朵梅花,joy
惊喜来得猝不防，就像枯木在冬夜里突然开出了第一朵花,joy
惊弓之鸟。听到任何类似警报的声音都会全身发抖，战争后遗症太痛苦,anxiety
惊慌失措,anxiety
惊鸿一瞥足以让我回味一生,love
惊鸿一瞥，回味一生,love
惨不忍睹。看着那张被车祸毁掉的脸，我意识到再也回不去以前了,sadness
惨淡经营。看着那家承载梦想的小店关门大吉，那种虚无感无法排遣,sadness
惬意,contentment
想一直和你在一起,love
想不起很久以前，关于未来的画面突然变得模糊不清,anxiety
想你,love
想你了,love
想你了，真的,love
想你想你想你,love
想你想到窒息,love
想做你的铠甲，也想做你的软肋...,love
想做你的铠甲，也想做你的软肋。,love
想入非非,love
想到下个月的房贷要是再断供，银行那帮催收的非得把我皮给扒了不可，愁得我连烟都点不着,anxiety
想到余生能和你这样傻里傻气的人一起变老，心里从未有过的踏实安稳,love
想到明天要发言有点紧张,anxiety
想到明天要在全公司面前做年终总结，我就紧张得手心全是汗,anxiety
想到要上台发言就腿软,anxiety
想和你一直一直在一起,love
想和你一直走下去,love
想和你一直走下去，直到白发苍苍,love
想和你一起去体验这世间所有的烟火气，把每一分每一秒都过成诗,love
想和你一起去冰岛看极光，在世界尽头许下愿望，只要有你就什么都不怕,love
想和你一起去冰岛看极光，在世界尽头许下我们关于未来的所有愿望，只要有你在我就什么都不怕,love
想和你一起去冰岛看极光，在世界尽头许下我们关于未来的所有愿望，永远不分开,love
想和你一起去吹晚风，把所有的浪漫都浪费在彼此身上,love
想和你一起去大草原骑马，去没人的地方喊一喊，直到喉咙沙哑,love
想和你一起去山间听风，去海边看潮，去经历这世间所有最纯粹的美好,love
想和你一起去很多地方，看很多不一样的风景,love
想和你一起去很多地方，看很多不一样的风景。,love
想和你一起去很多地方，看很多不一样的风景，记录我们所有的美好瞬间,love
想和你一起去很多地方，看很多不一样的风景，记录所有的美好,love
想和你一起去很多地方，记录所有的美好，直到我们白发苍苍,love
想和你一起去很多地方，记录所有的美好，直到我们都老得走不动了,love
想和你一起去极地看极光，去热带看雨林，去经历这世间所有的美好,love
想和你一起去流浪，去没人的地方看星星，直到世界尽头,love
想和你一起去流浪，去看遍这世间所有的繁华与荒凉,love
想和你一起去海边看日出，把所有的烦恼都丢进浪花里，只要有你我就不怕,love
想和你一起去海边看日出，把所有的烦恼都丢进浪花里，只要有你我就什么都不怕,love
想和你一起去贝加尔湖看蓝冰，在清冷的世界尽头见证我们最炽热的感情,love
想和你一起去远方旅行，收集世界各地的日落,love
想和你一起慢慢变老，看尽世间的风景。,love
想和你一起慢慢变老，看满头的白发在夕阳下闪闪发光,love
想和你一起把所有的浪漫都浪费在琐碎的日常里，让平凡也变得闪闪发亮,love
想和你一起漫步在清晨的街道，看这个城市一点点苏醒的模样,love
想和你一起白头偕老，这大概是我这辈子最贪心的愿望了,love
想和你一起白手起家，共同创造一个属于我们自己的温馨未来,love
想和你一起看初升的太阳，也想和你一起等傍晚的微风，直到岁月的尽头。,love
想和你一起看所有的风景，记录所有的美好，直到我们都老去,love
想和你一起看日出日落，直到我们都慢慢变老,love
想和你一起看日出，直到世界尽头,love
想和你一起看星星看月亮，从诗词歌赋聊到人生理想,love
想和你一起看星星看月亮，记录所有的美好,love
想和你一起看星星看月亮，记录所有的美好，共度余生,love
想和你一起看遍大好河山，记录所有的小确幸，直到白发苍苍,love
想和你一起看遍这世间所有的日出日落，直到我们都变成白发苍苍的老头老太太,love
想和你一起看遍这世间所有的烟火，直到我们都慢慢老去,love
想和你一起逃离这个喧嚣的城市，去一个只有我们的地方看海,love
想和你去世界尽头许愿，只要有你在，我就什么都不怕,love
想和你去吹吹风，去想去的地方，去看最灿烂的风景,joy
想和你去无人的荒野看银河，在星星下发誓，只要有你就什么都不怕,love
想和你去无人的荒野看银河，在星星下发誓，只要有你就什么都不怕了,love
想和你去未知的远方，只要身边是你，哪里都是天堂,love
想和你去极北之地，看冰川融化成你眼底的温柔,love
想和你去没有人的深山里，看一辈子的雾气升腾与云卷云舒。,love
想和你去没有人的深山，看第一场雪落满彼此的肩头,love
想和你去海边,love
想和你去海边看日出，把所有烦恼都丢进浪花里，只要有你我就不怕,love
想和你去海边看日落，听浪花诉说着永恒的秘密,love
想和你有个家，养一只猫，虚度光阴,love
想和你白头偕老,love
想和你白头偕老，哪怕只是坐在一起发呆,love
想和你白头偕老，哪怕只是坐在一起发呆，我也觉得那是这辈子最浪漫的事,love
想和你虚度时光，在每一寸光影里留下深情的吻,love
想和你贴贴,love
想哭,sadness
想哭，心里好酸,sadness
想太多,anxiety
想开了,sadness
想念以前,sadness
想念你的笑，想念你的外套...,love
想念你的笑，想念你的外套。,love
想把余生所有的温柔都揉碎在风里，只为了吹向你所在的那个方向,love
想把你藏进我的口袋里，带你去吃所有好吃的，陪你看所有的美景。,love
想把全世界最甜的糖果都塞进你手里，看你笑得像个孩子,love
想把全世界最美好的东西都捧到你面前,love
想把情话写进风里，让它吹遍你身边的每一个角落,love
想把所有好听的歌都分享给你，因为歌词里藏着我的心意,love
想把所有的好运都攒起来，只为了换一个和你共度余生的契机,love
想把所有的好都给你。,love
想把所有的美好都分享给你，因为你值得,love
想把最好听的歌都分享给你，因为你值得,love
想把这世间所有的浪漫都揉进你的名字里，让它成为我心底最美的注脚,love
想把这世间所有的温柔和美好，都收集起来送给你。,love
想把这个美好的瞬间永远定格下来，留在心里。,love
想把这漫长的一生都浪费在你身上，哪怕只是看日出日落，也不觉得虚度,love
想抱抱,love
想抱抱你,love
想抱着你睡,love
想死你了大坏蛋,love
想死你了大坏蛋，你要是再敢因为加班就不回我消息，看我不直接冲到你公司把你电脑给砸了,love
想死你了大坏蛋，你要是再敢消失这么久，看我不扒了你的皮,love
想死你了大坏蛋，你要是再敢背着我偷偷加别的女生的微信看我不掐死你,love
想死你了大坏蛋，你要是再敢背着我偷偷加别的女生的微信，看我不亲手把你那爪子给剁了,love
想死你了大坏蛋，你要是再敢背着我偷偷加别的女生的微信，看我不亲手把你那爪子给剁了喂流浪狗,love
想死你了大坏蛋，你要是再敢背着我偷偷加别的女生的联系方式，看我不亲手把你那爪子给剁了喂狗,love
想死你了大坏蛋，你要是再敢背着我偷偷去见别的女人，看我不掐死你,love
想死你了大坏蛋，敢背着我偷加女生微信，看我不亲手把你爪子剁了喂狗,love
想死的心都有了,sadness
想永远粘着你,love
想给你一个大大的拥抱,love
想要一直在一起,love
想要证明自己在你心里的位置，哪怕方法再笨也无所谓,love
想要证明自己在你心里的分量，我甚至会为了你一句话去改变自己,love
想要证明自己在你心里的独特性，我愿意为你学做所有的甜点,love
想见你,love
想说的话写了一遍又一遍，最后还是没发出去，算了。,sadness
想贴贴,love
想起以前的事有点难受,sadness
想起过去有点心酸,sadness
想起过去有点难受,sadness
想辞职又不敢，好纠结,anxiety
想逃避,anxiety
想陪你去看极光，在那最蓝的深夜里许下终生的愿望,love
想陪你去走最远的路，去看最美的风景，去爱最真实的你,love
惶惶不安,anxiety
愁,anxiety
愁死我了，这可咋办啊？,anxiety
愁眉苦脸,sadness
意外的奖赏似乎已经令人欢欣鼓舞。整个人都轻快了。,joy
意外的奖赏似乎已经带来了满满的动力，未来值得期待。,joy
意外的奖赏似乎已经带来了由衷的慰藉。一定要好好庆祝。,joy
意外的奖赏似乎带来了由衷的慰藉！简直是完美的惊喜。,joy
意外的奖赏似乎这种感觉太美妙！简直是完美的惊喜。,joy
意外的奖赏必然让心情瞬间飞扬，未来值得期待。,joy
意外的奖赏必然让生活充满阳光！真是太棒了。,joy
意外的奖赏总会令人欢欣鼓舞！真是太棒了。,joy
意外的奖赏总会带来了满满的动力，未来值得期待。,joy
意外的奖赏总会带来了由衷的慰藉。整个人都轻快了。,joy
意外的奖赏总会让心情瞬间飞扬，未来值得期待。,joy
意外的奖赏真的带来了满满的动力。一定要好好庆祝。,joy
意外的奖赏真的让生活充满阳光！真是太棒了。,joy
意外的奖赏确实令人欢欣鼓舞。一定要好好庆祝。,joy
意外的奖赏确实让心情瞬间飞扬。整个人都轻快了。,joy
意外的奖赏确实这种感觉太美妙！真是太棒了。,joy
意外的奖赏竟然令人欢欣鼓舞，未来值得期待。,joy
意外的奖赏竟然带来了满满的动力！简直是完美的惊喜。,joy
意外的奖赏竟然带来了由衷的慰藉。一定要好好庆祝。,joy
意外的奖赏竟然让生活充满阳光，未来值得期待。,joy
意外的奖赏让心情瞬间飞扬！简直是完美的惊喜。,joy
意外的好消息让人很开心,joy
感受着被窝里残留的暖意，这种确定的安全感，让早晨变得格外温柔。,contentment
感受着风中传来的淡淡花香，这种不期而遇的美好，让心头暖得刚好。,contentment
感觉什么都没做，但已经很累了,anxiety
感觉压抑,sadness
感觉大家都在进步，只有我停在原地,sadness
感觉大家都跑得好快，只有我还在原地踏步，好焦虑。,anxiety
感觉孤独,sadness
感觉很累又说不出来,sadness
感觉很难过,sadness
感觉有点伤感,sadness
感觉有点低沉,sadness
感觉有点压抑,sadness
感觉有点孤单,sadness
感觉有点孤独,sadness
感觉有点心酸,sadness
感觉有点无力,sadness
感觉有点无助,sadness
感觉有点空,sadness
感觉有点被忽略,sadness
感觉有点难受,sadness
感觉没人懂,sadness
感觉没人懂我,sadness
感觉没人理解我,sadness
感觉生活有点没意思,sadness
感觉自己有点多余,sadness
感觉自己有点被忽略,sadness
感觉自己现在陷入了一个死循环，越焦虑越做不好，越做不好越焦虑。,anxiety
感觉自己现在陷入了一个瓶颈期，怎么努力都没有提升，真的好焦虑啊。,anxiety
感觉自己真的喜欢上你了,love
感觉自己被冷落了,sadness
感觉被世界遗忘了,sadness
感觉被忽略了有点难受,sadness
感觉遇到了瓶颈期，怎么写都觉得这段剧情好干，好受挫。,sadness
感谢啊，让我明白了什么叫做团队合作,anger
感谢您的精彩策划，成功地让我们在这个行业里再也抬不起头来,anger
愤愤不平,anger
愿为你遮风挡雨，在这冷暖自知的世界里给你最深的温柔,love
愿如星君如月，夜夜流光相皎洁,love
愿意把所有美好的东西都分享给你，只为了看到你脸上的笑容,love
慌,anxiety
慌了,anxiety
慌得一批,anxiety
慌得要死,anxiety
慢下来挺舒服,contentment
慢下来生活也挺好的,contentment
慢慢做点小事也挺惬意,contentment
慢慢学会了和自己的焦虑共处，心境也平和了许多。,contentment
慢慢把事情做好，其实挺踏实的,contentment
慢慢来吧，花总会开的，属于我的节奏谁也抢不走。,contentment
慢慢来挺舒服的,contentment
慢慢来，不着急,contentment
慢慢生活挺好,contentment
慢慢过日子也不错,contentment
慢节奏让人舒服,contentment
憋了三天的代码终于跑通了，这种成就感让我想去大街上狂奔三圈！,joy
成全你的自由，我不爱你了。,contentment
成功打卡了世界级别的景点！那些宏伟的建筑让我觉得自己真的不虚此行,joy
成功打卡了川西的日照金山，所有的颠簸和高反，在这一刻都值了,joy
成功打卡了川西的日照金山，那一刻所有的山路颠簸和高原反应都变得无比值得,joy
成功打卡了川西的日照金山，那一刻所有的山路颠簸和高原反应都变得无比值得，美得太震撼了,joy
成功打卡了川西的日照金山，那一刻所有的山路颠簸和高原反应，都变得值得,joy
成功打卡了期待已久的展览，那些艺术品的生命力真的震撼到我了，现在心情还很激动,joy
成功打卡！招牌菜绝了,joy
成功打卡！这家店的招牌菜确实名不虚传，第一口下去我就被征服了,joy
成功打卡！这家店的招牌菜确实名不虚传，绝绝子,joy
成功打卡！阳光下的海边真的随手一拍都是大片,joy
成功打卡！阳光下的海边真的随手一拍都是大片，今天的心情是薄荷味的,joy
成功抢到了偶像的演唱会门票，这手速简直无敌了，开心得简直想原地起跳,joy
成功抢到了偶像的演唱会门票，这手速简直绝了，开心到想原地起飞,joy
成功抢到了偶像的演唱会门票，这手速简直绝了，开心到飞起,joy
成功抢到了周五的深夜首映场，能第一批看到期待已久的电影，开心得想原地跳舞,joy
成功抢到了周五的深夜首映场，能第一批看到期待已久的电影，开心得想跳舞,joy
成功抢到了周六的音乐节门票，一整年的期待终于有着落了,joy
成功抢到了周六的音乐节门票，一整年的期待终于有着落了，开心得想转圈圈,joy
成功抢到了热门剧集的首映票，这手速简直无敌，开心得想转圈,joy
成功拍到了绝美的粉色晚霞，所有的等待和蚊虫叮咬，在这一刻都值,joy
成功的喜悦似乎令人欢欣鼓舞，未来值得期待。,joy
成功的喜悦似乎已经带来了由衷的慰藉。一定要好好庆祝。,joy
成功的喜悦似乎已经让生活充满阳光。整个人都轻快了。,joy
成功的喜悦似乎已经这种感觉太美妙。一定要好好庆祝。,joy
成功的喜悦似乎这种感觉太美妙。一定要好好庆祝。,joy
成功的喜悦必然带来了满满的动力！简直是完美的惊喜。,joy
成功的喜悦必然让生活充满阳光。整个人都轻快了。,joy
成功的喜悦必然让生活充满阳光！真是太棒了。,joy
成功的喜悦必然让生活充满阳光！简直是完美的惊喜。,joy
成功的喜悦总会带来了由衷的慰藉，未来值得期待。,joy
成功的喜悦总会让心情瞬间飞扬。一定要好好庆祝。,joy
成功的喜悦总会让心情瞬间飞扬，未来值得期待。,joy
成功的喜悦总会这种感觉太美妙。一定要好好庆祝。,joy
成功的喜悦总会这种感觉太美妙！真是太棒了。,joy
成功的喜悦真的让生活充满阳光！真是太棒了。,joy
成功的喜悦确实让心情瞬间飞扬！真是太棒了。,joy
成功的喜悦确实让生活充满阳光，未来值得期待。,joy
成功的喜悦让心情瞬间飞扬！简直是完美的惊喜。,joy
成功解锁了做饭的新菜系！味道真的一流，成就感爆棚,joy
成功解锁了做饭的新菜系！虽然厨房像打过仗，但味道真的一流，太爽了,joy
成功解锁了做饭的新菜系！虽然厨房像打过仗，但味道真的一流，成就感爆棚,joy
成功解锁了做饭的新菜系，看着朋友们扫光所有盘子，成就感瞬间爆棚,joy
成功解锁了手冲咖啡的新技能，看着油脂一点点析出，闻着满屋子的香气，心情大好,joy
成功解锁了攀岩新高度，在顶点俯瞰下方，觉得勇气又多了一分,joy
成功解锁了攀岩的新难度，在顶点俯瞰下方的时候，感觉勇气又多了一分,joy
成功解锁了新技能！虽然练习的过程很枯燥，但看到成品的那一刻真的爽歪歪,joy
成功解锁了新的厨艺技能，看着家人把盘底都舔干净，心里那叫一个得意,joy
成功解锁了新的厨艺技能，看着家人把盘底都舔干净，心里那叫一个爽,joy
成功解锁了滑翔伞技能，在云端盘旋俯瞰大地的时候，感觉整个人都被大自然治愈了,joy
成功解锁了滑翔伞技能，在云端盘旋俯瞰大地的时候，感觉整个人都被治愈了,joy
成功解锁了潜水技能！在那片蔚蓝的海底看到五彩斑斓的鱼群，震撼到无语,joy
成功解锁了潜水技能！那种自由感太震撼了,joy
成功解锁了潜水技能，在水下看到五彩斑斓的珊瑚礁时，真的觉得世界大得超乎想象,joy
成功解锁了潜水新技能，在海底看到鱼群的那一刻，感觉生命被重塑,joy
成功解锁了潜水新深度在大海深处看到鱼群，感觉生命被重塑了，太美妙了,joy
成功解锁了潜水新深度，在大海深处看到鱼群，感觉生命被重塑,joy
成功解锁了陶艺拉坯的新技能，看着泥土在手里一点点成型，那种满足感无法形容,joy
成功解锁了高空跳伞挑战，在跳下的那一刻，感觉所有的压力都释放了,joy
成功解锁了高空跳伞！在那几千米的高空俯瞰大地，那种自由感真的让人终生难忘,joy
成功解锁了高空跳伞！那种自由感真的让人终生难忘,joy
成功解锁了高空跳伞，在几千米的高空俯瞰，什么烦恼在那一刻都消失了,joy
成功解锁了高空跳伞，在那几千米的高空俯瞰大地，觉得什么烦恼在那一刻都消失了,joy
成功解锁了高空蹦极，从上面跳下来的那一刻，感觉重生了,joy
成功解锁了高难度滑板动作，摔了无数次后的那次丝滑落地，爽到我想大声尖叫,joy
成功达成全成就！截图纪念一下，这种成就感真的太爽了，没白忙活,joy
成功达成全成就！这种成就感无可替代,joy
成就感爆棚,joy
成年人的境界是宠辱不惊,contentment
我一直在,love
我一直盯着手机，生怕错过任何一条关键的通知,anxiety
我一遍又一遍地刷新网页但那个红色的报错图标依然没消失,anxiety
我一遍遍核对流程，总觉得哪里还有隐藏的风险,anxiety
我不停地在原地转圈，试图理清这段关系里那些混乱的逻辑,anxiety
我不再害怕未来的任何陷阱，因为我知道你会牵着我的手。,love
我不再需要你的施舍，我不爱你了。,anger
我不希望在明天的这个时候，还要再打一次电话。,anger
我不想再做你的退路了，滚。,anger
我不想再做你的退路了，滚！,anger
我不想再重复第三遍了，一言不发地推门而出,anger
我不想再重复第三遍了，把那份方案删掉重写,anger
我不想再重复第三遍了，猛地合上电脑,anger
我不想再重复第三遍了，直接拉黑了对方,anger
我不想骗你，我不爱你了。,sadness
我不是你随时可以丢弃的玩偶，我的尊严不容许你肆意践踏,anger
我不爱你了，别再做梦了。,anger
我不爱你了，别再纠缠不休。,anger
我不爱你了，真的不想再纠缠了。,sadness
我不爱你了，请你立刻消失。,anger
我不爱你了，这一切都结束了。,anger
我不爱你了，这对你我都好。,contentment
我不知道还要等多久，这种遥遥无期的感觉让我很惶恐。,anxiety
我不知道还要等多久，这种遥遥无期的感觉让我很惶恐。。,anxiety
我不知道还要等多久，这种遥遥无期的感觉让我很惶恐。，好慌。,anxiety
我不知道还要等多久，这种遥遥无期的感觉让我很惶恐。，真的。,anxiety
我不配,sadness
我不需要你有多完美，我只需要你一直都在,love
我不需要复读机，我需要一个能解决问题的人。,anger
我也太难了吧,sadness
我买到了那张回乡的机票却被告知那个想见的人已经搬走了,sadness
我从未爱过别人，你是我唯一一个想要白头偕老的麻烦,love
我从未爱过别人，你是我在这荒凉世间里抓到的唯一一根救命稻草,love
我从未爱过别人，怎么会不想念你,love
我从来没想过，那个让我颠覆自己世界观的人竟然就是你。,love
我以为你会懂我的沉默，可你只看到了我的冷漠。,sadness
我以为我早已百毒不侵，可听到那个熟悉的名字时，心还是疼得缩成了一团。,sadness
我以为我的诉求已经表达得非常清楚了。,anger
我以为时间可以治愈一切最后却发现时间只是让我习惯了这种疼,sadness
我以为时间可以治愈一切，其实只是学会了带着伤口生活。,sadness
我们之间那道裂痕，无论怎么缝补都回不到最初的完整,sadness
我们就到此为止吧，我不爱你了。,sadness
我们就这样走散在分岔路口，连一句体面的再见都没来得及说,sadness
我们明明那么近，心却隔得比南极还远，这种感觉太折磨了。,sadness
我们曾约好要在每个纪念日种一棵树。可现在钱攒够了，我的身边却换了人,sadness
我们曾约好要在每个纪念日种一棵树。后来如今那片空地盖成了商场，树也没了踪影,sadness
我们曾约好要在每个纪念日种一棵树。然而如今那片空地盖成了商场，树也没了踪影,sadness
我们曾约好要在每个纪念日种一棵树。直到如今那片空地盖成了商场，树也没了踪影,sadness
我们曾约好要在每个纪念日种一棵树。直到结果还没到三十岁，我们就成了最熟悉的陌生人,sadness
我们曾约好要在每个纪念日种一棵树，如今那片空地盖成了商场，树也没了踪影,sadness
我们的故事结束了，我不爱你了。,sadness
我们结束了,sadness
我们说好不哭，可眼泪还是留了下来。,sadness
我会一直守护你，直到时间的尽头,love
我会用尽余生的时间，去守护这份温柔。,love
我会用尽全力，去守护这份温柔...,love
我会用尽全力，去守护这份温柔。,love
我偏爱你，不是因为你有多完美，而是因为你在我眼里胜过一切完美。,love
我偏要对你例外。,love
我偷偷把你写进我的每一篇日记里，字里行间全都是我对你的喜欢。,love
我写了半年的报告，总结会上被两句话带过，下一个议题,anger
我决定放过自己，我不爱你了。,contentment
我刚写完代码运行居然一次性通过，连个报错都没有，简直是奇迹！,joy
我努力擦拭记忆里的灰尘，却发现模糊的轮廓早已无法拼凑,sadness
我原谅了你，也不再爱你了。,contentment
我去你还没过呢？尊滴假滴？我闭着眼都能刷过去，xswl,joy
我反复检查了三遍煤气阀门但下楼之后总觉得还是没关紧,anxiety
我反复检查了无数遍，但还是担心在关键时刻出错。,anxiety
我反复检查了无数遍，但还是担心在关键时刻出错。...,anxiety
我反复检查了无数遍，但还是担心在关键时刻出错。。,anxiety
我反复检查了无数遍，但还是担心在关键时刻出错。，好慌。,anxiety
我反复检查了无数遍，但还是担心在关键时刻出错。，真的。,anxiety
我反复检查了登录密码，生怕在关键时刻被锁定账号,anxiety
我反复确认了五遍门锁，可躺下还是觉得没关。,anxiety
我只想守着你大坏蛋,love
我只是在后台默默做完所有事，不需要被人看见的那种存在嘛,anger
我可不敢生您的气，毕竟像您这种级别的保护动物，万一气出个好歹我赔不起。,anger
我可真得好好感谢您，把这事儿搅得一团糟。,anger
我可真羡慕您的心理素质，把事情搞砸到这个地步，还能面不改色地站在这里教训别人。,anger
我喜欢伦敦这种湿润的气候，让人心情很平静。,contentment
我喜欢伦敦这里的建筑风格，感觉很有历史底蕴。,contentment
我喜欢你,love
我喜欢你大坏蛋,love
我喜欢你想你爱你,love
我喜欢你我想你了,love
我喜欢你，大坏蛋,love
我喜欢你，大笨蛋,love
我喜欢你，我想你了,love
我喜欢你，我想你了，大笨蛋,love
我喜欢你，我想你了，大笨蛋你要是再不给我回电话我就真的要冲到你公司去找你了,love
我喜欢你，我想你了，大笨蛋你要是再不给老子回电话，我就真的要冲到你宿舍去堵你了,love
我喜欢你，我想你了，大笨蛋快点给我回个电话吧,love
我喜欢你，我想你了，我爱你,love
我喜欢你，特别特别喜欢,love
我喜欢吃这里的招牌菜，味道确实很正宗。,contentment
我喜欢在周末去公园散步，那是难得的放松时间。,contentment
我喜欢在睡前听一首轻音乐，能有效缓解压力。,contentment
我喜欢看你认真的样子，也喜欢看你孩子气的一面。,love
我喜欢看这种节奏缓慢的电影，觉得很治愈。,contentment
我喜欢这个城市的公共交通，真的非常方便。,contentment
我喜欢这种不被打扰的独处时光，非常有安全感。,contentment
我喜欢这种有条不紊的生活节奏，让我感到很知足。,contentment
我喜欢这种淡淡的茶香，感觉整个人都静下来了。,contentment
我喜欢雨天，听着雨声看书是一件很惬意的事情。,contentment
我在等一个解释，也在等一个死心，这种煎熬比什么都痛苦,anxiety
我在等一个解释，也在等一个死心，这种等待最是煎熬,anxiety
我在等待一个永远不会发的晚安，盯着屏幕直到眼睛酸涩,anxiety
我在这里,love
我在这里坐了两个小时，没人来问一句。,anger
我太南了,sadness
我太可了,joy
我太喜欢这种惊喜的感觉了！,joy
我太喜欢这种感觉了！,joy
我太爱这种惊喜瞬间了！,joy
我好丧,sadness
我好想你大坏蛋,love
我好想你，真的好想你,love
我好想哭,sadness
我好慌,anxiety
我好方,anxiety
我好爱你呀大笨蛋,love
我好爱你呀，想把全北京最好吃的都买给你吃,love
我好爱你呀，想把这世间所有的美好都捧到你面前,love
我好爱你呀，想把这辈子挣的所有钱都交到你手里，只要你别嫌弃我就行,love
我好爱你大笨蛋,love
我好累,sadness
我好累。,sadness
我好累啊,sadness
我守着那些发黄的照片，试图寻找一点温暖，却只感受到了冰冷的寒意。,sadness
我守着那些已经过期的诺言，像个守着空城的旧兵，荒凉而又滑稽。,sadness
我守着那座已经荒废的爱巢，试图欺骗自己你只是出门买菜还未归来。,sadness
我害怕自己会辜负大家的期望，这种责任感让我很不安,anxiety
我害怕自己在关键时刻掉链子，这种压力让我快要疯掉,anxiety
我害怕自己在这个团队里显得格格不入，每天都小心翼翼,anxiety
我害怕自己承担不起这个责任，这种重压让我难以入眠,anxiety
我害怕自己的隐私被泄露，每天都活得小心...,anxiety
我害怕自己的隐私被泄露，每天都活得小心。,anxiety
我害怕自己配不上现在的机会，每天都在提心吊胆。,anxiety
我害怕自己配不上现在的机会，每天都在提心吊胆。...,anxiety
我害怕自己配不上现在的机会，每天都在提心吊胆。。,anxiety
我害怕自己配不上现在的机会，每天都在提心吊胆。，好慌。,anxiety
我害怕自己配不上现在的机会，每天都在提心吊胆。，真的。,anxiety
我对伦敦的热爱不仅仅是欣赏，而是一种刻进骨子里的依恋。,love
我对你的爱，经得起岁月的考验...,love
我对你的爱，经得起岁月的考验。,love
我对家乡的爱是刻骨铭心的，无论走到哪里，它都是我的根。,love
我对文字的爱是如此炽热，每一篇作品都是我情感的真实流露。,love
我对星空的痴迷已经超越了言语，那是我永恒的浪漫幻想。,love
我对这个项目的爱是全心全意的，我愿意为它的成功付出一切代价。,love
我对这份工作的热爱从未减退，它是我实现自我价值的唯一舞台。,love
我对这种生活方式的爱是毫不动摇的，哪怕全世界都不理解。,love
我对这种简约生活的爱是发自内心的，它让我的灵魂回归本真。,love
我对这门学科的热爱是全方位的，我愿意为其奉献我所有的才智。,love
我就喜欢您这种自以为聪明的样子，真的，那种透着清澈的愚蠢感，特别迷人。,anger
我就是喜欢对你无理取闹，谁让你总是那么宠着我。,love
我就没见过这么离谱的规定，纯属在浪费大家的时间。,anger
我就算打包好行李也走不远，因为你就是我的全世界。,love
我已经听了七遍同样的解释了。,anger
我已经在等待结果了，不需要您继续复读规章制度。,anger
我已经很努力在笑了，可眼里还是没有光，好累啊。,sadness
我已经忍你很久了，别以为我不说话就是好欺负，再来试试看？,anger
我已经懒得解释了,anger
我已经找回了自己，我不爱你了。,contentment
我已经按您说的操作了10次，还是不行，您解释一下？,anger
我已经按您说的操作了4次，还是不行，您解释一下？,anger
我已经按您说的操作了5次，还是不行，您解释一下？,anger
我已经按您说的操作了6次，还是不行，您解释一下？,anger
我已经按您说的操作了8次，还是不行，您解释一下？,anger
我已经按照流程操作了四遍，依然报错。,anger
我已经给了你们10次机会，但结果依然令人‘惊喜’。,anger
我已经给了你们3次机会，但结果依然令人‘惊喜’。,anger
我已经给了你们4次机会，但结果依然令人‘惊喜’。,anger
我已经给了你们5次机会，但结果依然令人‘惊喜’。,anger
我已经给了你们7次机会，但结果依然令人‘惊喜’。,anger
我已经给了你们8次机会，但结果依然令人‘惊喜’。,anger
我已经给了你们9次机会，但结果依然令人‘惊喜’。,anger
我已经给过你很多次机会了，是你自己不知道珍惜，现在别来求我,anger
我已经跟你说过很多次了，我不喜欢这样，你非要挑战我的底线吗？,anger
我希望能得到一个实际的答复，而不是这些废话。,anger
我希望能给你一个充满阳光的未来，里面盛满了我们共同努力过的痕迹和对彼此最深的爱意。,love
我希望能给你一个充满阳光的未来，里面盛满我们共同的爱意。,love
我建议你尝试一下新的算法，效率可能会更高...,contentment
我当然得大度啊，毕竟跟您这种生物计较，不就是在降低我自己的物种进化水平吗？,anger
我很喜欢这件衬衫的面料，穿起来很亲肤。,contentment
我很喜欢这家餐厅的氛围，简简单单的很舒服。,contentment
我很大器的，只要你哄我一句，我就把心都掏给你,love
我很大器的，只要你肯对我撒个娇，我就原谅你所有的迟钝,love
我很大器的，只要你肯陪我去逛街，我就原谅你忘记纪念日的过错,love
我心动了，真的,love
我必须称赞您的记忆力，刚才开会决定的事，您一转头就能忘得干干净净,anger
我必须要夸奖一下您的效率，改一个错别字硬是拉着全组开了两小时会,anger
我必须要给您的沟通方式点个赞能把每个合作伙伴都气走,anger
我忙着快乐，忙着感动，只因为你的目光终于在这个瞬间看向了我。,love
我怀念的，是无话不说。,sadness
我总是在担心那些还没发生的事情，把自己搞得精疲力竭,anxiety
我总是担心自己会迟到，哪怕提前一个小时出门也还是心慌,anxiety
我总是担心自己能力不足，无法胜任当前岗位...,anxiety
我总是担心自己能力不足，无法胜任当前岗位。,anxiety
我总觉得有人在背后议论我，这种感觉真糟糕。,anxiety
我恨透了你的自私，我不爱你了。,anger
我恨透了你这种无所谓的态度。,anger
我恨透了你这种无所谓的态度！,anger
我想你了你想我吗,love
我想你了大坏蛋，可这种想念像是一把生锈的锯子，每天都在我心口拉来拉去，真疼啊,sadness
我想你了大坏蛋，可这种想念像是一条毒蛇，正一点点勒紧我的脖子，我却舍不得把它扯开,sadness
我想你了大坏蛋，可这种想念像是一根生锈的钉子，正一点点扎进我的太阳穴，疼得我满地打滚,sadness
我想你了大坏蛋，可这种想念除了让我变得更卑微、更像个小丑之外，没有任何意义,sadness
我想你了大坏蛋，哪怕这种想念像是一把生锈的锉刀，正一点点锯断我最后的理智，我也心甘情愿地受着,sadness
我想你了大坏蛋，哪怕这种想念让我看起来像个翻垃圾桶找尊严的乞丐，我也认了,sadness
我想你了大坏蛋，想得心都碎了，可我再也不会去那个满是回忆的破弄堂找你了,sadness
我想你了大坏蛋，想得心都碎了，可我只能在每个深夜里偷偷翻看咱们以前那些已经褪色的聊天记录,sadness
我想你了大坏蛋，想得快要发疯了，可我只能在每一个喧闹的十字路口寻找那个曾经熟悉的身影,sadness
我想你了大坏蛋，想得快要发疯了，可我只能在每一个红绿灯路口寻找那个曾经消失的你,sadness
我想你了大坏蛋，想得快要发疯了，可我只能在每一个路灯下寻找那个熟悉却消失的身影,sadness
我想你了大坏蛋，想得快要窒息了，可我只能在每个深夜里偷偷翻看咱们以前的聊天记录,sadness
我想你了大坏蛋，想得快要窒息了，可我只能在每个深夜里偷偷翻看咱们以前那些已经发黄的照片,sadness
我想你了大坏蛋，想得快要窒息了，可我只能在每个深夜里偷偷翻看咱们以前那些已经褪色了的合影,sadness
我想你了大坏蛋，想得快要窒息了，可我只能在每个深夜里偷偷翻看咱们以前那些已经褪色的合影,sadness
我想你了大坏蛋，想得快要窒息了，可我只能在每个深夜里偷偷翻看咱们褪色的合影,sadness
我想你了大坏蛋，想得快要窒息了，可我只能对着你的黑白照片说这些没用的屁话,sadness
我想你了大坏蛋，想得我只能在每一个酒精麻痹的夜里，对着那堵冰冷的墙壁喊你的名字，真可怜,sadness
我想你了大笨蛋,love
我想你了大笨蛋，可我已经把你的微信删了，现在只能通过给你支付宝转账一分钱来留下一句想你,sadness
我想你了大笨蛋，可这种想念像是一场慢性的毒药，正一点点腐蚀掉我最后的自尊心,sadness
我想你了大笨蛋，可这种想念像是一场慢性的癌症，正一点点腐蚀掉我最后的自尊心和生存意志,sadness
我想你了大笨蛋，可这种想念像是一场慢性的腐烂，正一点点吞噬我最后的体面和骨气,sadness
我想你了大笨蛋，可这种想念像是一场慢性的腐烂，正一点点吞噬我最后的尊严和骨气,sadness
我想你了大笨蛋，可这种想念像是一场没有尽头的流感，烧得我满嘴胡话，却始终找不到能退烧的那副药,sadness
我想你了大笨蛋，可这种想念除了让我变得更卑微、更像个小丑之外，没有任何意义，真恶心,sadness
我想你了大笨蛋，哪怕你只是为了借钱才想起我，哪怕你开口就是谎话，我也想听听你的声音，真贱啊我,sadness
我想你了大笨蛋，在这个合租房停水的深夜，我好想念老家那个总是溢满热水的大浴缸,sadness
我想你了大笨蛋，想得快要疯了，可我只能在每个失眠的深夜里偷偷翻你的朋友圈,sadness
我想你了大笨蛋，想得我每天都要把咱们以前的聊天记录翻出来看一遍，虽然那些话现在看全是讽刺,sadness
我想你了真的,love
我想你了，你想我不,love
我想你了，你想我吗,love
我想你了，大坏蛋,love
我想你了，大坏蛋，赶紧死回来给我做饭,love
我想你了，大坏蛋，赶紧给我滚回来,love
我想你了，大笨蛋,love
我想你了，真的,love
我想你了，真的真的好想你,love
我想你了，真的真的好想你，大笨蛋,love
我想你了，真的真的好想你，大笨蛋，你听到了吗,love
我想你了，真的真的好想你，大笨蛋，你要是再不回信我就当你是死在外面了,love
我想你了，真的，你有没有在某一刻也像我这样，哪怕只是一个瞬间也会突然疯狂地想念我的存在,love
我想你了，真的，大笨蛋你是不是也在偷偷地想我呢,love
我想你了，真的，大笨蛋你是不是也在那个遥远的城市里，在每一个失眠的深夜里也偷偷地想我呢,love
我想你大坏蛋,love
我想你大坏蛋快回来,love
我想你想得心疼大坏蛋,love
我想你真的想你大坏蛋,love
我想你真的想你大笨蛋,love
我想你，大坏蛋,love
我想你，大坏蛋，你是不是又在背着我偷偷吃好吃的呢,love
我想你，大坏蛋，你是不是又在趁我不在家的时候偷偷买那些没用的破烂玩意儿了,love
我想你，大坏蛋，你是不是又背着我偷偷把那点存折里的钱拿去给那帮狐朋狗友花了,love
我想你，想到心痛,love
我想你，想到快要窒息了,love
我想你，想到窒息,love
我想你，想得心都疼了,love
我想你，想得快疯了,love
我想你，想得快要发疯了，大坏蛋，你知不知道老子在每一个工地加班的夜里都在喊你的名字,love
我想你，想得快要窒息了，大坏蛋,love
我想你，想得快要窒息了，大坏蛋，你到底知不知道这种抓心挠肺的滋味,love
我想共你三餐四季。,love
我想和你一直一直走下去,love
我想和你一直一直走下去，直到世界的尽头,love
我想和你一直一直走下去，直到白头,love
我想和你一直一直走下去，直到看遍这世间所有的烟火，直到我们都老得牙齿掉光,love
我想和你一直一直走下去，直到看遍这世间所有的风景,love
我想和你一直一直走下去，直到看遍这大上海所有的繁华，直到我们都老得走不动这弄堂,love
我想和你一直在一起,love
我想和你一直走下去，直到老去,love
我想和你一起去看看这世界的每一个角落，去经历所有的美好,love
我想和你一起慢慢变老，去印证那句执子之手与子偕老的诺言。,love
我想和你一起慢慢变老，看遍这世间所有的日出日落。,love
我想和你一起虚度光阴，去数清晨的露水，去等黄昏的日落，去爱这平凡生活里的每分每秒。,love
我想和你一起虚度光阴，去爱这平凡生活里的每一个琐碎瞬间。,love
我想和你在一起，一直一直在一起,love
我想和你在一起，一直一直在一起，直到咱们俩都老得动不了了，也依然要死在一块,love
我想和你在一起，一直一直在一起，直到我们都老得记不清彼此的名字也依然不离不弃,love
我想和你在一起，一直一直在一起，直到我们都老得走不动路了,love
我想和你在一起，一直在一起,love
我想和你有一个家，里面养一只猫，种满鲜花，最重要的，是里面住着你。,love
我想和你走遍天涯海角，去印证每一个关于爱的古老传说。,love
我想回家,sadness
我想在你的眉间种下一颗星，让它在你每一个难熬的夜晚都为你闪烁。,love
我想守护你的纯真。,love
我想把你揉进生命里。,love
我想把所有不具名的温柔都留给你，在每一个你看不到的角落默默生根发芽。,love
我想把所有关于未来的计划里，都写上你的名字。,love
我想把所有关于美好的词汇都堆砌在你身上，却发现哪一个都及不上你的万分之一。,love
我想把所有美好的东西都分享给你，因为你值得。,love
我想把这世间所有的温柔都积攒起来，在某个星光灿烂的夜晚，全都毫无保留地倾注在你身上。,love
我想把这世间所有的温柔都积攒起来，毫无保留地全都倾注在你身上。,love
我想永远占有你。,love
我想永远陪着你,love
我想爱你地老天荒。,love
我想爱你直到永恒。,love
我想爱你胜过爱自己。,love
我想牵着你的手，从青丝到白发，一直走下去。,love
我想牵着你的手，走过这个城市的每一个角落，去印证我们之间那些关于爱与承诺的每一个瞬间。,love
我想知道，到底谁能为这个结果负责？,anger
我想给你一世平安。,love
我想给你一个家，一个盛满爱与阳光的避风港。,love
我想给你一个未来。,love
我想给你全部的爱。,love
我想给你最深的吻。,love
我想给你最稳的幸福。,love
我想给你长久的爱。,love
我想陪你一起慢慢变老，去印证那句“执子之手，与子偕老”的最美誓言。,love
我想陪你共度朝夕。,love
我想陪你到地老天荒。,love
我想陪你慢慢变老。,love
我想陪你抵御风霜。,love
我想陪你直到最后。,love
我想陪你阅尽千帆。,love
我想静静,sadness
我愿为你倾尽所有。,love
我愿为你对抗世界。,love
我愿为你赴汤蹈火。,love
我愿为你遮风挡雨。,love
我愿倾尽所有，只为换你余生平安喜乐，这就是我爱你的方式。,love
我愿守护你的笑容。,love
我愿意为了你变成更好的人，因为你值得这世间所有的美好。,love
我愿意为了你的一句‘我爱你’，付出我所有的真诚和耐心，永不后悔。,love
我愿意为了你的一句诺言，等待一生一世，永不后悔。,love
我愿意为你付出我的一切，只要你能过得幸福，我做什么都值得。,love
我愿意为你付出我能给的一切，只要能看到你开心的样子，我做什么都值得。,love
我愿意为你放下所有的防备和骄傲，只为能换来你一个真心实意的拥抱。,love
我愿意为你放下所有的骄傲，只为能换来你一个开心的笑容。,love
我愿意为你遮挡所有的风霜，做你一辈子的守护者，直到我生命的尽头。,love
我愿意为你遮风挡雨，做你一辈子的避风港，永不离弃。,love
我愿意跨越千山万水，只为在那个熟悉的街角，再次拥抱你。,love
我愿意跨越千山万水，只为在那个熟悉的街角，再次用力拥抱你。,love
我愿意陪你度过每一个平凡或不平凡的日子，直到地老天荒，也绝不散场。,love
我愿意陪你走过漫长的岁月，直到生命的尽头，永不散场。,love
我愿意陪你走过漫长的岁月，看遍世间的风景，直到我们都老得走不动路。,love
我愿爱你岁岁年年。,love
我愿爱你直到永远。,love
我愿陪你从青丝到白发。,love
我愿陪你共看细水长流。,love
我愿陪你共赴未来。,love
我愿陪你浪迹天涯。,love
我愿陪你白发苍苍。,love
我才不想还你那件衬衫，因为上面残留着你让我心安的味道,love
我才不想还你那张唱片，因为那是我和你之间唯一的共同语言,love
我才不想还你那把雨伞，因为那是我和你一起撑过的唯一天空,love
我才不想还你那本旧书，因为那是我和你唯一的联系感,love
我才没你小气，我会原谅你，谁让我这么喜欢你,love
我才没你那么小气，但我确实想独占你所有的空余时间,love
我才没你那么小气，只要你肯亲我一下，刚才的不愉快一笔勾销,love
我才没兴趣管别人的闲事，我只在乎你这个笨蛋今天有没有吃饱,love
我才没有想念你呢，也就是一天想了八百次而已。,love
我把你写进我的每一首歌里，让全世界都知道我有多么爱你。,love
我把对你的所有爱意，都藏进了一日三餐和琐碎的关怀里。,love
我把尊严踩在脚下挽留你，你却把它当成炫耀的资本,anger
我把心都掏给你了，你却嫌它血淋淋的，随手丢在地上。,sadness
我把悲伤伪装成坚强，久而久之，连我自己都分不清哪个才是真实的。,sadness
我把悲伤调成了静音模式，以为这样就能瞒过所有人，包括我自己。,sadness
我把所有的心事都埋进土里，希望它们能腐烂，却没想到它们长成了毒药。,sadness
我把所有的温柔都给了你，你却还我一个支离破碎的结局,anger
我把自己锁在记忆的废墟里，看着那些曾经发光的东西一点点蒙上尘埃。,sadness
我把车停在路边看着前方浓得化不开的大雾不敢再往前开,anxiety
我把那些碎掉的期待一片片捡起来，却发现它们早已无法拼凑回最初的模样。,sadness
我把那条消息截图发给朋友，配了两个字：厉害,anger
我担心自己的建议会被拒绝，一直不敢开口...,anxiety
我担心自己的建议会被拒绝，一直不敢开口。,anxiety
我拿到了梦想公司的录取通知书第一反应却是想拨打那个注销的号码,sadness
我挺喜欢这个新出的颜色，看起来很清爽。,contentment
我挺喜欢这种极简主义的装修风格，视觉上很放松。,contentment
我撑伞走了很久，回头才发现身后早已空无一人。,sadness
我放下了执念，我不爱你了。,contentment
我无可救药地爱上了这座城市的灯火，这里就是我的灵魂归处。,love
我明明说得清清楚楚，你却总是顾左右而言他，这种态度真的让人火大。,anger
我曾以为时间是最好的良药，可现在才发现，它只是把伤口藏得更深了而已。,sadness
我最受不了别人对我的家人指手画脚，请自重,anger
我最讨厌别人对我撒谎，尤其是这种低级的谎言,anger
我最讨厌那种借钱不还还天天在朋友圈晒豪餐的人，人品低劣。,anger
我最讨厌那种说话不算话的人了，放了我三次鸽子，绝交吧！,anger
我永远对你着迷。,love
我永远臣服于你。,love
我没了,anxiety
我没事，真的,sadness
我没戏了,sadness
我没有回复，只是把聊天框关掉，永久置顶改成了静音,anger
我深爱着夜晚的星辰，它们像是希望的眼睛，照亮了我的梦境。,love
我深爱着大海的宽广与深邃，那是任何事物都无法取代的震撼。,love
我深爱着晨曦中的第一缕阳光，它总能瞬间点燃我对生活的热情。,love
我深爱着深夜里的那份静谧，那是大自然赐予我最好的礼物。,love
我深爱着舞台上的每一道灯光，那是我的热爱与尊严绽放的地方。,love
我深爱着运动时那种大汗淋漓的畅快，那是生命最原始的律动。,love
我深爱着这片土地的每一寸纹理，它是我的生命之光。,love
我深爱着这种拼搏后的成就感，它是对我热爱生活的最高嘉奖。,love
我深爱着这里的民风与习俗，那种质朴的爱意让我感到无比心安。,love
我深爱着这门语言的韵律美，它是我与世界沟通的最美桥梁。,love
我深爱着阅读带给我的宁静与辽阔，那是我的避世桃源。,love
我热烈地拥抱生命。,love
我热烈地爱着这里的艺术氛围，它让我的灵魂得到了真正的自由。,love
我热烈追求着那种极致的自由，那是我灵魂深处最赤诚的爱。,love
我爱你大坏蛋真的爱,love
我爱你大笨蛋,love
我爱你！,love
我爱你，大坏蛋,love
我爱你，大坏蛋，这辈子你是跑不掉的，乖乖被我宠着吧,love
我爱你，大坏蛋，这辈子你注定是逃不出我的五指山了，乖乖等着被我宠上天吧,love
我爱你，大坏蛋，这辈子你注定是逃不出老子的手掌心了，乖乖等着被我宠坏吧,love
我爱你，大坏蛋，这辈子你都别想甩掉我,love
我爱你，大笨蛋,love
我爱你，大笨蛋，所以求求你赶紧找个好人嫁了吧，别再跟着我受苦了,love
我爱你，比昨天更爱一点,love
我爱你，永远爱你,love
我爱你，永远爱你，大笨蛋,love
我爱你，永远爱你，大笨蛋，你就是这世界上唯一能让我卸下所有防备的那个人,love
我爱你，永远爱你，大笨蛋，你就是这世界上唯一能让老子这种硬汉掉眼泪的人,love
我爱你，永远爱你，大笨蛋，你是这世界上最值得我托付的人,love
我爱你，这辈子都不想和你分开,love
我爱极了深秋的落叶，那种凄美而热烈的色彩是我一生的挚爱。,love
我爱极了那种登顶时的快感，那是对我所有热血与汗水的最好回馈。,love
我爱死这种惊喜了！,joy
我爱死这雨天了。,love
我爱这世间一切美好的事物，爱这生生不息的希望与温柔。,love
我爱这人间的烟火气，爱这熙熙攘攘中每一个充满活力的瞬间。,love
我爱这冬日里的暖阳，它是我在严寒中唯一的、最坚定的慰藉。,love
我爱这城市清晨的呼吸，爱这平凡日子里所有不平凡的惊喜。,love
我爱这山川湖海，爱这大自然鬼斧神工下的每一个奇迹。,love
我爱这满园春色，爱这万物复苏时那一抹最动人的生机。,love
我爱这繁华世界，更爱这世界中每一个努力发光的灵魂。,love
我爱这雨后的青草香，它总能勾起我内心最纯真、最热烈的回忆。,love
我特别佩服您这种能把所有事故都推给别人的职业素养,anger
我特别佩服您这种能把所有亏损都推给别人的职业素养,anger
我特别佩服您这种能把所有延误都推给别人的职业素养,anger
我特别佩服您这种能把所有漏测都推给别人的职业素养,anger
我特别佩服您这种能把所有过失都推给别人的职业素养,anger
我特别佩服您这种能把所有错误都推给别人的职业素养,anger
我疯狂热爱着在这里的每一分每一秒，这种归属感让我沉醉。,love
我的世界曾是一片荒芜，直到你带着万千星辰撞进了我的怀里,love
我的光,love
我的天哪,joy
我的天！我居然在抽奖活动中中了一等奖，这运气简直爆棚了！,joy
我的心一直在悬着，无法落地...,anxiety
我的心一直在悬着，无法落地。,anxiety
我的心只为你跳动。,love
我的心是座空城，你是唯一的城主,love
我的心跳，因为你而狂奔。,joy
我的心跳，因为你而狂奔！,joy
我的怀疑全都被你无赖般的温柔给打败了,love
我的怀疑被你那温暖的拥抱彻底熔化了，我再也不会推开你了,love
我的怀疑都被你那句笨拙的“我爱你”给彻底击碎了,love
我的未来蓝图里全是你，希望能和你白头偕老，共度余生,love
我的未来里全是你,love
我的真心不是你挥霍的筹码，既然不爱了就请滚出我的世界,anger
我的积蓄已经见底了但下个月的房租账单已经提前发到了手机上,anxiety
我的胡思乱想终于停歇了，因为你已经真真切切地站在了我身边,love
我的胡思乱想终于有了终点，那就是和你一起慢慢变老,love
我的胡思乱想终于有了落脚点，那就是你的怀抱,love
我盯着那个不断旋转的加载圆圈，手心全是汗,anxiety
我看完那封邮件，把屏幕亮度调暗，靠在椅背上盯着天花板,anger
我看着那些未读的消息，却再也没有力气去回复任何一个关于关心的词汇。,sadness
我真不知道该怎么形容您的专业度，能把黑的说成白的还不带脸红的,anger
我真佩服您的耐心，能花一整天的时间来琢磨怎么偷懒，也是种天赋。,anger
我真是看错了你，我不爱你了。,anger
我真的不行了,sadness
我真的受够了，我不爱你了。,anger
我真的坚持不下去了。,sadness
我真的好爱你呀，爱到恨不得现在就掐死你，这样你就永远只能属于我一个人了,anger
我真的好爱现在的状态，每天都能见到你，和你一起吃早餐，平凡也甜。,love
我真的好痛。,sadness
我真的好累。,sadness
我真的很喜欢你,love
我真的支撑不下去了。,sadness
我真的走不动了。,sadness
我真的非常羡慕您的自信，哪怕方案一塌糊涂也能讲得天花乱坠,anger
我简直开心得合不拢嘴！,joy
我简直开心得想去拥抱每个人！,joy
我简直开心得想要大喊大叫！,joy
我简直开心得要飞起来了，哈哈！,joy
我简直是天才！,joy
我简直要兴奋得原地蹦迪了！,joy
我简直要兴奋得昏过去了！,joy
我简直要兴奋得语无伦次了！,joy
我简直要兴奋得跳起来了！,joy
我简直要兴奋疯了！,joy
我简直要开心得原地转圈圈了！,joy
我简直要开心得尖叫出声了！,joy
我简直要开心得起飞了！,joy
我简直要被这种喜悦冲昏头了！,joy
我简直要被这种喜悦淹没了！,joy
我简直要被这种快乐治愈了！,joy
我简直要被这种狂喜吞没了！,joy
我简直要跳起来庆祝了！,joy
我终于变成了那个不再期待奇迹发生的成年人。,sadness
我终于学会了不再打扰，哪怕心里还留着那块永远的缺口。,sadness
我终于放下了对那件事的执念却感觉心里空落落的什么都没剩下,sadness
我终于能平静地说出，我不爱你了。,sadness
我终于舍得放下，我不爱你了。,sadness
我胡思乱想了这么久，原来最想要的惊喜就是你的那句“我爱你”,love
我胡思乱想的剧本里，男主角永远只有你一个,love
我胡思乱想的所有未来里，女主角的位置永远都刻着你的名字,love
我胡思乱想的每一个剧本，最后的结局都是我和你步入婚姻殿堂,love
我被这种喜悦彻底融化了！,joy
我被这种喜悦感彻底包围了，真好！,joy
我被这种好心情彻底包围了！,joy
我被这种好心情彻底点燃了，冲啊！,joy
我被这种好运彻底征服了！,joy
我被这种幸福感击中了！,joy
我被这种幸福感彻底淹没了！,joy
我被这种快乐彻底征服了！,joy
我被这种愉悦感彻底占领了！,joy
我被这种狂喜彻底点燃了！,joy
我被这种突如其来的快乐击倒了！,joy
我被这种纯粹的快乐彻底治愈了！,joy
我觉得这种极简的设计风格，看起来更舒服...,contentment
我觉得这种极简的设计风格，看起来更舒服。,contentment
我觉得这种配色的专业感很强，适合正式场合...,contentment
我觉得这种配色的专业感很强，适合正式场合。,contentment
我认为你在这个领域的积累已经非常深厚了。,contentment
我认为你还是更适合做编程，你的逻辑感很强...,contentment
我认为你还是更适合做编程，你的逻辑感很强。,contentment
我认清了现实，我不爱你了。,sadness
我认输了,sadness
我记录下来了，这是第10次投诉，希望不是最后一次,anger
我记录下来了，这是第3次投诉，希望不是最后一次,anger
我记录下来了，这是第4次投诉，希望不是最后一次,anger
我记录下来了，这是第5次投诉，希望不是最后一次,anger
我记录下来了，这是第6次投诉，希望不是最后一次,anger
我记录下来了，这是第7次投诉，希望不是最后一次,anger
我记录下来了，这是第8次投诉，希望不是最后一次,anger
我记录下来了，这是第9次投诉，希望不是最后一次,anger
我试图去抓紧那些快要流逝的回忆，却发现手里只剩下冰冷的空气。,sadness
我试图向别人解释我的痛苦，却发现人类的情感并不总是相通的。,sadness
我试图寻找一个出口，却发现四周全是厚重的、无法逾越的悲伤之墙。,sadness
我试图用忙碌来麻痹自己，可一停下来，那种潮湿的难过就会瞬间决堤。,sadness
我试图通过文字来宣泄我的痛苦，却发现笔尖流出来的全是不甘的泪水。,sadness
我试着去拥抱这个世界，可它给我的只有冰冷的拒绝。,sadness
我该选哪个,anxiety
我说最后一遍，我不爱你了。,anger
我说过很多次，我不爱你了，听不懂吗？,anger
我走在你喜欢的歌单里，每一首歌仿佛都在替我诉说对你的思念,love
我走在你喜欢的歌词意境里，想象着我们就是那对幸福的主角,love
我走在你喜欢的电影场景里，想象着旁边牵着我的人是你,love
我躲在窗帘后面看着那辆黑色轿车在楼下停了整整一个下午,anxiety
我躲在角落里不出声，以为这样就不会被悲伤发现。,sadness
我躲在角落里偷看你的时候，满脑子都是和你过完余生的画面,love
我躲在角落，不是因为孤单，而是在专注地欣赏你的侧脸。,love
我辛辛苦苦做出来的创意，他转手就说是他想出来的，这种人也太恶心了吧。,anger
我辛辛苦苦写了一个月的代码，你居然跟我说需求变了要重写？去死吧！,anger
我辛辛苦苦写的方案，他直接拿去改个名字就发表了，无耻至极！,anger
我辛辛苦苦带大的项目，最后居然给了那个关系户，气得我手抖。,anger
我还没说完你就打断我，你到底懂不懂什么叫礼貌？,anger
我都不知道该怎么夸你了，每次都能精准地在最关键的时候掉链子,anger
我都不知道该怎么夸您了每次都能精准地搞砸最关键的事情,anger
我都明确拒绝了，你还一直死缠烂打，这不叫痴情，这叫骚扰！,anger
我都说了很多遍我不吃香菜，结果外卖送来全是香菜，这商家在想什么？,anger
我都说了我今天不舒服，你还非要让我去陪你逛街，你能不能体谅下我？,anger
我都说了我今天不舒服，你还非要让我去陪你逛街，能不能体谅下我？,anger
我非常有耐心地沟通了很久，但我的耐心也是有限度的。,anger
我非常有耐心地等了三天，现在耐心耗尽了。,anger
战战兢兢,anxiety
战战兢兢。总觉得天花板上有一只巨大的眼睛在监视我，妄想快把我逼疯,anxiety
截止日期快到了，可我还没理出一点头绪来...,anxiety
截止日期快到了，可我还没理出一点头绪来。,anxiety
截止日期快到了，电脑偏偏这时候死机，急得想撞墙,anxiety
截止时间快到了，软件偏偏这时候崩溃，急得我手心全是冷汗,anxiety
房子破也得擦干净，留点体面是最后的反抗，谁也别想整垮我,contentment
房租又要涨了，下个月的开支还没着落，愁得头发都白了,anxiety
房租又要涨了，下个月的开支还没着落，愁得头发都白了，生活好难,anxiety
房租又要涨了，下个月的开支还没着落，愁死,anxiety
房租又要涨了，下个月的开支还没着落，愁死了,anxiety
房租又要涨了，下个月的开支还没着落，愁死我了,anxiety
房租又要涨了，下个月的开支还没着落，愁死我了。,anxiety
房租又要涨了，下月开支还没着落，愁得整晚失眠,anxiety
房租又要涨了，下月开支还没着落，愁得睡不着觉,anxiety
房租又要涨了，下月开支还没着落，愁死,anxiety
房租没着落愁得头发白,anxiety
房租没着落，愁得睡不着,anxiety
房贷、车贷、孩子的学费，压得我喘不过气来，万一失业了怎么办？,anxiety
房贷、车贷、孩子的学费，压得我喘不过气来，万一失业了怎么办？？,anxiety
房贷车贷压得喘不过气，不知道未来的路在哪里,anxiety
房贷车贷快压得我喘不过气了，下个月的钱还不知道在哪。,anxiety
房贷还有二十年，万一突然失业了，这一家老小该怎么活下去啊？,anxiety
所以你们现在的逻辑是，错全在我身上？,anger
所以现在的意思是我的错？，一言不发地推门而出,anger
所以现在的意思是我的错？，把那份方案删掉重写,anger
所以现在的意思是我的错？，猛地合上电脑,anger
所以现在的意思是我的错？，直接拉黑了对方,anger
所以，之前的承诺现在全部都不作数了？,anger
所以，这就是你们最终的解决方案吗？,anger
所有人都说她现在过得很好，她也觉得是，只是有时候深夜会有点空,sadness
所有的努力都得到了回报我站在领奖台上却突然很想大哭一场,sadness
所有的努力都有了回报，这感觉太爽了！,joy
所有的努力都白费了... 生活可真有意思。,anger
所有的努力都白费了... 真是太‘理想’了。,anger
所有的努力都白费了... 这可太‘棒’了。,anger
所有的努力都白费了... 这安排真是‘贴心’得让人想哭。,anger
所有的努力都白费了。托您的福，心情好到了极点。,anger
所有的努力都白费了。真是一场完美的体验。,anger
所有的努力都白费了。真是长见识了。,anger
所有的努力都白费了。这可真是‘谢天谢地’。,anger
所有的努力都白费了。这就是所谓的‘惊喜’吧。,anger
所有的努力都白费了！我可真‘幸运’。,anger
所有的努力都白费了！真是令人‘欣慰’的结局。,anger
所有的努力都白费了！真是愉快的一天。,anger
所有的努力都白费了，感觉人生达到了‘巅峰’。,anger
所有的努力都白费了，我可得好好夸夸这种效率。,anger
所有的努力都白费了，我真是谢谢您了。,anger
所有的告别都悄无声息，就像当初的相遇,sadness
所有的好运似乎都在今天降临，连路边的风铃都在为我歌唱,joy
所有的应聘者请在一楼大厅集合由行政人员统一带往面试间,neutral
所有的心碎，都在时光里释怀了...,contentment
所有的心碎，都在时光里释怀了。,contentment
所有的怀疑和不确定，在看到你微笑的那一刻都变成了答案。,love
所有的怀疑在触碰到你手心温度的那一刻，瞬间瓦解,love
所有的期待都碎了，我不爱你了。,sadness
所有的深情都刻进年轮，只为了在最美的年纪遇见你,love
所有的温柔都想私藏给你一个人,love
所有的温柔都想私藏给你，不让这世界的戾气沾染你半分,love
所有的满心欢喜，最终都变成了客客气气的疏离。,sadness
所有的犹豫在对上你那双清澈眼睛的一秒钟里，全都化成了坚定,love
所有的犹豫都在你亲吻我额头的那一刻，化作了对未来的憧憬,love
所有的犹豫都在你叫我名字的那一刻，化作了坚定的奔向,love
所有的犹豫都在你对我笑的那一秒变成了坚定,love
所有的犹豫都在牵手的那一刻化作了永恒的坚定,love
所有的犹豫都在牵起你手的那一秒，变成了共赴余生的勇气,love
所有的犹豫都在看到你为我撑伞的那一刻，彻底消失不见了,love
所有的犹豫都在看到你背影的那一刻，变成了冲过去拥抱你的冲动,love
所有的误会都解释清楚了我们重归于好却发现再也回不到当初,sadness
所有的阴霾都在这一刻散去，我想乘着风飞向最蓝的天际,joy
所谓的成熟，就是把哭声调成静音，然后在每一个阳光灿烂的早晨，继续像个木偶一样营业,sadness
所谓的成长，大概就是学会了一个人默默消化所有的情绪。,sadness
所谓的长大，就是把哭声调成静音，然后在每一个阳光灿烂的早晨，继续像木偶一样微笑,sadness
所谓长大，就是把哭声调成静音。然后在每一个阳光灿烂的早晨，继续像个木偶一样微笑,sadness
手中的风筝断了线，飞向了那个我再也触碰不到的蓝天,sadness
手心一直在冒汗，那种未知的恐惧笼罩着我。,anxiety
手心不知道什么时候出了汗，我在纸上写了几行字又划掉,anxiety
手心冒汗，心里发毛,anxiety
手心出汗,anxiety
手心微微出汗，一遍遍刷新网页,anxiety
手心微微出汗，不停地确认闹钟设置,anxiety
手心微微出汗，反复检查手机有没有新消息,anxiety
手心微微出汗，在门口来回走动,anxiety
手心的温度告诉我，这不是梦境，而是触手可及的幸福,love
手心的温度就是最确定的答案，不用再怀疑了,love
手心的温度是真实的，你对我的宠溺也是真实的，这不是梦境,love
手心里全是冷汗，一遍又一遍刷新那个空白页面,anxiety
手心里全是冷汗，反复确认门窗是否关好,anxiety
手心里全是冷汗，在走廊里来回踱步,anxiety
手心里全是冷汗，太阳穴跳动得厉害,anxiety
手心里全是冷汗，屏幕上红色的倒计时正在闪烁,anxiety
手心里全是冷汗，心脏撞击胸腔的声音异常清晰,anxiety
手心里全是冷汗，把那个文件夹打开又关上,anxiety
手心里全是冷汗，时钟的滴答声在房间里异常响亮,anxiety
手心里全是冷汗，电脑散热器的轰鸣声让人心烦意乱,anxiety
手心里全是冷汗，盯着屏幕上的第一行字看了十分钟,anxiety
手心里全是冷汗，走廊尽头传来的脚步声越来越近,anxiety
手忙脚乱,anxiety
手指划过粗糙的亚麻桌布，这种质朴而真实的触感，让我的情绪稳定且充盈。,contentment
手指划过粗糙的陶罐边缘，这种朴拙的质感让我的心跳都平稳了下来。,contentment
手术灯灭。主刀医生摘下口罩对我点点头。我走出医院，觉得路边的垃圾桶都闪着圣光,joy
手机亮起的每一个通知铃声，都像是在我紧绷的神经上重重弹了一下,anxiety
手机内存满了，删照片删了半天，每张都舍不得,contentment
手机屏幕亮起又熄灭，循环了整夜，我在等一个你永远不会发的晚安,anxiety
手机屏幕在深夜无缘无故亮起。摄像头对准我的脸。我不敢动，呼吸被屏幕的白光冻结在半空,anxiety
手机屏幕摔了个稀巴烂... 我可得好好夸夸这种效率。,anger
手机屏幕摔了个稀巴烂... 真是令人‘欣慰’的结局。,anger
手机屏幕摔了个稀巴烂... 真是愉快的一天。,anger
手机屏幕摔了个稀巴烂。我可真‘幸运’。,anger
手机屏幕摔了个稀巴烂。我真是谢谢您了。,anger
手机屏幕摔了个稀巴烂。真是一场完美的体验。,anger
手机屏幕摔了个稀巴烂。真是长见识了。,anger
手机屏幕摔了个稀巴烂。这可太‘棒’了。,anger
手机屏幕摔了个稀巴烂。这可真是‘谢天谢地’。,anger
手机屏幕摔了个稀巴烂！感觉人生达到了‘巅峰’。,anger
手机屏幕摔了个稀巴烂！生活可真有意思。,anger
手机屏幕摔了个稀巴烂，托您的福，心情好到了极点。,anger
手机屏幕摔了个稀巴烂，真是太‘理想’了。,anger
手机屏幕摔了个稀巴烂，这安排真是‘贴心’得让人想哭。,anger
手机屏幕摔了个稀巴烂，这就是所谓的‘惊喜’吧。,anger
手机屏幕有道划痕，不影响使用,neutral
手机屏幕的冷光似乎仿佛窒息的前兆。这种状态真糟糕。,anxiety
手机屏幕的冷光似乎已经让人手足无措。真希望这一切快点结束。,anxiety
手机屏幕的冷光似乎已经让思绪变得混乱。这种煎熬何时是个头。,anxiety
手机屏幕的冷光似乎已经让思绪变得混乱。连呼吸都变得沉重。,anxiety
手机屏幕的冷光似乎让人手足无措，感觉要出大事。,anxiety
手机屏幕的冷光似乎让思绪变得混乱。真希望这一切快点结束。,anxiety
手机屏幕的冷光必然让人心跳不自觉加快。这种状态真糟糕。,anxiety
手机屏幕的冷光必然让人心跳不自觉加快。连呼吸都变得沉重。,anxiety
手机屏幕的冷光必然让人心跳不自觉加快，感觉要出大事。,anxiety
手机屏幕的冷光必然让人手足无措。这种煎熬何时是个头。,anxiety
手机屏幕的冷光必然透着一股紧迫感。这种状态真糟糕。,anxiety
手机屏幕的冷光必然透着一股紧迫感，感觉要出大事。,anxiety
手机屏幕的冷光总会仿佛窒息的前兆。这种煎熬何时是个头。,anxiety
手机屏幕的冷光总会加剧了内心的不安。连呼吸都变得沉重。,anxiety
手机屏幕的冷光总会让人心跳不自觉加快。这种状态真糟糕。,anxiety
手机屏幕的冷光真的让人手足无措。真希望这一切快点结束。,anxiety
手机屏幕的冷光真的让思绪变得混乱。真希望这一切快点结束。,anxiety
手机屏幕的冷光真的透着一股紧迫感。真希望这一切快点结束。,anxiety
手机屏幕的冷光确实仿佛窒息的前兆。这种状态真糟糕。,anxiety
手机屏幕的冷光确实加剧了内心的不安。这种状态真糟糕。,anxiety
手机屏幕的冷光确实透着一股紧迫感。这种状态真糟糕。,anxiety
手机屏幕的冷光确实透着一股紧迫感，感觉要出大事。,anxiety
手机屏幕的冷光竟然仿佛窒息的前兆。真希望这一切快点结束。,anxiety
手机屏幕的冷光竟然让人手足无措。这种煎熬何时是个头。,anxiety
手机屏幕的冷光竟然让人手足无措，感觉要出大事。,anxiety
手机屏幕的冷光竟然透着一股紧迫感。这种煎熬何时是个头。,anxiety
手机屏幕的冷光竟然透着一股紧迫感，感觉要出大事。,anxiety
手机屏幕的冷光让人心跳不自觉加快。真希望这一切快点结束。,anxiety
手机屏幕的冷光让思绪变得混乱。连呼吸都变得沉重。,anxiety
手机屏幕的冷光让思绪变得混乱，感觉要出大事。,anxiety
手机屏幕的冷光透着一股紧迫感。真希望这一切快点结束。,anxiety
手机屏幕的冷光透着一股紧迫感。这种状态真糟糕。,anxiety
手机屏幕的左上角显示当前时间为上午十点十五分。,neutral
手机才买三个月就死机，去售后还说是我人为损坏，真是花钱买气受。,anger
手机摔碎了屏幕，换个屏好几百，心疼,anger
手机支付总觉得屏幕后面有只眼盯着我的魂，赛博恐怖快杀了我,anxiety
手机没电了,neutral
手机没电了怎么办,anxiety
手机没电了，充电器还坏了，烦,anger
手机没电了，感觉整个人失联了...,anxiety
手机没电了，感觉整个人失联了。,anxiety
手机没电了，感觉整个人失联了！,anxiety
手机没电了，感觉整个人失联了～,anxiety
手机电量只剩1%了，我还在荒郊野外，这种失联的恐惧感瞬间袭来。,anxiety
手机电量只剩1%，又找不到充电宝，焦虑得想原地消失,anxiety
手机电量只剩百分之一而我正处在一个完全陌生的高速路口,anxiety
手机电量只剩百分之二了，充电宝又没带，而我还没找到出站口,anxiety
手机还有电,neutral
手机连接充电器后，状态栏的电池图标内会出现闪电标记。,neutral
手机里存满了回忆，却再也找不到发消息的理由,sadness
手机里那条未发出的草稿，终究还是随着旧手机一起进了垃圾桶,sadness
手松开的沉默，连着我这颗心也一起死在了那个路口,sadness
手舞足蹈,joy
才华跟不上野心让我好累,anxiety
才华跟不上野心，我好累,anxiety
扎心了,sadness
打卡了日照金山，所有的颠簸和高反，在这一刻都值了,joy
打扰了,sadness
打是亲骂是爱，我对你发脾气就是因为我超级在乎你。,love
打着原创旗号搞抄袭，简直侮辱智商，这种人赶紧糊吧,anger
打着原创旗号搬运视频，简直侮辱观众智商，这种人赶紧封号吧,anger
打着艺术旗号行骚扰之实的人简直是败类,anger
打车遇到司机绕路，多花了一倍钱,anger
托您的福，我现在的处境真是太‘理想’了。,anger
托您的福，我现在的进度完全停滞了。,anger
执子之手,love
扬眉吐气。在全家人都不看好的情况下，靠这门手艺买了房，真他妈爽,joy
扬眉吐气。在那场极其不公的学术评议中，我靠着扎实的数据让那帮老学究闭了嘴，那种感觉真好,joy
扬眉吐气。在那场极其卑鄙的伏击中反杀了那个不可一世的头目，看着他惊恐的眼，我爽了,joy
扬眉吐气。靠着自己手写的逻辑代码重启了整个社区的电力系统，看着灯火亮起，我觉得我是神,joy
扬眉吐气。靠着自己捡垃圾攒下的钱，供女儿读完名校，那些邻居全闭嘴,joy
找到了失踪很久的耳机，开心,joy
承诺太重，最后只剩下满地的碎片。,sadness
把你的手放进我的口袋，这种温度就是我追求的全部未来,love
把你的照片删了，我不爱你了。,sadness
把合影翻了过来，空荡荡的房间里没有回声,sadness
把合影翻了过来，街道上人来人往却很安静,sadness
把合影翻了过来，路灯下只有自己的影子,sadness
把合影翻了过来，雨水打在窗户上模糊了视线,sadness
把名字刻在手心，每一次紧握都是对未来的笃定,love
把回忆都烧了吧，我不爱你了。,sadness
把家里打扫得干干净净，闻着淡淡的柠檬香气，心里特别踏实稳当。,contentment
把家里打扫得干干净净，阳光洒在木地板上，这种感觉很踏实,contentment
把家里的旧物清理了一下，整个房间宽敞多了...,contentment
把平凡过成诗，我也满足,contentment
把悲伤留给自己，你的美丽让你带走...,sadness
把悲伤留给自己，你的美丽让你带走。,sadness
把我的东西还给我，我不爱你了。,anger
把我的真心撕碎，你凭什么还能理直气壮？,anger
把我的真心撕碎，你真的很残忍。,anger
把我的真心撕碎，你真的很残忍！,anger
把所有深情都揉进月色里，只为了在你窗前留下一抹温柔,love
把所有的回忆烧毁，彻底结束。,anger
把所有的回忆烧毁，彻底结束！,anger
把手机屏幕点亮又关掉，点亮又关掉，就这样过了二十分钟,anxiety
把最好的年华都给了你，最后你却轻飘飘地说一句‘不合适’，我该怎么释怀？,sadness
把最美的誓言，都在今天兑现...,love
把最美的誓言，都在今天兑现。,love
把真心喂了狗大概就是这种感觉，不仅恶心，还让人觉得愤怒得发抖。,anger
把积压的信件一一拆阅并妥善归档，这种生活重归掌控的秩序感极其治愈。,contentment
把积攒了许久的杂物彻底清理掉，看着明亮宽敞的房间，整个人都舒畅了。,contentment
把积攒的家务一点点理顺，看到屋子变得整洁，心里也变得亮堂。,contentment
把积攒的繁琐家务理顺，看到屋子重现亮堂，这种成就感虽然微小但很真切。,contentment
把紧锁的眉头彻底舒展开，感受着面部肌肉放松后的那份自然与自在。,contentment
把紧锁的眉头彻底舒展开，感受着面部肌肉放松后的那份自然，觉得格外知足。,contentment
把紧锁的眉头彻底舒展开，感受着面部肌肉放松后的那份自然，觉得格外踏实。,contentment
把那个文件夹打开又关上，一遍又一遍刷新那个空白页面,anxiety
把那个文件夹打开又关上，反复确认门窗是否关好,anxiety
把那个文件夹打开又关上，呼吸频率变得急促且浅,anxiety
把那个文件夹打开又关上，在草稿纸上乱涂乱画,anxiety
把那个文件夹打开又关上，在走廊里来回踱步,anxiety
把那个文件夹打开又关上，屏幕上红色的倒计时正在闪烁,anxiety
把那个文件夹打开又关上，心脏撞击胸腔的声音异常清晰,anxiety
把那个文件夹打开又关上，手心里全是冷汗,anxiety
把那个文件夹打开又关上，时钟的滴答声在房间里异常响亮,anxiety
把那个文件夹打开又关上，每隔几秒就按亮一次手机屏幕,anxiety
把那个文件夹打开又关上，窗外的树影在风中剧烈晃动,anxiety
把那个文件夹打开又关上，背后出了一层薄汗,anxiety
把那个文件夹打开又关上，腿肚子止不住地打战,anxiety
把那个文件夹打开又关上，走廊尽头传来的脚步声越来越近,anxiety
把那些纷乱的思绪像旧报纸一样折叠整齐，内心的杂音瞬间消失了。,contentment
把那些纷乱的思绪像旧报纸一样折叠整齐，内心的杂音瞬间被过滤干净了。,contentment
把那些纷乱的欲望像积木一样推倒重来，发现最简单的生活基底反而最让人知足。,contentment
把那张旧车票夹进书里，空荡荡的房间里没有回声,sadness
把那张旧车票夹进书里，街道上人来人往却很安静,sadness
把那张旧车票夹进书里，路灯下只有自己的影子,sadness
把那张旧车票夹进书里，雨水打在窗户上模糊了视线,sadness
把阳台种满了各种各样的鲜花，每天看着它们生长，心里的节奏也慢了。,contentment
把领带系好，外套扣子扣上，出门记得照顾好自己，我在家里等你。,love
投资的小项目居然翻倍了，简直像做梦一样，这一刻太兴奋了,joy
投资的股票今天全线涨停，简直不敢相信自己的眼睛,joy
投资的那个小项目居然在这个月翻倍了，简直像做梦一样,joy
抖,anxiety
折磨全组的难题解决了,joy
抢到了偶像演唱会的票！尖叫！,joy
抢到了想看的演出票，和朋友击了个掌,joy
抢到了想看的演出票，在心里给自己点了个赞,joy
抢到了想看的演出票，忍不住哼起了歌,joy
抢到了想看的演出票，脚步都变得轻快了,joy
抢到了最后一个肉包子，开心,joy
抢到了！我想了半年的演唱会门票终于抢到了！手都在抖，今晚要做个好梦了。,joy
抢到了！最后一张票被我刷到了，这种失而复得的感觉谁懂,joy
报告六十页,neutral
抱抱,love
抱抱我好吗,love
抽到想要的东西太开心了,joy
抽到想要的卡了，开心爆了,joy
抽卡竟然一次就出了SSR，这运气绝了！,joy
抽屉里还收着那枚没送出去的戒指。只是现在它只是一个提醒我有多愚蠢的金属圈,sadness
抽屉里还收着那枚没送出去的戒指。后来只是落满了灰，再也没人拿出来用过,sadness
抽屉里还收着那枚没送出去的戒指。后来现在它只是一个提醒我有多愚蠢的金属圈,sadness
抽屉里还收着那枚没送出去的戒指。然而只是落满了灰，再也没人拿出来用过,sadness
抽屉里还收着那枚没送出去的戒指。然而现在它只是一个提醒我有多愚蠢的金属圈,sadness
抽屉里还收着那枚没送出去的戒指。直到如今屏幕坏了，那些笑容再也点不亮了,sadness
抽屉里还收着那枚没送出去的戒指，但后来其中一只碎了，剩下的那只也被我扔进了垃圾桶,sadness
抽屉里还收着那枚没送出去的戒指，但如今屏幕坏了，那些笑容再也点不亮了,sadness
抽屉里还收着那枚没送出去的戒指，可终点站的那个人，早就不在原地了,sadness
抽屉里那封从未寄出的信，字里行间全是年少时最单纯、最炽热的爱慕,love
抽屉里那封发黄的情书，字里行间全是年少时最单纯的冲动与喜悦,joy
抽屉里那张泛黄的头等奖奖状，是我那些年奋斗过的最好证明,joy
抽屉里那张泛黄的情书，字里行间全是年少时最单纯的冲动与喜悦,joy
担心事情,anxiety
担心事情不按计划走,anxiety
担心事情不顺利,anxiety
担心事情出问题,anxiety
担心事情变糟,anxiety
担心事情失控,anxiety
担心事情搞砸很紧张,anxiety
担心出错一直想,anxiety
担心出问题,anxiety
担心别人不喜欢我,anxiety
担心努力只是感动了自己，巨大的空虚和无力感让我真的好想放弃,anxiety
担心家人健康出问题让我整天紧绷,anxiety
担心搞砸,anxiety
担心明天,anxiety
担心明天的安排,anxiety
担心明天表现,anxiety
担心明天表现不好,anxiety
担心未来,anxiety
担心未来怎么办，越想越焦虑,anxiety
担心未来方向有点迷茫,anxiety
担心未来有点迷茫,anxiety
担心未来的走向,anxiety
担心结果,anxiety
担心结果不好,anxiety
担心结果不好一直紧张,anxiety
担心自己处理不好,anxiety
担心自己的才华跟不上自己的野心,anxiety
担心自己的才华跟不上自己的野心让我好累,anxiety
担心自己的才华跟不上自己的野心，这种焦虑感时刻在内心焦灼,anxiety
担心自己的未来会像这迷雾中的路一样，看不见方向也找不着出口,anxiety
担心自己的未来会像迷雾中的航船找不到灯塔,anxiety
担心被拒绝有点慌,anxiety
担心被拒绝，不敢说,anxiety
拆开快递发现实物比图片还要精致，这钱花得真值,joy
拉黑不送,anger
拉黑了，别联系了,anger
招摇撞骗的人真恶心,anger
拨云见日。在那场极其漫长的基因筛查中拿到了“未变异”的证明，我走出检测站，阳光真刺眼,joy
拨云见日。在那场极其艰难的医疗纠纷中，我拿到了关键的监控录像，看着院长发青的脸，我太爽了,joy
拨云见日。在那场漫长的诽谤官司中，终于拿到关键录音，看着他脸发青,joy
拳头硬了，真的忍不了,anger
拿到offer开心,joy
拿到了梦想机票,joy
拿到了第一份工资的第一件事就是给爸妈买了礼物,joy
拿到了第一份工资的第一件事就是给爸妈买了礼物，这种感觉太奇妙了,joy
拿到了第一份工资，这种感觉太奇妙了,joy
拿到了第一笔副业收入，虽然不多，但这种靠自己技能赚钱的感觉太奇妙了,joy
拿到了第一笔技能变现的收入，虽然不算巨款，但这种被市场认可的感觉太奇妙了,joy
拿到了第一笔理财收益，虽然不多，但这种钱生钱的初体验真的太让人兴奋了,joy
拿到全国大奖，感觉所有付出终于被看到了，成就感真的爆棚了,joy
拿到出版合同的时候，手抖得连笔都拿不住，这三年的地下室生活，终于看到了隧道口的亮光,joy
拿到大厂录取通知书狂喜无法言表,joy
拿到大厂录取通知书，狂喜无法言表,joy
拿到大厂录取通知书，那种狂喜的感觉简直无法言表,joy
拿到大厂录取通知的那一刻，我蹲在路灯下蹦跶了好久，终于翻身了,joy
拿到大厂的录取通知书，我激动得在出租屋里疯狂尖叫，那一刻我觉得自己出头了,joy
拿到大厂的录取通知书，我激动得在出租屋里疯狂尖叫，那一刻我觉得自己真的出头了,joy
拿到奖杯的那一刻，我只想对那个曾经想要放弃的自己说声谢谢,joy
拿到奖金了，今晚全家去加餐,joy
拿到奖金了，今晚加餐,joy
拿到奖金全家加餐,joy
拿到奖金的那一刻，所有的熬夜都值了,joy
拿到工资了爽歪歪,joy
拿到年终奖了爽,joy
拿到年终奖了爽翻了,joy
拿到年终奖的第一件事就是去吃顿大餐，冲！,joy
拿到年终奖的第一件事就是去吃顿好的，冲冲冲！,joy
拿到年终奖的第一反应不是开心，而是想大哭一场，为了这几块钱我到底丢了多少尊严,sadness
拿到年终奖的那一刻，我感觉自己所有的加班和汗水全都没白费，真燃,joy
拿到年终奖的那天，我一个人去咱们以前常去的那家面馆坐了很久，可惜对面的人再也不会回来了,sadness
拿到年终奖的那天，我一个人去咱们以前常去的那家面馆坐了很久，可惜对面的位子已经空了两年,sadness
拿到年终奖的那天，我发现自己居然没有一点开心的感觉，只剩下满心的疲惫和厌倦,sadness
拿到年终奖的那种喜悦感，虽然不够买房，但足够让我回家给爸妈买个大件了，那是唯一的欣慰,joy
拿到年终奖金了，今晚必须要全家总动员去吃顿好的，犒劳一下自己,joy
拿到录取通知书的那一刻，感觉人生都亮了,joy
拿到录取通知书的那一刻，我感觉自己所有的努力都开出了花,joy
拿到录取通知书的那一刻，我觉得之前的苦读全都有了回报,joy
拿到录取通知书的那天，我一个人在河边坐了好久，那是重生的感觉,joy
拿到录取通知书的那天，我哭了好久,joy
拿到录取通知书那天，我哭了好久,joy
拿到录取通知狂喜无法言表,joy
拿到心仪公司Offer的那天我买了一整箱可乐,joy
拿到心仪已久的录取通知书，我控制不住地在操场上狂奔了好几圈,joy
拿到心仪已久的录取通知书，我控制不住地在院子里跑了好几圈，爽翻了,joy
拿到心仪已久的礼物，那种满足感让嘴角怎么也放不下来,joy
拿到心仪已久的礼物，那种满足感让嘴角的弧度怎么也压不下来,joy
拿到拆迁款的那天，我第一反应是去买你生前最想吃的那家燕窝，可是对着你的墓碑，我怎么也咽不下去,sadness
拿到梦想职位的录取通知，那一刻我想大声告诉全世界,joy
拿到第一份入职通知，一个人在无人的江边对着对岸的灯火狂吼，那一刻我觉得我终于活过来了,joy
拿到第一份奖学金的那天，我请全宿舍吃了一顿大餐，真开心,joy
拿到第一份完全属于自己的土地所有权证，我躺在泥土上大笑，这种拥有地皮的安全感，爽爆了,joy
拿到第一份工资的第一件事就是给爸妈买了礼物,joy
拿到第一份工资的第一件事就是给爸妈买了礼物，这种能回报家人的感觉真好,joy
拿到第一份工资的第一件事，就是给家里常年操劳的奶奶买了一对金灿灿的耳环,joy
拿到第一份工资的第一件事，就是给远在老家的父母每人买了身新衣服,joy
拿到第一份工资的那天，我给爸妈各买了一套衣服，心里美滋滋的,joy
拿到第一份工资的那天，给爸妈买了礼物，心里特别自豪,joy
拿到第一份工资给老爸买了块表,joy
拿到第一份工资给老爸买了块表看他笑得真憨,joy
拿到第一份工资给老爸买了表,joy
拿到第一份工资，我买了两瓶最贵的白酒直接倒在了老爸坟前，那种爽感你懂吗,joy
拿到第一份工资，我做的第一件事就是给老爸买了部新手机,joy
拿到第一份工资，给老妈买了块表,joy
拿到第一份正式工作的入职邀请，值了,joy
拿到第一份正式工作的入职邀请，感觉所有的努力都在这一刻得到了交代，值了,joy
拿到第一份正式工作的入职邀请，我一个人在无人的江边对着对岸的灯火狂喊，那一刻我觉得我赢了,joy
拿到第一份正式工作的入职邀请，所有的辛苦都值了,joy
拿到第一份正式工作的入职邀请，激动,joy
拿到第一份正式工作的入职邀请，激动！,joy
拿到第一份正式工作的入职邀请，这一刻我觉得所有的辛苦都烟消云散了，开心,joy
拿到第一份正式工作的录取通知书的那一刻，我感觉整个人都像是在燃烧，之前的所有付出都值了,joy
拿到第一份正式工作的录取通知书，我蹲在路边的绿化带里哭得像个傻子，原来长大真的好累,sadness
拿到第一份正式工作的录取通知，太燃了,joy
拿到第一份正式工作的录取通知，我蹲在路边的花坛上哭了一个小时，原来当个大人这么难,sadness
拿到第一份正式工作的通知书，我一个人在宿舍里坐到了天亮，原来这就是成年的代价,sadness
拿到第一份正式工资，我一个人去路边摊吃到了撑，然后蹲在马路牙子上哭了好久,sadness
拿到第一份独立制作的实验电影公映许可，看着大银幕上流动的光影，我觉得这几年的泡面全值了,joy
拿到第一份独立完成的建筑设计方案，那种从无到有创造美的快感，让我觉得这辈子值了,joy
拿到第一份用劳动力换来的、干净的补给包，我蹲在战壕里大口吞咽，那种食物划过食道的真实感，太爽了,joy
拿到第一份用自己的画笔换来的稿费，那种被认可的爽快感，让我觉得之前的努力全值了,joy
拿到第一份稿费的喜悦感，比捡到大钱还要开心，那是对我能力的肯定,joy
拿到第一份稿费的那种喜悦感，真的比在大街上捡到大钱还要让人开心，那是对我这种烂人唯一的肯定,joy
拿到第一份稿费的那种喜悦感，真的比在大街上捡到金条还要让人开心，那是对我这种废物唯一的肯定,joy
拿到第一份稿费的那种喜悦感，真的比捡到大钱还要让人开心，那是对我这种废物唯一的肯定,joy
拿到第一份稿费的那种喜悦感，真的比捡到大钱还要让人觉得开心极了,joy
拿到第一份稿费的那种喜悦感，真的比捡到大钱还要让人觉得开心，那是对我能力的肯定,joy
拿到第一份稿费的那种喜悦感，真的比捡到大钱还要让人觉得开心，那是对自己能力的肯定,joy
拿到第一份稿费，我买了一大堆以前想吃却买不起的零食去喂路边的野猫，那一刻我觉得自己比那些大款都富有,joy
拿到第一份稿费，我买了一大堆以前舍不得买的零食去喂流浪猫，那一刻我觉得自己像个真正的富豪,joy
拿到第一笔业务提成，我买了两瓶最便宜的红酒一个人在屋顶喝到吐，那种感觉真爽,joy
拿到第一笔业务提成，我立刻给全家人都换了新衣服，看他们开心我就爽,joy
拿到第一笔兼职工资，我买了两桶最贵的方便面一个人在天桥下吃出了大餐的感觉，真爽,joy
拿到第一笔创业基金的那天，我独自在河边坐了很久，那是希望的味道,joy
拿到第一笔正式工资，我给爸妈买了他们念叨了一辈子的按摩椅，看到他们那副受宠若惊的样子我真爽,joy
拿到第一笔正式的业务提成，我立刻带全家人去吃了一顿海鲜大餐,joy
拿到第一笔稿费的那种成就感，真的比捡到钱还要让人觉得棒极了,joy
拿到第一笔稿费，我买了一大堆好吃的去喂流浪狗，那一刻我觉得自己比那些有钱人高尚多了,joy
拿到第一笔稿费，这种感觉比什么都棒,joy
拿到第一笔稿费，这种感觉真棒,joy
拿到第一笔靠实打实流汗挣来的工资，我买了一只最贵的烧鸡，蹲在天桥上啃出了英雄感,joy
拿到第一笔项目奖金，我立刻去给全家人每人换了一部最新的遥控手机,joy
拿到老屋权证的那刻蹲门口哭了好久，终于有根了，再也不用搬家了,joy
拿到行业大奖，感觉这么多年的血汗全都值了，老子没白拼命,joy
拿到这笔丰厚的年终奖金了，今晚必须要全家出动去吃顿顶级的，好好奖赏一下自己,joy
拿到这笔丰厚的年终奖，我第一反应是去当初嘲笑我是穷光蛋的那个饭店点了一桌最贵的菜,joy
拿到这笔巨额的封口费，我看着那一串零，居然笑得连腰都直不起来了，原来尊严在钱面前真的什么都不是,joy
拿到这笔意外的横财，我第一反应是去那个曾经看不起我的专卖店把所有的镇店之宝都买下来,joy
拿到这笔沉甸甸的年终奖，我第一反应是去那个当初看不起我的专柜买下所有衣服,joy
拿到这笔用命换来的工伤款，我看着那张支票，居然想起了咱们当初一起吃馒头的日子,sadness
拿到这笔用命换来的工伤赔偿金了，今晚必须要全家去吃顿最贵的，好好安抚一下自己,joy
拿到这笔用命换来的工钱，我看着那几张皱巴巴的钞票，居然想起了咱们当初一起在路灯下分吃一个冷馒头的日子,sadness
拿到这笔用尊严换来的工钱，我看着那几张沾满污渍的钞票，居然想起了咱们当初分吃一个馒头的日子,sadness
拿到这笔用尊严换来的工钱，我看着那几张皱巴巴的钞票，居然想起了咱们当初分吃馒头的日子,sadness
拿到这笔用尊严换来的薪水，我看着那几张皱巴巴的钱，居然想起了咱们当初分吃一个馒头的日子,sadness
拿到这笔用汗水换来的工资，我看着那张薄薄的纸片，居然想起了咱们当初的誓言,sadness
拿到这笔用血汗换来的工资，我看着那几张皱巴巴的钱，居然想起了咱们当初分馒头的日子,sadness
拿到这笔用血汗换来的工钱，我看着那几张皱巴巴的钞票，居然想起了咱们当初一起看星星的日子,sadness
拿到这笔用血汗换来的工钱，我看着那几张皱巴巴的钞票，居然想起了咱们当初分吃一个馒头的日子,sadness
拿到这笔用血汗换来的工钱，我看着那几张破旧的钞票，居然想起了咱们当初一起在路灯下分吃一个馒头的日子,sadness
拿到这笔用血汗换来的薪水，我看着那几张皱巴巴的钞票，居然想起了咱们当初分吃一个发霉馒头的日子,sadness
拿到这笔赔偿金，我第一件事就是去买当初你最想要却买不起的那款包，可惜你不在了,joy
拿到这第一笔凭借自己汗水换来的稿费，那种发自内心的成就感，真的比任何事情都要棒极了,joy
拿到这第一笔卖废品挣来的血汗钱，我做的第一件事就是给生病的邻居阿婆买了一斤红糖,joy
拿到通知书了开心,joy
拿到那个冷门奖项的瞬间，我第一反应不是狂喜，而是终于可以跟那个一直否定我的父亲说一句：你看，我没走错路,joy
拿到那个含金量极高的证书，值了,joy
拿到那个挑战性的合同，燃爆了,joy
拿到那个极具含金量的奖杯时手都在抖,joy
拿到那个极具含金量的证书，太爽了,joy
拿到那个极具含金量的证书，我觉得之前的辛苦都烟消云散了,joy
拿到那个极具挑战性的全国销售冠军，我感觉自己像是站在了泰山之巅一样豪迈,joy
拿到那个极具挑战性的区域搬运大赛第一名，我感觉自己像是成了这片码头的主人一样威风,joy
拿到那个极具挑战性的项目合同，我感觉整个人都充满了斗志,joy
拿到那个极具挑战性的项目合同，我感觉自己浑身充满了战斗力,joy
拿到那个极具挑战性的项目合同，整个人都燃起来了,joy
拿到那个极具挑战性的项目合同，爽,joy
拿到那个梦寐以求的冷门古物修复证书，那种触摸千年前纸张的战栗，让我觉得我还没彻底异化,joy
拿到那个梦寐以求的冷门地质奖，那种在岩层深处与亿万年前的灵魂对话的战栗，胜过所有掌声,joy
拿到那个梦寐以求的冷门地雷排除证书，那种在死亡边缘精准拆解的成就感，让我觉得自己正与神明博弈,joy
拿到那个梦寐以求的冷门文学奖，那种在荒野中被同类发现的惊喜感，胜过所有的奖金,joy
拿到那个梦寐以求的冷门生物奖。那种在显微镜下与真理对视的快感，胜过所有的掌声,joy
拿到那个梦寐以求的冷门生物奖，那种在微观世界里被真理亲吻的战栗感，胜过所有的掌声,joy
拿到那份代表最高荣誉的行业大奖，我感觉自己这么多年流的血和汗全值了，老子没白折腾,joy
拿到那份代表最高荣誉的行业大奖，我感觉自己这么多年流的血和汗全值了，老子没白拼命,joy
拿到那份代表最高荣誉的行业大奖，我感觉自己这么多年流的血和汗全都在这一刻值了，老子没白拼命,joy
拿到那份代表最高荣誉的行业大奖，我感觉自己这么多年的辛苦全值了,joy
拿到那份代表行业最高水平的专家证书，我感觉自己这么多年的通宵熬夜全值了，老子不孬,joy
拿到那份写着“全额退款”的判定书，我把这几年的投诉单付之一炬，火光映得脸生疼，真爽,joy
拿到那份写着“失踪人口已找回”的结案通知，我坐在派出所的长椅上笑出了声，这辈子值了,joy
拿到那份写着“未检测到辐射残留”的体检报告，我走出检测站，对着那片灰蒙蒙的天空长舒了一口气,joy
拿到那份写着“母子平安”的诊断书，我跪在手术室门口号啕大哭，那种劫后余生的快感，无法替代,joy
拿到那份写着“良性”的病理报告，我走出医院大门，觉得那天满大街的尾气都是香的,joy
拿到那份揭露公司高层全是异型生物的机密U盘，我躲在通风管道里发抖，这世界真荒谬,joy
拿到那份极其丰厚的项目分红，我第一件事就是去给那家孤儿院捐了款，那种爽感没法形容,joy
拿到那份极具争议性的基因编辑实验数据，我知道我在挑战伦理，但那种造物主的错觉真美,joy
拿到那份极具争议性的实验数据。我知道我在挑战神灵。但那种造物主的错觉，真美,joy
拿到那份极具争议性的实验数据时，我知道我要挑战权威，但那种触碰真理的快感真棒,joy
拿到那份极具争议性的实验数据时，我知道自己可能要挑战整个权威，但那种站在真理边缘的快感，让我兴奋得颤抖,joy
拿到那份极具争议性的实验数据时，我知道自己可能要挑战权威，但那种触碰禁忌的快感真棒,joy
拿到那份极具争议性的战地调查周刊，看着上面印着我拍的那张真相照片，那种揭露罪恶的战栗，胜过万金,joy
拿到那份极具争议性的物种演化报告时，我知道我要挑战神灵，但那种触碰禁忌的快感，真美,joy
拿到那份极具争议性的社会学调查报告时，我知道我要得罪很多人，但那种说真话的快感真棒,joy
拿到那份极具争议的实验数据，我知道自己要挑战权威。但那种触碰禁忌的快感，真棒,joy
拿到那份极具争议的实验数据，我知道自己要挑战权威，但那种触碰禁忌的快感真棒,joy
拿到那份极具含金量的专利授权书，我第一反应是去给当年的物理老师上坟，老子没给你丢人,joy
拿到那份极具挑战性的全国大奖。我感觉自己所有的付出终于被看到了。老子熬出来了,joy
拿到那份极具挑战性的全国大奖，我感觉自己所有的付出终于在这一刻被看到了，成就感真的爆棚了,joy
拿到那份极具挑战性的全国大奖，我感觉自己所有的付出终于被看到了,joy
拿到那份极具挑战性的全国大奖，我感觉自己所有的付出终于被看到了，成就感真的爆棚,joy
拿到那份极具挑战性的全国大奖，我感觉自己所有的付出终于被看到了，成就感真的爆棚了,joy
拿到那份极具挑战性的全国大奖，我感觉自己所有的付出终于被看到了，老子终于熬出来了,joy
拿到那份极具挑战性的全国大奖，我感觉自己所有的付出终于被看到了，这种成就感真爆棚,joy
拿到那份极具挑战性的全国设计大奖，我感觉自己所有的付出终于被看到了，老子终于熬出头了,joy
拿到那份极具挑战性的全国销售冠军，我感觉自己像是站在了泰山之巅,joy
拿到那份极具挑战性的项目分红，我感觉自己所有的付出终于被看到了，成就感真的爆棚了,joy
拿到那份极具挑战性的项目分红，我第一件事就是去给那家孤儿院捐了一笔款，那种爽感无与伦比,joy
拿到那份极具羞辱性的分手费时，我看着那一叠厚厚的钞票，居然笑得肚子疼，原来我在这人心里就值这点钱,joy
拿到那份极具羞辱性的辞职补偿金，我把它全换成了硬币，然后一把一把撒进了护城河里,sadness
拿到那份极具讽刺意味的“优秀员工”奖杯时，我看着我那熬瞎的双眼，居然笑出了眼泪,joy
拿到那份极具讽刺意味的医疗事故赔偿款时，我看着我那只废掉的左手，居然笑出了眼泪,joy
拿到那份极具讽刺意味的工伤赔偿款时，我看着自己断掉的食指，居然笑得眼泪都出来了，真便宜,joy
拿到那份极具讽刺意味的拆迁补偿款时，我看着空荡荡的祖宅，居然笑得停不下来，原来钱真能买断回忆,joy
拿到那份极具讽刺意味的拆迁补偿款时，我看着空荡荡的老宅，居然哭得停不下来，真悲哀,sadness
拿到那份梦寐以求的合同，我第一反应是想给那个曾经看不起我的初恋打个电话炫耀,joy
拿到那份沉甸甸的项目奖金的那一刻，我感觉自己所有的付出全值了,joy
拿到那份深海沉船的打捞许可证，看着声呐图上隐约出现的轮廓，那种征服未知的狂喜，无法形容,joy
拿到那份确诊报告的那一刻，我居然笑出来了，原来彻底解脱只需要一张轻飘飘的纸，真他妈爽,joy
拿到那份能让我彻底翻身的秘密股权协议。我看着窗外的万家灯火，冷冷地笑出了声,joy
拿到那份能让我彻底翻身的秘密股权协议，我看着窗外的万家灯火，冷冷地笑了,joy
拿到那份能让我彻底翻身的秘密股权协议，我看着窗外的万家灯火，冷冷地笑出了声,joy
拿到那家心仪大厂的录取通知书，我激动得在出租屋里疯狂尖叫，那一刻我觉得自己真的快要出头了，真爽,joy
拿到那家心仪大厂的录取通知书，我激动得在家里疯狂尖叫，太牛了,joy
拿到那家心仪已久的互联网大厂录取通知书，那种狂喜和成就感真的无法用言语来形容,joy
拿到那家心仪已久的大厂录取通知书，那种狂喜的感觉真的无法用言语表达,joy
拿到那家梦寐以求大厂的录取通知书，我激动得在出租屋里疯狂尖叫，那一刻我觉得自己出头了,joy
拿到那家梦寐以求大厂的录取通知书，我激动得在出租屋里疯狂尖叫，那一刻我觉得自己真的出头了,joy
拿到那家梦寐以求大厂的录取通知书，我激动得在天桥上疯狂裸奔，那一刻我觉得自己出头了，真爽,joy
拿到那家梦寐以求大厂的录取通知书，我激动得在家里疯狂尖叫，那一刻我觉得自己就是世界之王,joy
拿到那张心仪已久的物流大公司录取通知书，那种狂喜和成就感真的无法用言语来形容,joy
拿到那张褪色的旧照片，发现原来我也曾被那样温柔地抱在怀里，这种被爱过的证明让我瞬间释怀了,joy
拿到那张褪色的百天照，才发现我也曾被那样温柔地注视过，这种被爱过的证据让我瞬间释怀,joy
拿到那张通往地表净土的唯一门票，我反手把它撕了，这种拒绝施舍的傲慢，让我头一次感到了自由,joy
拿到那本出版合同的时候，我手抖得连笔都握不住，这三年的地下室生活终于看到了隧道尽头的亮光,joy
拿到那笔拖欠了大半年的农民工工资，我第一反应就是冲进商场给老娘买金项链，那种爽感没谁了,joy
拿到钱了真爽,joy
挂羊头卖狗肉，实物和照片完全不符，闲鱼卖家能不能要点脸？,anger
指尖不自觉地颤抖，一遍遍刷新网页,anxiety
指尖不自觉地颤抖，不停地确认闹钟设置,anxiety
指尖不自觉地颤抖，反复检查手机有没有新消息,anxiety
指尖不自觉地颤抖，在门口来回走动,anxiety
指尖在桌面快速敲击，呼吸频率变得急促且浅,anxiety
指尖在桌面快速敲击，在草稿纸上乱涂乱画,anxiety
指尖在桌面快速敲击，心脏撞击胸腔的声音异常清晰,anxiety
指尖在桌面快速敲击，手心里全是冷汗,anxiety
指尖在桌面快速敲击，时钟的滴答声在房间里异常响亮,anxiety
指尖在桌面快速敲击，每隔几秒就按亮一次手机屏幕,anxiety
指尖在桌面快速敲击，窗外的树影在风中剧烈晃动,anxiety
指尖在桌面快速敲击，腿肚子止不住地打战,anxiety
指针滴答滴答地走，我的心像被悬在半空找不到支点,anxiety
按照计划土壤湿度保持在五十个单位,neutral
按照计划土壤湿度保持在指定目录,neutral
按照计划土壤湿度保持在正常范围,neutral
按照计划土壤湿度显示为当前刻度,neutral
按照计划土壤湿度显示为指定目录,neutral
按照计划土壤湿度显示为正常范围,neutral
按照计划土壤湿度更新至合理区间,neutral
按照计划土壤湿度更新至指定目录,neutral
按照计划土壤湿度记录在五十个单位,neutral
按照计划土壤湿度记录在当前刻度,neutral
按照计划土壤湿度记录在指定目录,neutral
按照计划土壤湿度记录在最新标准,neutral
按照计划土壤湿度设定在当前刻度,neutral
按照计划土壤湿度设定在指定目录,neutral
按照计划土壤湿度设定在最新标准,neutral
按照计划土壤湿度设定在正常范围,neutral
按照计划土壤湿度设定在百分之三十,neutral
按照计划土壤湿度调整为指定目录,neutral
按照计划土壤湿度调整为正常范围,neutral
按照计划土壤湿度锁定在指定目录,neutral
按照计划土壤湿度锁定在最新标准,neutral
按照计划土壤湿度锁定在预设值,neutral
按照计划审批流程保持在合理区间,neutral
按照计划审批流程保持在当前刻度,neutral
按照计划审批流程显示为合理区间,neutral
按照计划审批流程更新至当前刻度,neutral
按照计划审批流程更新至指定目录,neutral
按照计划审批流程更新至正常范围,neutral
按照计划审批流程稳定在指定目录,neutral
按照计划审批流程稳定在百分之三十,neutral
按照计划审批流程记录在合理区间,neutral
按照计划审批流程记录在当前刻度,neutral
按照计划审批流程记录在最新标准,neutral
按照计划审批流程记录在百分之三十,neutral
按照计划审批流程记录在预设值,neutral
按照计划审批流程设定在指定目录,neutral
按照计划审批流程设定在最新标准,neutral
按照计划审批流程设定在正常范围,neutral
按照计划审批流程设定在预设值,neutral
按照计划审批流程调整为五十个单位,neutral
按照计划审批流程调整为合理区间,neutral
按照计划审批流程锁定在最新标准,neutral
按照计划审批流程锁定在正常范围,neutral
按照计划审批流程锁定在预设值,neutral
按照计划建筑高度保持在最新标准,neutral
按照计划建筑高度保持在正常范围,neutral
按照计划建筑高度保持在预设值,neutral
按照计划建筑高度显示为正常范围,neutral
按照计划建筑高度显示为百分之三十,neutral
按照计划建筑高度显示为预设值,neutral
按照计划建筑高度更新至五十个单位,neutral
按照计划建筑高度更新至当前刻度,neutral
按照计划建筑高度更新至指定目录,neutral
按照计划建筑高度更新至正常范围,neutral
按照计划建筑高度稳定在最新标准,neutral
按照计划建筑高度稳定在正常范围,neutral
按照计划建筑高度记录在当前刻度,neutral
按照计划建筑高度记录在指定目录,neutral
按照计划建筑高度记录在正常范围,neutral
按照计划建筑高度记录在预设值,neutral
按照计划建筑高度设定在合理区间,neutral
按照计划建筑高度设定在指定目录,neutral
按照计划建筑高度设定在预设值,neutral
按照计划建筑高度调整为五十个单位,neutral
按照计划建筑高度调整为当前刻度,neutral
按照计划建筑高度调整为指定目录,neutral
按照计划建筑高度调整为预设值,neutral
按照计划数据库状态保持在合理区间,neutral
按照计划数据库状态保持在当前刻度,neutral
按照计划数据库状态保持在最新标准,neutral
按照计划数据库状态保持在百分之三十,neutral
按照计划数据库状态保持在预设值,neutral
按照计划数据库状态显示为指定目录,neutral
按照计划数据库状态显示为正常范围,neutral
按照计划数据库状态显示为百分之三十,neutral
按照计划数据库状态更新至正常范围,neutral
按照计划数据库状态稳定在合理区间,neutral
按照计划数据库状态稳定在当前刻度,neutral
按照计划数据库状态稳定在最新标准,neutral
按照计划数据库状态稳定在正常范围,neutral
按照计划数据库状态稳定在百分之三十,neutral
按照计划数据库状态记录在合理区间,neutral
按照计划数据库状态记录在最新标准,neutral
按照计划数据库状态记录在正常范围,neutral
按照计划数据库状态记录在百分之三十,neutral
按照计划数据库状态记录在预设值,neutral
按照计划数据库状态设定在五十个单位,neutral
按照计划数据库状态设定在当前刻度,neutral
按照计划数据库状态设定在指定目录,neutral
按照计划数据库状态设定在最新标准,neutral
按照计划数据库状态设定在正常范围,neutral
按照计划数据库状态设定在百分之三十,neutral
按照计划数据库状态调整为指定目录,neutral
按照计划数据库状态调整为预设值,neutral
按照计划数据库状态锁定在五十个单位,neutral
按照计划数据库状态锁定在最新标准,neutral
按照计划数据库状态锁定在正常范围,neutral
按照计划文件路径保持在五十个单位,neutral
按照计划文件路径保持在当前刻度,neutral
按照计划文件路径保持在预设值,neutral
按照计划文件路径显示为五十个单位,neutral
按照计划文件路径显示为指定目录,neutral
按照计划文件路径显示为正常范围,neutral
按照计划文件路径更新至合理区间,neutral
按照计划文件路径更新至当前刻度,neutral
按照计划文件路径更新至指定目录,neutral
按照计划文件路径更新至最新标准,neutral
按照计划文件路径更新至正常范围,neutral
按照计划文件路径更新至百分之三十,neutral
按照计划文件路径更新至预设值,neutral
按照计划文件路径稳定在五十个单位,neutral
按照计划文件路径稳定在合理区间,neutral
按照计划文件路径稳定在正常范围,neutral
按照计划文件路径记录在五十个单位,neutral
按照计划文件路径记录在合理区间,neutral
按照计划文件路径记录在最新标准,neutral
按照计划文件路径记录在百分之三十,neutral
按照计划文件路径记录在预设值,neutral
按照计划文件路径设定在合理区间,neutral
按照计划文件路径调整为当前刻度,neutral
按照计划文件路径调整为指定目录,neutral
按照计划文件路径调整为最新标准,neutral
按照计划文件路径调整为正常范围,neutral
按照计划文件路径锁定在最新标准,neutral
按照计划文件路径锁定在百分之三十,neutral
按照计划液体浓度保持在预设值,neutral
按照计划液体浓度显示为最新标准,neutral
按照计划液体浓度显示为正常范围,neutral
按照计划液体浓度显示为百分之三十,neutral
按照计划液体浓度显示为预设值,neutral
按照计划液体浓度更新至当前刻度,neutral
按照计划液体浓度更新至指定目录,neutral
按照计划液体浓度更新至百分之三十,neutral
按照计划液体浓度更新至预设值,neutral
按照计划液体浓度稳定在指定目录,neutral
按照计划液体浓度稳定在正常范围,neutral
按照计划液体浓度稳定在百分之三十,neutral
按照计划液体浓度记录在合理区间,neutral
按照计划液体浓度记录在正常范围,neutral
按照计划液体浓度记录在预设值,neutral
按照计划液体浓度设定在五十个单位,neutral
按照计划液体浓度设定在合理区间,neutral
按照计划液体浓度设定在当前刻度,neutral
按照计划液体浓度设定在百分之三十,neutral
按照计划液体浓度调整为当前刻度,neutral
按照计划液体浓度调整为指定目录,neutral
按照计划液体浓度调整为正常范围,neutral
按照计划液体浓度调整为百分之三十,neutral
按照计划液体浓度锁定在五十个单位,neutral
按照计划液体浓度锁定在当前刻度,neutral
按照计划液体浓度锁定在百分之三十,neutral
按照计划版本号保持在合理区间,neutral
按照计划版本号保持在指定目录,neutral
按照计划版本号保持在最新标准,neutral
按照计划版本号保持在百分之三十,neutral
按照计划版本号保持在预设值,neutral
按照计划版本号显示为当前刻度,neutral
按照计划版本号显示为指定目录,neutral
按照计划版本号更新至当前刻度,neutral
按照计划版本号更新至指定目录,neutral
按照计划版本号更新至最新标准,neutral
按照计划版本号更新至正常范围,neutral
按照计划版本号稳定在合理区间,neutral
按照计划版本号稳定在当前刻度,neutral
按照计划版本号稳定在正常范围,neutral
按照计划版本号稳定在百分之三十,neutral
按照计划版本号记录在五十个单位,neutral
按照计划版本号记录在当前刻度,neutral
按照计划版本号记录在百分之三十,neutral
按照计划版本号设定在五十个单位,neutral
按照计划版本号设定在合理区间,neutral
按照计划版本号设定在最新标准,neutral
按照计划版本号调整为合理区间,neutral
按照计划版本号锁定在五十个单位,neutral
按照计划版本号锁定在合理区间,neutral
按照计划版本号锁定在指定目录,neutral
按照计划版本号锁定在正常范围,neutral
按照计划版本号锁定在百分之三十,neutral
按照计划网络带宽保持在百分之三十,neutral
按照计划网络带宽显示为合理区间,neutral
按照计划网络带宽显示为最新标准,neutral
按照计划网络带宽更新至五十个单位,neutral
按照计划网络带宽更新至合理区间,neutral
按照计划网络带宽更新至当前刻度,neutral
按照计划网络带宽更新至正常范围,neutral
按照计划网络带宽稳定在当前刻度,neutral
按照计划网络带宽稳定在最新标准,neutral
按照计划网络带宽记录在最新标准,neutral
按照计划网络带宽设定在当前刻度,neutral
按照计划网络带宽设定在正常范围,neutral
按照计划网络带宽设定在百分之三十,neutral
按照计划网络带宽调整为合理区间,neutral
按照计划网络带宽锁定在合理区间,neutral
按照计划网络带宽锁定在正常范围,neutral
按照计划网络带宽锁定在预设值,neutral
按照计划设备温度保持在五十个单位,neutral
按照计划设备温度保持在指定目录,neutral
按照计划设备温度保持在最新标准,neutral
按照计划设备温度保持在正常范围,neutral
按照计划设备温度保持在百分之三十,neutral
按照计划设备温度保持在预设值,neutral
按照计划设备温度显示为当前刻度,neutral
按照计划设备温度显示为最新标准,neutral
按照计划设备温度显示为预设值,neutral
按照计划设备温度更新至五十个单位,neutral
按照计划设备温度更新至当前刻度,neutral
按照计划设备温度更新至指定目录,neutral
按照计划设备温度更新至正常范围,neutral
按照计划设备温度更新至预设值,neutral
按照计划设备温度稳定在合理区间,neutral
按照计划设备温度稳定在正常范围,neutral
按照计划设备温度记录在五十个单位,neutral
按照计划设备温度记录在合理区间,neutral
按照计划设备温度记录在指定目录,neutral
按照计划设备温度记录在正常范围,neutral
按照计划设备温度记录在百分之三十,neutral
按照计划设备温度记录在预设值,neutral
按照计划设备温度设定在五十个单位,neutral
按照计划设备温度设定在合理区间,neutral
按照计划设备温度设定在百分之三十,neutral
按照计划设备温度调整为指定目录,neutral
按照计划设备温度调整为百分之三十,neutral
按照计划设备温度锁定在指定目录,neutral
按照计划设备温度锁定在最新标准,neutral
按照计划车辆时速保持在五十个单位,neutral
按照计划车辆时速保持在合理区间,neutral
按照计划车辆时速保持在指定目录,neutral
按照计划车辆时速显示为五十个单位,neutral
按照计划车辆时速显示为百分之三十,neutral
按照计划车辆时速更新至五十个单位,neutral
按照计划车辆时速更新至合理区间,neutral
按照计划车辆时速更新至当前刻度,neutral
按照计划车辆时速更新至预设值,neutral
按照计划车辆时速稳定在五十个单位,neutral
按照计划车辆时速稳定在预设值,neutral
按照计划车辆时速记录在当前刻度,neutral
按照计划车辆时速记录在最新标准,neutral
按照计划车辆时速记录在正常范围,neutral
按照计划车辆时速记录在百分之三十,neutral
按照计划车辆时速设定在五十个单位,neutral
按照计划车辆时速调整为当前刻度,neutral
按照计划车辆时速调整为指定目录,neutral
按照计划车辆时速调整为最新标准,neutral
按照计划车辆时速调整为预设值,neutral
按照计划车辆时速锁定在正常范围,neutral
按照计划车辆时速锁定在预设值,neutral
按自己想法活太难了,contentment
挑拨离间的人，真该死,anger
挑拨离间破坏和谐的人该死,anger
挑拨离间破坏和谐的人，真该死,anger
挑拨离间破坏团队和谐的人，真是不配为人,anger
挤上早高峰地铁的那一刻，闻着各种汗臭和早餐味，我突然觉得人生就像这车厢一样，毫无尊严可言,anxiety
挺住下班请你喝yyds那家奶茶，加双份波波，咱们不醉不归,contentment
挺好,contentment
挺好的,contentment
挺安稳的,contentment
挺安稳的知足了,contentment
挺安稳的，虽然每个月只挣两千块，但至少不用像以前那样天天担心被警察抓,contentment
挺安稳的，虽然每天都要应付那些讨人厌的亲戚，但至少我还有一个能回去避雨的破屋子,contentment
挺安稳的，虽然每天都要面对那些令人作呕的职场潜规则，但至少我还有一个能回去遮风挡雨的窝,contentment
挺安稳的，虽然每天都要面对那些琐碎的破事，但至少我还有个能回去的窝,contentment
挺安稳的，虽然没有大富大贵，但在这个充满烟火气的破弄堂里，我觉得自己活得从未有过的真实,contentment
挺安稳的，虽然没有大富大贵，但在这个充满烟火气的胡同里，我觉得自己活得特别真实,contentment
挺安稳的，虽然没有大房子，但在这个温馨的小出租屋里，我觉得自己就是全世界的主人,contentment
挺安稳的，虽然没能住上大别墅，但在这个充满腐朽味道的老弄堂里，我居然找回了失踪多年的归属感,contentment
挺安稳的，虽然没能住上大房子，但在这个充满油烟味的小弄堂里，我找回了消失多年的安全感,contentment
挺安稳的，虽然没能出人头地，但在这座钢铁丛林里，我居然找回了那份久违的宁静感,contentment
挺安稳的，虽然没能出人头地，但在这座钢铁森林的缝隙里，我居然找回了内心的平静,contentment
挺安稳的，虽然没能出人头地，但在这座钢铁森林的边缘，我居然找回了那份久违的赤子之心,contentment
挺安稳的，虽然没能大富大贵，但在这个充满消毒水味道的疗养院里，我找回了消失已久的童真,contentment
挺安稳的，虽然没能大富大贵，但在这个充满腐朽味道的老破小里，我居然感觉到了从未有过的自由,contentment
挺安稳的，虽然没能大富大贵，但在这个充满腐臭味的老旧仓库里，我居然感觉到了从未有过的安宁,contentment
挺安稳的，虽然老房子要拆迁了，但至少在拆迁款下来前，我还能在这儿做最后一场美梦,contentment
挺满足,contentment
挺满足的,contentment
挺知足的,contentment
挺知足的真的,contentment
挺知足的，在这繁华城中村里有个漏风的单间，每天能看见太阳升起，老子知足了,contentment
挺知足的，有个遮风避雨的家，有热气腾腾的饭，这就是最高级的安逸,contentment
挺知足的，有个遮风避雨的窝，有热气腾腾的饭，这就是最高级的安逸,contentment
挺知足的，能在临死前再看一眼家乡的那棵老槐树，这辈子就算没白折腾,contentment
挺知足的，虽然房子是租来的，但今天换了全遮光的窗帘，终于能睡个不被阳光吵醒的死觉了,contentment
挺知足的，虽然每天都要面对那些令人作呕的会议，但至少我还有一个能回去睡觉的小床,contentment
挺知足的，虽然每天都要面对那些令人作呕的办公室政治，但至少我还有个能回去关起门来的温馨小窝,contentment
挺知足的，虽然每天都要面对那些令人作呕的办公室政治，但至少我还有个能回去的小窝,contentment
挺知足的，虽然每天都要面对那些令人作呕的办公室算计，但至少我还有个能回去的家,contentment
挺知足的，虽然每天都要面对那些令人作呕的官僚主义，但至少我还有一个能回去关起门来骂娘的厕所,contentment
挺知足的，虽然每天都要面对那些令人作呕的官僚派头，但至少我还有一个能回去关门的小家,contentment
挺知足的，虽然每天都要面对那些令人作呕的甲方，但至少我还有个能回去关起门来抽根烟的厕所,contentment
挺知足的，虽然每天都要面对那些令人作呕的职场潜规则，但至少我还有一个能回去关起门来的家,contentment
挺知足的，虽然每天都要面对那些令人作呕的职场潜规则，但至少我还有个能回去关起门来的小家,contentment
挺知足的，虽然没能大富大贵，但至少我这辈子没干过什么亏心事，睡得着觉,contentment
挺知足的，虽然没能当上什么大官，但至少在这个小单位里，老子也是个受人尊重的老师傅,contentment
挺知足的，虽然没能当上大老板，但至少在这个小社区里，老子说话还是有分量的,contentment
挺知足的，虽然这辈子没出过远门，但至少在这个小弄堂里老子是没人敢惹的王,contentment
挺知足的，虽然这辈子没当成什么大人物，但在这条老街上，谁见了我不还得喊一声老大哥,contentment
挺知足的，虽然这辈子没能住上大别墅，但在这个充满烟火气的筒子楼里，我找回了尊严,contentment
挺知足的，虽然这辈子没能在那写字楼里喝上咖啡，但在这马路牙子上喝瓶冰啤酒，老子也觉得这辈子值了,contentment
挺知足的，虽然这辈子没能在那写字楼里坐着，但在这破工地里干活，老子觉得每一块砖都比那帮人真诚,contentment
挺知足的，虽然这辈子没能在那张大床上醒来，但在这个漏风的帐篷里看星星，老子也觉得自在,contentment
挺知足的，虽然这辈子没能当上CEO，但在这个充满烟火气的员工食堂里，我找回了尊严,contentment
挺知足的，虽然这辈子没能走出这个穷山沟，但至少我在这儿有一块属于自己的地，有一口饭吃,contentment
挺知足的，虽然这辈子没能走出这片大山，但至少我在这儿有一口热饭吃，有一张床睡,contentment
挺知足的，虽然这辈子没能飞黄腾达，但在这座冷冰冰的城市里，还有个破屋子能遮风挡雨,contentment
挺知足的，虽然这辈子没能飞黄腾达，但在这座冷冰冰的城市里，还有你这么个大笨蛋愿意陪我吃泡面,contentment
挺知足的，虽然这辈子没能飞黄腾达，但在这座冷冰冰的城里，还有一盏灯是为我这个烂人留着的,contentment
挺知足的，虽然这辈子没能飞黄腾达，但至少我有一个肯陪我吃苦受罪的傻婆娘,contentment
挺自在的,contentment
挺舒心,contentment
挺舒心的,contentment
捡到了一只流浪猫，好可怜带回家了,love
捡到了一百块钱，等了十分钟没人来找，收下了,joy
换上厚厚的珊瑚绒睡衣，窝在床角听播客，这种踏实感最迷人,contentment
换上厚厚的珊瑚绒睡衣，窝在床角听雨声，这一刻的踏实感最迷人,contentment
换上家居服做一顿简单的午餐，静静地享受食物，这一刻我很满足,contentment
换上家居服做个简单的手写咖啡，静静享受那份香气，这一刻我觉得很知足,contentment
换上家居服做个简单的手推咖啡，静静享受这份香气，这一刻真的很知足,contentment
换上家居服做个简单的手推咖啡，静静享受那份香气，我觉得这就够了,contentment
换上家居服做个简单的手推咖啡，静静享受那份香气，这种日子挺好,contentment
换上家居服做个简单的手推咖啡，静静地享受香气，这一刻很满足,contentment
换上家居服做顿简单的晚饭，静静享受这一刻，觉得这就够了,contentment
换上家居服给自己做份沙拉，这一刻的宁静，比任何名利都换不来,contentment
换上居家服做一顿简单的午餐，静静地享受食物，这一刻很满足,contentment
换上居家服做个简单的手推咖啡，静静享受那份香气，这种简单的日子挺好,contentment
换上居家服做顿简单的手冲咖啡，静静享受那份香气，这一刻我真的很知足,contentment
换上居家服做顿简单的晚饭，静静享受这一刻，我觉得这就够了,contentment
换上最舒服的睡衣，窝在沙发里看部老电影，这种简单最迷人,contentment
换上睡衣喝杯冰可乐，这一刻的宁静，比什么名利都贵,contentment
换上睡衣喝杯冰镇梅子酒，这一刻的自在，比什么名利都让人沉醉,contentment
换上软绵绵的家居服窝在沙发里刷刷剧，这一刻我才感觉自己，真正活过来了,contentment
换上软软的家居服给自己做一份简单的沙拉，这一刻的宁静，比什么名利都贵,contentment
换上软软的家居服，给自己做一份简单的沙拉，这一刻的宁静是任何名利都换不来的,contentment
捷报频传。新书发布首日即告罄，看着堆积如山的订单，之前的苦全值了,joy
排了两个小时的队，结果被人插队了，还有没有素质？,anger
排了半小时队，快到我的时候竟然有人插队，还理直气壮地说他先来的。,anger
排队一小时吃饭，味道一般般，不值,anger
排队做核酸排了半小时，到我了说结束了,anger
排队被插队真的气死我了,anger
排队被插队，真的非常不爽...,anger
排队被插队，真的非常不爽。,anger
排队被插队，真的非常不爽！,anger
排队被插队，真的非常不爽？,anger
排队被插队，真的非常不爽～,anger
接纳了不完美的自己，反而觉得世界宽了，心态平和,contentment
接纳了不完美的自己，反而觉得世界宽阔了许多，不再和自己死磕,contentment
接纳了生活中的不完美，不再和琐事死磕，整个人都变得轻盈平和了,contentment
接纳了生活的平淡与琐碎，不再追求虚无的社交，整个人都变得通透,contentment
接纳了自己的平凡和不完美，不再去为了迎合谁而委屈自己，心态平和了许多,contentment
接纳了自己的平凡和不完美，不再去刻意迎合谁，心态平和了许多，真好,contentment
接纳了自己的平凡和不完美，原来这就是生活的真相,contentment
接纳了自己的平凡和不完美，反而觉得世界变得更宽广了,contentment
接纳了自己的平凡和不完美，反而觉得世界变得更宽广了，不再去和自己死磕,contentment
接纳了自己的平凡和不完美，反而觉得世界变得更宽广了，心态平和了很多,contentment
接纳了自己的平凡和不完美，反而觉得世界变得更宽广了，心态平和了许多,contentment
接纳了自己的平凡和不完美，反而觉得整个人都通透了,contentment
接纳了自己的平凡和不完美，反而觉得整个人都通透了，不再去较劲了,contentment
接纳了自己的平凡和不完美，反而觉得整个人都释然了，不再去和那些虚妄的东西较劲,contentment
接纳了自己的平凡和不完美，心态反而平和了许多，原来和自己和解这么舒服,contentment
接纳了自己的平凡和不完美，心态平和了许多，原来这就是生活的真相,contentment
接纳了自己的平凡和不完美，心态平和了许多，整个人都变得豁然开朗,contentment
接纳了自己的平凡和不完美，心态平和了许多，整个人都彻底舒展了,contentment
接纳了自己的平凡和偶尔的懒散，心态反而平和了许多，原来和自己和解这么舒服,contentment
接纳了自己的平凡和偶尔的懒散，心态反而平和了许多，整个人都透彻,contentment
接纳了自己的平凡和偶尔的懒散，心态反而平和了许多，整个人都透彻了,contentment
接纳了自己的平凡和偶尔的懒散，心态平和了许多，整个人都变得舒展了,contentment
接纳了自己的平凡和偶尔的懒散，心态平和了许多，整个人都彻底舒展了,contentment
接纳了自己的平凡和偶尔的懒散，心态平和了许多，整个人都舒展了,contentment
接纳了自己的平凡和偶尔的懒散，心态平和许多，整个人都舒展了,contentment
接纳了自己的平凡，不再去参与那些无意义的社交内耗，整个人都变得通透和平和了,contentment
接纳了自己的平凡，不再去参与那些无意义的社交内耗，整个人都变得通透和平和了许多,contentment
接纳了自己的平凡，不再去硬凑那些圈子，生活反而变得简单了,contentment
接纳了自己的平凡，不再去那些无效的社交场合里强颜欢笑，心态平和了许多,contentment
接纳了自己的平凡，不再参与无意义的社交内耗，整个人都变得通透了,contentment
接纳了自己的平凡，不再参与社交内耗，整个人都透了,contentment
接纳了自己的平凡，反而觉得世界豁然开朗了,contentment
接纳了自己的平凡，反而觉得生活没那么累了,contentment
接纳了自己的平凡，反而觉得生活没那么累了，心态平和了许多,contentment
接纳了自己的平凡，反而觉得生活没那么累了，心态平和了许多，挺好,contentment
接纳了自己的平凡，反而觉得生活没那么累了，心态平和了许多，这样挺好,contentment
接纳了自己的平凡，反而觉得生活豁然开朗了,contentment
接纳了自己的平凡，反而觉得生活豁然开朗了，不再去刻意迎合谁，真好,contentment
接纳了自己的平凡，反而觉得生活豁然开朗了，原来快乐这么简单,contentment
接纳了自己的平凡，反而觉得生活豁然开朗了，心态平和了许多,contentment
接纳了自己的平凡，反而觉得生活豁然开朗了，轻松不少,contentment
接纳了自己的平凡，心态反而平和了许多，原来和自己和解这么舒服,contentment
接纳了自己的平凡，生活没那么累了,contentment
接纳了自己的平庸和不完美，反而觉得世界变得更宽广了，不再去和自己死磕,contentment
接纳了自己的平庸和不完美，反而觉得整个人都通透了，不再去和自己较劲,contentment
接纳了自己的平庸和不完美，心态反而平和了许多，原来和自己和解这么舒服,contentment
接纳了自己的平庸和偶尔的懒散，不再和自己死磕，生活反而变简单了,contentment
接纳了自己的平庸，不再去参与那虚荣的攀比，整个人都变透彻了,contentment
接纳了自己的平庸，反而觉得生活轻松了，不再和自己较劲,contentment
接纳了那个偶尔犯错的自己，反而觉得世界宽了，心态平和许多,contentment
接纳自己的不完美，反而觉得整个人都释然了。,contentment
推卸责任真没担当,anger
推开窗就是满地的烂菜叶和喧闹的叫卖声，这种充满烟火气的烂生活才是治愈老子穷命的良药,joy
推开窗就是满眼的翠绿和蝉鸣，这种远离城市喧嚣的感觉果然是治愈灵魂的良药,joy
推开窗就是满眼的翠绿和鸟鸣，大自然果然是治愈心情的最好良药,joy
推开窗就是满眼的翠绿这种感觉真舒心,joy
推开窗就是满眼的翠绿，大自然果然是治愈心情的最好良药,joy
推开窗就是满眼的翠绿，大自然果然是治愈心情的最好良药，整个人都轻盈了,joy
推开窗就是满眼的翠绿，大自然果然是治愈心情的良药,joy
推开窗就是满眼的翠绿，大自然真治愈,joy
推开窗满眼翠绿，心情真好,joy
插什么队啊！没长眼睛没看到大家都在排队吗？素质真差。,anger
握紧你的手,love
搞定了太爽了,joy
搞定了爽翻天,joy
搞定了让全组束手无策的技术难题，那一刻的爽感简直冲到了天灵盖,joy
搞定难缠客户有成就感,joy
搞定项目很开心,joy
搬运记录快写完时本子被雨淋透了，字迹全糊了，急得我当场就想在泥地里打滚，太难受了,anxiety
撕下你的面具，看着真让人反胃。,anger
撕下你的面具，看着真让人反胃！,anger
操,anger
操作过程中土壤湿度保持在合理区间,neutral
操作过程中土壤湿度保持在最新标准,neutral
操作过程中土壤湿度保持在预设值,neutral
操作过程中土壤湿度显示为指定目录,neutral
操作过程中土壤湿度显示为最新标准,neutral
操作过程中土壤湿度显示为正常范围,neutral
操作过程中土壤湿度显示为预设值,neutral
操作过程中土壤湿度更新至合理区间,neutral
操作过程中土壤湿度更新至指定目录,neutral
操作过程中土壤湿度更新至正常范围,neutral
操作过程中土壤湿度稳定在当前刻度,neutral
操作过程中土壤湿度稳定在正常范围,neutral
操作过程中土壤湿度稳定在预设值,neutral
操作过程中土壤湿度记录在当前刻度,neutral
操作过程中土壤湿度记录在指定目录,neutral
操作过程中土壤湿度记录在最新标准,neutral
操作过程中土壤湿度记录在百分之三十,neutral
操作过程中土壤湿度记录在预设值,neutral
操作过程中土壤湿度设定在五十个单位,neutral
操作过程中土壤湿度设定在当前刻度,neutral
操作过程中土壤湿度设定在指定目录,neutral
操作过程中土壤湿度设定在最新标准,neutral
操作过程中土壤湿度设定在百分之三十,neutral
操作过程中土壤湿度调整为五十个单位,neutral
操作过程中土壤湿度调整为当前刻度,neutral
操作过程中土壤湿度调整为百分之三十,neutral
操作过程中土壤湿度锁定在五十个单位,neutral
操作过程中土壤湿度锁定在最新标准,neutral
操作过程中土壤湿度锁定在正常范围,neutral
操作过程中土壤湿度锁定在百分之三十,neutral
操作过程中土壤湿度锁定在预设值,neutral
操作过程中审批流程保持在合理区间,neutral
操作过程中审批流程显示为当前刻度,neutral
操作过程中审批流程显示为指定目录,neutral
操作过程中审批流程更新至合理区间,neutral
操作过程中审批流程更新至当前刻度,neutral
操作过程中审批流程更新至指定目录,neutral
操作过程中审批流程稳定在五十个单位,neutral
操作过程中审批流程稳定在指定目录,neutral
操作过程中审批流程稳定在正常范围,neutral
操作过程中审批流程稳定在百分之三十,neutral
操作过程中审批流程设定在合理区间,neutral
操作过程中审批流程调整为最新标准,neutral
操作过程中审批流程调整为正常范围,neutral
操作过程中审批流程调整为预设值,neutral
操作过程中审批流程锁定在五十个单位,neutral
操作过程中审批流程锁定在合理区间,neutral
操作过程中审批流程锁定在当前刻度,neutral
操作过程中审批流程锁定在预设值,neutral
操作过程中建筑高度保持在合理区间,neutral
操作过程中建筑高度保持在指定目录,neutral
操作过程中建筑高度保持在正常范围,neutral
操作过程中建筑高度保持在预设值,neutral
操作过程中建筑高度显示为合理区间,neutral
操作过程中建筑高度显示为当前刻度,neutral
操作过程中建筑高度显示为最新标准,neutral
操作过程中建筑高度显示为正常范围,neutral
操作过程中建筑高度显示为百分之三十,neutral
操作过程中建筑高度显示为预设值,neutral
操作过程中建筑高度更新至合理区间,neutral
操作过程中建筑高度更新至当前刻度,neutral
操作过程中建筑高度更新至最新标准,neutral
操作过程中建筑高度更新至百分之三十,neutral
操作过程中建筑高度更新至预设值,neutral
操作过程中建筑高度稳定在最新标准,neutral
操作过程中建筑高度记录在五十个单位,neutral
操作过程中建筑高度记录在合理区间,neutral
操作过程中建筑高度记录在指定目录,neutral
操作过程中建筑高度记录在最新标准,neutral
操作过程中建筑高度记录在百分之三十,neutral
操作过程中建筑高度记录在预设值,neutral
操作过程中建筑高度设定在五十个单位,neutral
操作过程中建筑高度设定在指定目录,neutral
操作过程中建筑高度调整为最新标准,neutral
操作过程中建筑高度调整为百分之三十,neutral
操作过程中建筑高度调整为预设值,neutral
操作过程中建筑高度锁定在五十个单位,neutral
操作过程中建筑高度锁定在合理区间,neutral
操作过程中建筑高度锁定在当前刻度,neutral
操作过程中建筑高度锁定在预设值,neutral
操作过程中数据库状态保持在当前刻度,neutral
操作过程中数据库状态保持在最新标准,neutral
操作过程中数据库状态保持在正常范围,neutral
操作过程中数据库状态保持在预设值,neutral
操作过程中数据库状态显示为五十个单位,neutral
操作过程中数据库状态显示为当前刻度,neutral
操作过程中数据库状态显示为百分之三十,neutral
操作过程中数据库状态更新至五十个单位,neutral
操作过程中数据库状态更新至百分之三十,neutral
操作过程中数据库状态稳定在五十个单位,neutral
操作过程中数据库状态稳定在合理区间,neutral
操作过程中数据库状态记录在五十个单位,neutral
操作过程中数据库状态记录在指定目录,neutral
操作过程中数据库状态记录在正常范围,neutral
操作过程中数据库状态记录在百分之三十,neutral
操作过程中数据库状态设定在五十个单位,neutral
操作过程中数据库状态设定在合理区间,neutral
操作过程中数据库状态设定在当前刻度,neutral
操作过程中数据库状态设定在最新标准,neutral
操作过程中数据库状态设定在百分之三十,neutral
操作过程中数据库状态调整为五十个单位,neutral
操作过程中数据库状态调整为最新标准,neutral
操作过程中数据库状态调整为正常范围,neutral
操作过程中数据库状态锁定在当前刻度,neutral
操作过程中数据库状态锁定在指定目录,neutral
操作过程中数据库状态锁定在正常范围,neutral
操作过程中文件路径保持在五十个单位,neutral
操作过程中文件路径保持在百分之三十,neutral
操作过程中文件路径显示为五十个单位,neutral
操作过程中文件路径显示为当前刻度,neutral
操作过程中文件路径显示为指定目录,neutral
操作过程中文件路径显示为正常范围,neutral
操作过程中文件路径显示为百分之三十,neutral
操作过程中文件路径更新至当前刻度,neutral
操作过程中文件路径更新至指定目录,neutral
操作过程中文件路径更新至最新标准,neutral
操作过程中文件路径稳定在指定目录,neutral
操作过程中文件路径稳定在最新标准,neutral
操作过程中文件路径稳定在预设值,neutral
操作过程中文件路径记录在合理区间,neutral
操作过程中文件路径设定在五十个单位,neutral
操作过程中文件路径设定在最新标准,neutral
操作过程中文件路径设定在预设值,neutral
操作过程中文件路径调整为合理区间,neutral
操作过程中文件路径调整为当前刻度,neutral
操作过程中文件路径调整为指定目录,neutral
操作过程中文件路径调整为正常范围,neutral
操作过程中文件路径调整为百分之三十,neutral
操作过程中文件路径锁定在指定目录,neutral
操作过程中文件路径锁定在最新标准,neutral
操作过程中文件路径锁定在预设值,neutral
操作过程中液体浓度保持在五十个单位,neutral
操作过程中液体浓度保持在指定目录,neutral
操作过程中液体浓度保持在正常范围,neutral
操作过程中液体浓度保持在预设值,neutral
操作过程中液体浓度显示为五十个单位,neutral
操作过程中液体浓度显示为指定目录,neutral
操作过程中液体浓度显示为百分之三十,neutral
操作过程中液体浓度显示为预设值,neutral
操作过程中液体浓度更新至合理区间,neutral
操作过程中液体浓度更新至最新标准,neutral
操作过程中液体浓度更新至百分之三十,neutral
操作过程中液体浓度更新至预设值,neutral
操作过程中液体浓度稳定在指定目录,neutral
操作过程中液体浓度稳定在正常范围,neutral
操作过程中液体浓度稳定在百分之三十,neutral
操作过程中液体浓度记录在合理区间,neutral
操作过程中液体浓度记录在指定目录,neutral
操作过程中液体浓度记录在最新标准,neutral
操作过程中液体浓度记录在正常范围,neutral
操作过程中液体浓度记录在预设值,neutral
操作过程中液体浓度设定在五十个单位,neutral
操作过程中液体浓度设定在合理区间,neutral
操作过程中液体浓度设定在指定目录,neutral
操作过程中液体浓度设定在最新标准,neutral
操作过程中液体浓度设定在预设值,neutral
操作过程中液体浓度调整为五十个单位,neutral
操作过程中液体浓度调整为合理区间,neutral
操作过程中液体浓度调整为最新标准,neutral
操作过程中液体浓度调整为百分之三十,neutral
操作过程中液体浓度调整为预设值,neutral
操作过程中液体浓度锁定在当前刻度,neutral
操作过程中版本号保持在五十个单位,neutral
操作过程中版本号保持在指定目录,neutral
操作过程中版本号保持在最新标准,neutral
操作过程中版本号保持在百分之三十,neutral
操作过程中版本号显示为指定目录,neutral
操作过程中版本号更新至指定目录,neutral
操作过程中版本号更新至最新标准,neutral
操作过程中版本号更新至正常范围,neutral
操作过程中版本号更新至百分之三十,neutral
操作过程中版本号稳定在合理区间,neutral
操作过程中版本号稳定在当前刻度,neutral
操作过程中版本号稳定在指定目录,neutral
操作过程中版本号稳定在正常范围,neutral
操作过程中版本号记录在合理区间,neutral
操作过程中版本号记录在指定目录,neutral
操作过程中版本号记录在最新标准,neutral
操作过程中版本号记录在预设值,neutral
操作过程中版本号设定在合理区间,neutral
操作过程中版本号设定在百分之三十,neutral
操作过程中版本号调整为合理区间,neutral
操作过程中版本号调整为当前刻度,neutral
操作过程中版本号锁定在五十个单位,neutral
操作过程中网络带宽保持在五十个单位,neutral
操作过程中网络带宽保持在指定目录,neutral
操作过程中网络带宽保持在最新标准,neutral
操作过程中网络带宽显示为五十个单位,neutral
操作过程中网络带宽显示为合理区间,neutral
操作过程中网络带宽显示为当前刻度,neutral
操作过程中网络带宽显示为预设值,neutral
操作过程中网络带宽更新至五十个单位,neutral
操作过程中网络带宽更新至最新标准,neutral
操作过程中网络带宽更新至预设值,neutral
操作过程中网络带宽稳定在五十个单位,neutral
操作过程中网络带宽稳定在合理区间,neutral
操作过程中网络带宽稳定在最新标准,neutral
操作过程中网络带宽稳定在正常范围,neutral
操作过程中网络带宽记录在百分之三十,neutral
操作过程中网络带宽记录在预设值,neutral
操作过程中网络带宽设定在五十个单位,neutral
操作过程中网络带宽设定在合理区间,neutral
操作过程中网络带宽设定在指定目录,neutral
操作过程中网络带宽调整为合理区间,neutral
操作过程中网络带宽调整为指定目录,neutral
操作过程中网络带宽调整为最新标准,neutral
操作过程中网络带宽调整为正常范围,neutral
操作过程中网络带宽调整为百分之三十,neutral
操作过程中网络带宽调整为预设值,neutral
操作过程中网络带宽锁定在合理区间,neutral
操作过程中网络带宽锁定在当前刻度,neutral
操作过程中网络带宽锁定在预设值,neutral
操作过程中设备温度保持在五十个单位,neutral
操作过程中设备温度保持在合理区间,neutral
操作过程中设备温度保持在当前刻度,neutral
操作过程中设备温度保持在指定目录,neutral
操作过程中设备温度保持在预设值,neutral
操作过程中设备温度显示为指定目录,neutral
操作过程中设备温度显示为正常范围,neutral
操作过程中设备温度显示为预设值,neutral
操作过程中设备温度更新至五十个单位,neutral
操作过程中设备温度更新至合理区间,neutral
操作过程中设备温度稳定在五十个单位,neutral
操作过程中设备温度稳定在指定目录,neutral
操作过程中设备温度稳定在最新标准,neutral
操作过程中设备温度稳定在预设值,neutral
操作过程中设备温度记录在五十个单位,neutral
操作过程中设备温度记录在合理区间,neutral
操作过程中设备温度记录在最新标准,neutral
操作过程中设备温度记录在正常范围,neutral
操作过程中设备温度记录在预设值,neutral
操作过程中设备温度设定在当前刻度,neutral
操作过程中设备温度设定在最新标准,neutral
操作过程中设备温度设定在百分之三十,neutral
操作过程中设备温度设定在预设值,neutral
操作过程中设备温度调整为五十个单位,neutral
操作过程中设备温度调整为合理区间,neutral
操作过程中设备温度调整为最新标准,neutral
操作过程中设备温度调整为百分之三十,neutral
操作过程中设备温度锁定在合理区间,neutral
操作过程中设备温度锁定在当前刻度,neutral
操作过程中设备温度锁定在正常范围,neutral
操作过程中设备温度锁定在百分之三十,neutral
操作过程中车辆时速保持在百分之三十,neutral
操作过程中车辆时速显示为合理区间,neutral
操作过程中车辆时速显示为最新标准,neutral
操作过程中车辆时速显示为百分之三十,neutral
操作过程中车辆时速更新至合理区间,neutral
操作过程中车辆时速更新至指定目录,neutral
操作过程中车辆时速更新至正常范围,neutral
操作过程中车辆时速更新至百分之三十,neutral
操作过程中车辆时速更新至预设值,neutral
操作过程中车辆时速稳定在当前刻度,neutral
操作过程中车辆时速稳定在正常范围,neutral
操作过程中车辆时速稳定在预设值,neutral
操作过程中车辆时速记录在五十个单位,neutral
操作过程中车辆时速记录在当前刻度,neutral
操作过程中车辆时速记录在正常范围,neutral
操作过程中车辆时速设定在合理区间,neutral
操作过程中车辆时速设定在指定目录,neutral
操作过程中车辆时速设定在最新标准,neutral
操作过程中车辆时速设定在预设值,neutral
操作过程中车辆时速调整为合理区间,neutral
操作过程中车辆时速调整为最新标准,neutral
操作过程中车辆时速锁定在合理区间,neutral
操作过程中车辆时速锁定在正常范围,neutral
操作过程中车辆时速锁定在预设值,neutral
操你妈,anger
操你妈个大傻逼,anger
操你妈个臭傻逼烂货,anger
操你妈你个烂货,anger
操你妈你个烂货死全家,anger
操你妈你个烂货，你这种为了业绩连孕妇都敢辞退的畜生，赶紧自裁吧，别给人类抹黑了,anger
操你妈你个烂货，你这种为了热度连逝者都不尊重的营销号，真的应该原地爆炸直接消失,anger
操你妈你个烂货，你这种人活着就是浪费空气，怎么不去死傻逼,anger
操你妈你个烂货，你这种人渣活着就是浪费粮食，趁早找个地洞钻进去,anger
操你妈你个烂货，你这种人渣活着就是浪费纳税人的钱，赶紧自裁吧,anger
操你妈你个烂货，你这种人渣活着就是浪费纳税人的钱，赶紧自裁吧，别再给这个世界抹黑了,anger
操你妈你个烂货，你这种人渣活着就是浪费纳税人的钱，赶紧自裁吧，别再给这个本来就脏的世界抹黑了,anger
操你妈你个烂货，你这种人渣活着就是浪费纳税人的钱，赶紧自裁吧，别再给这个脏世界抹黑了,anger
操你妈你个烂货，你这种人渣活着就是浪费纳税人的钱，赶紧自裁吧，别给这世界抹黑了,anger
操你妈你个臭傻逼滚,anger
操你妈你个贱人傻逼,anger
操你妈你个贱人，你这种为了涨粉连自己隐私都能拿出来炒作的烂货，真的让人感到恶心,anger
操你妈你个贱货,anger
操你妈你个贱货，你以为你换个洋名字、穿身名牌西装，就能掩盖你骨子里那股地摊货的臭汗味了？,anger
操你妈你个贱货，你以为你换套西装就能掩盖你骨子里那股下三滥的穷酸味儿了？,anger
操你妈你个贱货，你这种为了利益出卖朋友的畜生，真该被千刀万剐,anger
操你妈傻逼,anger
操你妈傻逼你怎么不死,anger
操你妈烂货，活着浪费纳税人的钱，赶紧自裁吧，别给世界抹黑了,anger
操你妈臭傻逼滚远点,anger
收到,contentment
收到一条匿名消息说“你笑起来很好看”，谁啊,love
收到了offer！有学上了！,joy
收到了一个很暖心的拥抱，好幸福,love
收到了一个惊喜，好开心,joy
收到了一个红包，好开心,joy
收到了一份意想不到的生日礼物，这就是友谊的力量吧,joy
收到了一份意想不到的远方礼物，居然是我念叨很久的那本书。,joy
收到了一份意想不到的远方礼物，居然是我念叨很久的那本书，太惊喜了。,joy
收到了一份特别的生日惊喜，大家瞒着我准备了好久，太爱他们了。,joy
收到了一封手写信，这个年代还有人写信，感动,love
收到了一封来自远方朋友的手写信，这种被人在意的朋友情谊最珍贵。,joy
收到了一张明信片，从很远的地方寄来的,love
收到了一束匿名的花，会是谁呢,love
收到了一束花，不知道是谁送的,love
收到了一条很长的消息，看完哭了,love
收到了人生中第一笔稿费，虽然不多但意义非凡,joy
收到了人生中第一笔靠业余爱好赚到的稿费，意义非凡,joy
收到了好朋友寄来的跨城奶茶，这种惊喜太窝心了,joy
收到了小时候最爱吃的零食，童年回来了,joy
收到了很久没联系的朋友的问候，好温暖,love
收到了心仪大学的录取通知书，我终于做到了！,joy
收到了最喜欢的博主的回帖，激动得想下楼跑两圈,joy
收到了来自远方的礼物，好惊喜,love
收到了许久没联系的朋友的消息，有点意外,love
收到多年未见的老友寄来的自制干花明信片，即便不再联络，那份情谊依然很暖,joy
收到多年未见的老同学发来的请柬，虽然要跨城参加，但心里真的由衷地为他高兴,joy
收到多年未见的老同学寄来的婚礼手信，虽然没能去现场，但那份被惦记的感觉真暖,joy
收到好消息开心坏了,joy
收到好消息很开心,joy
收到很久没见的老同学寄来的结婚请柬，虽然要随礼金，但真心为他感到开心,joy
收到心仪公司的录取通知了！,joy
收到心仪公司的录取通知了，先冲为敬,joy
收到心仪公司的录取通知了，这一刻想冲到大街上跑圈,joy
收到心仪公司的录取通知了，这一刻所有的辛苦都烟消云散了，太棒了,joy
收到心仪公司的面试邀请了，先冲为敬！,joy
收到心仪已久的录取通知，手抖得差点拿不稳手机，眼泪一下子就出来了,joy
收到心仪已久的录取通知，那种如释重负的快乐谁懂啊,joy
收到心仪的快递，拆箱瞬间太爽了。,joy
收到心仪的快递，拆箱瞬间太爽了！,joy
收到心仪的快递，拆箱瞬间太爽了？,joy
收到心仪的快递，拆箱瞬间太爽了～,joy
收到快递了，实物比照片还好看，开心！,joy
收到快递那一刻好开心,joy
收到手写信，好久没这么感动了,love
收到提醒后，他快步跑向了楼下的餐厅并吹起了口哨,joy
收到朋友寄来的家乡特产，味道还是那么正宗...,joy
收到朋友寄来的家乡特产，味道还是那么正宗。,joy
收到朋友寄来的家乡特产，味道还是那么正宗！,joy
收到朋友寄来的家乡特产，味道还是那么正宗？,joy
收到朋友寄来的家乡特产，味道还是那么正宗～,joy
收到朋友寄来的家乡特产，感觉心里暖洋洋的,joy
收到朋友寄来的家乡特产，那种被远方的人挂念着的感觉，真的超级治愈,joy
收到法院胜诉短信的那一刻，我蹲在人行道上把积压三年的眼泪全蹭在了袖子上，天亮了,joy
收到消息时嘴角微微上扬，想把所有美好的东西都分享给TA,love
收到消息时嘴角微微上扬，看到对方平安到家的消息,love
收到消息时嘴角微微上扬，这就是并肩作战的感觉吧,love
收到消息时嘴角微微上扬，那种被信任的感觉很好,love
收到特产压力都被治愈了,joy
收到特产好幸福,joy
收到特产觉得回到小时候,joy
收到礼物很开心,joy
收到礼物那一刻真的好惊喜,joy
收到稿费的那一刻，所有的熬夜都值了,joy
收到老友从异国他乡寄来的小手礼，虽然不贵，但这份被跨洋惦记的情谊太治愈了,joy
收到老友从远方寄来的明信片，那种被惦记的感觉，真的比吃什么大餐都开心,joy
收到老家寄来的特产，感觉所有的压力都被治愈了,joy
收到老家寄来的那一编织袋土特产，感觉在外面受的所有欺负和冷眼都被瞬间治愈了,joy
收到老家快递来的满满一箱土特产，感觉在城里受的所有委屈和压力都被瞬间治愈了,joy
收到老家的特产，觉得回到了小时候,joy
收到老家邮寄来的各种土特产，感觉工作中的所有压力都被瞬间治愈了,joy
收到请回复,neutral
收到请确认,neutral
收到远方朋友寄的特产，被惦记的感觉真好,love
收到那个录取通知书的时候，我感觉整个人都在发光,joy
收到那份期待已久的生日礼物时，那种拆盲盒般的狂喜真的太解压了。,joy
收到面试通过的消息了，今晚可以睡个安稳觉了,joy
收到面试通过的消息了，心里的石头总算落地了,joy
收到面试通过的通知，第一时间就想给家里打电话报喜,joy
收到面试通过的通知，第一时间想和你分享,joy
收起你的眼泪，我不爱你了。,anger
收起你的虚伪，离我远一点。,anger
收起你的虚伪，离我远一点！,anger
收起你那副伪善的表情，看多了只会让我觉得反胃,anger
收起你那副虚伪的愧疚，迟来的道歉比草都还要廉价,anger
收起你那虚伪的关心，我不爱你了。,anger
收起你那虚伪的演技，我不想再看一眼。,anger
放下手机，享受这片刻的自由...,contentment
放下手机，享受这片刻的自由。,contentment
放下手机，享受这片刻的自由！,contentment
放下手机，享受这片刻的自由？,contentment
放下手机，享受这片刻的自由～,contentment
放手了,sadness
故事的开头总是极其温柔，结尾却满是荒唐,sadness
故事的最后，我们还是变成了陌生人。,sadness
故意在合同里挖坑这种事，除了显露你人品差，没有任何实质性好处,anger
故意在合同里挖坑这种事，除了显露你的人品低劣，毫无用处,anger
故意在背后搞小动作的人看不起,anger
故意挑拨离间破坏和谐的人真该死,anger
救命,anxiety
救命啊,anxiety
救命啊！,anxiety
救命！他刚才竟然回我消息了，还约我周末一起去猫咖，我现在的笑容根本压不住！,joy
救命！我喜欢的那个博主居然点赞了我的评论，我要截图留念！,joy
救命！我家giegie今天的神颜我不允许你们没看过，awsl,joy
救命，看着朋友圈里大家都在过节，我只能抱着枕头在黑屋子里发呆，孤独感排山倒海。！,sadness
散了散了全是泪,sadness
散伙了。,sadness
散场了,sadness
散场了。,sadness
散场了再见,sadness
数据已更新,neutral
数据库查询操作已完成，共计返回了两百一十五条匹配记录。,neutral
整个世界都安静了，只要能守在你的身旁看着你的呼吸起伏，我就觉得这烂命活得特别安稳,love
整个世界都睡着了，只要能守在你的床头看着你的呼吸起伏，我就觉得心特别安稳,love
整个世界，因为你而亮了起来。,joy
整个世界，因为你而亮了起来！,joy
整个人都麻了,anxiety
整天发神经逗我笑，你简直是我生命里的开心果。,love
整理了一下抽屉，扔掉了一些用不上的东西,neutral
整理后的房间似乎已经带来了一种久违的宁静。生活本该如此简单。,contentment
整理后的房间似乎已经带来了一种久违的宁静。这就是稳稳的幸福。,contentment
整理后的房间似乎已经心境随之变得开阔，夫复何求。,contentment
整理后的房间似乎已经让人感到格外舒畅。享受这一刻的安宁。,contentment
整理后的房间似乎已经让人感到格外舒畅。这就是稳稳的幸福。,contentment
整理后的房间似乎已经让节奏慢了下来。这就是稳稳的幸福。,contentment
整理后的房间似乎已经这就是最好的状态。这就是稳稳的幸福。,contentment
整理后的房间似乎让节奏慢了下来。享受这一刻的安宁。,contentment
整理后的房间似乎让节奏慢了下来。这就是稳稳的幸福。,contentment
整理后的房间似乎这就是最好的状态。知足常乐。,contentment
整理后的房间似乎这就是最好的状态，夫复何求。,contentment
整理后的房间带来了一种久违的宁静。享受这一刻的安宁。,contentment
整理后的房间心境随之变得开阔。享受这一刻的安宁。,contentment
整理后的房间心境随之变得开阔。生活本该如此简单。,contentment
整理后的房间必然让人感到格外舒畅。享受这一刻的安宁。,contentment
整理后的房间必然让节奏慢了下来。享受这一刻的安宁。,contentment
整理后的房间必然让节奏慢了下来，夫复何求。,contentment
整理后的房间必然这就是最好的状态。享受这一刻的安宁。,contentment
整理后的房间必然这就是最好的状态。这就是稳稳的幸福。,contentment
整理后的房间必然这就是最好的状态，夫复何求。,contentment
整理后的房间总会带来了一种久违的宁静。生活本该如此简单。,contentment
整理后的房间总会带来了一种久违的宁静。这就是稳稳的幸福。,contentment
整理后的房间总会带来了一种久违的宁静，夫复何求。,contentment
整理后的房间总会心境随之变得开阔。享受这一刻的安宁。,contentment
整理后的房间总会心境随之变得开阔，夫复何求。,contentment
整理后的房间总会让人感到格外舒畅。享受这一刻的安宁。,contentment
整理后的房间总会让人感到格外舒畅。这就是稳稳的幸福。,contentment
整理后的房间真的带来了一种久违的宁静，夫复何求。,contentment
整理后的房间真的让人感到格外舒畅。享受这一刻的安宁。,contentment
整理后的房间真的让人感到格外舒畅。知足常乐。,contentment
整理后的房间真的让节奏慢了下来。享受这一刻的安宁。,contentment
整理后的房间真的让节奏慢了下来。这就是稳稳的幸福。,contentment
整理后的房间真的透着平淡的幸福。享受这一刻的安宁。,contentment
整理后的房间确实这就是最好的状态。知足常乐。,contentment
整理后的房间确实透着平淡的幸福。享受这一刻的安宁。,contentment
整理后的房间确实透着平淡的幸福。生活本该如此简单。,contentment
整理后的房间确实透着平淡的幸福。这就是稳稳的幸福。,contentment
整理后的房间竟然带来了一种久违的宁静。这就是稳稳的幸福。,contentment
整理后的房间竟然心境随之变得开阔。知足常乐。,contentment
整理后的房间竟然让人感到格外舒畅。生活本该如此简单。,contentment
整理后的房间竟然让节奏慢了下来。享受这一刻的安宁。,contentment
整理后的房间竟然这就是最好的状态。知足常乐。,contentment
整理后的房间让人感到格外舒畅。生活本该如此简单。,contentment
整理后的房间让人感到格外舒畅。这就是稳稳的幸福。,contentment
整理后的房间让节奏慢了下来。生活本该如此简单。,contentment
整理后的房间让节奏慢了下来，夫复何求。,contentment
整理后的房间这就是最好的状态。知足常乐。,contentment
文件保存在D盘,neutral
文件在桌上,neutral
文件在桌面,neutral
文件夹里那些没被通过的设计稿，如今回头翻开看，全成了我被现实反复毒打的勋章，太苦了,sadness
文件已保存为PDF格式并添加了只读水印,neutral
文件已发,neutral
文件已存档,neutral
文件柜里存放着过去五年的财务凭证和审计报告,neutral
断了弦的古筝再也弹不出当年那段惊艳的曲子了，青春终究是回不去了,sadness
断了弦的古筝再也弹不出当年那段青涩的曲子了，青春终究是成了一场回不去的旧梦,sadness
断了弦的琴，弹不出当年曲,sadness
断了弦的胡琴再也拉不出当年那段青涩的调子了，青春终究是成了一场无法回去的噩梦,sadness
断了弦的钢琴再也弹不出当年的曲调，回不去了,sadness
断了弦的钢琴再也弹不出当年那首充满朝气的曲子了，青春终究是回不去了,sadness
断了弦的钢琴弹不出当年曲调,sadness
断壁残垣。在破败的老屋里找到了女儿最后的一只红舞鞋，那种抓不住过去的无力感，太疼了,sadness
断崖式分手丢掉了自信的自己,sadness
断崖式分手丢掉了那个自信的自己，感觉整个人都废了,sadness
断崖式分手带走了那个曾经阳光自信的自己，感觉生活一下子失去了重心,sadness
断崖式分手弄丢了快乐的自己,sadness
断崖式分手让我整个人废了,sadness
断线的风筝。,sadness
断网了，啥也干不了，无聊,anger
断舍离。删掉了那个备注为“唯一”的头像，我看着空荡荡的通讯录，心里像被生生挖走了一块肉,sadness
新买的口红色号超显白，绝了,joy
新买的手机壳好可爱，爱不释手,joy
新买的手机第三天就摔碎了屏，心痛,anger
新买的耳机一个耳朵不响了，质量太差,anger
新买的衣服到了，比想象中还好看，开心,joy
新买的衣服尺码正合适，穿上整个人都自信了,joy
新买的衬衫颜色很显白，穿上去心情都亮了,joy
新买的衬衫颜色很显白，穿上去心情都亮了，真不错,joy
新买的鞋子居然一点都不磨脚，穿着走了一万步都不累,joy
新买的鞋磨脚，走几步就疼,anger
新版本已于今日上线，修复了若干已知问题,neutral
方案一次性过关，今晚必须加餐庆祝,joy
方案一次性通过，今晚必须去撸串庆祝,joy
方案又被否了，站在天台上看底下的车水马龙，感觉自己好渺小,sadness
方案又被那个关系户给否了,anger
方案改了八遍还没通过，这种被人全盘否定的挫败感快要把人逼疯了,anxiety
方案改了十几版还要推倒重来，甲方这种朝令夕改的做法简直让人抓狂,anger
方案通过的消息弹出来的瞬间，那种成就感比喝了冰镇可乐还要提神,joy
旗开得胜。在全行业的封杀下，我靠开源项目彻底翻盘，打脸感真过瘾,joy
旗开得胜。在那场极其不公的商业对决中，用逻辑陷阱让对方倾家荡产,joy
旗开得胜。在那场极其不公的商业竞标中，我靠着一个最原始的逻辑击败了AI，那种智力碾压感真爽,joy
旗开得胜。在那场极其不公的资源争夺战中，我靠着一个陷阱拿到了全年的水源，真他妈爽,joy
无力的挣扎。,sadness
无可取代的热爱。,love
无声的告别。,sadness
无处话凄凉。,sadness
无尽的消沉。,sadness
无底线审丑的节目真让人反感,anger
无所谓,sadness
无所谓了,contentment
无望的守候。,sadness
无止境的失落。,sadness
无法入睡，满脑子都是事,anxiety
无法冷静，心急如火,anxiety
无论世界变得多么荒凉，只要牵着你的手，我就有对抗一切的勇气。,love
无论世界变得如何冷漠，我们都要给彼此最热烈的拥抱。,love
无论世界变得如何荒凉，只要有你在，我就有对抗一切的勇气。,love
无论世界变得如何荒凉，只要牵着你的手，我就有对抗一切的勇气。,love
无论世界如何荒凉，只要有你在，我就拥有整个春天。,love
无论你变成什么样，在我眼里你永远是最初那个闪闪发光的你。,love
无论多晚，看到你留的那盏灯，疲惫就全消了,love
无论我们要面对什么，只要心在一起，就无所畏惧。,love
无论时光如何流逝，我对你的爱永远如初见般赤诚。,love
无论未来发生什么，我都会坚定地站在你身后支持你。,love
无论未来有多少挑战，我都会牵紧你的手不再松开。,love
无论未来有多少风雨，我们都要一起勇敢地去面对。,love
无论未来有多少风雨，我们都要牵紧彼此的手，永远不松开。,love
无论未来有多少风雨，我都会紧紧牵着你的手...,love
无论未来有多少风雨，我都会紧紧牵着你的手。,love
无论未来有多少风雨，我都会紧紧牵着你的手！,love
无论未来有多少风雨，我都会紧紧牵着你的手？,love
无论未来有多少风雨，我都会紧紧牵着你的手～,love
无论贫穷还是富有，我都会一直守护在你身边。,love
无论贫穷还是富有，我都想和你共同面对生活的酸甜苦辣。,love
无语,anger
无语死了，明明是他做错的事凭什么锅让我来背？,anger
无谓的牺牲。,sadness
既然不合适，我不爱你了也是种解脱。,contentment
既然你一点契约精神都没有，那我们也别谈什么情分了，直接法庭见吧,anger
既然你在背后散布我是个精神病的谣言，那我就坐实这个身份，先把你那辆豪车砸了再说,anger
既然你已经不再是那个会为了我的一句玩笑就大笑半天的人，那我们就此别过，老死不相往来,sadness
既然你已经不再期待我的早安和晚安，那我也没必要在那儿自作多情，祝你余生一切都好,sadness
既然你已经不再需要我的支持，那就请你把借我的那笔首付款还清，我们从此桥归桥路归路，再无瓜葛,anger
既然你已经在朋友圈把我屏蔽了，那我也没必要留着那点仅存的体面，这种单方面的社交维持真让人恶心,anger
既然你已经在谈判桌上亮出了底牌，那就别怪我反手就把你的供货商名单发给你的竞对，商场从不讲什么温情脉脉,anger
既然你已经找到了下家，就请闭上你的嘴别再来骚扰我的生活,anger
既然你已经找到了所谓的真爱，就请离我的生活远一点再远一点,anger
既然你已经选择了拥抱那个满身名牌的现实，那就祝你在金色的牢笼里，永远别想起当初的一穷二白,sadness
既然你已经选择了背叛，就请带着你的谎言永远滚出我的视野,anger
既然你敢在实验室数据上公然造假，那你就等着被钉在学术的耻辱柱上，我会让你这辈子都摸不到试管,anger
既然你敢在底层平民的供水系统里掺杂服从性药物，那你就等着整座城市烧起来吧，你这吸血的官僚,anger
既然你敢在撤离名单上私自抹掉那几个老兵的名字，那你就等着被愤怒的家属撕碎吧，你这满身名牌的寄生虫,anger
既然你敢在直播间当众羞辱那个残疾小伙，那你就等着被全网封杀吧，这种没底线的流量你拿不稳,anger
既然你敢把过期的疫苗发往山区，那就等着在法庭上被那些愤怒的父亲活撕了吧，你这杀人犯,anger
既然你的心已经给了别人，就滚出我的视线别再装深情,anger
既然你给不了最起码的尊重，那就请你离我的生活远一点，别来烦我。,anger
既然你觉得出卖商业秘密是“资源共享”，那你就去跟监狱里的狱友共享你那点廉价的聪明吧,anger
既然你觉得出卖理想换那点职场红利很值得，那你就守着那堆臭钱孤独终老吧，别再来找我,anger
既然你觉得我的善良是可以被无限度消耗的筹码，那对不起，从今天起我的底线将是你无法逾越的高墙,anger
既然你觉得职场潜规则是不可避免的，那你就自己去享受这种规则吧，老子不伺候了，滚,anger
既然你觉得职场霸凌是所谓的“抗压训练”，那我就让你也训练下，举报信已经抄送给总部审计了,anger
既然你觉得职场霸凌是所谓的“磨练”，那我也让你磨练一下，举报信我已经发到你老婆的单位邮箱了,anger
既然你觉得背叛理想去换取那点微薄的职场红利很值得，那你就守着那点钱孤独终老吧，别再找我,anger
既然你觉得践踏别人的隐私能带来流量快感，那你就去监狱里找快感吧，我的律师已经起诉了,anger
既然你觉得践踏尊严能带来快感，那你就去地狱里找吧，老子的反击才刚刚拉开序幕,anger
既然你觉得这份友情已经到了需要用金钱来衡量的地步，那你就拿着那几千块钱滚吧，别再出现在我的视野里,anger
既然你觉得这份合同里的条款是在施舍，那我们就没必要再谈下去了，老子就算去摆摊也不会签这种卖身契,anger
既然你觉得这份婚姻已经成了利益交换的筹码，那我们就直接签离婚协议吧，别再这儿演什么深情戏码了,anger
既然你觉得这种出卖灵魂的行为是一种“成熟”，那对不起，我宁愿这辈子都保持这种幼稚的骨气,anger
既然你觉得这种利用感情去骗取信任的行为是“情商高”，那你就滚出我的世界，烂人,anger
既然你觉得这种抄袭行为是一种“致敬”，那我就用法庭的判决书来给你普及一下法律知识,anger
既然你觉得这种抄袭行为是一种“致敬”，那我就用法庭的判决书来给你普及一下知识,anger
既然你觉得这种抄袭行为是一种“致敬”，那我就用法庭的判决书来给你普及法律知识,anger
既然你觉得这种欺软怕硬是生存法则，那我就让你见识一下什么叫弱者的愤怒，法庭见,anger
既然你觉得这种职场潜规则是不可避免的，那你就自己去享受这种规则吧，老子不伺候了，滚蛋,anger
既然你觉得这种职场潜规则是不可避免的，那你就自己去享受这种规则吧，老子的辞职信已经发到你邮箱了,anger
既然你觉得这种职场霸凌是一种“优胜劣汰”，那你就等着被更狠的人吃掉吧，走着瞧,anger
既然你觉得这种职场霸凌是一种“锻炼”，那我就让你也体验一下这种锻炼，这份举报信我已经抄送给总部了,anger
既然你觉得这种职场霸凌是企业文化，那我就让你也体验一下这种文化的真正威力,anger
既然你觉得这种职场霸凌是所谓的“企业文化”，那我就让你也体验一下这种文化的威力,anger
既然你觉得这种职场霸凌是所谓的“企业文化”，那我就让你也体验一下这种文化的真正威力,anger
既然你觉得这种践踏别人尊严的行为能给你带来快感，那你就去地狱里寻找快感吧，老子的反击才刚刚开始,anger
既然你觉得这种践踏别人尊严的行为能给你带来快感，那你就去地狱里找快感吧，老子的反击开始了,anger
既然你觉得这种靠关系上位的行径是理所当然的，那你就带着你那点可怜的虚荣心滚出我的实验室,anger
既然你觉得这种靠关系上位的行径是理所当然的，那你就带着你那点可怜的虚荣心滚出我的视线,anger
既然你觉得这种靠关系上位的行径是理所当然，那你就带着你那点虚荣心滚出我的视线,anger
既然你觉得靠关系上位是理所当然的职场捷径，那你就带着你那点虚荣心滚出我的实验室,anger
既然你觉得靠关系上位是理所当然，那你就带着你那点虚荣心滚出我的视线，别弄脏地皮,anger
既然你选择了在合同到期前恶意撤资，那我们就法庭见，我会让你知道什么叫信用的代价,anger
既然你选择了在方案里直接抄袭我的创意，那我们就让律师在版权局见，我会让你知道偷东西的代价有多沉重,anger
既然你选择了在背后散布我其实是个精神病的谣言，那我就坐实这个身份先把你车砸了,anger
既然你选择了在背后散布我其实是个精神病的谣言，那我就坐实这个身份，先把你那辆豪车砸了再说,anger
既然你选择了在背后散布我的隐私，那我们就用法庭传票来作为这段关系的最后告别，希望你的钱包也像你的嘴一样硬,anger
既然你选择了在项目上线前夕带着团队集体离职，那你就等着法院的传票吧，我会让你倾家荡产来赔偿损失,anger
既然你选择了在项目庆功宴前夕带走所有核心成员，那你就等着吃违约官司吧，我会让你赔到底,anger
既然你选择了在项目最关键的时候带头罢工，那你就等着被告到倾家荡产吧，没人欠你的，记住了,anger
既然你选择了在项目最后关头出卖核心代码，那你就等着在这个圈子里彻底消失吧，叛徒没好下场,anger
既然你选择了在项目最后关头出卖核心代码，那你就等着在这个圈子里彻底消失吧，没人会再相信一个叛徒,anger
既然你选择了在项目最后关头出卖核心代码，那你就等着在这个圈子里彻底消失吧，这就是下场,anger
既然你选择了在项目最后关头出卖核心利益。那你就等着在这行彻底社会性死亡吧,anger
既然你选择了在项目最后关头出卖核心利益，那你就等着在这行彻底社会性死亡吧,anger
既然你选择了在项目最后关头出卖核心利益，那你就等着在这行彻底社会性死亡吧，混蛋,anger
既然你选择了用这种卑劣的手段去抹黑我的名誉，那我就用最直接的证据让你在整个圈子里彻底社会性死亡,anger
既然你选择了用这种极端的冷暴力来逼我提分手，那我就如你所愿，顺便祝你余生遇到的每一个人都像你一样虚伪,anger
既然你选择了用这种极端的手段来逼我妥协，那我就让你见识一下什么叫真正的同归于尽,anger
既然你选择了用这种阴损的招数来抢我的客户，那我也没必要再讲什么底线，我会让你后悔的,anger
既然你选择了用这种阴损的招数来抢我的客户，那我也没必要再讲什么底线，我会让你知道什么叫真正的反击,anger
既然你选择了用这种阴损的招数来抢我的客户，那我们就法庭见。我会让你赔个底掉,anger
既然你选择了用这种阴损的招数来抢我的客户，那我们就法庭见，我会让你赔个底掉,anger
既然你选择了用这种阴损的招数来抢我的客户，那我们就法庭见，我会让你输得倾家荡产,anger
既然你选择了背叛我们共同的理想去投靠那个曾经我们最鄙视的资本，那就祝你在金色的废墟里永远别做噩梦,anger
既然你选择在项目关头出卖核心代码，那你就等着被全行业封杀吧，叛徒没有好下场,anger
既然你选择在项目最关键的时刻出卖团队核心数据，那你就等着在这行彻底除名吧，叛徒,anger
既然你选择用极端的手段逼我妥协，那我就让你见识一下，什么叫真正的鱼死网破,anger
既然大家都已经互为路人了，那就请你从我的访客记录里彻底消失，别再来试探我的底线,anger
既然大家都已经撕破脸了，就别再假惺惺地维持那点体面,anger
既然大家都已经是互相点赞的“僵尸好友”了，那就继续保持这种体面的互不打扰吧，谁也别再加戏了,sadness
既然大家都已经是成年人了，那就请你收起那套“我弱我有理”的逻辑，别再来恶心我了,anger
既然已经决定离开，就别再假装不舍。,anger
既然已经这样了那就彻底躺平，不争不抢，这种感觉尊滴真香,contentment
既然您这么喜欢当上帝，要不我直接帮您办个升天手续？,anger
既然您这么喜欢当英雄，要不我给您安排个必死无疑的任务试试？,anger
既然您这么喜欢打听我的私事，要不我把我的户口本直接贴您额头上？,anger
既然您这么喜欢插手别人的事，要不我把我的下半生也交给您折腾？,anger
既然您这么喜欢插队，要不我直接送您去人生的终点站？那里不用排队。,anger
既然您这么喜欢看我笑话，要不我给您搭个台子，您坐第一排看？,anger
既然您这么喜欢装聋作哑，那我建议您直接去领个残疾人补助，别浪费名额。,anger
既然您这么喜欢评价别人的生活，要不我出钱给您在村口修个广播站？,anger
既然爱已经变成了互相伤害，那就彻底断个干净别再藕断丝连,anger
既然爱已经变成了互相伤害，那就让这份愤怒燃尽最后的灰烬,anger
既然缘分已经走到了需要互相清空好友位的地步，那就说明这段相遇本身就是一个彻头彻尾的错误,sadness
既然躲不掉那就体面点，法警破门时我正慢条斯理吃饭，心稳,contentment
既然这样，也没什么好说的了，一言不发地推门而出,anger
既然这样，也没什么好说的了，把那份方案删掉重写,anger
既然这样，也没什么好说的了，猛地合上电脑,anger
既然这样，也没什么好说的了，直接拉黑了对方,anger
既然选择了欺骗，就别怪我撕碎你那张伪装纯良的面具,anger
既然选择了欺骗，就别怪我最后的一点温柔也消失殆尽,anger
既然选择了离开，就别再回过头来施舍你的温柔,anger
日子平平淡淡，但挺安心,contentment
日子平淡如水也没关系，只要身体无恙，爱人常在，这便是最好的修行,contentment
日子平淡如水也没关系，只要身体无恙，爱人常在，这就是最好的修行,contentment
日子平淡如水，却也自有它的清欢,contentment
日子平淡如水，却也自有它的清闲,contentment
日子平淡如水，却也自有它的滋味,contentment
日子平淡点挺好,contentment
日子平淡点没什么只要一家人整整齐齐就好,contentment
日子平淡点没什么，只要一家人健健康康就行,contentment
日子平淡点没什么，只要一家人在一起就好,contentment
日子平淡点没什么，只要心是在一起的就好,contentment
日子平淡点没什么，家人平安就好,contentment
日子平淡点，只要心在一起就好,contentment
日子平淡真舒坦,contentment
日子慢慢过也挺好,contentment
日子挺平淡,contentment
日子过得真清闲,contentment
日志记录显示，错误代码为0x0045，原因系网络连接超时。,neutral
日期已定,neutral
日记本心事翻开依然泪流,sadness
日记本里的那些心事，如今回头翻开看，依然会让我瞬间泪如泉雨，完全止不住,sadness
日记本里的那些陈年心事，如今回头翻开看，依然会让我瞬间老泪纵横，根本止不住,sadness
日记本里那些被泪水打湿的誓言，如今回头看全是让人想撞墙的笑话,sadness
日记本里那些被泪水浸透的誓言，如今回头翻开看，全是最讽刺的笑话,sadness
日记本里那些被泪水浸透的诺言，如今回头看全是让人想撞墙的冷笑话,sadness
日记本里那些被泪水浸透的诺言，如今回头翻开看，全成了让人想撞墙的冷笑话，太滑稽了,sadness
日记本里那些被泪水浸透的诺言，如今回头翻开看，全成了让人想撞墙的冷笑话，太讽刺了,sadness
日记本里那些被泪水浸透的诺言，如今回头翻开看，全成了让人想撞墙的冷笑话，这辈子真是太滑稽了,sadness
日记本里那些被泪水浸透的诺言，如今回头翻开看，全成了让人想撞墙的笑话，太讽刺了,sadness
日记本里那些被泪水浸透的诺言，如今回头翻开看，全成了让人想撞墙的荒诞剧，这辈子真是太滑稽了,sadness
日记里的心事，翻开依然泪流,sadness
日记里的心事，翻开依然泪流满面,sadness
日记里的那些心事，如今回头翻开看，依然会让我瞬间泪流满面,sadness
日记里的那些心事，翻开依然会让我泪流满面,sadness
旧手机里还存着那段语音，她没有播放，也没有删除,sadness
旧报纸书房看古往今来，心里干净比应酬强百倍，这种日子稳,contentment
旧照片还没有删，但已经很久没有点进去看了,sadness
旧照片里的人，早就已经散了...,sadness
旧照片里的人，早就已经散了。,sadness
旧照片里的人，早就已经散了！,sadness
旧照片里的人，早就已经散了？,sadness
旧照片里的人，早就已经散了～,sadness
旧照片里的笑容似乎勾起了无尽的惆怅。大概这就是遗憾。,sadness
旧照片里的笑容似乎已经早已随风而逝。大概这就是遗憾。,sadness
旧照片里的笑容似乎已经早已随风而逝。终究还是走散了。,sadness
旧照片里的笑容似乎已经显得格外凄凉，连空气都变冷了。,sadness
旧照片里的笑容似乎透着一股落寞。大概这就是遗憾。,sadness
旧照片里的笑容必然显得格外凄凉，连空气都变冷了。,sadness
旧照片里的笑容必然透着一股落寞。有些事注定无法挽回。,sadness
旧照片里的笑容总会透着一股落寞。只剩满地伤痕。,sadness
旧照片里的笑容显得格外凄凉。终究还是走散了。,sadness
旧照片里的笑容显得格外凄凉，连空气都变冷了。,sadness
旧照片里的笑容真的透着一股落寞。有些事注定无法挽回。,sadness
旧照片里的笑容确实勾起了无尽的惆怅。有些事注定无法挽回。,sadness
旧照片里的笑容确实成了心头的隐痛。大概这就是遗憾。,sadness
旧照片里的笑容确实显得格外凄凉。只剩满地伤痕。,sadness
旧照片里的笑容竟然成了心头的隐痛。大概这就是遗憾。,sadness
旧照片里的笑容竟然成了心头的隐痛。终究还是走散了。,sadness
旧照片里的笑容竟然早已随风而逝。大概这就是遗憾。,sadness
旧照片里的笑容竟然显得格外凄凉。终究还是走散了。,sadness
旧相册里的旧时光回不去了,sadness
旧相册里的时光，再也回不去了,sadness
旧相册里的那些发黄的照片，如今回头翻看全都是再也回不去的遗憾和无尽的感伤,sadness
旧相册里的那些穿着开裆裤的照片，如今回头翻看全都是再也回不去的纯真和满地的感伤,sadness
旧相册里的那些老照片，如今看来全是回不去的遗憾,sadness
旧相册里的那些黑白照片，如今回看全都是再也回不去的遗憾和感伤,sadness
旧相机里还存着去年夏天的海边合影。只是后来其中一只碎了，剩下的那只也被我扔进了垃圾桶,sadness
旧相机里还存着去年夏天的海边合影。只是现在它只是一个提醒我有多愚蠢的金属圈,sadness
旧相机里还存着去年夏天的海边合影。可可终点站的那个人，早就不在原地了,sadness
旧相机里还存着去年夏天的海边合影。后来可终点站的那个人，早就不在原地了,sadness
旧相机里还存着去年夏天的海边合影。后来如今屏幕坏了，那些笑容再也点不亮了,sadness
旧相机里还存着去年夏天的海边合影。后来现在它只是一个提醒我有多愚蠢的金属圈,sadness
旧相机里还存着去年夏天的海边合影。然而后来其中一只碎了，剩下的那只也被我扔进了垃圾桶,sadness
旧相机里还存着去年夏天的海边合影，但如今屏幕坏了，那些笑容再也点不亮了,sadness
旧相机里还存着去年夏天的海边合影，后来其中一只碎了，剩下的那只也被我扔进了垃圾桶,sadness
旧相机里还存着去年夏天的海边合影，现在它只是一个提醒我有多愚蠢的金属圈,sadness
旧相框里的照片已经泛黄，可关于你的记忆却依旧鲜红如血,sadness
旧相框里的笑容还没散去，可身边的人已经换了姓名,sadness
旧衣服翻到五十块钱,joy
早上好呀，今天窗外的阳光洒进来的时候，感觉整个屋子都温柔了,joy
早上挤地铁被踩了无数脚，一天的心情都没了,anger
早上醒来发现今天是周六，继续睡,joy
早上闹钟没响，醒来已经十点了,anger
早就打包好行李准备好了，只要你开口，天涯海角我都跟你走,love
早就打包好行李，准备余生都赖在你的照顾里不走了,love
早就打包好行李，准备搬进你心里，哪也不去了,love
早起看到了绝美的日出，觉得今天又是充满希望的一天,joy
时钟的滴答声在房间里异常响亮，一遍又一遍刷新那个空白页面,anxiety
时钟的滴答声在房间里异常响亮，不停地清嗓子并整理领带,anxiety
时钟的滴答声在房间里异常响亮，呼吸频率变得急促且浅,anxiety
时钟的滴答声在房间里异常响亮，在草稿纸上乱涂乱画,anxiety
时钟的滴答声在房间里异常响亮，在走廊里来回踱步,anxiety
时钟的滴答声在房间里异常响亮，屏幕上红色的倒计时正在闪烁,anxiety
时钟的滴答声在房间里异常响亮，手心里全是冷汗,anxiety
时钟的滴答声在房间里异常响亮，把那个文件夹打开又关上,anxiety
时钟的滴答声在房间里异常响亮，指尖在桌面快速敲击,anxiety
时钟的滴答声在房间里异常响亮，每隔几秒就按亮一次手机屏幕,anxiety
时钟的滴答声在房间里异常响亮，盯着屏幕上的第一行字看了十分钟,anxiety
时钟的滴答声在房间里异常响亮，窗外的树影在风中剧烈晃动,anxiety
时钟的滴答声在房间里异常响亮，肌肉紧绷到微微发酸,anxiety
时钟的滴答声在房间里异常响亮，走廊尽头传来的脚步声越来越近,anxiety
时间一分一秒过去，由于堵车，距离发车时间仅剩十分钟，心都快跳出来了。,anxiety
时间不够了急疯了,anxiety
时间快来不及了，到底还有多久才能到？车怎么还没来？,anxiety
时间是下午两点,neutral
时间是两点,neutral
时间来不及了,anxiety
时间来不及了急疯了,anxiety
明天出差,neutral
明天就是最后期限了，我还有一大半的工作没做完，压迫感太强了。,anxiety
明天就要上台演讲了，我现在脑子里一片空白...,anxiety
明天就要上台演讲了，我现在脑子里一片空白。,anxiety
明天就要上台演讲了，我这心里直打鼓,anxiety
明天就要上台演讲了，脑子却突然一片空白，这种感觉太折磨人了,anxiety
明天就要体检了，怕查出什么毛病来,anxiety
明天就要公布录取名单了，我现在手心全是冷汗，心脏快跳出来了。,anxiety
明天就要公布录取结果了，我现在紧张得手心全是汗，完全坐不住。,anxiety
明天就要公布职级评定的结果了，现在紧张得胃疼,anxiety
明天就要出差了，好担心自己会漏带什么重要的证件，查了五遍了。,anxiety
明天就要去医院拿体检报告了，我这心里慌得就像揣了几十只乱撞的兔子，生怕查出个什么大毛病,anxiety
明天就要去参加那个可能会让我倾家荡产的豪赌了，我手心里全是汗，焦虑得恨不得当场猝死,anxiety
明天就要去参加那个可能会让我卷入官司的离职审计了，我手心里全是汗，焦虑得想自残,anxiety
明天就要去参加那个可能会让我身败名裂的听证会了，我手心里全是汗，焦虑得想自残,anxiety
明天就要去参加那个可能会让我输得连底裤都不剩的对赌协议了，我手心里全是冷汗，焦虑得想当场心肌梗死,anxiety
明天就要去拿那个决定我命运的审判结果了，我心跳得快要把衬衫顶破了，怕得要死,anxiety
明天就要去新环境报道了，昨晚翻来覆去睡不着，总担心自己融入不进去,anxiety
明天就要去见你的家长了，我这心里好慌，生怕自己表现得不够得体,anxiety
明天就要去见你的家长了，我这心里慌得就像揣了只兔子，生怕自己哪句话说得不周全,anxiety
明天就要去见你那个看不起穷人的家长了，我这心里慌得就像没底，生怕自己丢了丑,anxiety
明天就要去见那个决定我生死的大老板了，我居然还在纠结领带的颜色，真是有病,anxiety
明天就要去见那个能决定我下半辈子饭碗的面试官了，我居然还在担心脚上的袜子有没有破洞，真怂,anxiety
明天就要去那个完全排外的地方打工了，我这心里慌得跟没底的破桶一样，愁死我了,anxiety
明天就要去那个完全陌生、据说特别排外的地方打工了，我行李都没收好，心里慌得像打鼓,anxiety
明天就要去那个完全陌生、据说特别排外的地方打工了，我行李都没收拾好，心里慌得要命,anxiety
明天就要去那个完全陌生、据说特别排外的地方打短工了，我行李都没收好，心里慌得要死,anxiety
明天就要去那个完全陌生、据说还特别排外的厂子里当牛做马了，我行李都没收好，心里慌得像打雷一样,anxiety
明天就要去那个完全陌生、据说还特别排外的地方打工了，我还没准备好换洗衣服，心里慌得像打鼓,anxiety
明天就要去那个完全陌生、据说还特别排外的地方打短工了，我还没买到行李袋，心里慌得像打鼓一样,anxiety
明天就要去那个完全陌生、据说还特别排外的地方打短工了，我还没准备好行李，心里慌得像打鼓,anxiety
明天就要去那个完全陌生、还特别排外的地方务工了，我还没准备好铺盖，心里慌得像打雷,anxiety
明天就要去那个完全陌生、还特别排外的地方当廉价劳动力了，我还没准备好行李，心里慌得像打鼓,anxiety
明天就要去那个完全陌生、还特别排外的地方打短工了，我还没准备好行李，心里慌得像打雷,anxiety
明天就要去那个完全陌生的地方闯荡了，我还没准备好行李，心里慌得跟打雷似的,anxiety
明天就要去那个据说会大规模裁员的公司面试了，我手心里全是冷汗，心跳快得要把胸膛撞破了，好慌,anxiety
明天就要去那个据说录取率不到百分之一的单位面试了，我手心里全是冷汗，总觉得自己就是个笑话,anxiety
明天就要去面试那个大厂了，我到现在连自我介绍都还没背熟，急得我心脏快停了,anxiety
明天就要去面试那家心仪的单位了，我到现在连自我介绍都还没练顺溜，急得我心脏快要爆表了,anxiety
明天就要开庭了，我还没找到证明自己清白的证据，急得我心脏快要爆裂了,anxiety
明天就要手术了，我还没写完给家人的遗书，急得我心脏一抽一抽地疼,anxiety
明天就要答辩了，现在脑子里一片空白，救命！,anxiety
明天就要见家长了，心里七上八下的，生怕表现不好,anxiety
明天就要见家长了，心里好慌,anxiety
明天就要见家长了，心里好慌，怕表现不好,anxiety
明天就要面试了，心里一直打鼓，根本睡不着,anxiety
明天就要面试了，我还没准备好怎么回答那个关于理想的问题，急得我满头大汗,anxiety
明天是周四,neutral
明天是阴天,neutral
明天有个重要的事，今晚怎么都睡不踏实,anxiety
明天有点紧张,anxiety
明天有重要的事有点紧张,anxiety
明天考试让我有点紧张,anxiety
明天要上台表演了，我连台词都还没背熟，感觉自己要出大丑了。,anxiety
明天要出差，行李还没收拾，好焦虑,anxiety
明天要参加一个非常重要的汇报，现在手心出汗、心跳加速，总怕自己会当众出糗,anxiety
明天要参加一个非常重要的面试，现在手心出汗、心跳加速，总怕自己会当众出糗,anxiety
明天要开题了，可我连大纲都没弄好，急死了,anxiety
明天要开题答辩了，焦虑到死,anxiety
明天要开题答辩了，现在脑子里一片空白，感觉要挂，救命,anxiety
明天要开题答辩了，现在脑子里一片空白，感觉要挂，救命啊,anxiety
明天要开题答辩了，现在脑子里一片空白，感觉要挂，救命啊谁来救救我,anxiety
明天要开题答辩了，现在脑子里一片空白，感觉要挂，救命啊，谁来救救我,anxiety
明天要开题答辩了，现在脑子里一片空白，救命,anxiety
明天要开题答辩了，现在脑子里一片空白，焦虑到死,anxiety
明天要汇报，ppt还没做完，救命,anxiety
明天要演讲，紧张得睡不着,anxiety
明天要答辩了，现在脑子里一片空白，感觉要挂，救命,anxiety
明天要见家长了，有点紧张,anxiety
明天要见家长，好慌啊,anxiety
明天要见相亲对象，一直在担心万一聊不来或者表现不好怎么办，纠结死了。,anxiety
明天要见相亲对象，万一聊不来或者表现不好怎么办？越想越纠结。,anxiety
明天要跟合作方谈判，对方是个狠角色，我真的怕自己招架不住。,anxiety
明天要进行重要演示，现在手心出汗、心跳加速，总怕中间会出现什么意外,anxiety
明天要进行重要的外语展示，现在脑子里全是一片乱码，怕万一当众卡壳怎么办,anxiety
明天要进行重要的演讲，现在脑子里全是一片空白，怕万一当众出丑怎么办,anxiety
明天要进行重要的身体检查，现在总是胡思乱想，怕万一查出什么大病怎么办,anxiety
明天要进行重要的述职报告，现在脑子里一直在预演各种意外情况，紧张得手心全是汗,anxiety
明天要进行重要的面试演示，现在手心全是汗，总怕自己会当众出丑丢人,anxiety
明天要面试了，有点紧张,anxiety
明天面试，现在手心全是冷汗...,anxiety
明天面试，现在手心全是冷汗。,anxiety
明天面试，现在手心全是冷汗！,anxiety
明天面试，现在手心全是冷汗？,anxiety
明天面试，现在手心全是冷汗～,anxiety
明天面试，紧张到手抖,anxiety
明明不想哭，可鼻子一酸眼眶就红了,sadness
明明不是我的错却被怪，烦死了,anger
明明伤害谁你也活不长，却还要装模作样说自己很善良,anger
明明刚刚还在吵架，看你低头认错的样子，我瞬间就心软了。,love
明明只是角落里的尘埃，却因为你的爱护而变成了夺目的宝石,love
明明只是角落里的微光，却因为你的注视而变成了璀璨的星辰,love
明明只是角落里的旁观者，却不可救药地陷入了你的漩涡,love
明明在人群里笑得很开心，可回到家里关上灯的那一刻，孤独感排山倒海。,sadness
明明在人群里，却觉得很孤单,sadness
明明对方全责还反咬一口，当我是好欺负的，气得手抖,anger
明明对方全责还反咬一口，真当我好欺负吗，气得我手都在抖,anger
明明对方追尾还反咬一口，当我是没脾气的好学生，气得我直打颤,anger
明明已经删除了所有的联系方式，可你的号码还是刻在我脑子里。,sadness
明明已经反复检查了三遍煤气阀门，可躺在床上总觉得火苗还在蹿。,anxiety
明明已经很克制了，可眼泪还是不争气地掉下来,sadness
明明已经很努力在合群了，却还是像个透明人一样被忽视。,sadness
明明已经很努力在改了，可还是觉得差点意思,sadness
明明已经很努力在改了，客户还是说没有感觉，唉。,sadness
明明已经很努力在生活了，为什么厄运还是一个接一个地降临呢？,sadness
明明已经很努力在生活了，可为什么还是觉得好累,sadness
明明已经很努力在融入了，可还是觉得自己像个局外人,sadness
明明已经想好怎么解释了，结果对方根本不想听，心凉了。,sadness
明明已经放下了，听到那个名字还是会心颤,sadness
明明已经放下了，听到那个名字还是会心颤，原来有些记忆是刻在骨子里的,sadness
明明已经放下了，听到那个名字还是会难受,sadness
明明已经放下了，听到那个名字还是会难过,sadness
明明已经是最后一次机会了却还是没能握住，那种无力感，比失败本身更难受,sadness
明明已经是最后一次机会却还是没握住，这种无力感，比失败本身更难受,sadness
明明当初说好了要一起白头偕老到天荒地老的，结果你倒好，半道上就嫌累先换了条船去跑路了,sadness
明明很努力了还是被骂，委屈,anger
明明很努力地在笑了，可周围的人还是能看穿我眼底的落寞，好累。,sadness
明明想关心他，开口却成了争吵，这种词不达意的感觉真难受,sadness
明明想安慰他，开口却成了争吵，好后悔,sadness
明明想安慰他，开口却成了争吵，这种词不达意的尴尬谁能懂,sadness
明明是为了他好，结果最后搞得好像我是恶人一样，心里好堵,sadness
明明是为了他好，结果最后搞得好像我是恶人一样，心里好委屈,sadness
明明是为了他好，结果最后被反咬一口，真的心寒到了极点,sadness
明明是为了他好，结果被反咬一口，真的很难过,sadness
明明是为了救大家，为什么最后要让他一个人承担所有,sadness
明明是为了救大家，为什么最后要让他一个人承担所有？,sadness
明明是他的问题，居然还能理直气壮地指责我，不要脸！,anger
明明是他答应好的事情，临阵脱逃还要我来背锅，我凭什么受这委屈？,anger
明明是你的错，凭什么吼我...,anger
明明是你的错，凭什么吼我。,anger
明明是你的错，凭什么吼我！,anger
明明是你的错，凭什么吼我？,anger
明明是你的错，凭什么吼我～,anger
明明是你的错，凭什么让我去道歉？你那点自尊心比天大吗？,anger
明明是你的错，凭什么让我道歉？你那自尊心值几个钱啊？,anger
明明是你迟到了，为什么还要怪我没提醒你？这种倒打一耙的行为真让人火大,anger
明明是公共场合，却完全不顾及别人的感受，素质何在,anger
明明是团队的劳动成果，凭什么领奖的只有他一个，这种虚伪真反胃,anger
明明是在最热闹的酒吧，我却觉得比谁都冷，冷到骨子里。,sadness
明明是大家一起出的主意，凭什么最后的功劳全算在他一个人头上？真阴险,anger
明明是大家一起出的方案凭什么领奖的时候只写他一个名字，虚伪到家了,anger
明明是大家一起出的方案，凭什么最后的汇报全算在他一个人头上？真阴险至极,anger
明明是大家一起努力的结果，凭什么最后的PPT汇报全是他一个人的功劳？阴险,anger
明明是大家一起熬夜赶出来的成果，凭什么最后在客户面前表现的只有他一个，虚伪,anger
明明是大家一起闯的祸现在全推到我头上，凭什么，气得我整个人发抖,anger
明明是大家一起闯的祸现在全推到我头上，凭什么，气得我整个人都在发抖,anger
明明是大家一起闯的祸现在全推到我头上，凭什么，气得我肺都要炸了,anger
明明是大家共同出的方案，凭什么领奖时只写他一个，这种虚伪真恶心,anger
明明是大家共同出的方案，凭什么领奖的时候只写他一个人的名字，这种虚伪真恶心,anger
明明是大家闯的祸现在全推到我头上，凭什么，气得我整个人发抖,anger
明明是对方全责还反咬一口说我没素质，真当我好欺负吗，气得手抖,anger
明明是对方全责还反咬一口说我没素质，真当我这种老实人好欺负吗,anger
明明是对方全责还反咬一口说我没素质，真当我这种老实人是好欺负的吗,anger
明明是对方全责还反咬一口说我没素质，真当我这种老实人是好欺负的软柿子吗，气得我手抖,anger
明明是对方全责还反咬一口说我没素质，真当我这种老实人，是好欺负的吗,anger
明明是对方全责还反咬一口，真当我是软柿子,anger
明明是对方全责还反咬一口，真当我是软柿子好欺负吗,anger
明明是对方全责还反咬一口，真当我是软柿子，我一定要维权到底,anger
明明是对方全责还反咬一口，真当我是软柿子？,anger
明明是对方全责还反咬一口，真当我这种老实人好欺负，气得我手抖,anger
明明是对方变卦还反咬我没诚意，真当我没留聊天记录，气得不行,anger
明明是对方插队，居然还有理了，这素质真是绝了。,anger
明明是对方插队，居然还有脸大声嚷嚷，素质真低,anger
明明是对方插队，居然还有脸大声嚷嚷，这素质也是没谁了,anger
明明是对方插队，居然还有脸大声嚷嚷，这素质真低,anger
明明是对方插队，居然还有脸大声嚷嚷，这素质简直是没救了，火大,anger
明明是对方的错，为什么要我来承担损失,anger
明明是对方的错，凭什么要让我来承担后果,anger
明明是对方违约在先居然还有脸来指责我不专业，这种厚脸皮真的刷新我认知,anger
明明是对方违约还反咬一口，真当我没留证据，咱们法庭见,anger
明明是对方追尾还理直气壮地骂人，真当我好欺负吗，气得我手抖,anger
明明是已经确认好的报酬结算时却被各种理由扣减，这种吃相真的让人反感,anger
明明是已经确认好的报酬，结算时却被各种莫名的管理费扣减，这种吃相真难看,anger
明明是已经签过合同的款项，对方却找各种借口无限期拖延，这种老赖行为真让人恶心,anger
明明是已经谈好的合作，对方却在最后关头反悔跳票，这种没契约精神的人真恶心,anger
明明是已经谈好的合作，对方却在最后关头反悔跳票，这种没有契约精神的人真的让人忍无可忍,anger
明明是已经谈好的合作，对方却在最后关头反悔，这种人真的让人忍无可忍,anger
明明是我的创意，凭什么最后署名没有我,anger
明明是我的创意，凭什么最后署名没有我，太欺负人了,anger
明明是我的创意，凭什么最后署名没有我，太欺负人了，真的忍不了,anger
明明是我的创意，凭什么最后署名没有我，太欺负人了，真的忍无可忍,anger
明明是我的创意，凭什么最后署名没有我？太欺负人了。,anger
明明是我的创意，凭什么最后署名没有我？这种明摆着的职场霸凌真的让我忍无可忍,anger
明明是我的创意，凭什么署名没有我,anger
明明是我的劳动成果，凭什么被他拿去邀功，真不要脸,anger
明明是我的劳动成果，凭什么被他轻描淡写地在领导面前邀功？这种职场小人真恶心,anger
明明是我的劳动成果，凭什么被他轻描淡写地说成是由于他的指导？真不要脸,anger
明明是我的原创创意，凭什么最后署名没有我，这种职场霸凌我真的忍不了,anger
明明是我的生日，却要一个人在工位加班到深夜，走出公司时街上一个行人都没有。,sadness
明明是整个团队共同的劳动成果凭什么上台领奖的只有他，这种虚伪真恶心,anger
明明是整个团队共同的劳动成果，凭什么最后上台领奖的只有他一个人，真虚伪,anger
明明是整个团队共同的劳动成果，凭什么最后上台领奖的只有他一个人，这种虚伪的人真反胃,anger
明明是盛夏的天气，我却在回忆的冰窖里冻得瑟瑟发抖,sadness
明明是自己的失职，却非要推卸责任给我...,anger
明明是自己的失职，却非要推卸责任给我。,anger
明明是自己的失职，却非要推卸责任给我！,anger
明明是自己的失误却非要推到新人头上，这种领导致使我恶心,anger
明明是谈好的合作，对方却在最后关头跳票，这种没契约精神的人真恶心,anger
明明知道已经回不去了，但看到那个熟悉的头像闪动，还是会忍不住期待一下,sadness
明明答应好的事情又反悔，能不能讲点信用,anger
明明答应好的事情又反悔，能不能讲点信用，真受够了,anger
明明答应好的事情又反悔，能不能讲点信用，真受够了这种人,anger
明明答应好的事情又反悔，能不能讲点信用，这种人不可深交,anger
明明答应好的报酬又找各种理由克扣,anger
明明答应好的报酬又找各种理由克扣，真的忍无可忍,anger
明明答应好的报酬又找各种理由克扣，能不能讲点契约精神,anger
明明答应好的报酬又找各种理由克扣，能不能讲点契约精神，真的受够了,anger
明明答应好的报酬又找各种理由克扣，能不能讲点契约精神，真的忍无可忍,anger
明明答应好的报酬又找各种理由克扣，能不能讲点契约精神？真的受够了,anger
明明约好了时间却迟到一个小时，发消息也不回，真的非常不尊重人。,anger
明明约定好的事情临阵变卦，害我浪费了整整一天的准备时间！,anger
明明说好要一直在一起的，怎么突然就变了,sadness
明明说好要一起去旅行的，结果你现在却拉黑了我，看着攻略想哭。,sadness
明明还没到深夜，emo 的情绪已经要把我淹没了。,sadness
明明还没到深夜，emo的情绪已经要把我淹没了,sadness
明明还没到深夜，emo的情绪已经要把我淹没了，不知道该怎么办,sadness
明明还没到深夜，emo的情绪已经要把我淹没了，不知道该找谁倾诉,sadness
明明还没到深夜，emo的情绪已经要把我淹没了，想找个人抱抱却没目标,sadness
明明还没到深夜，emo的情绪已经要把我淹没了，突然觉得自己好没用,sadness
明明还没到深夜，突然觉得生活好没意思,sadness
明明还没到深夜，突然觉得生活好没意思，这种丧感真的让人窒息,sadness
明明还没到深夜，突然觉得生活好没意思，这种莫名其妙的丧真的让人喘不过气,sadness
明明还没到深夜，那种莫名其妙的emo情绪就涌上心头，觉得生活好没意思,sadness
明明还没到那个年纪，却已经开始害怕变老，害怕那些美好的东西都在指缝间流走,sadness
明明还没到那个年纪，却已经开始害怕生离死别，害怕那些熟悉的面孔一个个消失,sadness
明明还没到那种历练，却已经开始感叹世态炎凉，害怕那些温暖的面孔变陌生,sadness
明明还没到那种岁数，却已经开始感叹时光飞逝，害怕那些想见的人再也见不到了,sadness
明明还没到那种年纪，却已经开始害怕离别，害怕每一次说再见都是最后一次,sadness
明明还没到那种年纪，却已经开始感叹物是人非，感觉心已经提前老去了,sadness
明明还没到那种阅历，却已经开始感叹世态炎凉，害怕那些熟悉的面孔变陌生,sadness
明明还没老，却已经开始怀念以前那种快乐了,sadness
明明还没老，却已经开始怀念以前那种简单的、不用考虑钱的快乐,sadness
明明还没老，却已经开始怀念以前那种简单的、不需要为生活发愁的快乐了,sadness
明明还没老，却已经开始怀念以前那种简单的、不需要为钱发愁的快乐了,sadness
明明还没老，却已经开始怀念以前那种简单的快乐了,sadness
明明还没老，却已经开始怀念以前那种简单的快乐了，想回到小时候,sadness
明明还没老，却已经开始怀念小时候那种简单的快乐了,sadness
明明那么相爱，却还是错过了...,sadness
明明那么相爱，却还是错过了。,sadness
明白,contentment
明知道没事，但身体反应不过来,anxiety
星光下的拥抱，浪漫得刚刚好。,joy
星光下的拥抱，浪漫得刚刚好！,joy
星河滚烫，你是人间理想,love
春风十里也不及你回眸时的万分之一，你是这平庸生活里唯一的浪漫,love
昨天睡得不错，今天精神还可以,neutral
是不是我哪里做得不好,anxiety
是不是我说错话了？ta好像不开心,anxiety
是我没能给你想要的以后，只能在人海里看你远走,sadness
是是是，都是我的问题，您受委屈了,anger
晒太阳很舒服,contentment
晒太阳真的很舒服,contentment
晒着太阳发呆，好惬意,contentment
晓看天色暮看云，行也思君，坐也思君,love
晕,anger
晚上吹风很舒服,contentment
晚上散步回来，心情很平静,contentment
晚上的风吹得人很凉爽，不再像下午那么燥热了...,contentment
晚上的风吹得人很凉爽，不再像下午那么燥热了。,contentment
晚上睡不着，一直胡思乱想,anxiety
晚安，希望你的梦里有我，我的梦里全是你，这就是最甜的事。,love
晚安，梦里见,love
晚宴上所有人都聊得很开心，散场之后他们走进冷清的夜风里，没有说话,sadness
晚霞真的太美了，粉色的云朵像棉花糖一样，真想咬一口。,joy
晚风中的散步似乎已经带来了一种久违的宁静。享受这一刻的安宁。,contentment
晚风中的散步似乎已经带来了一种久违的宁静。生活本该如此简单。,contentment
晚风中的散步似乎已经心境随之变得开阔。享受这一刻的安宁。,contentment
晚风中的散步似乎已经让节奏慢了下来。这就是稳稳的幸福。,contentment
晚风中的散步似乎已经这就是最好的状态。知足常乐。,contentment
晚风中的散步似乎已经这就是最好的状态，夫复何求。,contentment
晚风中的散步似乎带来了一种久违的宁静。享受这一刻的安宁。,contentment
晚风中的散步似乎带来了一种久违的宁静。这就是稳稳的幸福。,contentment
晚风中的散步似乎心境随之变得开阔。生活本该如此简单。,contentment
晚风中的散步似乎心境随之变得开阔。知足常乐。,contentment
晚风中的散步似乎让节奏慢了下来。知足常乐。,contentment
晚风中的散步似乎这就是最好的状态。享受这一刻的安宁。,contentment
晚风中的散步似乎这就是最好的状态。生活本该如此简单。,contentment
晚风中的散步似乎这就是最好的状态。这就是稳稳的幸福。,contentment
晚风中的散步似乎透着平淡的幸福。知足常乐。,contentment
晚风中的散步带来了一种久违的宁静。这就是稳稳的幸福。,contentment
晚风中的散步必然心境随之变得开阔。享受这一刻的安宁。,contentment
晚风中的散步必然心境随之变得开阔。这就是稳稳的幸福。,contentment
晚风中的散步必然让人感到格外舒畅。生活本该如此简单。,contentment
晚风中的散步必然让人感到格外舒畅。知足常乐。,contentment
晚风中的散步必然让人感到格外舒畅，夫复何求。,contentment
晚风中的散步必然让节奏慢了下来。生活本该如此简单。,contentment
晚风中的散步必然这就是最好的状态。这就是稳稳的幸福。,contentment
晚风中的散步总会带来了一种久违的宁静。这就是稳稳的幸福。,contentment
晚风中的散步总会心境随之变得开阔。生活本该如此简单。,contentment
晚风中的散步总会心境随之变得开阔。知足常乐。,contentment
晚风中的散步总会让节奏慢了下来。享受这一刻的安宁。,contentment
晚风中的散步总会这就是最好的状态。知足常乐。,contentment
晚风中的散步真的带来了一种久违的宁静。生活本该如此简单。,contentment
晚风中的散步真的心境随之变得开阔。这就是稳稳的幸福。,contentment
晚风中的散步真的让人感到格外舒畅。生活本该如此简单。,contentment
晚风中的散步真的让节奏慢了下来。生活本该如此简单。,contentment
晚风中的散步真的这就是最好的状态。知足常乐。,contentment
晚风中的散步真的这就是最好的状态。这就是稳稳的幸福。,contentment
晚风中的散步真的透着平淡的幸福，夫复何求。,contentment
晚风中的散步确实带来了一种久违的宁静。这就是稳稳的幸福。,contentment
晚风中的散步确实心境随之变得开阔。这就是稳稳的幸福。,contentment
晚风中的散步确实这就是最好的状态。享受这一刻的安宁。,contentment
晚风中的散步确实这就是最好的状态，夫复何求。,contentment
晚风中的散步确实透着平淡的幸福，夫复何求。,contentment
晚风中的散步竟然带来了一种久违的宁静。享受这一刻的安宁。,contentment
晚风中的散步竟然心境随之变得开阔。享受这一刻的安宁。,contentment
晚风中的散步竟然心境随之变得开阔。知足常乐。,contentment
晚风中的散步竟然让人感到格外舒畅。生活本该如此简单。,contentment
晚风中的散步竟然让节奏慢了下来。知足常乐。,contentment
晚风中的散步竟然这就是最好的状态。享受这一刻的安宁。,contentment
晚风中的散步竟然透着平淡的幸福。享受这一刻的安宁。,contentment
晚风中的散步竟然透着平淡的幸福。生活本该如此简单。,contentment
晚风中的散步竟然透着平淡的幸福。这就是稳稳的幸福。,contentment
晚风中的散步竟然透着平淡的幸福，夫复何求。,contentment
晚风中的散步让人感到格外舒畅，夫复何求。,contentment
晚风中的散步透着平淡的幸福。知足常乐。,contentment
晚风中的散步透着平淡的幸福。这就是稳稳的幸福。,contentment
晚风吹过，把那些遗憾都吹散了...,contentment
晚风吹过，把那些遗憾都吹散了。,contentment
晚风带着草木的香气，慢悠悠地走在回家路上，心境很平稳。,contentment
晚风轻轻吹过，带走了所有的不愉快。,contentment
晚风轻轻吹过，耳机里的音乐刚好，这一刻心很静。,contentment
晚饭吃神马？歪果仁吃的那种草？那玩意儿吃完更饿，真的Q,sadness
晚饭后和妈妈一起剥橘子听她讲过去的事，这种温馨感让我很踏实。,contentment
晚饭后和家人在公园散散步，吹着晚风聊聊家常，这就是我想要的生活。,contentment
晚饭后和爱人手牵手在河边散步，听着蝉鸣，感觉时光都变慢了。,contentment
晚饭后在公园散散步，看着路灯亮起，心里很踏实。,contentment
晚饭后在公园的小径上散散步，看着晚霞一点点退去，心里非常平静,contentment
晚饭后牵着手在江边散步，听那些老人讲述着过去的故事,contentment
晚饭后牵着手在江边漫步，听那些风声讲述着平凡的幸福,contentment
晚饭后的散步，你的手心传来的温度，就是我最大的宽慰,contentment
晴天适合晾晒衣物，明日有小雨需提前收回,neutral
智能音箱半夜偷录，没隐私的感觉让我心惊肉跳，这种赛博恐怖,anxiety
暖到了,love
暗恋了三年的女神结婚了，新郎不是我，这心碎得连渣都不剩了,sadness
暗恋了三年的男生终于在我的朋友圈下面评论了一个表情，哪怕只是个表情，我也能在那儿反复揣摩一整晚,love
暗恋的人和我说话了！虽然只是借支笔,love
暗恋的人看我心跳加速,joy
暗恋的人突然主动找我聊天，开心到飞起,joy
暴戾恣睢。你仗着手里的那点权力，就想让所有人都给你下跪，等被举报吧,anger
曲终人散。,sadness
更新完成,neutral
曾经一起偷地瓜的生死之交突然就彻底没了消息，这种遗憾是老子用多少酒也浇不灭的,sadness
曾经为你流过的泪，现在看来都是脑子里进的水,anger
曾经以为会一直挺我的导师，关键时刻却把我当成背锅位，这种信任崩塌感真的好丧,sadness
曾经以为会一直陪伴在身边的老伙计，竟然因为这种误会而绝交，真的觉得挺遗憾的,sadness
曾经以为会一起退休的朋友，竟然因为一笔并不大的借款彻底闹掰，真让人唏嘘,sadness
曾经以为会一辈子在一起的朋友，竟然因为一件小事就再也不联系了，真遗憾,sadness
曾经以为会做一辈子死党的人，竟然因为一点流言就断交，真让人唏嘘,sadness
曾经以为会做一辈子闺蜜的人，竟然因为一个男人就反目成仇，真看透人心,sadness
曾经以为会是一辈子好友竟然因为这点利益就断联，想起从前，真的唏嘘,sadness
曾经以为会是一辈子好友，竟然因为一点利益就断联，真让人唏嘘,sadness
曾经以为会是一辈子的人，现在连点个赞的身份都没有了,sadness
曾经以为会永远在一起发誓不离不弃的人，现在连朋友圈都不敢再点进去了，真无奈,sadness
曾经以为会永远在一起发誓不离不弃的人，现在连朋友圈都不敢点赞，真丧,sadness
曾经以为会永远在一起发誓不离不弃的人，现在连点赞都尴尬，真丧,sadness
曾经以为会永远在一起发誓不离不弃的人，现在连点赞都尴尬，真遗憾,sadness
曾经以为会永远在一起的人现在成了朋友圈的陌生人，这种转折，真的好丧,sadness
曾经以为会永远在一起的人，现在成了互不点赞的陌生人,sadness
曾经以为会永远在一起的人，现在成了最熟悉的陌生人,sadness
曾经以为会永远在一起的人，现在成了最熟悉的陌生人，真讽刺,sadness
曾经以为会永远在一起的人，现在成了最熟悉的陌生人，真遗憾,sadness
曾经以为会永远在一起的人，现在成了朋友圈的陌生人，真讽刺,sadness
曾经以为会永远在一起的人，现在成了连点赞都不会有的陌生人,sadness
曾经以为会永远在一起的人，现在成了连点赞都不会有的陌生人，真讽刺,sadness
曾经以为会永远在一起的人，现在成了连点赞都不会有的陌生人，真讽刺啊,sadness
曾经以为会永远在一起的人，现在连朋友圈都看不到了。,sadness
曾经以为只要跑得够快就能甩掉焦虑，最后发现焦虑其实是长在影子里的，甩不掉,sadness
曾经以为只要跑得够快就能甩掉生活里的焦虑，最后发现焦虑其实是长在影子里的，根本甩不掉,sadness
曾经以为只要跑得够快就能甩掉生活里的焦虑，最后发现焦虑其实是长在影子里的，甩不掉,sadness
曾经以为我们会是这世界上最特别的一对。只是现在深夜下班，我只能看着末班公交发呆,sadness
曾经以为我们会是这世界上最特别的一对。后来原来我们和所有人一样，都逃不过俗气的散场,sadness
曾经以为我们会是这世界上最特别的一对。后来如今那片空地盖成了商场，树也没了踪影,sadness
曾经以为我们会是这世界上最特别的一对。然而如今那片空地盖成了商场，树也没了踪影,sadness
曾经以为我们会是这世界上最特别的一对。直到原来我们和所有人一样，都逃不过俗气的散场,sadness
曾经以为我们会是这世界上最特别的一对，但现在深夜下班，我只能看着末班公交发呆,sadness
曾经以为我们会是这世界上最特别的一对，现在钱攒够了，我的身边却换了人,sadness
曾经以为白头偕老的人成了过客,sadness
曾经以为能一起白头的人，终究还是在某个平常的午后走散了,sadness
曾经以为能白头偕老的人终究成了过客,sadness
曾经以为能白头偕老的人，终究还是成了生命中的过客,sadness
曾经发誓要不离不弃的人现在朋友圈都不敢点开，这种疏离感真无奈,sadness
曾经发誓要不离不弃的人现在朋友圈都不敢点开，这种疏离感，真的好无奈,sadness
曾经发誓要不离不弃的人现在朋友圈都不敢点，这种疏离感真无奈,sadness
曾经发誓要不离不弃的人，现在朋友圈都不敢点开，这种疏离感真无奈,sadness
曾经发誓要不离不弃的人，现在连朋友圈都不敢再互点赞了，这种疏离感真无奈,sadness
曾经发誓要不离不弃的人，现在连朋友圈都不敢再互点赞了，这种疏离真无奈,sadness
曾经形影不离的好友，现在在朋友圈刷到却不知道该说些什么，真的走散了,sadness
曾经形影不离的我们，现在却成了互不相干的过客,sadness
曾经形影不离的我们，现在却成了路人,sadness
曾经形影不离的玩伴如今成了擦肩而过的路人,sadness
曾经形影不离，现在相忘于江湖,sadness
曾经无话不谈的人，现在连点赞都觉得多余，成年人的关系真讽刺,sadness
曾经无话不谈的好朋友突然就再也不联系了，这种遗憾是任何东西都弥补不了的,sadness
曾经无话不谈的朋友，现在却成了点赞之交,sadness
曾经无话不谈的生死之交突然就彻底消失在生命里了，这种遗憾是任何东西都换不回的,sadness
曾经无话不谈的群聊，现在除了系统提示的领券信息，什么都没了,sadness
曾经无话不谈的群聊，现在除了系统提示，什么都没了,sadness
曾经最亲密的人现在连关心都没有了，寒心,sadness
曾经最亲密的人现在连基本的关心都没有了,sadness
曾经最亲密的人现在连基本的关心都没有了，真寒心,sadness
曾经最亲密的人现在连基本的关心都没有了，真寒心，大概这就叫成长吧,sadness
曾经最亲密的人现在连基本的关心都没有了，真寒心，大概这就是成长吧,sadness
曾经最亲密的人现在连基本的关心都没有了，这种落差太难受了。有点难过。,sadness
曾经最要好的朋友，现在连朋友圈都不互相点赞了,sadness
曾经最要好的朋友，现在连朋友圈都互相不可见了,sadness
曾经梦想仗剑走天涯，现在却被困在小小的工位里，这种落差感真丧,sadness
曾经滚烫的誓言终究敌不过琐碎日常，最后只剩下相顾无言的尴尬,sadness
曾经热闹的宿舍群现在只有抢票链接，物是人非，心里真不是滋味,sadness
曾经爱过，但现在我不爱你了。,sadness
曾经的朋友现在都变了样，真让人唏嘘,sadness
曾经的欢笑都成了现在的尖刺，扎在心口最柔软的地方隐隐作痛,sadness
曾经的真心喂了狗，你的誓言就像垃圾堆里的废纸一样廉价,anger
曾经的誓言，现在全成了笑话,sadness
曾经的誓言，现在全成了笑话，真讽刺,sadness
曾经的诺言似乎已经透着一股落寞。大概这就是遗憾。,sadness
曾经的诺言似乎已经透着一股落寞。有些事注定无法挽回。,sadness
曾经的诺言似乎已经透着一股落寞，连空气都变冷了。,sadness
曾经的诺言似乎显得格外凄凉。有些事注定无法挽回。,sadness
曾经的诺言似乎让人感到一阵空虚。终究还是走散了。,sadness
曾经的诺言似乎透着一股落寞。终究还是走散了。,sadness
曾经的诺言必然勾起了无尽的惆怅。有些事注定无法挽回。,sadness
曾经的诺言必然成了心头的隐痛。只剩满地伤痕。,sadness
曾经的诺言必然显得格外凄凉。大概这就是遗憾。,sadness
曾经的诺言必然让人感到一阵空虚。有些事注定无法挽回。,sadness
曾经的诺言总会勾起了无尽的惆怅。只剩满地伤痕。,sadness
曾经的诺言总会勾起了无尽的惆怅，连空气都变冷了。,sadness
曾经的诺言总会早已随风而逝。只剩满地伤痕。,sadness
曾经的诺言总会透着一股落寞。有些事注定无法挽回。,sadness
曾经的诺言真的勾起了无尽的惆怅。终究还是走散了。,sadness
曾经的诺言真的成了心头的隐痛。只剩满地伤痕。,sadness
曾经的诺言真的成了心头的隐痛，连空气都变冷了。,sadness
曾经的诺言确实成了心头的隐痛。终究还是走散了。,sadness
曾经的诺言，现在看来全是笑话,sadness
曾经约好要一起去远方的人，现在连在哪座城市都不知道，遗憾真无奈,sadness
曾经约好要一起去远方的人，现在连对方在哪座城市都不知道了，这种遗憾真无奈,sadness
曾经约好要一起去远方的人，现在连对方在哪座城市都不知道了，遗憾得想叹气,sadness
曾经那个置顶的聊天框，如今已经在屏幕底层蒙了尘，连点开的勇气都没了。,sadness
曾经那么好,sadness
曾经那么要好的群聊，现在全是推销广告，物是人非,sadness
曾经那些感天动地的海誓山盟，如今回想起来全成了最荒谬的笑话，真是讽刺到了极点,sadness
曾经那些掏心掏肺的山盟海誓，如今回想起来全成了最响亮的巴掌，真是讽刺到了家,sadness
曾经那些海誓山盟的誓言，现在回想起来全成了笑话，真是莫大的讽刺,sadness
最反感在群里发语音轰炸的人，有本事打字，别只会制造噪音,anger
最反感在群里发长语音轰炸的人，有本事你打字，别只会制造社交噪音,anger
最反感在背后搞小动作的人，有种当面说，别只会阴阳怪气,anger
最反感这种动不动就指手画脚的人，你谁啊,anger
最反感这种动不动就指手画脚的人，你谁啊，管好你自己,anger
最反感这种动不动就指手画脚的人，你谁啊，管好你自己行吗,anger
最反感这种动不动就指手画脚的人，你谁啊，管好你自己那摊事不行吗,anger
最反感那种动不动就拿别人的生理缺陷开玩笑的人，你以为你很风趣吗？真低级,anger
最反感那种动不动就拿别人的身体缺陷当笑料的人，你以为你很风趣？真低级透顶,anger
最反感那种动不动就拿别人的隐私去当笑料的人，你以为你很健谈？真没品,anger
最反感那种动不动就拿我的身材开玩笑的人，你以为你很幽默吗？其实很没品,anger
最反感那种动不动就指手画脚的人，你谁啊,anger
最反感那种动不动就指手画脚的人，你谁啊，管好你自己行吗,anger
最反感那种动不动就道德绑架的人，真以为自己是圣人啊。,anger
最反感那种打着“为你好”名义来对我指手画脚的人，收起你那廉价的关心和指导,anger
最反感那种打着“为你好”名义来对我指手画脚的人，收起你那自以为是的关心,anger
最反感那种打着“为你好”名义来对我的生活指手画脚的人，收起你那廉价的关心,anger
最反感那种打着“为你好”名义来干涉我的人，收起你那自以为是的关心,anger
最反感那种打着“为你好”的名义来对我的生活指手画脚的人，收起你那自以为是的关心,anger
最反感那种打着“为你好”的名义来打探隐私的人，收起你那廉价的关心吧,anger
最反感那种打着“长辈”旗号来对我的人生指点江山的人，我的路怎么走关你什么事,anger
最反感那种打着为你好名义来指手画脚的人，收起你那廉价的关心，真没必要,anger
最反感那种打着为你好旗号来干涉我生活的人,anger
最反感那种打着为你好旗号来干涉我生活的人，收起你那自以为是的关心吧,anger
最反感那种背后捅刀子的人，太恶心了,anger
最受不了背后搞小动作的两面派,anger
最受不了背后搞小动作的两面派，真恶心,anger
最受不了背后搞小动作的两面派，真让人感到恶心,anger
最受不了背后搞小动作的两面派，真让人觉得恶心,anger
最受不了这种在公共场合大声喧哗、完全不顾及他人感受的人，真没素质,anger
最受不了这种在背后搞小动作的人，有本事我们就当面把话说明白,anger
最受不了这种在背后搞小动作的人，这种两面派的做法真让人恶心,anger
最受不了这种在背后散布朋友隐私的两面派,anger
最受不了这种在背后散布朋友隐私的人，这种两面派的做法真让人作呕,anger
最受不了这种在背后散布闺蜜隐私的人，这种两面派的做法真让人感到生理性厌恶,anger
最受不了那种在背后散布朋友隐私的两面派，真让人感到生理性恶心,anger
最受不了那种表面一套背后一套的两面派，真让人感到打心底里的恶心,anger
最后一张合照也模糊了，回不去了，也不敢再看了,sadness
最后一张合照也模糊了，就像我们的关系一样,sadness
最后一张合照也模糊了，就像我们的关系一样，再也回不去了,sadness
最后一张合照也泛黄了，就像我们的过去，无论怎么努力去回想也模糊了,sadness
最后一次去那个曾经充满回忆的小公园，现在已经变了样，再也找不回以前了,sadness
最后一次回到那所老校区，看着熟悉的教学楼被拆掉，感觉青春也跟着碎了,sadness
最后一次回头看那扇门，我知道自己再也不会回来了。,sadness
最后一次路过那家曾经和前任常去的面馆，招牌换了，人也散了，物是人非,sadness
最后一次路过那家曾经承载了太多回忆的老店，招牌已经拆了，青春也散场了,sadness
最后一课结束了，同学们都在拍照，她站在窗边看着操场,sadness
最后发现只是个过客,sadness
最后告别一次，我不爱你了。,sadness
最后我还是删掉了那条编辑了很久却始终没发出去的信息。,sadness
最后期限快到了依然没灵感，越急脑子越木，急得想撞墙尖叫,anxiety
最后期限快到了依然没灵感，越急脑子越木，急得我真想大声尖叫出来,anxiety
最后期限快到了还没思路，越急越乱，急得想尖叫,anxiety
最后还是一个人吃完这顿饭...,sadness
最后还是一个人吃完这顿饭。,sadness
最后还是一个人吃完这顿饭！,sadness
最后还是一个人吃完这顿饭？,sadness
最后还是一个人承担了所有,sadness
最后还是一个人承担了所有，真累,sadness
最后还是丢了你,sadness
最后还是得我一个人去扛下所有的烂摊子和后果，这种深入骨髓的无助感让我觉得好累,sadness
最后还是得我一个人去承担所有的后果，这种无助感真的让我觉得好累,sadness
最后还是得老子一个人去扛下这些欠下的债和后果，这种深入骨髓的无助感真的好累,sadness
最后还是没有勇气把那句话说出口，我们之间也就这样了。,sadness
最后还是没有勇气把那句话说出口，我们之间可能就这样了吧,sadness
最后还是没有勇气把那句话说出口，我们之间就这样了,sadness
最后那句保重，成了我们之间再也跨不过去的万水千山,sadness
最喜欢你了,love
最好的告别就是再也不见,sadness
最好的朋友突然就不联系了，真遗憾,sadness
最好的朋友突然就不联系了，这种遗憾没法弥补,sadness
最好的朋友结婚没请我，还是刷朋友圈才知道的，那一刻心沉到了底。,sadness
最好的爱情大概就是，你在闹，他在笑，一切都那么自然,love
最崩溃的时候你拉了我一把，告诉我别怕，真的很暖,love
最崩溃的时候你陪我坐了一整夜，什么都没问，那份沉默真的很暖,love
最怕此生已经决心自己过，没有你...,sadness
最怕此生已经决心自己过，没有你。,sadness
最怕深夜里突然想起以前的事，那种遗憾感真的让人整夜整夜睡不着。,sadness
最怕突然听懂了一首歌，歌词里全是自己的影子,sadness
最怕突然在随机播放里听到那首熟悉的歌，歌词字字句句都在往旧伤口上撒盐,sadness
最想守护的人是你,love
最浪漫的话，即便是青春的懵懂，我也只想对你一个人说,love
最痛苦的莫过于，你还在原地徘徊，对方却已经开启了新生活,sadness
最舒服的状态莫过于，哪怕各忙各的，也不觉得尴尬,contentment
最讨厌这种当面一套背后一套的人...,anger
最讨厌这种当面一套背后一套的人。,anger
最讨厌这种当面一套背后一套的人！,anger
最讨厌这种当面一套背后一套的人？,anger
最讨厌这种当面一套背后一套的人～,anger
最讨厌这种打着“为你好”的名义来干涉我私人生活的人，请你闭嘴,anger
最讨厌那种不回复还发朋友圈的人，真没礼貌,anger
最讨厌那种半夜在居民楼里大声放歌的人，到底有没有公德心啊？,anger
最讨厌那种打着“为你好”的旗号，实际上在道德绑架的人,anger
最讨厌那种打着“性格直率”旗号进行人身攻击的人，请把你的没教养和直率区分开,anger
最讨厌那种打着“性格直率”旗号进行人身攻击的人，请收起你那没教养的幽默感，火大,anger
最讨厌那种打着为你好旗号来干涉我生活的人,anger
最讨厌那种背后捅刀子的人，太恶心了,anger
最讨厌那种表面一套背后一套的人，真恶心,anger
最讨厌那种表面一套背后一套的人，真恶心！,anger
最讨厌那种表面一套背后一套的人，真虚伪,anger
最讨厌那种表面一套背后一套的人，真虚伪，看着就恶心,anger
最讨厌那种表面一套背后一套的人，真虚伪，看着就让人不爽,anger
最让人心寒的不是失败，而是当你摔倒时，曾经最信任的人却在冷眼旁观,sadness
最近心跳总是很快，总觉得有什么不好的事情要发生，心里七上八下的。,anxiety
最近总是掉头发，总觉得身体哪里出了大毛病，越查百度越害怕。,anxiety
最近总觉得哪里不对劲，有点焦虑,anxiety
最近总觉得身体哪里不舒服，上网查了一下，感觉自己得了绝症。,anxiety
最近看了几本书，心态确实比以前平和了很多...,contentment
最近看了几本书，心态确实比以前平和了很多。,contentment
最近老是半夜醒来，不是做噩梦，就是突然清醒了,anxiety
最近过得怎么样，生活还算稳定吗...,contentment
最近过得怎么样，生活还算稳定吗。,contentment
最难过的不是大吵大闹，而是那种无声无息的疏远和隔阂。,sadness
最难过的不是没得到，而是明明得到了却发现根本不属于自己。,sadness
最高级的智慧是保持纯真,contentment
月底的KPI考核就像个紧箍咒，勒得人喘不过气，偏偏电脑还这时候死机,anxiety
月底的信用卡账单就像一道催命符，盯着屏幕上的数字只觉得脑仁生疼,anxiety
月底的工资还没发，信用卡的催收短信倒是一条接一条，愁死人了,anxiety
月底的考核指标像座大山一样压下来，电脑偏偏这时候死机，急得我满头大汗,anxiety
月色跌进你的眼睛里，从此我的世界再也没有黑夜,love
有一份安稳的收入，守着个温暖的小家，知足了,contentment
有一份稳定的工作和温暖的家，知足了,contentment
有一份稳定的收入和温暖的小家，我就很知足了,contentment
有个安稳的家，就很幸福了,contentment
有个安稳的家，有热气腾腾的饭菜，这就是我能想到的最大的幸福了,contentment
有个安稳的家，这就是最大的幸福了,contentment
有个安稳的遮风挡雨的家，有热气腾腾的家常便饭，这就是我目前能想到的最大幸福,contentment
有个安稳觉睡挺好,contentment
有个窝住就够了,contentment
有个窝就挺好,contentment
有个能遮风避雨的破烂小家，有锅热气腾腾的白米饭，这就是我目前能想到的最大幸福,contentment
有个遮风挡雨的小窝，就很幸福了,contentment
有些亲戚说话真的很过分，凭什么对我的生活指手画脚？真想翻白眼。,anger
有些亲戚说话真的很过分，凭什么对我的生活指手画脚？真想翻白眼。...,anger
有些亲戚说话真的很过分，凭什么对我的生活指手画脚？管好你自己吧。,anger
有些人一旦错过了，就真的成了余生里只能拿来怀念的一个符号,sadness
有些人明明自己一身腥，却还要跳出来指责别人不干净，真是可笑,anger
有些人的出现只是为了告诉你，并不是所有的真心都能换来回应,sadness
有些人的名字最终成了记忆里的禁区,sadness
有些人的心就像这数九寒天的坚冰，任凭你再怎么温存，也始终捂不热,sadness
有些伤口虽然愈合了，但每逢阴雨天，还是会隐隐作痛,sadness
有些关系一旦有了裂痕，就再也回不到最初的模样了,sadness
有些关系一旦有了裂痕，就真的再也回不到最初的模样了,sadness
有些关系真的就像过期的罐头，虽然看起来没变，但打开后早就不是那个味了,sadness
有些机会一旦错过就不再有了，我只能站在原地，看着它渐行渐远,sadness
有些话一旦错过了说的时机就真的没必要再说了,sadness
有些话只能藏在草稿箱里，最后随着时间一起腐烂,sadness
有些话说出来就是伤人，可你不说，我的心已经被你的冷暴力伤透了。,sadness
有些话还没来得及说出口，就已经失去了听众。,sadness
有些话还没说出口，我们就已经变成了陌生人...,sadness
有些话还没说出口，我们就已经变成了陌生人。,sadness
有些话还没说出口，我们就已经变成了陌生人！,sadness
有些话还没说出口，我们就已经变成了陌生人？,sadness
有些话还没说出口，我们就已经变成了陌生人～,sadness
有些路只能一个人走，有些人只能留在回忆里，这种无力感最是伤人。,sadness
有些路注定只能一个人走，哪怕前面只有荒凉和孤独。,sadness
有些道别甚至没有声音，只是在某次关门后就再也没见过,sadness
有些遗憾会像刺一样扎在心底，每逢阴雨天就隐隐作痛,sadness
有些遗憾是注定的，哪怕再给我一次机会，结果可能也一样。,sadness
有你在就很安稳,love
有你在就很踏实,love
有你在就觉得被照顾着,love
有你就是家,love
有你真好,love
有你足矣,love
有家人的坚定支持做后盾，我发现自己即便是孤身一人去闯荡世界也依然无所畏惧,joy
有家人的坚定支持，我发现自己即便是孤身一人去异乡闯荡也无所畏惧,joy
有家里那帮老少爷们的支持做后盾，我发现自己即便是孤身去外省拼命也依然无所畏惧,joy
有收获的一天很开心,joy
有时候觉得自己像个透明人，在人群里怎么喊都没人理,sadness
有时候觉得自己像个透明人，在人群里怎么喊都没人理。,sadness
有时候说话的时候会突然停顿，不是不知道要说什么，就是停下来了,anxiety
有毛病吧这人！,anger
有点不安,anxiety
有点不安说不上来,anxiety
有点伤心,sadness
有点低落,sadness
有点失落,sadness
有点心酸,sadness
有点慌,anxiety
有点慌不知道为什么,anxiety
有点担心明天的安排,anxiety
有点焦虑,anxiety
有点焦虑,sadness
有点焦虑但说不上来,anxiety
有点紧张,anxiety
有点说不上来的难受,sadness
有点难受,sadness
有点难过,sadness
有点难过说不出来,sadness
有理说不清，因为在爱情里，你就是我唯一的道理,love
有理说不清，谁让你是我这辈子唯一一个不舍得讲道理的人,love
有理说不清，面对你我总是毫无原则地妥协,love
有病吧,anger
有病治病,anger
有种说不出的低落,sadness
朋友借钱不还，催了几次也不回消息,anger
朋友准备的惊喜派对让我度过了一个完美的生日,joy
朋友圈里他晒出了新的合影，里面没有她,sadness
朋友圈里到处都是跨年的倒计时。只是我躲在卫生间里，对着镜子哭不出声,sadness
朋友圈里到处都是跨年的倒计时。可我坐在最角落，看他牵起了别人的手,sadness
朋友圈里到处都是跨年的倒计时。后来我却只觉得火光晃眼，把窗帘拉得死死的,sadness
朋友圈里到处都是跨年的倒计时。后来我躲在卫生间里，对着镜子哭不出声,sadness
朋友圈里到处都是跨年的倒计时。然而我坐在最角落，看他牵起了别人的手,sadness
朋友圈里到处都是跨年的倒计时。然而我躲在卫生间里，对着镜子哭不出声,sadness
朋友圈里到处都是跨年的倒计时。直到我把它扔进垃圾桶时，刺扎破了手指，真疼,sadness
朋友圈里到处都是跨年的倒计时，但我关掉了所有通知，在黑暗中数着心跳,sadness
朋友圈里到处都是跨年的倒计时，我却只觉得火光晃眼，把窗帘拉得死死的,sadness
朋友圈里到处都是跨年的倒计时，我把它扔进垃圾桶时，刺扎破了手指，真疼,sadness
朋友突然不联系真遗憾,sadness
朋友突然来看我，超级感动又开心,joy
朋友记住了我说过想吃的东西，被在乎的感觉真好,love
朋友说我变了，或许吧,sadness
朋友说要绝交，因为我说错了一句话,sadness
朋友请吃饭，太快乐了,joy
朋友都在忙，没人聊天，好无聊,sadness
朋友都很忙，突然觉得自己好孤单,sadness
服了,anger
服了你个老六,anger
服了自己了，钥匙又忘带了，站门口等半小时,anger
期待已久的快递终于到了，拆箱的过程治愈了所有不开心,joy
期待已久的演唱会门票竟然秒到了，手速爆发的感觉简直不要太爽。,joy
期待已久的结果似乎已经带来了由衷的慰藉！真是太棒了。,joy
期待已久的结果似乎已经让生活充满阳光！简直是完美的惊喜。,joy
期待已久的结果似乎已经这种感觉太美妙。整个人都轻快了。,joy
期待已久的结果似乎让生活充满阳光，未来值得期待。,joy
期待已久的结果似乎这种感觉太美妙。一定要好好庆祝。,joy
期待已久的结果似乎这种感觉太美妙！简直是完美的惊喜。,joy
期待已久的结果带来了满满的动力，未来值得期待。,joy
期待已久的结果总会带来了满满的动力！简直是完美的惊喜。,joy
期待已久的结果总会带来了由衷的慰藉！简直是完美的惊喜。,joy
期待已久的结果总会让生活充满阳光，未来值得期待。,joy
期待已久的结果总会这种感觉太美妙，未来值得期待。,joy
期待已久的结果真的令人欢欣鼓舞。一定要好好庆祝。,joy
期待已久的结果真的带来了满满的动力。一定要好好庆祝。,joy
期待已久的结果真的让心情瞬间飞扬，未来值得期待。,joy
期待已久的结果确实带来了满满的动力。整个人都轻快了。,joy
期待已久的结果确实带来了满满的动力！真是太棒了。,joy
期待已久的结果确实带来了由衷的慰藉。整个人都轻快了。,joy
期末成绩出来了，比预期好，开心,joy
期末考试周，连续三天没睡好,anxiety
未接来电的红色提醒仿佛窒息的前兆。这种状态真糟糕。,anxiety
未接来电的红色提醒仿佛窒息的前兆，感觉要出大事。,anxiety
未接来电的红色提醒似乎仿佛窒息的前兆。真希望这一切快点结束。,anxiety
未接来电的红色提醒似乎仿佛窒息的前兆。这种煎熬何时是个头。,anxiety
未接来电的红色提醒似乎仿佛窒息的前兆。连呼吸都变得沉重。,anxiety
未接来电的红色提醒似乎加剧了内心的不安。这种状态真糟糕。,anxiety
未接来电的红色提醒似乎加剧了内心的不安。连呼吸都变得沉重。,anxiety
未接来电的红色提醒似乎已经仿佛窒息的前兆。真希望这一切快点结束。,anxiety
未接来电的红色提醒似乎已经加剧了内心的不安。真希望这一切快点结束。,anxiety
未接来电的红色提醒似乎已经加剧了内心的不安。这种状态真糟糕。,anxiety
未接来电的红色提醒似乎已经加剧了内心的不安，感觉要出大事。,anxiety
未接来电的红色提醒似乎已经让人心跳不自觉加快。真希望这一切快点结束。,anxiety
未接来电的红色提醒似乎已经让思绪变得混乱。这种状态真糟糕。,anxiety
未接来电的红色提醒似乎已经透着一股紧迫感。这种煎熬何时是个头。,anxiety
未接来电的红色提醒似乎让人心跳不自觉加快。真希望这一切快点结束。,anxiety
未接来电的红色提醒似乎让思绪变得混乱。真希望这一切快点结束。,anxiety
未接来电的红色提醒似乎让思绪变得混乱。连呼吸都变得沉重。,anxiety
未接来电的红色提醒似乎透着一股紧迫感。这种状态真糟糕。,anxiety
未接来电的红色提醒加剧了内心的不安。真希望这一切快点结束。,anxiety
未接来电的红色提醒加剧了内心的不安。这种煎熬何时是个头。,anxiety
未接来电的红色提醒加剧了内心的不安。这种状态真糟糕。,anxiety
未接来电的红色提醒必然加剧了内心的不安。这种煎熬何时是个头。,anxiety
未接来电的红色提醒必然加剧了内心的不安。连呼吸都变得沉重。,anxiety
未接来电的红色提醒必然让人心跳不自觉加快。这种煎熬何时是个头。,anxiety
未接来电的红色提醒必然让人心跳不自觉加快。连呼吸都变得沉重。,anxiety
未接来电的红色提醒总会仿佛窒息的前兆。这种煎熬何时是个头。,anxiety
未接来电的红色提醒总会仿佛窒息的前兆，感觉要出大事。,anxiety
未接来电的红色提醒总会透着一股紧迫感。真希望这一切快点结束。,anxiety
未接来电的红色提醒真的仿佛窒息的前兆。连呼吸都变得沉重。,anxiety
未接来电的红色提醒真的仿佛窒息的前兆，感觉要出大事。,anxiety
未接来电的红色提醒真的加剧了内心的不安。这种煎熬何时是个头。,anxiety
未接来电的红色提醒真的加剧了内心的不安。这种状态真糟糕。,anxiety
未接来电的红色提醒真的加剧了内心的不安。连呼吸都变得沉重。,anxiety
未接来电的红色提醒真的加剧了内心的不安，感觉要出大事。,anxiety
未接来电的红色提醒真的让人手足无措。连呼吸都变得沉重。,anxiety
未接来电的红色提醒确实仿佛窒息的前兆，感觉要出大事。,anxiety
未接来电的红色提醒确实加剧了内心的不安。这种状态真糟糕。,anxiety
未接来电的红色提醒确实让人手足无措。这种煎熬何时是个头。,anxiety
未接来电的红色提醒确实让思绪变得混乱。这种状态真糟糕。,anxiety
未接来电的红色提醒确实透着一股紧迫感。连呼吸都变得沉重。,anxiety
未接来电的红色提醒竟然加剧了内心的不安。这种煎熬何时是个头。,anxiety
未接来电的红色提醒竟然加剧了内心的不安，感觉要出大事。,anxiety
未接来电的红色提醒竟然让人心跳不自觉加快。这种煎熬何时是个头。,anxiety
未接来电的红色提醒竟然让人心跳不自觉加快。连呼吸都变得沉重。,anxiety
未接来电的红色提醒竟然让人手足无措。这种煎熬何时是个头。,anxiety
未接来电的红色提醒竟然让思绪变得混乱。这种状态真糟糕。,anxiety
未接来电的红色提醒竟然让思绪变得混乱。连呼吸都变得沉重。,anxiety
未接来电的红色提醒竟然透着一股紧迫感。连呼吸都变得沉重。,anxiety
未接来电的红色提醒让人手足无措。这种煎熬何时是个头。,anxiety
未接来电的红色提醒让人手足无措。连呼吸都变得沉重。,anxiety
未接来电的红色提醒让人手足无措，感觉要出大事。,anxiety
未接来电的红色提醒透着一股紧迫感，感觉要出大事。,anxiety
未来到底在哪里，这种看不到出路的迷茫感让我窒息,anxiety
未来在哪儿啊愁死了,anxiety
未来的轮廓越来越模糊，我拼命追赶却只抓到了一阵微风,anxiety
本以为已经完全放下了，结果在整理旧物时看到那张电影票根，眼泪还是没忍住,sadness
本周五下午两点将进行消防系统的例行测试届时会有警报声,neutral
本季度的财务审计工作将由第三方会计师事务所负责,neutral
本季度的销售统计图表已经生成并存放在了公共磁盘中,neutral
本学期课表已更新，请同学们登录教务系统查看,neutral
本市的公积金提取政策已于本周一进行了部分条款的修订,neutral
本市的所有公共图书馆将在法定节假日期间调整开馆时间,neutral
本年度的员工体检将分批次在市第一人民医院进行,neutral
本年度的财务报表已经发送到各位的邮箱，请查收,neutral
本月电费账单已出，金额与上月相近,neutral
本来以为已经彻底走出那段阴影了，结果在街上看到一个背影，心还是猛地沉了一下,sadness
本来以为已经放下了，结果在商场听到那首熟悉的歌，眼泪还是不争气地在那打转,sadness
本来以为时间可以治愈一切，其实只是学会了把伤口藏起来。,sadness
本来以为是个甜剧，结果大结局全员悲剧，我真的要给编剧寄刀片,sadness
本来以为是个甜剧，结果大结局全员悲剧，我真的要给编剧寄刀片，太难受了,sadness
本来以为是甜番，结果最后全灭了，我想给作者寄刀片,sadness
本来以为这次晋升稳了，结果最后败给了关系户，那一刻真的觉得挺寒心的,sadness
本来以为这次能成，结果还是差了一点点，好遗憾。,sadness
本来以为这次能赢，结果还是差了一点点,sadness
本来以为这次能赢，结果还是差了一点点，好遗憾,sadness
本来以为这次能赢，结果还是差了一点点，遗憾,sadness
本来以为这次能转正，结果名单下来没有我，那种挫败感太真实了。,sadness
本来期待了好久的旅行，因为临时加班泡汤了，真的好失望,sadness
本来期待了很久的升职机会，结果给了那个最会拍马屁的人，心凉了一截,sadness
本来期待了很久的升职机会，结果被那个只会溜须拍马的同事抢走了，心凉了一截,sadness
本来期待了很久的年会抽奖，结果连个阳光普照都没拿到，心里有点小失落,sadness
本来期待了很久的旅行因为临时加班泡汤了，坐在工位上的那一刻，眼泪差点掉下来,sadness
本来期待了很久的旅行因为临时加班泡汤了，坐在工位上那一刻，心都碎了,sadness
本来期待了很久的旅行因为临时加班泡汤了，坐在工位上那一刻，眼泪差点掉下来,sadness
本来期待了很久的旅行因为临时加班泡汤了，心都碎了,sadness
本来期待了很久的旅行因为临时加班泡汤了，想哭,sadness
本来期待了很久的旅行，因为临时加班泡汤了，心塞,sadness
本来期待了很久的旅行，因为临时加班泡汤了，真的好失望,sadness
本来期待了很久的纪念日，结果他在加班中度过,sadness
本来期待了很久的纪念日，结果他在加班中度过，连个信息都没有,sadness
本来期待了很久的纪念日，结果他在加班中度过，连个关心的电话都没有，心寒,sadness
本来期待了很久的纪念日，结果他在加班中度过，连个电话都没有,sadness
本来期待了很久的聚会，临出发前被通知取消了，好失望,sadness
本来期待了很久的观星之旅因为突然的大雾泡汤了，守着望远镜发呆，心里真丧,sadness
本来期待了很久的露营，结果临出发前大家都临时有事，这种失落感真的好真实,sadness
本次会议的会议记录将在会后两小时内整理并分发给各部门,neutral
本次活动共到场来宾七十二人，较去年同期增加十一人,neutral
机会溜走我却无能为力，好焦虑,anxiety
杞人忧天。害怕明天的太阳不再升起，这种对自然律法崩塌的病态预感，让我时刻保持紧绷,anxiety
杞人忧天。总觉得现在的气候变化是地球在有计划地清理人类，这种宏大的恐惧感，让我整宿失眠,anxiety
杞人忧天。担心地磁翻转会导致人类灭绝，这种宏大的焦虑让我没法生活,anxiety
来不及了急死了,anxiety
来了等我换个号，马上闪现进组，带你飞带你装逼带你入土,joy
杯子碎成了三片... 我可得好好夸夸这种效率。,anger
杯子碎成了三片... 真是愉快的一天。,anger
杯子碎成了三片... 这安排真是‘贴心’得让人想哭。,anger
杯子碎成了三片。感觉人生达到了‘巅峰’。,anger
杯子碎成了三片。真是太‘理想’了。,anger
杯子碎成了三片。真是长见识了。,anger
杯子碎成了三片。这可真是‘谢天谢地’。,anger
杯子碎成了三片！我可真‘幸运’。,anger
杯子碎成了三片！生活可真有意思。,anger
杯子碎成了三片！这就是所谓的‘惊喜’吧。,anger
杯子碎成了三片，我真是谢谢您了。,anger
杯子碎成了三片，托您的福，心情好到了极点。,anger
杯子碎成了三片，真是一场完美的体验。,anger
杯子碎成了三片，真是令人‘欣慰’的结局。,anger
杯子碎成了三片，这可太‘棒’了。,anger
杯弓蛇影。害怕在深夜的电梯里照镜子，总觉得里面的那个人不是我,anxiety
杯弓蛇影。总是担心走在路上会被那些从无人机上掉下来的零件砸穿脑袋，这种工业焦虑太折磨人,anxiety
极度压抑。害怕现在的平静只是死神在跟我玩捉迷藏，这种宿命感让我窒息,anxiety
极简主义。扔掉了所有非生存必需品，只留下一把生锈的瑞士军刀，这种轻盈感让我觉得我赢了,contentment
果然努力工作后的休假才是最完美的，彻底放松了,joy
果然坚持健身是有回报的，今天穿上去年买的紧身裙，效果简直让我惊艳,joy
果然坚持健身是有效果的，穿以前的牛仔裤都松了一圈,joy
果然坚持早起运动是对的，干劲十足,joy
果然坚持早起运动是对的，现在感觉整个人精神面貌都焕然一新了,joy
果然坚持早起运动是对的，现在感觉整个人精神面貌都焕然一新了，干劲十足,joy
果然坚持运动是有回报的，今天穿上去年买的紧身裙，效果简直让我惊艳,joy
果然坚持运动是有回报的，现在精神状态好多了,joy
果然坚持运动是有回报的，现在精神状态好多了。,joy
果然坚持运动是有回报的，穿上旧衣服都松了,joy
果然坚持运动是有效果的，现在感觉整个人精神面貌都焕然一新了,joy
果然好天气就是最好的治愈限制，感觉整个人都轻盈了,joy
果然好天气就是最好的滤镜，心情直接起飞,joy
果然好天气就是最好的滤镜，随便拍一张照片都想拿来当头像,joy
果然好天气就是最好的滤镜，随手一拍都想发朋友圈,joy
果然好心情是会传染的，今天同事们都好温柔，感觉办公氛围都变轻快了,joy
果然好心情是会传染的，今天遇到的所有事情都出乎意料的顺利，锦鲤本人,joy
果然好心情是会传染的，今天遇到的所有事都顺风顺水，感觉自己被锦鲤附体,joy
果然好心情是会传染的，今天遇到的所有难题都迎刃而解，感觉自己像开了挂一样,joy
果然好心情是会传染的，今天遇到的每个人都对我笑，感觉世界都变得友好了,joy
果然运动完之后整个人都清爽了，精神百倍,joy
果然还是这种大汗淋漓的运动最能释放压力了，爽快,joy
枯萎的希望。,sadness
枯萎的年华。,sadness
查到中奖号码的那一刻她先是一愣随即捂住嘴巴眼眶瞬间红了,joy
柳暗花明。在那场看似必死无疑的包围圈中找到了唯一的排水管通道，重获新生的感觉真棒,joy
柳暗花明。在那堆废弃的旧纸堆里找到了中奖彩票，狂喜让我心脏狂跳,joy
树叶变绿了,neutral
根据人口统计数据显示该地区的人口密度正在逐年增加,neutral
根据劳动合同法第三条的规定双方应在平等自愿的基础上签约,neutral
根据合同第三条规定，乙方需在每月五日前支付房屋租金。,neutral
根据天气预报，明天本市大部分地区有阵雨，局部地区有大雨,neutral
根据当地法律规定，所有租赁车辆必须购买基本的第三方责任险。,neutral
根据昨天的财务报表显示，本月的差旅费支出保持稳定。,neutral
根据气象卫星图显示该气旋正以每小时二十公里的速度移动,neutral
根据系统自动生成的周报显示本周的总访问量维持在两万左右,neutral
根据记录土壤湿度保持在五十个单位,neutral
根据记录土壤湿度保持在指定目录,neutral
根据记录土壤湿度保持在最新标准,neutral
根据记录土壤湿度保持在正常范围,neutral
根据记录土壤湿度显示为五十个单位,neutral
根据记录土壤湿度显示为百分之三十,neutral
根据记录土壤湿度更新至当前刻度,neutral
根据记录土壤湿度更新至最新标准,neutral
根据记录土壤湿度更新至正常范围,neutral
根据记录土壤湿度稳定在五十个单位,neutral
根据记录土壤湿度稳定在合理区间,neutral
根据记录土壤湿度稳定在正常范围,neutral
根据记录土壤湿度稳定在百分之三十,neutral
根据记录土壤湿度记录在合理区间,neutral
根据记录土壤湿度记录在预设值,neutral
根据记录土壤湿度设定在五十个单位,neutral
根据记录土壤湿度设定在指定目录,neutral
根据记录土壤湿度设定在正常范围,neutral
根据记录土壤湿度设定在百分之三十,neutral
根据记录土壤湿度设定在预设值,neutral
根据记录土壤湿度调整为百分之三十,neutral
根据记录土壤湿度锁定在合理区间,neutral
根据记录土壤湿度锁定在最新标准,neutral
根据记录土壤湿度锁定在正常范围,neutral
根据记录土壤湿度锁定在百分之三十,neutral
根据记录审批流程保持在五十个单位,neutral
根据记录审批流程保持在预设值,neutral
根据记录审批流程显示为合理区间,neutral
根据记录审批流程显示为百分之三十,neutral
根据记录审批流程更新至合理区间,neutral
根据记录审批流程更新至当前刻度,neutral
根据记录审批流程更新至指定目录,neutral
根据记录审批流程更新至百分之三十,neutral
根据记录审批流程更新至预设值,neutral
根据记录审批流程稳定在当前刻度,neutral
根据记录审批流程稳定在最新标准,neutral
根据记录审批流程记录在合理区间,neutral
根据记录审批流程调整为五十个单位,neutral
根据记录审批流程调整为指定目录,neutral
根据记录审批流程调整为最新标准,neutral
根据记录审批流程调整为正常范围,neutral
根据记录审批流程调整为百分之三十,neutral
根据记录审批流程锁定在最新标准,neutral
根据记录审批流程锁定在百分之三十,neutral
根据记录建筑高度保持在合理区间,neutral
根据记录建筑高度保持在当前刻度,neutral
根据记录建筑高度保持在正常范围,neutral
根据记录建筑高度保持在预设值,neutral
根据记录建筑高度显示为最新标准,neutral
根据记录建筑高度稳定在合理区间,neutral
根据记录建筑高度稳定在指定目录,neutral
根据记录建筑高度稳定在最新标准,neutral
根据记录建筑高度稳定在正常范围,neutral
根据记录建筑高度记录在五十个单位,neutral
根据记录建筑高度记录在合理区间,neutral
根据记录建筑高度记录在当前刻度,neutral
根据记录建筑高度设定在指定目录,neutral
根据记录建筑高度设定在最新标准,neutral
根据记录建筑高度设定在正常范围,neutral
根据记录建筑高度设定在预设值,neutral
根据记录建筑高度调整为五十个单位,neutral
根据记录建筑高度调整为当前刻度,neutral
根据记录数据库状态保持在五十个单位,neutral
根据记录数据库状态保持在最新标准,neutral
根据记录数据库状态保持在正常范围,neutral
根据记录数据库状态保持在预设值,neutral
根据记录数据库状态显示为合理区间,neutral
根据记录数据库状态显示为最新标准,neutral
根据记录数据库状态显示为正常范围,neutral
根据记录数据库状态显示为预设值,neutral
根据记录数据库状态更新至当前刻度,neutral
根据记录数据库状态更新至最新标准,neutral
根据记录数据库状态稳定在五十个单位,neutral
根据记录数据库状态稳定在合理区间,neutral
根据记录数据库状态稳定在当前刻度,neutral
根据记录数据库状态稳定在指定目录,neutral
根据记录数据库状态稳定在百分之三十,neutral
根据记录数据库状态记录在合理区间,neutral
根据记录数据库状态记录在最新标准,neutral
根据记录数据库状态记录在正常范围,neutral
根据记录数据库状态设定在合理区间,neutral
根据记录数据库状态设定在当前刻度,neutral
根据记录数据库状态设定在指定目录,neutral
根据记录数据库状态设定在预设值,neutral
根据记录数据库状态调整为合理区间,neutral
根据记录数据库状态调整为正常范围,neutral
根据记录数据库状态调整为预设值,neutral
根据记录数据库状态锁定在当前刻度,neutral
根据记录数据库状态锁定在百分之三十,neutral
根据记录文件路径保持在百分之三十,neutral
根据记录文件路径保持在预设值,neutral
根据记录文件路径显示为五十个单位,neutral
根据记录文件路径显示为当前刻度,neutral
根据记录文件路径显示为正常范围,neutral
根据记录文件路径显示为预设值,neutral
根据记录文件路径更新至最新标准,neutral
根据记录文件路径更新至正常范围,neutral
根据记录文件路径更新至百分之三十,neutral
根据记录文件路径稳定在合理区间,neutral
根据记录文件路径稳定在当前刻度,neutral
根据记录文件路径稳定在百分之三十,neutral
根据记录文件路径稳定在预设值,neutral
根据记录文件路径记录在当前刻度,neutral
根据记录文件路径记录在指定目录,neutral
根据记录文件路径设定在合理区间,neutral
根据记录文件路径设定在当前刻度,neutral
根据记录文件路径设定在正常范围,neutral
根据记录文件路径设定在百分之三十,neutral
根据记录文件路径调整为五十个单位,neutral
根据记录文件路径调整为指定目录,neutral
根据记录文件路径调整为最新标准,neutral
根据记录文件路径调整为正常范围,neutral
根据记录文件路径调整为预设值,neutral
根据记录文件路径锁定在当前刻度,neutral
根据记录液体浓度保持在合理区间,neutral
根据记录液体浓度保持在当前刻度,neutral
根据记录液体浓度保持在最新标准,neutral
根据记录液体浓度保持在百分之三十,neutral
根据记录液体浓度显示为合理区间,neutral
根据记录液体浓度显示为指定目录,neutral
根据记录液体浓度显示为百分之三十,neutral
根据记录液体浓度更新至五十个单位,neutral
根据记录液体浓度更新至当前刻度,neutral
根据记录液体浓度更新至最新标准,neutral
根据记录液体浓度稳定在百分之三十,neutral
根据记录液体浓度记录在五十个单位,neutral
根据记录液体浓度记录在当前刻度,neutral
根据记录液体浓度记录在指定目录,neutral
根据记录液体浓度记录在预设值,neutral
根据记录液体浓度设定在指定目录,neutral
根据记录液体浓度设定在预设值,neutral
根据记录液体浓度调整为合理区间,neutral
根据记录液体浓度调整为正常范围,neutral
根据记录液体浓度锁定在五十个单位,neutral
根据记录液体浓度锁定在指定目录,neutral
根据记录液体浓度锁定在最新标准,neutral
根据记录液体浓度锁定在正常范围,neutral
根据记录液体浓度锁定在百分之三十,neutral
根据记录版本号保持在五十个单位,neutral
根据记录版本号保持在合理区间,neutral
根据记录版本号保持在最新标准,neutral
根据记录版本号显示为当前刻度,neutral
根据记录版本号显示为指定目录,neutral
根据记录版本号显示为正常范围,neutral
根据记录版本号显示为百分之三十,neutral
根据记录版本号更新至指定目录,neutral
根据记录版本号更新至最新标准,neutral
根据记录版本号稳定在五十个单位,neutral
根据记录版本号稳定在合理区间,neutral
根据记录版本号记录在五十个单位,neutral
根据记录版本号记录在当前刻度,neutral
根据记录版本号记录在指定目录,neutral
根据记录版本号记录在正常范围,neutral
根据记录版本号记录在百分之三十,neutral
根据记录版本号设定在五十个单位,neutral
根据记录版本号设定在合理区间,neutral
根据记录版本号设定在当前刻度,neutral
根据记录版本号调整为合理区间,neutral
根据记录版本号调整为当前刻度,neutral
根据记录版本号调整为最新标准,neutral
根据记录版本号调整为预设值,neutral
根据记录版本号锁定在五十个单位,neutral
根据记录版本号锁定在合理区间,neutral
根据记录版本号锁定在当前刻度,neutral
根据记录网络带宽保持在合理区间,neutral
根据记录网络带宽保持在最新标准,neutral
根据记录网络带宽保持在正常范围,neutral
根据记录网络带宽保持在百分之三十,neutral
根据记录网络带宽显示为百分之三十,neutral
根据记录网络带宽更新至五十个单位,neutral
根据记录网络带宽更新至合理区间,neutral
根据记录网络带宽更新至指定目录,neutral
根据记录网络带宽更新至正常范围,neutral
根据记录网络带宽稳定在合理区间,neutral
根据记录网络带宽稳定在当前刻度,neutral
根据记录网络带宽稳定在最新标准,neutral
根据记录网络带宽稳定在百分之三十,neutral
根据记录网络带宽稳定在预设值,neutral
根据记录网络带宽记录在五十个单位,neutral
根据记录网络带宽记录在合理区间,neutral
根据记录网络带宽记录在当前刻度,neutral
根据记录网络带宽记录在指定目录,neutral
根据记录网络带宽记录在最新标准,neutral
根据记录网络带宽设定在正常范围,neutral
根据记录网络带宽调整为指定目录,neutral
根据记录网络带宽调整为最新标准,neutral
根据记录网络带宽调整为百分之三十,neutral
根据记录网络带宽调整为预设值,neutral
根据记录网络带宽锁定在当前刻度,neutral
根据记录网络带宽锁定在最新标准,neutral
根据记录网络带宽锁定在百分之三十,neutral
根据记录网络带宽锁定在预设值,neutral
根据记录设备温度保持在五十个单位,neutral
根据记录设备温度保持在最新标准,neutral
根据记录设备温度保持在正常范围,neutral
根据记录设备温度显示为五十个单位,neutral
根据记录设备温度显示为合理区间,neutral
根据记录设备温度显示为指定目录,neutral
根据记录设备温度显示为最新标准,neutral
根据记录设备温度显示为百分之三十,neutral
根据记录设备温度更新至合理区间,neutral
根据记录设备温度更新至指定目录,neutral
根据记录设备温度更新至最新标准,neutral
根据记录设备温度稳定在当前刻度,neutral
根据记录设备温度稳定在最新标准,neutral
根据记录设备温度记录在当前刻度,neutral
根据记录设备温度记录在预设值,neutral
根据记录设备温度设定在合理区间,neutral
根据记录设备温度设定在指定目录,neutral
根据记录设备温度设定在最新标准,neutral
根据记录设备温度设定在百分之三十,neutral
根据记录设备温度调整为合理区间,neutral
根据记录设备温度调整为当前刻度,neutral
根据记录设备温度调整为指定目录,neutral
根据记录设备温度调整为最新标准,neutral
根据记录设备温度调整为正常范围,neutral
根据记录设备温度锁定在当前刻度,neutral
根据记录设备温度锁定在指定目录,neutral
根据记录设备温度锁定在百分之三十,neutral
根据记录车辆时速保持在合理区间,neutral
根据记录车辆时速保持在指定目录,neutral
根据记录车辆时速保持在最新标准,neutral
根据记录车辆时速保持在预设值,neutral
根据记录车辆时速显示为合理区间,neutral
根据记录车辆时速显示为当前刻度,neutral
根据记录车辆时速显示为百分之三十,neutral
根据记录车辆时速更新至五十个单位,neutral
根据记录车辆时速更新至百分之三十,neutral
根据记录车辆时速更新至预设值,neutral
根据记录车辆时速稳定在合理区间,neutral
根据记录车辆时速稳定在指定目录,neutral
根据记录车辆时速稳定在预设值,neutral
根据记录车辆时速记录在五十个单位,neutral
根据记录车辆时速记录在指定目录,neutral
根据记录车辆时速记录在最新标准,neutral
根据记录车辆时速设定在合理区间,neutral
根据记录车辆时速设定在正常范围,neutral
根据记录车辆时速调整为最新标准,neutral
根据记录车辆时速调整为百分之三十,neutral
根据记录车辆时速锁定在当前刻度,neutral
根据记录车辆时速锁定在最新标准,neutral
根据记录车辆时速锁定在正常范围,neutral
桌上有个杯子,neutral
桌上这盆绿植长势喜人，看着它心情就无端地安静下来,contentment
梦到高考忘带准考证，吓醒了,anxiety
梦碎了,sadness
梦碎了。,sadness
梦碎时分。拿到发黄的诊断书，意识到这辈子再也拿不起画笔，痛彻心扉,sadness
梦见你回来了，醒来发现枕头是湿的，这种落差真的让人绝望。,sadness
梦醒了。,sadness
梦里他还是像以前那样帮我掖好被角。只是只是对面坐着的人，再也不会是他了,sadness
梦里他还是像以前那样帮我掖好被角。直到伸手去摸，只有一片冰凉的床单,sadness
梦里他还是像以前那样帮我掖好被角。直到打开窗通风，那点念想瞬间就被吹散了,sadness
梦里他还是像以前那样帮我掖好被角。直到醒来后枕头湿了一大片，屋里黑得吓人,sadness
梦里他还是像以前那样帮我掖好被角，伸手去摸，只有一片冰凉的床单,sadness
梦里他还是像以前那样帮我掖好被角，但伸手去摸，只有一片冰凉的床单,sadness
梦里他还是像以前那样帮我掖好被角，醒来后枕头湿了一大片，屋里黑得吓人,sadness
检查了三遍门锁，可躺在床上总觉得还是没锁好,anxiety
椅子是木头的,neutral
楼下装修电钻声太吵了，头都快炸了,anger
楼道灯坏了，物业说周末来修,neutral
模型跑通了，人生圆满了,joy
橱柜里那套精美的骨瓷餐具一直留着。只是如今屏幕坏了，那些笑容再也点不亮了,sadness
橱柜里那套精美的骨瓷餐具一直留着。后来只是落满了灰，再也没人拿出来用过,sadness
橱柜里那套精美的骨瓷餐具一直留着。后来现在它只是一个提醒我有多愚蠢的金属圈,sadness
橱柜里那套精美的骨瓷餐具一直留着。然而现在它只是一个提醒我有多愚蠢的金属圈,sadness
橱柜里那套精美的骨瓷餐具一直留着，但只是落满了灰，再也没人拿出来用过,sadness
橱柜里那套精美的骨瓷餐具一直留着，但后来其中一只碎了，剩下的那只也被我扔进了垃圾桶,sadness
橱柜里那套精美的骨瓷餐具一直留着，但如今屏幕坏了，那些笑容再也点不亮了,sadness
橱柜里那套精美的骨瓷餐具一直留着，可终点站的那个人，早就不在原地了,sadness
欢呼雀跃,joy
欢天喜地过大年！,joy
欣喜若狂,joy
欣喜若狂。在那份极具争议性的鉴定报告中证明我不是凶手，自由了,joy
欧气满满！,joy
正在下载,neutral
正在处理,neutral
正式工作录取太燃了,joy
此情可待成追忆。,sadness
此生不渝,love
歪？来个大腿带带，速速滴，老子掉分掉得心都要碎了,sadness
死心塌地,love
死心塌地。跟了他十年，最后只换来一张写着“对不起”的便签，我觉得我这十年的青春都喂了狗,sadness
死里逃生。主治医生把呼吸机拔掉的那一刻，我第一次觉得，原来自由地呼吸就是这世上最奢侈的奖赏,joy
每一个深夜的试探都像是一场博弈，我害怕满盘皆输的结局,anxiety
每一份小确幸，都点亮了我平凡人生中那些不平凡的高光时刻。,contentment
每一份小确幸，都点亮了我平凡而又不凡的人生。,contentment
每一份平凡日子里的坚持，都为我现在的淡然提供了最坚实的支撑。,contentment
每一份平淡生活中的坚守，都成就了现在的这份从容、笃定与优雅。,contentment
每一份平淡生活中的坚守，都成就了现在的这份淡然、自信与优雅。,contentment
每一份平淡背后的坚持与守望，都成就了现在的这份淡然。,contentment
每一份平淡背后的坚持与守望，都成就了现在的这份淡然与自信。,contentment
每一份平淡背后的坚持与守望，都让现在的生命变得更加厚重且从容。,contentment
每一份平淡背后的坚持，都成就了现在的淡然与笃定。,contentment
每一份微小的努力和积累，都汇聚成了我现在稳稳的、可见的幸福。,contentment
每一份微小的努力和积累，都让我感受到了那种稳健成长的快乐。,contentment
每一份微小的努力，都汇聚成了我现在稳稳的幸福。,contentment
每一份微小的进步和努力，都汇聚成了我现在这种稳稳的幸福感。,contentment
每一份来自陌生人的善意，都让我觉得这个世界其实是非常温柔可亲的。,contentment
每一份汗水背后的收获，都让我觉得现在的安稳是那么的理所应当。,contentment
每一份生活中的小确幸，都点亮了我平凡生命中那些不平凡的瞬间。,contentment
每一份生活中的小确幸，都点亮了我那些平凡却又不凡的每一天。,contentment
每一份生活给予的馈赠，我都如数家珍般珍惜，心里满是感恩。,contentment
每一份生活给予的馈赠，我都如数家珍般珍惜，心里满是感恩之情。,contentment
每一份知足和感恩，都是对生活赐予我的一切最好的回馈。,contentment
每一份知足和感恩，都是对生活赐予我的一切最好的回馈与致敬。,contentment
每一份知足带来的安宁，都是我心灵深处最动人、最婉转的旋律。,contentment
每一份知足带来的安稳感，都是我在这纷繁世界里最有力的支撑点。,contentment
每一份知足的微笑，都是我对生活最美好的、由衷的赞美与感激。,contentment
每一份知足，都是对生活最美好的回馈。,contentment
每一刻的内心宁静，都是对生命最好的洗礼、对灵魂最好的灌溉。,contentment
每一刻的呼吸与觉察，都是对生命最诚挚的敬礼、对岁月最美的温柔。,contentment
每一刻的呼吸和自省，都是对灵魂最好的洗礼、对生命最好的致敬。,contentment
每一刻的宁静与自省，都是对灵魂最好的洗礼、慰藉与升华。,contentment
每一刻的宁静与自省，都是对灵魂最好的洗礼与慰藉。,contentment
每一刻的宁静，都是对灵魂最好的洗礼。,contentment
每一刻的安稳与笃定，都是我对这漫长岁月最诚挚、最深的敬意。,contentment
每一刻的安稳，都是对生活最好的敬意。,contentment
每一刻的灵魂自由，都是对生命最崇高的致敬、对岁月最美的温柔。,contentment
每一句“在干嘛”的背后，都藏着我不堪重负的思念与惶恐,anxiety
每一场重要的考试前夕，我都会陷入一种无法自拔的自我怀疑中，快崩溃了,anxiety
每一天睁开眼都觉得生活充满希望，这种笃定感是我最大的底气。,contentment
每一天都能感受到自己的点滴进步，这种自我成长的感觉真让人满足。,contentment
每一天醒来都能感到身体的轻盈和精神的饱满，这种健康感让我知足。,contentment
每一天醒来都觉得充满希望，这种笃定感让我无所畏惧。,contentment
每一次不经意的眼神交汇，都让我在心里偷偷演完了一部偶像剧。,love
每一次你皱眉的瞬间，我的心都会不受控制地剧烈震颤,anxiety
每一秒都带甜味大笨蛋,love
每天早上醒来看到你，是我最幸福的时刻,love
每天睡到自然醒，然后喝一杯温开水，生活简单又美好,contentment
每天能准时下班，回家吃上一口热乎的饭菜，这就是最大的福气,contentment
每天能睡个好觉，就很知足了,contentment
每天能睡个安稳觉，我就已经很知足了,contentment
每天能睡个安稳觉，起床后能看到爱的人都在身边，我就已经很知足了,contentment
每天能睡个没有噩梦的安稳觉，起床后发现你还在被窝里，我就已经觉得非常知足了,contentment
每天能睡个踏实的安稳觉，起床后发现爱的人都在身边，我就已经觉得非常知足了,contentment
每天都在胡思乱想，猜测你是不是也有一点点喜欢我,love
每天都在胡思乱想，计划着我们的未来该有几个孩子和一只猫,love
每天都要跟你说晚安,love
每天高度焦虑,anxiety
每当踏入这片森林，那种由衷的爱意便如潮水般将我淹没。,love
每当面对这种重大的决策，我总是控制不住地想逃避，这种心态太糟糕了,anxiety
每当面对这种重大的考试，我总觉得自己像是个快要超载的处理器,anxiety
每当面对重大的职业抉择我都会陷入自我怀疑,anxiety
每当面对重大的职业抉择，我都会陷入一种无法自拔的焦虑中,anxiety
每次你在耳边的呢喃，都像是在我心里种下了一朵永不凋谢的花。,love
每次吵架我都太安静，不是因为生气，是看着你就气不起来。,love
每次和你聊天都觉得很轻松，可以做最真实的自己。,love
每次回家都要听那些亲戚念叨工资、对象，烦死了，能不能闭嘴！,anger
每次想到未来的职业规划就觉得一片迷茫，身边的同学好像都上岸了。,anxiety
每次手机一响就吓得浑身哆嗦，生怕又是哪个债主打来的催款电话,anxiety
每次看到他笑的样子，我就觉得世界都亮了，这大概就是心动的感觉。,love
每次看到他笑的样子，我就觉得世界都亮了，这大概就是心动的感觉吧。,love
每次看到你专注工作的侧脸，我就觉得心里踏实极了，想把所有温柔都给你,love
每次看到你专注工作的侧脸，我就觉得心里踏实极了，想把所有的温柔都留给你,love
每次看到你专注工作的侧脸，我就觉得心里踏实极了，想永远陪着你,love
每次看到你专注工作的样子，我就觉得心里踏实极了，想永远陪在你身边,love
每次看到你专注工作的样子，我就觉得心里踏实，想永远陪着你,love
每次看到你专注的样子，我就觉得心里踏实，想永远陪着你,love
每次看到你回复消息，我都会忍不住嘴角上扬,love
每次看到你微笑的侧脸，我就觉得未来可期，想永远赖在你身边,love
每次看到你微笑的侧脸，我就觉得未来可期，想永远这样赖在你的身边,love
每次看到你熟睡的样子，我就觉得心里软软的，想把整个世界都温柔地献给你,love
每次看到你熟睡的样子，我就觉得心里软软的，想把整个世界都温柔地给你,love
每次看到你熟睡的样子，我就觉得心里软软的，想把温柔都给你,love
每次看到你的笑容，我就觉得生活其实并没有那么糟糕，想把所有的温柔都给你,love
每次看到你的笑容，我就觉得生活没那么糟糕，想把所有温柔都给你,love
每次看到你的笑容，我就觉得这个世界其实还是很温柔的，想把所有的好都给你,love
每次看到你的笑容，我就觉得这个世界还是很温柔的，好想把最好的都给你,love
每次看到你认真做事的侧脸，我就觉得心里软软的，想把整个世界最温柔的都献给你,love
每次看到你认真工作的侧脸，我就觉得心里满满的，想和你一直这样走下去,love
每次看到你认真画图的背影，我就觉得心里满满的，想和你一直这样简单地走下去,love
每次看到同龄人的成功，我的焦虑感就会不自觉地翻倍,anxiety
每次看到群里艾特全员，我的心跳都会漏掉半拍，怕是有什么新任务。,anxiety
每次看到观众给我的点赞和评论，内心都充满了动力,joy
每次看到银行卡余额的变动，我的心都会跟着颤抖好久，这种日子什么时候是个头,anxiety
每次站在十字路口，我都觉得自己像个迷路的孩子，不知道该往哪边走,anxiety
每次过马路你都会下意识拉住我的手，这些小细节真的让我好感动。,love
每次进办公室前都要深呼吸好几次，这种压力太大了,anxiety
每隔几秒就按亮一次手机屏幕，一遍又一遍刷新那个空白页面,anxiety
每隔几秒就按亮一次手机屏幕，在走廊里来回踱步,anxiety
每隔几秒就按亮一次手机屏幕，屏幕上红色的倒计时正在闪烁,anxiety
每隔几秒就按亮一次手机屏幕，心脏撞击胸腔的声音异常清晰,anxiety
每隔几秒就按亮一次手机屏幕，手心里全是冷汗,anxiety
每隔几秒就按亮一次手机屏幕，把那个文件夹打开又关上,anxiety
每隔几秒就按亮一次手机屏幕，时钟的滴答声在房间里异常响亮,anxiety
每隔几秒就按亮一次手机屏幕，盯着屏幕上的第一行字看了十分钟,anxiety
每隔几秒就按亮一次手机屏幕，肌肉紧绷到微微发酸,anxiety
每隔几秒就按亮一次手机屏幕，背后出了一层薄汗,anxiety
每隔几秒就按亮一次手机屏幕，走廊尽头传来的脚步声越来越近,anxiety
比赛夺冠的那一刻，我们全队抱在一起疯狂尖叫，那是梦想成真的味道！,joy
比赛拿了第一名，所有的汗水都没白流,joy
比金山银山都管用,love
毕业典礼那天阳光很好，她一个人在宿舍楼下站了很久才上去收拾东西,sadness
毕业证烧得只剩黑炭，四年努力成冷笑话，啥都没了重头来，惨,sadness
气得发抖,anger
气急败坏,anger
气死,anger
气死我了,anger
气死我了气死我了气死我了！,anger
气温二十度,neutral
气炸,anger
气炸了,anger
气炸了，刚才骑车居然被突然开门的人撞到，连句对不起都没有就跑了,anger
气疯了,anger
水分子由两个氢原子和一个氧原子组成，是生命存在的基础。,neutral
水已经开了,neutral
水杯是空的,neutral
永远,love
永远为你坚守誓言,love
永远为你心动不已,love
永远为你疯狂心动,love
永远为你自豪,love
永远为你遮挡风雪,love
永远为你遮风挡雨,love
永远信赖你,love
永远呵护你,love
永远宠你护你,love
永远对你一往情深,love
永远对你依依不舍,love
永远对你信守承诺,love
永远对你倾尽所有,love
永远对你宠溺到底,love
永远对你宠爱有加,love
永远对你心动,love
永远对你忠诚,love
永远对你情有独钟,love
永远对你死心塌地,love
永远对你深情如初,love
永远对你深爱不悔,love
永远对你温柔以待,love
永远对你相思成疾,love
永远对你矢志不渝,love
永远把你当成唯一,love
永远把你捧在手心,love
永远把你放在第一位,love
永远支持你,love
永远爱你,love
永远爱你一生一世,love
永远爱你到地老天荒,love
永远爱你到天荒地老,love
永远爱你大笨蛋,love
永远爱你如初见时刻,love
永远爱你宠你护你,love
永远爱你无怨无悔,love
永远爱你直到永远,love
永远爱你胜过爱自己,love
永远牵挂你,love
永远给你最好的家,love
永远给你最好的爱,love
永远给你最宽的肩,love
永远给你最暖的情,love
永远给你最暖的拥抱,love
永远给你最深的吻,love
永远给你最真的情,love
永远给你最稳的爱,love
永远给你最纯的爱,love
永远陪伴你每分每秒,love
永远陪伴你直到白头,love
永远陪伴在你左右,love
永远陪着你,love
求一生平安顺遂,contentment
求求了,anxiety
汗,anxiety
沉默是我最后的体面,anger
沟通完全断绝了，这种失联的状态让我感到极度不安。,anxiety
沟通完全断绝了，这种失联的状态让我感到极度不安。...,anxiety
沟通完全断绝了，这种失联的状态让我感到极度不安。。,anxiety
沟通完全断绝了，这种失联的状态让我感到极度不安。，好慌。,anxiety
沟通完全断绝了，这种失联的状态让我感到极度不安。，真的。,anxiety
没了,sadness
没了，全没了,sadness
没事哒,contentment
没事，我理解，都怪我没说清楚嘛,anger
没人在乎我的死活。,sadness
没人在意我。,sadness
没人懂我,sadness
没人懂我的绝望。,sadness
没人懂我的难过。,sadness
没人爱我,sadness
没人理我有点难过,sadness
没人理解我,sadness
没人陪的时候有点孤独,sadness
没人陪的时候有点难过,sadness
没什么特别的，就是普通的一天,neutral
没以后了,sadness
没关系，我习惯了,anger
没关系，我再改第七遍，毕竟改稿又不费什么,anger
没希望了,sadness
没必要再继续，我不爱你了。,sadness
没思路了急疯了,anxiety
没想到我们从彼此陌生到这么熟，简直像是从天而降的梦境。,love
没想到这种冷门题材也能写得这么动人，挖到宝了。,joy
没想到随手买的奶茶居然这么好喝，简直是今日份的小确幸,joy
没意思,sadness
没意思透了,sadness
没感觉了，我不爱你了。,sadness
没戏了,sadness
没救了,sadness
没救了。,sadness
没有什么大风大浪，平平淡淡才是真,contentment
没有什么宏大的理想，只想和你一日三餐四季如常,contentment
没有大起大落，只有细碎的温情，这便是我想要的。,contentment
没有波澜的生活也挺好，只要下雨的时候有人为我撑伞,contentment
没素质行为该谴责,anger
没谁了,anger
没辙,sadness
没钱了愁死了,anxiety
没问题,contentment
沦陷,love
沦陷了,love
法庭宣判。看着那个曾利用公权霸凌我十年的政客戴上手铐，我听到了自己脊梁骨重新挺直的声音,joy
泡一杯热茶，听着旧唱片，真安静...,contentment
泡一杯热茶，听着旧唱片，真安静。,contentment
泡杯茶发发呆，挺好的,contentment
泡面加个蛋，简单幸福,contentment
泡面泡过头了，糊了，好难吃,anger
泣不成声,sadness
泣不成声。,sadness
泪尽了。,sadness
泪干了。,sadness
泪水浸透的诺言，如今回头翻看全成了让人想撞墙的冷笑话，太滑稽了,sadness
泪流不止。,sadness
泪流满面。,sadness
泰然自若,contentment
泰然自若。在每一个被生活毒打的清晨，依然坚持把皮鞋擦亮，这才是成年人最后的反击武器,contentment
泰然自若。在每一次被生活恶意刁难时选择优雅回击，这种掌控感很爽,contentment
泰然自若。面对即将耗尽的氧气瓶，我坐在山顶看了一场这辈子最完美的日落，此生无憾,contentment
洗个热水澡，疲劳感全都消失了...,contentment
洗个热水澡，疲劳感全都消失了。,contentment
洗个热水澡，疲劳感全都消失了！,contentment
洗了个热水澡，一天的疲惫都没了,contentment
洗完澡躺在干净的床单上，感觉整个人都轻了。,contentment
活在当下,contentment
活在当下，挺好,contentment
派对里大家聊得热火朝天，我却只想早点回家，这种孤独感太压抑,sadness
派对里觉得自己是局外人，那种热闹是别人的，好压抑,sadness
流浪猫真可爱,joy
浮躁社会小确幸真不容易,contentment
浮躁社会里拥有小确幸真不容易,contentment
浮躁社会里的小确幸，珍贵,contentment
消失的笑脸。,sadness
消息发出去没回，是不是嫌我烦了,anxiety
消息发出去那一刻就后悔了，想撤回已经来不及了,anxiety
消息框里的正在输入中，是我这一整晚唯一的噩梦,anxiety
消息炸裂，头皮发麻,anxiety
淡定,contentment
淡泊名利,contentment
淡泊明志,contentment
淡然,contentment
深呼吸也没用，还是没法平下来,anxiety
深夜emo，不知道自己在难过什么,sadness
深夜emo，突然想起小时候那个无忧无虑的夏天，可惜再也回不去了，好想哭,sadness
深夜emo，觉得自己一事无成，什么都做不好,sadness
深夜emo，觉得自己一事无成，什么都做不好，好丧啊,sadness
深夜留着的那盏灯似乎已经抵过万语千言。大概这就是余生。,love
深夜留着的那盏灯似乎已经是无声的深情表白。只要有你就足够。,love
深夜留着的那盏灯似乎已经是无声的深情表白，守护这份珍贵。,love
深夜留着的那盏灯似乎已经温暖了整个季节。大概这就是余生。,love
深夜留着的那盏灯似乎已经让彼此更加坚定。只要有你就足够。,love
深夜留着的那盏灯似乎已经这就是爱的模样。大概这就是余生。,love
深夜留着的那盏灯似乎已经这就是爱的模样。愿岁岁年年如初。,love
深夜留着的那盏灯似乎抵过万语千言。只要有你就足够。,love
深夜留着的那盏灯似乎抵过万语千言。心里全是你。,love
深夜留着的那盏灯似乎是无声的深情表白。大概这就是余生。,love
深夜留着的那盏灯似乎是无声的深情表白，守护这份珍贵。,love
深夜留着的那盏灯似乎温暖了整个季节。大概这就是余生。,love
深夜留着的那盏灯似乎温暖了整个季节。心里全是你。,love
深夜留着的那盏灯似乎让彼此更加坚定。只要有你就足够。,love
深夜留着的那盏灯似乎这种关怀细致入微。只要有你就足够。,love
深夜留着的那盏灯似乎这种关怀细致入微。大概这就是余生。,love
深夜留着的那盏灯似乎这种关怀细致入微。愿岁岁年年如初。,love
深夜留着的那盏灯似乎这种关怀细致入微，守护这份珍贵。,love
深夜留着的那盏灯必然抵过万语千言。大概这就是余生。,love
深夜留着的那盏灯必然抵过万语千言。心里全是你。,love
深夜留着的那盏灯必然温暖了整个季节。只要有你就足够。,love
深夜留着的那盏灯必然让彼此更加坚定。只要有你就足够。,love
深夜留着的那盏灯必然让彼此更加坚定。心里全是你。,love
深夜留着的那盏灯必然这种关怀细致入微。只要有你就足够。,love
深夜留着的那盏灯总会抵过万语千言。大概这就是余生。,love
深夜留着的那盏灯总会抵过万语千言。愿岁岁年年如初。,love
深夜留着的那盏灯总会是无声的深情表白。愿岁岁年年如初。,love
深夜留着的那盏灯总会让彼此更加坚定。大概这就是余生。,love
深夜留着的那盏灯总会让彼此更加坚定。愿岁岁年年如初。,love
深夜留着的那盏灯总会这就是爱的模样。心里全是你。,love
深夜留着的那盏灯总会这种关怀细致入微。只要有你就足够。,love
深夜留着的那盏灯总会这种关怀细致入微。愿岁岁年年如初。,love
深夜留着的那盏灯抵过万语千言。大概这就是余生。,love
深夜留着的那盏灯抵过万语千言。愿岁岁年年如初。,love
深夜留着的那盏灯是无声的深情表白。只要有你就足够。,love
深夜留着的那盏灯是无声的深情表白。愿岁岁年年如初。,love
深夜留着的那盏灯是无声的深情表白，守护这份珍贵。,love
深夜留着的那盏灯温暖了整个季节，守护这份珍贵。,love
深夜留着的那盏灯真的抵过万语千言。只要有你就足够。,love
深夜留着的那盏灯真的抵过万语千言。愿岁岁年年如初。,love
深夜留着的那盏灯真的是无声的深情表白，守护这份珍贵。,love
深夜留着的那盏灯真的温暖了整个季节。大概这就是余生。,love
深夜留着的那盏灯真的温暖了整个季节。愿岁岁年年如初。,love
深夜留着的那盏灯真的温暖了整个季节，守护这份珍贵。,love
深夜留着的那盏灯真的让彼此更加坚定，守护这份珍贵。,love
深夜留着的那盏灯真的这就是爱的模样。大概这就是余生。,love
深夜留着的那盏灯真的这种关怀细致入微。大概这就是余生。,love
深夜留着的那盏灯真的这种关怀细致入微，守护这份珍贵。,love
深夜留着的那盏灯确实抵过万语千言，守护这份珍贵。,love
深夜留着的那盏灯确实是无声的深情表白，守护这份珍贵。,love
深夜留着的那盏灯确实让彼此更加坚定。愿岁岁年年如初。,love
深夜留着的那盏灯确实这就是爱的模样。愿岁岁年年如初。,love
深夜留着的那盏灯竟然是无声的深情表白。大概这就是余生。,love
深夜留着的那盏灯竟然是无声的深情表白，守护这份珍贵。,love
深夜留着的那盏灯竟然温暖了整个季节。大概这就是余生。,love
深夜留着的那盏灯竟然让彼此更加坚定。只要有你就足够。,love
深夜留着的那盏灯竟然让彼此更加坚定。心里全是你。,love
深夜留着的那盏灯竟然这就是爱的模样。只要有你就足够。,love
深夜留着的那盏灯竟然这就是爱的模样，守护这份珍贵。,love
深夜留着的那盏灯竟然这种关怀细致入微，守护这份珍贵。,love
深夜留着的那盏灯让彼此更加坚定。愿岁岁年年如初。,love
深夜留着的那盏灯这种关怀细致入微。大概这就是余生。,love
深夜留着的那盏灯这种关怀细致入微。心里全是你。,love
深夜的便利店，总能照出人最孤独的样子...,sadness
深夜的便利店，总能照出人最孤独的样子。,sadness
深夜的便利店，总能照出人最孤独的样子！,sadness
深夜的便利店，总能照出人最孤独的样子？,sadness
深夜的便利店，总能照出人最孤独的样子～,sadness
深夜翻出伤痕还是疼,sadness
深夜翻出伤痕，依然疼,sadness
深夜走廊转角蹲着个跟我一模一样的尸体，吓得魂儿都没了怕,anxiety
深夜里一个人看着以前的聊天记录，发现那些承诺早就随风散了，心里真的好酸,sadness
深夜里一个人看着窗外的星空，孤独感涌上心头,sadness
深夜里一个人看着窗外的星空，突然好想问问那个远方的你，过得还好吗,sadness
深夜里听着收音机里的怀旧金曲，突然好想回到那个骑着自行车去上学的年代,sadness
深夜里想到未来的路，只有无尽的迷茫和紧迫感。,anxiety
深夜里想到未来的路，只有无尽的迷茫和紧迫感。...,anxiety
深夜里想到未来的路，只有无尽的迷茫和紧迫感。。,anxiety
深夜里想到未来的路，只有无尽的迷茫和紧迫感。，好慌。,anxiety
深夜里想到未来的路，只有无尽的迷茫和紧迫感。，真的。,anxiety
深夜里想到这些未完成的任务，我就感到一阵阵心悸,anxiety
深夜里突然意识到自己已经三十岁却依然一事无成，这种虚无感，像极了一场没尽头的冷雨,sadness
深夜里翻看以前的合影，发现那些曾经形影不离的人，现在全成了路人，真遗憾,sadness
深夜里翻看以前的合影，突然发现那时候我们笑得那么开心，可现在却没了联系,sadness
深恶痛绝,anger
深爱,love
深爱这片山河。,love
深秋的落叶似乎已经透着一股落寞。大概这就是遗憾。,sadness
深秋的落叶勾起了无尽的惆怅。只剩满地伤痕。,sadness
深秋的落叶必然勾起了无尽的惆怅。有些事注定无法挽回。,sadness
深秋的落叶必然早已随风而逝，连空气都变冷了。,sadness
深秋的落叶总会勾起了无尽的惆怅，连空气都变冷了。,sadness
深秋的落叶真的早已随风而逝。终究还是走散了。,sadness
深秋的落叶真的显得格外凄凉。大概这就是遗憾。,sadness
深秋的落叶确实成了心头的隐痛。有些事注定无法挽回。,sadness
深秋的落叶确实让人感到一阵空虚。终究还是走散了。,sadness
清晨推开窗，刚好嗅到空气中那股被雨水稀释过的泥土清香，觉得十分适意。,contentment
清晨推开窗，闻着泥土和青草的香气，心里特别踏实,contentment
清晨的第一缕光似乎已经令人欢欣鼓舞！简直是完美的惊喜。,joy
清晨的第一缕光似乎已经带来了满满的动力，未来值得期待。,joy
清晨的第一缕光似乎已经这种感觉太美妙！真是太棒了。,joy
清晨的第一缕光刚好落在温热的杯沿，这种细微的巧合让我感到无比舒心。,contentment
清晨的第一缕光带来了由衷的慰藉。一定要好好庆祝。,joy
清晨的第一缕光必然带来了满满的动力。整个人都轻快了。,joy
清晨的第一缕光必然让生活充满阳光。整个人都轻快了。,joy
清晨的第一缕光总会带来了由衷的慰藉。一定要好好庆祝。,joy
清晨的第一缕光总会让心情瞬间飞扬，未来值得期待。,joy
清晨的第一缕光总会让生活充满阳光。一定要好好庆祝。,joy
清晨的第一缕光总会让生活充满阳光。整个人都轻快了。,joy
清晨的第一缕光总会让生活充满阳光，未来值得期待。,joy
清晨的第一缕光真的令人欢欣鼓舞。整个人都轻快了。,joy
清晨的第一缕光真的带来了满满的动力，未来值得期待。,joy
清晨的第一缕光确实令人欢欣鼓舞！真是太棒了。,joy
清晨的第一缕光确实带来了由衷的慰藉。整个人都轻快了。,joy
清晨的第一缕光确实让心情瞬间飞扬。一定要好好庆祝。,joy
清晨的第一缕光确实这种感觉太美妙！简直是完美的惊喜。,joy
清晨的第一缕光竟然带来了由衷的慰藉。整个人都轻快了。,joy
清晨的第一缕光竟然让心情瞬间飞扬！真是太棒了。,joy
清晨的第一缕光让生活充满阳光。一定要好好庆祝。,joy
清晨的第一缕光这种感觉太美妙。整个人都轻快了。,joy
清晨的第一缕微风吹过阳台，看你在晨光中熟睡的侧脸,contentment
清晨的街道空无一人，这种与城市共同呼吸的静谧，让我感到格外知足。,contentment
清晨骑行在微风轻拂的街道上，一切都显得那么生机勃勃且和谐。,contentment
清晨骑行在空旷的马路上，微风拂面，一切都刚刚好。,contentment
清清爽爽过一生，不欠谁也不怨谁,contentment
清闲,contentment
清风拂过脸庞，手边的茶还温热，这种简单的生活节奏就很舒服。,contentment
渐行渐远的背影似乎勾起了无尽的惆怅。大概这就是遗憾。,sadness
渐行渐远的背影似乎勾起了无尽的惆怅。终究还是走散了。,sadness
渐行渐远的背影似乎已经成了心头的隐痛。大概这就是遗憾。,sadness
渐行渐远的背影似乎透着一股落寞，连空气都变冷了。,sadness
渐行渐远的背影必然早已随风而逝。有些事注定无法挽回。,sadness
渐行渐远的背影必然透着一股落寞，连空气都变冷了。,sadness
渐行渐远的背影总会勾起了无尽的惆怅。终究还是走散了。,sadness
渐行渐远的背影总会成了心头的隐痛。终究还是走散了。,sadness
渐行渐远的背影总会显得格外凄凉。只剩满地伤痕。,sadness
渐行渐远的背影真的显得格外凄凉。大概这就是遗憾。,sadness
渐行渐远的背影确实成了心头的隐痛。有些事注定无法挽回。,sadness
渐行渐远的背影确实显得格外凄凉。有些事注定无法挽回。,sadness
渐行渐远的背影确实让人感到一阵空虚。有些事注定无法挽回。,sadness
温馨小家只剩冰冷,sadness
温馨小家空空如也,sadness
游戏一直输真的烦躁,anger
游戏抽卡终于出货了！激动,joy
游戏连胜，快乐翻倍,joy
游戏连跪五把，气得想砸手机,anger
游戏遇到一个超级坑的队友，气死,anger
游戏里被队友骂了，有点生气,anger
滚,anger
滚一边去,anger
滚出我的生活，我不爱你了！,anger
滚出老子的视线傻逼,anger
滚出老子的视线臭傻逼,anger
滚吧,anger
滚啊,anger
滚开,anger
滚粗,anger
滚蛋,anger
滚蛋，坏蛋,love
滚远点傻逼,anger
滚！,anger
满地的落叶在诉说着荒凉，就像我们这段无疾而终的情感,sadness
满心欢喜,joy
满心欢喜准备了一大堆话想分享，收到的却只是一个冷冰冰的‘忙’字。,sadness
满心欢喜地分享，得到的却只是一个冷冰冰的‘哦’,sadness
满目疮痍。回到被烧毁的图书馆，看着满地灰烬，文明崩塌的感伤真重,sadness
漂亮,joy
漂亮！干得好！,joy
漏雨破屋里酿点小酒，不管外面怎么争名夺利，这种日子真他妈爽,contentment
演唱会只剩下一张积灰门票,sadness
火冒三丈,anger
火大,anger
火大！,anger
灭绝人性。你连遇难者家属用来辨认身份的遗物都要偷去抵债，真该把你溺死在那些眼泪里,anger
灯亮着呢,neutral
灯泡坏了,neutral
灯还亮着,neutral
灰心,sadness
点了一份超辣的，眼泪都出来了，爽,joy
点了杯奶茶，店员忘了加珍珠，什么鬼,anger
点外卖备注多要筷子，结果给了五双，好笑,joy
点开对话框想分享今天的夕阳。只是手指悬在发送键上很久，最后还是一个个字删掉了,sadness
点开对话框想分享今天的夕阳。只是直到开饭才发现，多出来的那副只能收回去,sadness
点开对话框想分享今天的夕阳。可回应我的只有空荡荡的走廊和回声,sadness
点开对话框想分享今天的夕阳。可手指悬在发送键上很久，最后还是一个个字删掉了,sadness
点开对话框想分享今天的夕阳。可直到冰块化成水，才想起对面已经没人坐了,sadness
点开对话框想分享今天的夕阳。后来回应我的只有空荡荡的走廊和回声,sadness
点开对话框想分享今天的夕阳。后来手伸向钱包时才想起，已经没有送花的理由了,sadness
点开对话框想分享今天的夕阳。直到手伸向钱包时才想起，已经没有送花的理由了,sadness
点开对话框想分享今天的夕阳。直到手指悬在发送键上很久，最后还是一个个字删掉了,sadness
点开对话框想分享今天的夕阳。直到直到冰块化成水，才想起对面已经没人坐了,sadness
点开对话框想分享今天的夕阳，但手指悬在发送键上很久，最后还是一个个字删掉了,sadness
烦,anger
烦死了,anger
烦死了,anxiety
烦死了！,anger
烦死了，服了，彻底服了！受够了！,anger
烦着呢,anxiety
热闹是属于大家的，而我只能在这个角落里慢慢消化情绪,sadness
焦虑,anxiety
焦虑万分，无法自拔,anxiety
焦虑中,anxiety
焦虑到了极点，只想尖叫,anxiety
焦虑如潮水，将我淹没,anxiety
焦虑得睡不着,anxiety
焦虑成疾，身心俱疲,anxiety
焦虑死了,anxiety
焦虑爆发，歇斯底里,anxiety
焦虑狂躁，无法自持,anxiety
焦虑缠身，如影随形,anxiety
焦虑过度，甚至干呕,anxiety
焦虑重重，举步维艰,anxiety
焦虑难安，寝食难宁,anxiety
焦虑难耐，度日如年,anxiety
焦躁不安,anxiety
煮一碗热气腾腾的面，加一个荷包蛋，简单的快乐最是踏实。,contentment
煮一碗面，加一个蛋，这样简单的晚餐就很舒心。,contentment
熟悉的街道拆得面目全非好难受,sadness
熟悉的街道拆得面目全非，好难受,sadness
熟悉的街道拆得面目全非，那种归属感正在一点点消失,sadness
熬了三个通宵终于把那个复杂的模型跑通了,joy
熬了两个小时的排骨藕汤正冒着热气，你喜欢的味道都在这一锅里了。,love
熬了几个月的大项目终于成功上线了，爽！,joy
熬了几个通宵做出来的策划案被甲方一眼相中，爽翻了！,joy
熬了几个通宵终于拿到了项目的终审通过，这一刻我觉得自己无所不能,joy
熬夜写出来的代码全是Bug... 感觉人生达到了‘巅峰’。,anger
熬夜写出来的代码全是Bug... 我可得好好夸夸这种效率。,anger
熬夜写出来的代码全是Bug... 真是愉快的一天。,anger
熬夜写出来的代码全是Bug... 真是长见识了。,anger
熬夜写出来的代码全是Bug... 这安排真是‘贴心’得让人想哭。,anger
熬夜写出来的代码全是Bug。我可真‘幸运’。,anger
熬夜写出来的代码全是Bug。真是一场完美的体验。,anger
熬夜写出来的代码全是Bug。这可真是‘谢天谢地’。,anger
熬夜写出来的代码全是Bug！真是太‘理想’了。,anger
熬夜写出来的代码全是Bug！这可太‘棒’了。,anger
熬夜写出来的代码全是Bug！这就是所谓的‘惊喜’吧。,anger
熬夜写出来的代码全是Bug，我真是谢谢您了。,anger
熬夜写出来的代码全是Bug，托您的福，心情好到了极点。,anger
熬夜写出来的代码全是Bug，生活可真有意思。,anger
熬夜写出来的代码全是Bug，真是令人‘欣慰’的结局。,anger
爱上你之后，我发现世界变美了，连吹过的风都带着清甜的味道,love
爱上你之后，我发现自己竟然可以为了你变得如此温柔且勇敢,love
爱上你之后，我变得一点都不像自己，但却更喜欢现在的自己,love
爱上你之后，我才发现原来自己也可以变得这么有耐心且温柔,love
爱你,love
爱你一万年,love
爱你一万年大笨蛋,love
爱你一万年真的,love
爱你一万年，哈哈,love
爱你一万年，真的,love
爱你不需要理由，就像呼吸一样自然且不可或缺,love
爱你么么哒,love
爱你哟,love
爱你哟大坏蛋,love
爱你哟，么么哒,love
爱你大笨蛋,love
爱你大笨蛋，想把所有的彩虹攒起来挂在你窗前，只为看你开心的笑脸,love
爱你大笨蛋，想把这世间所有的奖金都攒起来给你买个大房子，只为了看你开心的笑脸,love
爱你大笨蛋，想把这世间所有的彩虹都攒起来全都挂在你窗前，只为了能看到你那天真无邪的笑脸,love
爱你大笨蛋，想把这世间所有的彩虹都攒起来挂在你窗前，只为了看你开心的笑脸,love
爱你大笨蛋，想把这世间所有的彩虹都攒起来挂在你窗前，只为了看你笑一下,love
爱你大笨蛋，想把这世间所有的彩虹都攒起来挂在你窗前，只为了能看到你开心的笑脸,love
爱你大笨蛋，想把这世间所有的彩虹都攒起来，全都一股脑挂在你窗前,love
爱你大笨蛋，想把这世间所有的彩虹都攒起来，全都一股脑挂在你窗前，只为了看你笑一下,love
爱你大笨蛋，想把这世间所有的彩虹都攒起来，全都一股脑挂在你窗前，只为了能看到你开心的笑脸,love
爱你大笨蛋，想把这世间所有的彩虹都攒起来，全都一股脑挂在你窗前，只为博你一笑,love
爱你大笨蛋，想把这世间所有的彩虹都攒起来，全都一股脑挂在你窗前，哪怕只能换你一个真心的笑脸,love
爱你大笨蛋，想把这世间所有的彩虹都攒起来，全都一股脑挂在你窗前，哪怕只能换你一个苦涩的笑,love
爱你大笨蛋，想把这世间所有的温柔都攒起来，一股脑全都捧到你面前,love
爱你大笨蛋，想把这世间所有的糖果都攒起来，全都一股脑塞进你嘴里,love
爱你大笨蛋，想把这世间所有的美好瞬间都攒起来，全都捧到你面前,love
爱你大笨蛋，想把这城市所有的灯火都攒起来挂在你窗前，只为了能让你在每个失眠的夜里不害怕,love
爱你如初,love
爱你，一辈子,love
爱你，不需要任何理由,love
爱你，么么哒,love
爱你，么么哒，大笨蛋你今天也要乖乖听话，不许在外面跟那些不三不四的小妖精们乱献殷勤哦,love
爱你，大坏蛋,love
爱你，大坏蛋，么么哒,love
爱你，大坏蛋，么么哒，赶紧给我亲一个,love
爱你，大笨蛋,love
爱你，永远,love
爱你，直到永远,love
爱到极致即是归宿。,love
爱咋咋地,contentment
爱意东升西落，浪漫至死不渝,love
爱意东升西落，浪漫至死不渝，你我终将顶峰相见,love
爱意已经耗尽，我不爱你了。,sadness
爱谁谁，不管了,anger
爱豆太帅了心要跳出来,joy
爱透了这里的环境。,love
爱错过了太久反而错得完美无缺，幸福兜了一个圈却没回到原点,sadness
爷爷留下的那块手表坏了，修表师傅说零件停产了，感觉最后一点念想也没了。,sadness
爸妈又在催婚，好烦,anger
爸爸年轻时的照片都泛黄了，突然意识到他老得这么快，心里好堵。,sadness
爽了,joy
爽到不能呼吸！,joy
爽到不行！,joy
爽到不行，简直完美！,joy
爽到原地升天！,joy
爽到原地爆炸！,joy
爽到原地起飞，没毛病！,joy
爽到头皮发麻！,joy
爽到无法形容，真的！,joy
爽到无法自拔！,joy
爽到极点！,joy
爽到灵魂出窍！,joy
爽到灵魂深处！,joy
爽到爆,joy
爽到爆表！,joy
爽到爆，这种感觉真棒！,joy
爽到飞升！,joy
爽到飞起的感觉！,joy
爽到飞起，不要太爽！,joy
爽到飞起，太爽了！,joy
爽到飞起，太解压了！,joy
爽到飞起，无法复刻！,joy
爽到飞起，没谁了！,joy
爽到飞起，这种节奏我喜欢！,joy
爽到骨子里去了！,joy
爽得一塌糊涂！,joy
爽得一塌糊涂，真的太爽了！,joy
爽得不能自已！,joy
爽得整个人都通透了！,joy
爽得无法言喻！,joy
爽得没边了！,joy
爽得让人颤抖！,joy
爽极了,joy
爽歪歪,joy
爽歪歪！,joy
爽爆了！,joy
爽翻天,joy
爽翻天了！,joy
爽！,joy
爽！这把逆风翻盘，太带感了！,joy
牛哇,joy
牛哇牛哇,joy
牛啊,joy
牛批,joy
牛逼,joy
物是人非,sadness
物是人非。,sadness
物是人非。回到那间出租屋，墙上还留着她画的简笔画，可当初那个说要陪我吃苦的人早就成了别人的妻,sadness
物是人非事事休,sadness
物是人非全是泪,sadness
物是人非，当初一起说走就走的人，现在早就不联系了,sadness
物是人非，当初一起说走就走的人，现在早就断了联系了,sadness
物是人非，当初一起追番的人现在早就不联系了,sadness
物是人非，当初的人早就散了,sadness
物是人非，当初的人早就断了联系,sadness
物是人非，当初的朋友现在都变了样,sadness
物是人非，当初的朋友现在都变了样，再也找不回以前的感觉了,sadness
物是人非，当初的朋友现在都变了样，再也找不回以前那种简单的快乐了,sadness
物是人非，当初的朋友现在都变了样，再也找不回那种简单的快乐了,sadness
物是人非，当初说好要一起去南极的人，现在早就不联系了,sadness
物是人非，当初说好要一起去南极的人，现在早就消失在彼此的世界里了,sadness
物是人非，当初说好要一起去流浪的人，现在早就消失在人海里了,sadness
物是人非，感伤,sadness
物是人非，老友聚会竟然都在为了业绩互相恭维，再也找不回以前的感觉,sadness
物是人非，老友聚会竟然都在为了业绩而互相恭维，再也找不回以前的感觉,sadness
物是人非，老友聚会竟然都在推销保险，再也找不回以前的单纯,sadness
物是人非，老友聚会竟然都在推销理财产品，再也找不回以前的那种单纯了,sadness
物是人非，老友聚会竟然都在推销理财，再也找不回以前那种单纯,sadness
牵着你的手就有勇气面对恶意,love
牵着你的手，就像拥有了抵御风雪的铠甲。,love
牵着你的手，走到时光的尽头...,love
牵着你的手，走到时光的尽头。,love
牵着手我就无所畏惧,love
特意绕路去买她喜欢的甜点，想把所有美好的东西都分享给TA,love
特意绕路去买她喜欢的甜点，看到对方平安到家的消息,love
特意绕路去买她喜欢的甜点，这就是并肩作战的感觉吧,love
特意绕路去买她喜欢的甜点，那种被信任的感觉很好,love
特种作业证又考砸了，感觉这两年的学费和汗水全打了水漂，我到底该怎么跟家里人交代,anxiety
狂欢,joy
狗子把沙发咬了，气得想打又下不去手,anger
独处一室。切断了所有社交网络的干扰，在月光下安安静静地剥一只橘子，这种微小的秩序感真好,contentment
独处的感觉真的很轻松,contentment
独处真自在,contentment
独守残灯。在没人的自习室坐到天亮，听着笔尖沙沙声，纯粹的寂静真好,contentment
独守空房。看着桌上那碗已经冷透的长寿面，我意识到，原来我这辈子注定要一个人走完,sadness
狼子野心。你为了那点家产，竟然在亲生父亲的药里动手脚，你这种人渣该死,anger
狼子野心。你居然为了那点股份，在股东大会上公开凌辱养父，畜生,anger
猪狗不如。你连给重症患者筹集的善款都要拿去豪赌，真希望你死在赌场门口,anger
猫主子今天主动蹭我了，激动！,joy
猫咪终于学会握手了，我是什么神仙铲屎官,joy
猫咪终于愿意主动睡在我怀里了，幸福得想尖叫,joy
猫咪终于愿意主动睡在我怀里了，这种被信任的感觉，简直是社畜的最高奖赏,joy
猫咪终于愿意睡在我的枕头旁边了，幸福得想流泪,joy
玉玉了,sadness
王者十连跪，心态炸了,anger
玩到好玩的游戏很开心,joy
环境监测。害怕空气检测仪上那个红色的数字突然跳动，这种对肉眼不可见死亡的恐惧，很真实,anxiety
现在三点整,neutral
现在才想起来解释？早干嘛去了？你的道歉听起来比借口还要廉价。,anger
现在的就业环境这么差，我这种普通学历的真的能找到好工作吗？,anxiety
现在的就业环境这么差，我这种普通学历的真的能找到好工作吗？焦虑。...,anxiety
现在的我学会了和自己和解，不再追求那些虚无的东西，内心很平静。,contentment
现在的我，学会了在繁忙中寻找诗意。,contentment
现在的我，学会了在繁杂的日常工作中寻找诗意与远方，心满意足。,contentment
现在的我，学会了给生活留白，在这种空灵中，我感到了极大的自由。,contentment
现在的我，已经学会了与自己的平凡和解，很安稳。,contentment
现在的我，更倾向于追求这种稳定的工作节奏...,contentment
现在的我，更倾向于追求这种稳定的工作节奏。,contentment
现在的我，更喜欢那些质朴而真实的事物，它们让我感到格外踏实。,contentment
现在的我，更愿意把时间浪费在美好的事物上。,contentment
现在的我，更懂得如何与孤独平和相处，也更懂得如何拥抱世界。,contentment
现在的我，更懂得如何与孤独平和相处，也更懂得如何温柔地拥抱世界。,contentment
现在的我，更懂得如何与孤独相处，也更懂得如何拥抱世界。,contentment
现在的我，更懂得如何去温柔地爱这个世界，也更懂得爱自己。,contentment
现在的我，更懂得如何去爱，如何被爱。,contentment
现在的我，比以往任何时候都更热爱这个世界，也更热爱此时的自己。,contentment
现在的我，比任何时候都更懂得珍惜当下。,contentment
现在的我，比任何时候都更清楚自己想要什么，这种感觉很棒。,contentment
现在的我，比任何时候都更能享受这份无人打扰的清净。,contentment
现在的我，比任何时候都清楚自己灵魂的去向，这种感觉非常棒。,contentment
现在的日子，像一杯白开水，平淡却解渴。,contentment
现在的日子，充实而有条理，我很满意。,contentment
现在的日子，充实而有条理，每一个小目标的实现都让我踏实。,contentment
现在的日子，每一天都有小小的期待，不浓烈，但却足够支撑梦想。,contentment
现在的日子，每一天都有小小的期待，很知足。,contentment
现在的每一分时光，都值得我慢下来，去细细品味其中的苦辣酸甜。,contentment
现在的每一分每一秒，都值得被温柔记录。,contentment
现在的每一分钟，都让我感到了前所未有的踏实、满足与人间值得。,contentment
现在的每一刻时光，都值得我倾注全部的热情去认真体验与感悟。,contentment
现在的每一刻时光，都值得我倾注全部的耐心去认真体验和珍惜。,contentment
现在的每一刻，都值得我全力以赴去热爱。,contentment
现在的每一刻，都让我觉得人间值得。,contentment
现在的每一天都过得非常充实，每一秒都让我觉得人间非常值得。,contentment
现在的每一天，都是余生中最年轻、最美好的一天，我很珍惜。,contentment
现在的每一天，都是我余生中最珍贵的一天，我愿温柔地对待它。,contentment
现在的每一天，都让我感到了前所未有的踏实、满足与生命本身的尊严。,contentment
现在的每一天，都让我觉得充实且有意义，生活对我真的是太眷顾了。,contentment
现在的每一天，都过得充实而有意义，我觉得很幸福。,contentment
现在的状态刚好，不被束缚，也不再迷茫。,contentment
现在的状态就很好，有事做，有人爱，有所期待，知足常乐,contentment
现在的状态，就是我一直以来向往的那种云淡风轻、自在随心的生活。,contentment
现在的状态，就是我一直以来梦寐以求的、那种云淡风轻的生活。,contentment
现在的状态，就是我一直以来梦寐以求的平淡生活。,contentment
现在的状态，就是我生命中最美好的黄金时代，我倍加珍惜每一秒。,contentment
现在的状态，就是我给生活、给岁月交出的最完美的一份答卷。,contentment
现在的状态，就是我给生活最好的答卷。,contentment
现在的状态，就是我给过往岁月交出的、最让我自豪的答卷。,contentment
现在的状态，是我能想到的最好的自己。,contentment
现在的状态，是无数次努力后换来的安稳。,contentment
现在的理财产品都在跌，我的养老钱全在里面，心都在滴血。,anxiety
现在的生命状态，就是我对自己这么多年努力交出的、最满意的答卷。,contentment
现在的生命状态，就是我理想中那种平淡而不平庸的真实生活。,contentment
现在的生命状态，就是我给自己这么多年努力交出的、最满意的成果。,contentment
现在的生命状态，就是我给过往岁月交出的、最让我自豪的答卷。,contentment
现在的生活节奏虽然慢，但每一天都过得很充实，我已经很满足了,contentment
现在的空气和食品安全这么差，好担心以后会得什么奇奇怪怪的病。,anxiety
现在的空气质量这么差，好担心以后会得什么奇奇怪怪的病。,anxiety
现场清理。戴上双层手套抹掉墙上的暗红血迹，这种处理死亡残留的机械感，让我对生命彻底祛魅,contentment
珍惜当下的每一刻，不忧未来，不念过往,contentment
甜甜的,love
甜蜜,love
生命中的唯一无可替代,love
生命里的彩色滤镜,love
生日派对上所有人都在祝我快乐。后来我坐在最角落，看他牵起了别人的手,sadness
生日派对上所有人都在祝我快乐。然而我关掉了所有通知，在黑暗中数着心跳,sadness
生日派对上所有人都在祝我快乐。直到我关掉了所有通知，在黑暗中数着心跳,sadness
生日派对上所有人都在祝我快乐。直到我却只觉得火光晃眼，把窗帘拉得死死的,sadness
生日派对上所有人都在祝我快乐，但我却只觉得火光晃眼，把窗帘拉得死死的,sadness
生日派对上所有人都在祝我快乐，但我把它扔进垃圾桶时，刺扎破了手指，真疼,sadness
生日派对上所有人都在祝我快乐，但我躲在卫生间里，对着镜子哭不出声,sadness
生日派对上所有人都在祝我快乐，我躲在卫生间里，对着镜子哭不出声,sadness
生日那天只有移动给我发了短信，关掉手机那一刻，眼泪止不住。,sadness
生活不是为了赶路，而是为了感受路上的风景。,contentment
生活不需要大起大落的刺激，平淡才是最真实的质感。,contentment
生活不需要大起大落的刺激，这种细水长流的平淡才是最真实的。,contentment
生活不需要大起大落，这种细水长流的平淡才是真。,contentment
生活不需要太复杂，现在的这份纯粹就很好。,contentment
生活不需要太复杂，这种纯粹的简单，本身就是一种极高的质量。,contentment
生活不需要太多点缀，现在的简简单单就足够。,contentment
生活不需要太多的仪式感，有一碗热腾腾的汤和一盏为我亮着的灯就足够了,contentment
生活原本就不需要那么多的意义，快乐本身就是最大的意义,contentment
生活原本就很简单，只要你拥有一颗知足的心，处处皆是人间仙境。,contentment
生活原本就很简单，是我们把它想得太复杂了,contentment
生活原本就很美，只要你愿意停下脚步去静静感受。,contentment
生活原本就很美，只要你愿意腾出一点时间，去静静地感受它。,contentment
生活原本就是一场修行，现在的我，已经学会在平凡中感悟不凡。,contentment
生活原本就是一场修行，现在的我，正走在属于自己的轨道上。,contentment
生活原本就是一场自我的修行，现在的我，正享受着当下的平静。,contentment
生活原本就是由这些细碎的快乐组成的，而我此刻正沉浸在其中。,contentment
生活原本就是这样，平淡中带着一丝甜。,contentment
生活原本的样子，大概就是这一茶一饭间的平实与温暖。,contentment
生活原本的样子，大概就是这样简单而纯粹。,contentment
生活嘛，就是一半烟火，一半诗意，慢慢走就好。,contentment
生活嘛，开心最重要,contentment
生活就是这样，当你开始学会知足，世界也随之变得温柔且美好。,contentment
生活就是这样，当你开始学会知足，整个世界也会随之变得温柔且美好。,contentment
生活就是这样，当你开始学着慢下来，你会发现到处都是未曾见的美。,contentment
生活就是这样，当你开始知足，一切都会变得美好起来。,contentment
生活就是这样，当你温柔地对待它，它也会以同样的温柔回馈你。,contentment
生活或许不完美，但现在的每一刻都值得被爱。,contentment
生活是一场漫长的旅行，现在的我，正享受其中。,contentment
生活是一场漫长的旅行，现在的我，正悠然自得地享受沿途风景。,contentment
生活是一本读不完的书，而我正饶有兴致地读着属于自己的那一章。,contentment
生活本就不该太复杂，一个微笑一个肯定的眼神就已足够,contentment
生活本就不该太复杂，一个拥抱一个微笑就已足够,contentment
生活没有波澜，也是一种幸福,contentment
生活没那么多惊天动地，一顿热乎饭一个安稳觉，就是最真实的安全感,contentment
生活没那么多惊天动地，每一顿热乎饭、每一个无梦的好觉，都是支撑我走下去最真实的安全感,contentment
生活没那么多惊天动地，每一顿热乎饭、每一个无梦的好觉，都是最实的安全感,contentment
生活没那么多惊天动地，每一顿热乎饭、每一个无梦的好觉，都是最真实的安全感,contentment
生活没那么多观众不需要演给别人看，怎么舒服就怎么来，真的挺自在的,contentment
生活没那么多观众，不需要总是演给别人看,contentment
生活没那么多观众，不需要总是演给别人看。,contentment
生活没那么多观众，不需要总是演给别人看，怎么舒服就怎么来,contentment
生活没那么多观众，不需要总是演给别人看，怎么舒服就怎么来，挺自在的,contentment
生活没那么多观众，不需要总是演给别人看，怎么舒服怎么来,contentment
生活没那么多观众，不需要总是演给别人看，自在最重要,contentment
生活没那么多观众，不需要总是演给别人看，自己觉得舒服才是最重要的,contentment
生活没那么多观众，不需要总是演给别人看，舒服最重要,contentment
生活没那么多观众，怎么舒服就怎么来,contentment
生活没那么多观众，怎么舒服就怎么来，挺自在的,contentment
生活没那么多观众，自己舒服最重要,contentment
生活没那么多轰轰烈烈，每一顿热乎的晚饭、每一个无梦的夜晚都是最实的幸福,contentment
生活的小惊喜固然令人愉悦，但这种长期的、稳健的安宁更让我珍视。,contentment
生活的小惊喜固然好，但这种长久的安宁更珍贵。,contentment
生活的美好，不在于你拥有多少，而在于你如何看待已经拥有的。,contentment
生活的美好，在于每一个不经意的瞬间。,contentment
生活的美好，往往就在你发现它的那一刻开始蔓延。,contentment
生活的美好，往往就在你愿意停下脚步去静静感受它的那一瞬间。,contentment
生活的美好，往往就在那一低头、一抬眸的瞬间悄然绽放。,contentment
生活的美好，往往就在那一低头的瞬间。,contentment
生活的美好，往往就在那一茶一饭、一草一木之间。,contentment
生活的美好，往往就藏在那一餐一饭、一草一木的平凡细节之中。,contentment
生活的美好，往往就隐藏在这些琐碎的日常里。,contentment
生活的美好，往往就隐藏在这些看似平凡实则温馨的琐碎日常里。,contentment
生活的美好，往往就隐藏在这些看似平凡实则温馨的琐碎细节之中。,contentment
生活简单一点也挺好,contentment
生活简单也挺好,contentment
生活简单又高级,contentment
生活简简单单的，不用去动那些歪心思和算计，这种像土一样踏实的状态真的挺舒服,contentment
生活简简单单的，没有那么多尔虞我诈和算计，这种状态真的挺舒服的,contentment
生活简简单单的，没有那么多心机和算计，这种返璞归真的状态真的挺让我觉得舒服,contentment
生活简简单单，挺舒服的,contentment
生活给予我的一切磨难，最终都化作了我此刻眼中最淡然的光芒。,contentment
生活给予我的一切，无论好坏，最终都成了我成长的养料。,contentment
生活给予我的每一份历练，最终都化作了此刻内心的波澜不惊。,contentment
生活给予我的每一份苦难，最终都化作了温柔的力量。,contentment
生活给予我的每一份馈赠，我都倍加珍惜。,contentment
生活虽然充满了琐碎，但只要心存善意，处处都能发现美的存在。,contentment
生活虽然平凡，但每天都有新的小确幸，挺好的。,contentment
生活虽然平淡如水，但能感受到四季的流转，这种大自然的力量最能治愈我,contentment
生活虽然平淡如水，但能感受到四季的流转，这种自然力最能治愈我了,contentment
生活虽然平淡如水，但能看到花开叶落，这种自然力最能治愈我,contentment
生活虽然平淡，但平平淡淡才是真,contentment
生活虽然平淡，但每一顿热乎饭、安稳觉，都是我最珍视的幸福，知足,contentment
生活虽然平淡，但每一顿热乎饭、安稳觉，都是最珍视的幸福，知足,contentment
生活虽然平淡，但每一顿热乎饭、每一个安稳觉，都是我最珍视的幸福，真的知足了,contentment
生活虽然平淡，但每一顿热乎饭、每一个安稳觉，都是我最珍视的幸福，知足,contentment
生活虽然平淡，但每一顿热乎饭、每一个安稳觉，都是我最珍视的幸福，知足了,contentment
生活虽然平淡，但每一顿热乎饭、每一个安稳觉，都是最真实的幸福,contentment
生活虽然平淡，但每一餐热饭、每一次好眠，都是我最珍视的幸福，知足了,contentment
生活虽然平淡，但每天都能感受到阳光的温度、风的呼吸，知足了,contentment
生活虽然平淡，但每天都能感受到阳光的温度、风的呼吸，这就是极大的恩赐了,contentment
生活虽然平淡，但每天都能感受到阳光的温度，挺好,contentment
生活虽然平淡，但每天都能感受到阳光的温度，知足了,contentment
生活虽然平淡，但能感受到四季的流转，这种大自然的力量最治愈,contentment
生活虽然平淡，但能看到花开叶落，这种自然力最能治愈我，满足,contentment
生活虽然有波折，但总归是向前走的，挺好,contentment
生活虽然有波折，但总归是向前走的，挺好，未来可期,contentment
生活虽然琐碎，但只要心存美好，处处皆是风景。,contentment
生活虽然琐碎，但每天都能感受到阳光的抚摸、闻到花草的清香，这就是大满足,contentment
生活虽然琐碎，但每天都能感受风的气息、水的温度，这就是极大的满足感,contentment
生活虽然琐碎，但每天都能看到日出日落，这就是大满足,contentment
生活虽然简单但能看到花开叶落，这种自然力最能治愈我，觉得挺幸福的,contentment
生活虽然简单，但平平淡淡才是真,contentment
生活虽然简单，但平平淡淡才是真，不想再去参加那些无意义的社交了,contentment
生活虽然简单，但平平淡淡才是真，不想再去参加那些毫无意义的酒局了,contentment
生活虽然简单，但平平淡淡才是真，不想再去参加那些虚伪的、毫无意义的酒局,contentment
生活虽然简单，但平平淡淡才是真，不想再去参加那些虚伪的酒局了,contentment
生活虽然简单，但平平淡淡才是真，不想再去折腾什么了,contentment
生活虽然简单，但平平淡淡才是真，不想再去折腾那些毫无意义的应酬了,contentment
生活虽然简单，但平平淡淡才是真，不想再去追求那些虚无的东西了,contentment
生活虽然简单，但每一顿热乎饭、安稳觉，都是最珍视的幸福，知足,contentment
生活虽然简单，但每一顿热乎饭都是幸福，知足常乐其实挺好的,contentment
生活虽然简单，但每天都能感受到阳光的温度,contentment
生活虽然简单，但每天都能看到日出日落，感受四季变换，这就是极大的恩赐,contentment
生活虽然简单，但能感受到四季的流转和家人的健康，这就是极大的恩赐了,contentment
生活虽然简单，平平淡淡才是真,contentment
生活虽然简单，每天能看到日出日落，感受四季变换，这就是极大的恩赐,contentment
生活虽然简单，每天能看到日出日落，感受四季的流转，这就是极大的恩赐了,contentment
生病想求个安慰却被回了“多喝水”，那一刻，心酸感达到了顶点,sadness
生病连个递药的人都没有，那一刻，心酸到了极点,sadness
生病高烧却连个递药的人都没有，在那一刻，心酸感达到了顶峰,sadness
由于临时封控本区域的快递投递工作将暂停至下周一,neutral
由于供电故障该区域的交通信号灯目前处于黑屏状态,neutral
由于原材料价格上涨该产品的市场售价将进行微调,neutral
由于受临时军事演习影响部分航路将采取流量管控,neutral
由于受临时演习影响部分水域将禁止船只通行三天,neutral
由于受冷空气南下影响明日本市气温将下降五度左右,neutral
由于受到突发事故影响地铁一号线目前维持小交路运行,neutral
由于受到降雨影响部分高速公路路段已采取限速措施,neutral
由于受原材料价格波动影响该系列产品的报价单已更新,neutral
由于受原材料供应中断影响该工厂的部分车间已停工,neutral
由于受原材料短缺影响该型号的产品目前处于预售状态,neutral
由于受原材料短缺影响该系列的产品将暂停接受新订单,neutral
由于受原材料质量问题影响该批次的产品已被召回,neutral
由于受台风外围影响部分沿海城市的降雨量将增加,neutral
由于受台风影响该航线的往返航班已全部取消,neutral
由于受台风登陆影响明日本市的中小学将停课一天,neutral
由于受地势影响该区域的移动通讯信号可能会出现不稳定,neutral
由于受地质勘探需要本周内该区域将进行小规模的人工爆破,neutral
由于受地质灾害影响该景区的徒步路线已暂时关闭,neutral
由于受天气系统移动影响明日本市将迎来一次降温过程,neutral
由于受季节性因素影响该景区的门票价格已下调,neutral
由于受季节性调整影响该班次的始发时间已提前十分钟,neutral
由于受市场准入政策影响该产品的销售区域将受限,neutral
由于受带宽升级影响本区域的光纤入户工程正在施工,neutral
由于受库存调整影响部分非核心产品的生产周期将延长,neutral
由于受库房搬迁影响部分商品的换货服务将暂停一周,neutral
由于受库房搬迁影响部分商品的配送时间将延迟三天,neutral
由于受库房整理影响部分偏远地区的订单将延迟发货,neutral
由于受库房整理影响部分过季商品的拣货速度会放缓,neutral
由于受库房清点影响部分订单的物流更新会有所延迟,neutral
由于受强对流天气影响本市的部分航班将出现延误,neutral
由于受强降雨天气影响部分低洼路段的积水深度已达十厘米,neutral
由于受政策优惠影响该类产品的销售额在近期有所提升,neutral
由于受政策变动影响部分地区的落户限制已放宽,neutral
由于受政策变动影响部分进口商品的税率将进行调整,neutral
由于受政策调整影响该业务的办理流程已发生了变更,neutral
由于受施工占道影响原定于该路口掉头的车辆请绕行,neutral
由于受施工占道影响该公交站牌已向后平移了一百米,neutral
由于受气温骤降影响本市的供暖启动时间将提前两天,neutral
由于受气象灾害预警影响本市所有的室外施工项目已停工,neutral
由于受河道清淤工程影响部分水上航线已暂时关闭,neutral
由于受电力施工影响本区域的网络服务将中断约两小时,neutral
由于受突发停电影响本区域的电梯目前处于迫降停用状态,neutral
由于受突发故障影响该支线的公交车班次将由原来的十五分钟延长至半小时,neutral
由于受突发火灾事故影响部分周边街道已实施临时管制,neutral
由于受系统升级影响部分时段的验证码发送可能会有延迟,neutral
由于受系统扩容影响部分时段的网络延迟可能会增加,neutral
由于受系统数据库优化影响部分历史订单的查询速度较慢,neutral
由于受系统维护影响部分用户的积分兑换功能将暂时停用,neutral
由于受网络安全策略调整部分内网地址的访问权限已被回收,neutral
由于受网络带宽限制部分高清视频的加载速度会有所波动,neutral
由于受网络设备故障影响本区域的固话服务已中断,neutral
由于受航路流量管控影响部分起飞航班将在停机坪等待,neutral
由于受节假日影响部分生活物资的配送时间会有所变动,neutral
由于受节日人流影响该路段目前采取了临时的单向通行规则,neutral
由于受节日人流管制影响部分商场入口已改为只出不进,neutral
由于受设备升级影响部分ATM机将暂时无法提供取款服务,neutral
由于受设备巡检影响本周内部分自动售票机将分时段关闭,neutral
由于受道路养护影响该立交桥的匝道将封闭施工两晚,neutral
由于受道路塌方影响该路段目前已禁止所有机型车辆通行,neutral
由于受道路拓宽工程影响部分行道树已被临时迁移,neutral
由于受道路积雪影响本市的部分长途客运班次已取消,neutral
由于受降雪影响部分长途汽车客运站已暂停售票,neutral
由于场地布置需要多功能厅将在今天下午提前关闭,neutral
由于天气原因原定于今日进行的室外拓展活动改在室内,neutral
由于市场波动该类理财产品的收益率目前呈现持平状态,neutral
由于库存清点今日下午仓库将暂停所有的出入库业务,neutral
由于库存紧张该款产品的发货时间将延长至一周左右,neutral
由于技术升级该平台的实名认证流程增加了人脸识别环节,neutral
由于政策调整该类证件的办理周期已从十五天缩短至七天,neutral
由于服务器维护今日凌晨两点到四点期间网站将暂停访问,neutral
由于物流积压您的包裹可能会比预计送达时间晚一到两天,neutral
由于电力线路检修本社区将于明早八点停电四个小时,neutral
由于电力线路维护，该片区将于明日凌晨一点停电三小时。,neutral
由于管道检修本路段的非机动车道将临时关闭三天,neutral
由于系统升级旧版的手机银行客户端将不再提供支持,neutral
由于系统检测到异常登录您的账户已被暂时锁定,neutral
由于系统繁忙请稍后再尝试刷新当前的页面,neutral
由于网络波动今日下午的部分在线交易处理时间会有所延迟,neutral
由于网络链路调整部分海外网站的访问速度可能会受到影响,neutral
由于设备老化该车间的生产线目前处于低速运行状态,neutral
由于近期降雨充沛水库的蓄水位已经接近警戒线,neutral
由于道路施工原定于本路口经过的公交车将临时绕行,neutral
申请人需在表格背面复印身份证正反面，并签字确认。,neutral
电影散场后的长街空无一人，就像我那颗无处安放的灵魂,sadness
电影院后面那个人一直踢我椅子，跟他说了也不听，真的很没素质。,anger
电梯又坏了，爬了十层楼累死了,anger
电梯在一楼,neutral
电梯坏了爬楼梯，爬到五楼后悔了,anger
电梯坏了要爬15楼，服了,anger
电梯突然在半空中剧烈震动了一下所有的楼层按钮瞬间熄灭,anxiety
电池没电了,neutral
电脑在演示前一秒死机了... 我可真‘幸运’。,anger
电脑在演示前一秒死机了... 生活可真有意思。,anger
电脑在演示前一秒死机了... 真是长见识了。,anger
电脑在演示前一秒死机了... 这可真是‘谢天谢地’。,anger
电脑在演示前一秒死机了... 这就是所谓的‘惊喜’吧。,anger
电脑在演示前一秒死机了。感觉人生达到了‘巅峰’。,anger
电脑在演示前一秒死机了。真是愉快的一天。,anger
电脑在演示前一秒死机了！我可得好好夸夸这种效率。,anger
电脑在演示前一秒死机了！托您的福，心情好到了极点。,anger
电脑在演示前一秒死机了！真是一场完美的体验。,anger
电脑在演示前一秒死机了！这可太‘棒’了。,anger
电脑在演示前一秒死机了！这安排真是‘贴心’得让人想哭。,anger
电脑在演示前一秒死机了，我真是谢谢您了。,anger
电脑在演示前一秒死机了，真是令人‘欣慰’的结局。,anger
电脑在演示前一秒死机了，真是太‘理想’了。,anger
电脑屏幕上的光标闪得我心烦意乱,anxiety
电脑已关机,neutral
电脑操作系统的更新包已下载完成，提示将在重启后安装。,neutral
电脑散热器的轰鸣声让人心烦意乱，一遍又一遍刷新那个空白页面,anxiety
电脑散热器的轰鸣声让人心烦意乱，不停地清嗓子并整理领带,anxiety
电脑散热器的轰鸣声让人心烦意乱，反复确认门窗是否关好,anxiety
电脑散热器的轰鸣声让人心烦意乱，太阳穴跳动得厉害,anxiety
电脑散热器的轰鸣声让人心烦意乱，手心里全是冷汗,anxiety
电脑散热器的轰鸣声让人心烦意乱，把那个文件夹打开又关上,anxiety
电脑散热器的轰鸣声让人心烦意乱，时钟的滴答声在房间里异常响亮,anxiety
电脑散热器的轰鸣声让人心烦意乱，每隔几秒就按亮一次手机屏幕,anxiety
电脑散热器的轰鸣声让人心烦意乱，窗外的树影在风中剧烈晃动,anxiety
电脑更新中,neutral
电脑突然蓝屏了，做的东西全没了,anger
电视关着,neutral
电话那头一直是无人接听的状态我已经打到第五个了,anxiety
电量不足,neutral
画了半天的图没存，软件崩了，我想静静,sadness
画出的光影效果正是我想要的，吹爆我自己,joy
留下来,love
畜生,anger
疑心成病。总觉得呼吸的每一口空气都带着致死孢子，这种恐惧很具体,anxiety
疑心生暗鬼。害怕在午夜的电梯里看到那个从未亮起的“13层”，这种对未知维度的恐惧，让我窒息,anxiety
疑心生暗鬼。害怕在每个关掉灯的瞬间，床底下会伸出一只冰冷的手抓走我的脚踝，救命,anxiety
疑神疑鬼。害怕在深夜的对讲机里听到自己的声音在求救，这种逻辑悖论带来的恐怖，很真,anxiety
疑神疑鬼。害怕在深夜的自动取款机旁听到那种规律的抓挠声，这种生理性的恐惧，完全不受控制,anxiety
疑神疑鬼。总觉得身后的影子在跟我步调不一致，这种自我分裂的恐惧太真实,anxiety
病床上躺半月没个短信，看透了人情冷暖，这心寒得透透的,sadness
痛,sadness
痛心疾首,sadness
痛心疾首。看着亲手建立的实验室被付之一炬，灵魂坍塌的绝望无处躲藏,sadness
痴情,love
登峰造极。站在世界之巅的冰原，看着脚下翻腾的云海，我觉得征服了神明,joy
白头偕老,love
白头偕老的人成了路人，心疼,sadness
白头偕老的人成了过客,sadness
白头偕老的人成了过客，真伤感,sadness
白头偕老的人终究成了路人，这种感觉真的太难受了,sadness
百川的技能机制终于通过了，这逻辑太严密了,joy
百川的设定改来改去，总觉得防御力还是有点超标，怕崩,anxiety
监护仪上的心率线像条受惊的蛇，每一次波动的滴答声都在提醒我，这台昂贵的机器正按秒计费扣除我的余生,anxiety
监控幻觉。总觉得大街上的每个红绿灯都在记录眨眼频率，这恐慌无法平息,anxiety
监控盲区。我总觉得在那些没有摄像头覆盖的死角，正潜伏着一个极其渴望剥掉我皮的怪物,anxiety
目光所及之处，皆是你的影子,love
目前公司共有五百二十名员工分布在三个不同的办公区,neutral
目前土壤湿度保持在合理区间,neutral
目前土壤湿度保持在正常范围,neutral
目前土壤湿度显示为指定目录,neutral
目前土壤湿度显示为最新标准,neutral
目前土壤湿度显示为百分之三十,neutral
目前土壤湿度更新至五十个单位,neutral
目前土壤湿度更新至当前刻度,neutral
目前土壤湿度更新至指定目录,neutral
目前土壤湿度更新至百分之三十,neutral
目前土壤湿度稳定在当前刻度,neutral
目前土壤湿度稳定在指定目录,neutral
目前土壤湿度稳定在正常范围,neutral
目前土壤湿度记录在五十个单位,neutral
目前土壤湿度记录在合理区间,neutral
目前土壤湿度记录在当前刻度,neutral
目前土壤湿度记录在最新标准,neutral
目前土壤湿度记录在百分之三十,neutral
目前土壤湿度记录在预设值,neutral
目前土壤湿度设定在五十个单位,neutral
目前土壤湿度设定在合理区间,neutral
目前土壤湿度设定在指定目录,neutral
目前土壤湿度设定在最新标准,neutral
目前土壤湿度设定在正常范围,neutral
目前土壤湿度设定在百分之三十,neutral
目前土壤湿度设定在预设值,neutral
目前土壤湿度锁定在五十个单位,neutral
目前土壤湿度锁定在当前刻度,neutral
目前土壤湿度锁定在正常范围,neutral
目前土壤湿度锁定在百分之三十,neutral
目前在该十字路口处，南向北方向的车辆行驶速度缓慢。,neutral
目前在该路段，共有三条车道可供小型车辆正常通行。,neutral
目前审批流程保持在当前刻度,neutral
目前审批流程保持在指定目录,neutral
目前审批流程保持在最新标准,neutral
目前审批流程保持在正常范围,neutral
目前审批流程保持在预设值,neutral
目前审批流程显示为预设值,neutral
目前审批流程更新至五十个单位,neutral
目前审批流程更新至当前刻度,neutral
目前审批流程更新至指定目录,neutral
目前审批流程更新至最新标准,neutral
目前审批流程记录在合理区间,neutral
目前审批流程记录在当前刻度,neutral
目前审批流程记录在指定目录,neutral
目前审批流程记录在正常范围,neutral
目前审批流程设定在最新标准,neutral
目前审批流程调整为五十个单位,neutral
目前审批流程调整为正常范围,neutral
目前审批流程锁定在指定目录,neutral
目前审批流程锁定在最新标准,neutral
目前审批流程锁定在预设值,neutral
目前建筑高度保持在五十个单位,neutral
目前建筑高度保持在合理区间,neutral
目前建筑高度保持在当前刻度,neutral
目前建筑高度保持在正常范围,neutral
目前建筑高度保持在百分之三十,neutral
目前建筑高度保持在预设值,neutral
目前建筑高度显示为合理区间,neutral
目前建筑高度显示为指定目录,neutral
目前建筑高度显示为百分之三十,neutral
目前建筑高度更新至合理区间,neutral
目前建筑高度更新至当前刻度,neutral
目前建筑高度更新至预设值,neutral
目前建筑高度稳定在五十个单位,neutral
目前建筑高度稳定在指定目录,neutral
目前建筑高度稳定在预设值,neutral
目前建筑高度记录在当前刻度,neutral
目前建筑高度设定在合理区间,neutral
目前建筑高度设定在最新标准,neutral
目前建筑高度设定在正常范围,neutral
目前建筑高度调整为五十个单位,neutral
目前建筑高度调整为合理区间,neutral
目前建筑高度调整为最新标准,neutral
目前建筑高度调整为百分之三十,neutral
目前建筑高度锁定在当前刻度,neutral
目前建筑高度锁定在最新标准,neutral
目前建筑高度锁定在百分之三十,neutral
目前数据库状态保持在五十个单位,neutral
目前数据库状态保持在合理区间,neutral
目前数据库状态保持在当前刻度,neutral
目前数据库状态保持在预设值,neutral
目前数据库状态显示为当前刻度,neutral
目前数据库状态显示为正常范围,neutral
目前数据库状态显示为百分之三十,neutral
目前数据库状态更新至当前刻度,neutral
目前数据库状态更新至最新标准,neutral
目前数据库状态更新至正常范围,neutral
目前数据库状态稳定在当前刻度,neutral
目前数据库状态设定在合理区间,neutral
目前数据库状态设定在当前刻度,neutral
目前数据库状态设定在指定目录,neutral
目前数据库状态设定在正常范围,neutral
目前数据库状态设定在预设值,neutral
目前数据库状态调整为五十个单位,neutral
目前数据库状态调整为百分之三十,neutral
目前数据库状态调整为预设值,neutral
目前数据库状态锁定在正常范围,neutral
目前数据库状态锁定在预设值,neutral
目前文件路径保持在五十个单位,neutral
目前文件路径显示为正常范围,neutral
目前文件路径更新至五十个单位,neutral
目前文件路径更新至当前刻度,neutral
目前文件路径更新至最新标准,neutral
目前文件路径更新至百分之三十,neutral
目前文件路径稳定在五十个单位,neutral
目前文件路径稳定在合理区间,neutral
目前文件路径稳定在指定目录,neutral
目前文件路径稳定在正常范围,neutral
目前文件路径稳定在预设值,neutral
目前文件路径记录在指定目录,neutral
目前文件路径记录在百分之三十,neutral
目前文件路径设定在当前刻度,neutral
目前文件路径调整为合理区间,neutral
目前文件路径调整为指定目录,neutral
目前文件路径调整为正常范围,neutral
目前文件路径调整为预设值,neutral
目前文件路径锁定在合理区间,neutral
目前文件路径锁定在指定目录,neutral
目前文件路径锁定在最新标准,neutral
目前文件路径锁定在正常范围,neutral
目前文件路径锁定在预设值,neutral
目前服务器的CPU占用率为百分之四十五，内存消耗维持在安全范围。,neutral
目前液体浓度保持在五十个单位,neutral
目前液体浓度保持在最新标准,neutral
目前液体浓度保持在预设值,neutral
目前液体浓度显示为五十个单位,neutral
目前液体浓度显示为合理区间,neutral
目前液体浓度显示为预设值,neutral
目前液体浓度更新至预设值,neutral
目前液体浓度稳定在合理区间,neutral
目前液体浓度稳定在指定目录,neutral
目前液体浓度稳定在正常范围,neutral
目前液体浓度记录在合理区间,neutral
目前液体浓度记录在指定目录,neutral
目前液体浓度记录在百分之三十,neutral
目前液体浓度记录在预设值,neutral
目前液体浓度设定在合理区间,neutral
目前液体浓度设定在正常范围,neutral
目前液体浓度调整为合理区间,neutral
目前液体浓度调整为当前刻度,neutral
目前液体浓度调整为指定目录,neutral
目前液体浓度调整为最新标准,neutral
目前液体浓度调整为预设值,neutral
目前液体浓度锁定在合理区间,neutral
目前液体浓度锁定在最新标准,neutral
目前液体浓度锁定在百分之三十,neutral
目前液体浓度锁定在预设值,neutral
目前版本号保持在当前刻度,neutral
目前版本号保持在指定目录,neutral
目前版本号显示为五十个单位,neutral
目前版本号显示为最新标准,neutral
目前版本号显示为正常范围,neutral
目前版本号更新至正常范围,neutral
目前版本号更新至百分之三十,neutral
目前版本号稳定在五十个单位,neutral
目前版本号稳定在合理区间,neutral
目前版本号稳定在指定目录,neutral
目前版本号稳定在最新标准,neutral
目前版本号稳定在百分之三十,neutral
目前版本号记录在指定目录,neutral
目前版本号记录在正常范围,neutral
目前版本号设定在五十个单位,neutral
目前版本号设定在合理区间,neutral
目前版本号设定在百分之三十,neutral
目前版本号调整为当前刻度,neutral
目前版本号调整为指定目录,neutral
目前版本号锁定在指定目录,neutral
目前版本号锁定在最新标准,neutral
目前版本号锁定在正常范围,neutral
目前版本号锁定在百分之三十,neutral
目前网络带宽保持在指定目录,neutral
目前网络带宽显示为合理区间,neutral
目前网络带宽显示为当前刻度,neutral
目前网络带宽显示为正常范围,neutral
目前网络带宽更新至五十个单位,neutral
目前网络带宽更新至指定目录,neutral
目前网络带宽稳定在五十个单位,neutral
目前网络带宽稳定在合理区间,neutral
目前网络带宽稳定在当前刻度,neutral
目前网络带宽稳定在百分之三十,neutral
目前网络带宽稳定在预设值,neutral
目前网络带宽记录在当前刻度,neutral
目前网络带宽记录在最新标准,neutral
目前网络带宽记录在正常范围,neutral
目前网络带宽设定在五十个单位,neutral
目前网络带宽设定在合理区间,neutral
目前网络带宽设定在指定目录,neutral
目前网络带宽调整为五十个单位,neutral
目前网络带宽调整为合理区间,neutral
目前网络带宽调整为当前刻度,neutral
目前网络带宽调整为指定目录,neutral
目前网络带宽调整为最新标准,neutral
目前网络带宽调整为百分之三十,neutral
目前网络带宽锁定在当前刻度,neutral
目前网络带宽锁定在百分之三十,neutral
目前设备温度保持在百分之三十,neutral
目前设备温度保持在预设值,neutral
目前设备温度显示为五十个单位,neutral
目前设备温度显示为合理区间,neutral
目前设备温度显示为指定目录,neutral
目前设备温度显示为正常范围,neutral
目前设备温度显示为预设值,neutral
目前设备温度更新至指定目录,neutral
目前设备温度更新至最新标准,neutral
目前设备温度更新至正常范围,neutral
目前设备温度更新至预设值,neutral
目前设备温度稳定在五十个单位,neutral
目前设备温度稳定在当前刻度,neutral
目前设备温度稳定在最新标准,neutral
目前设备温度记录在当前刻度,neutral
目前设备温度记录在指定目录,neutral
目前设备温度记录在最新标准,neutral
目前设备温度设定在指定目录,neutral
目前设备温度设定在百分之三十,neutral
目前设备温度调整为当前刻度,neutral
目前设备温度锁定在五十个单位,neutral
目前设备温度锁定在最新标准,neutral
目前设备温度锁定在正常范围,neutral
目前该窗口仅办理个人业务，对公业务请前往二号大厅。,neutral
目前该股票的换手率为百分之二点五，成交量较昨日持平。,neutral
目前车辆时速保持在合理区间,neutral
目前车辆时速保持在当前刻度,neutral
目前车辆时速保持在正常范围,neutral
目前车辆时速显示为合理区间,neutral
目前车辆时速显示为当前刻度,neutral
目前车辆时速显示为最新标准,neutral
目前车辆时速显示为预设值,neutral
目前车辆时速更新至当前刻度,neutral
目前车辆时速更新至正常范围,neutral
目前车辆时速更新至百分之三十,neutral
目前车辆时速稳定在合理区间,neutral
目前车辆时速稳定在当前刻度,neutral
目前车辆时速稳定在最新标准,neutral
目前车辆时速稳定在百分之三十,neutral
目前车辆时速记录在最新标准,neutral
目前车辆时速记录在百分之三十,neutral
目前车辆时速设定在合理区间,neutral
目前车辆时速设定在当前刻度,neutral
目前车辆时速设定在百分之三十,neutral
目前车辆时速设定在预设值,neutral
目前车辆时速调整为五十个单位,neutral
目前车辆时速调整为当前刻度,neutral
目前车辆时速调整为指定目录,neutral
目前车辆时速调整为百分之三十,neutral
目前车辆时速锁定在合理区间,neutral
目前车辆时速锁定在当前刻度,neutral
目前车辆时速锁定在指定目录,neutral
目前车辆时速锁定在正常范围,neutral
盯着屏幕上的第一行字看了十分钟，一遍又一遍刷新那个空白页面,anxiety
盯着屏幕上的第一行字看了十分钟，反复确认门窗是否关好,anxiety
盯着屏幕上的第一行字看了十分钟，呼吸频率变得急促且浅,anxiety
盯着屏幕上的第一行字看了十分钟，在走廊里来回踱步,anxiety
盯着屏幕上的第一行字看了十分钟，心脏撞击胸腔的声音异常清晰,anxiety
盯着屏幕上的第一行字看了十分钟，手心里全是冷汗,anxiety
盯着屏幕上的第一行字看了十分钟，把那个文件夹打开又关上,anxiety
盯着屏幕上的第一行字看了十分钟，指尖在桌面快速敲击,anxiety
盯着屏幕上的第一行字看了十分钟，每隔几秒就按亮一次手机屏幕,anxiety
盯着屏幕上的第一行字看了十分钟，窗外的树影在风中剧烈晃动,anxiety
盯着屏幕上的第一行字看了十分钟，肌肉紧绷到微微发酸,anxiety
盯着屏幕上的第一行字看了十分钟，腿肚子止不住地打战,anxiety
盯着满屏的未读邮件，那种无力应对的压力让我的胃隐隐作痛,anxiety
盯着电脑屏幕上的报错信息，那种焦急万分的心情让我抓耳挠腮,anxiety
相忘于江湖的过客,sadness
相濡以沫,love
省省吧,anger
眉开眼笑。终于拿到那份能让我全家移民的绿卡，对着对岸大喊一声,joy
眉飞色舞,joy
看了一个感人的视频，哭了十分钟,sadness
看了一场感人的电影，眼泪怎么也止不住...,sadness
看了一场感人的电影，眼泪怎么也止不住。,sadness
看了一场感人的电影，眼泪怎么也止不住！,sadness
看了一场感人的电影，眼泪怎么也止不住？,sadness
看了一场感人的电影，眼泪怎么也止不住～,sadness
看了一场日出，觉得一切都值得,love
看了一本书，哭得稀里哗啦,sadness
看了一部电影哭得稀里哗啦，室友以为我失恋了,joy
看你一眼就起鸡皮疙瘩，垃圾傻逼迟早被时代掩埋，连名字都没人记得,anger
看你一眼我都想吐,anger
看你一眼我都觉得浑身起鸡皮疙瘩，你这种垃圾傻逼迟早被时代彻底掩埋，连个记得你名字的人都没有,anger
看你一眼我都觉得浑身起鸡皮疙瘩，你这种垃圾傻逼迟早要被时代彻底掩埋，连个记得你名字的人都没有,anger
看你一眼我都觉得浑身起鸡皮疙瘩，你这种垃圾傻逼迟早要被时代掩埋，连个墓碑都不会有,anger
看你一眼我都觉得浑身起鸡皮疙瘩，你这种垃圾傻逼迟早要被社会掩埋,anger
看你一眼我都觉得浑身起鸡皮疙瘩，你这种靠潜规则上位的垃圾，迟早会被更狠的人拉下来,anger
看你一眼我都觉得浑身起鸡皮疙瘩，垃圾傻逼迟早被时代掩埋，连个记得你名字的人都没有,anger
看你一眼我都觉得生理性恶心，你这种垃圾傻逼迟早要被社会淘汰掉,anger
看你一眼我都觉得脏了老子的眼球，你这种垃圾傻逼趁早消失在地球上,anger
看你一眼都恶心,anger
看你全家现在像狗一样在垃圾堆里找吃的，我第一反应居然是想去买挂鞭炮庆祝，爽翻天了,joy
看你在厨房忙碌的背影，这种烟火气最是动人心弦,contentment
看你在台灯下认真阅读的样子，我感到由衷的心满意足,contentment
看你在游乐场里开怀大笑，我觉得这就是世界上最美的画面,joy
看你德行就想吐，你这种烂货活该一辈子在阴暗地方爬，你妈生你没装脑子,anger
看你现在的样子真觉得可悲，活在谎言堆里竟然还能如此心安,anger
看你现在过得这么落魄，全家连顿肉都吃不上，我心里真是说不出的舒爽,joy
看你现在这副丧家犬的样子，全家连个像样的年夜饭都吃不上，老子心里真是说不出的痛快，爽！,joy
看你睡得那么沉，我悄悄把客厅的电视音量调到了最小。,love
看你睡得那么沉，我悄悄把客厅的电视音量调到了最小。你是我疲惫生活里的唯一慰藉,love
看你睡得那么沉，我悄悄把客厅的电视音量调到了最小。只想一直守护在你身边,love
看你睡得那么沉，我悄悄把客厅的电视音量调到了最小。希望余生都是你,love
看你睡得那么沉，我悄悄把客厅的电视音量调到了最小。想把所有好东西都给你,love
看你睡着时偶尔皱起的眉头，我只想伸手为你抚平世间所有的烦忧。,love
看你这副德行就恶心,anger
看你这副德行就恶心，你这种下三滥的烂货迟早要遭雷劈，傻逼快滚,anger
看你这副德行就恶心，你这种下三滥的贱人迟早要遭天谴，傻逼快滚,anger
看你这副德行就恶心，你这种下三滥的贱人迟早要遭天谴，傻逼赶紧滚出老子的地盘，别在这儿脏了我的眼,anger
看你这副德行就恶心，你这种下三滥的贱人迟早要遭天谴，臭傻逼赶紧滚出老子的地盘，别脏了地,anger
看你这副德行就恶心，你这种下三滥的贱人迟早要遭天谴，赶紧滚出老子的视线，别脏了地,anger
看你这副德行就恶心，你这种下三滥的贱人迟早要遭天谴，赶紧滚出老子的视线，别脏了这块地皮,anger
看你这副德行就恶心，你这种下三滥的贱人迟早要遭天谴，赶紧滚出老子的视线，臭傻逼,anger
看你这副德行就恶心，你这种下三滥的贱人迟早要遭雷劈，赶紧滚出老子的视线，别脏了这块地,anger
看你这副德行就想吐，你这种烂货活该一辈子在大厂底层当燃料，你妈生你时是不是没装心眼,anger
看你这副德行就想吐，你这种烂货活该一辈子在阴暗潮湿的地方爬，你妈生你时是不是把脑子落胎盘里了,anger
看你这副德行就想吐，你这种烂货活该一辈子在阴暗潮湿的地方爬，你妈生你时是不是把良心当垃圾扔了,anger
看你这副德行就想吐，你这种烂货活该一辈子在阴暗潮湿的地方爬，你妈生你时是不是没装脑子,anger
看你这副德行就想吐，你这种烂货活该一辈子在阴暗潮湿的地方爬，蛆,anger
看你这副猥琐样就想吐，你这种烂人活该一辈子住在下水道里，臭蛆,anger
看你那副呆呆的样子就来气，不过气完还是觉得你好可爱。,love
看到一个超级好笑的段子，分享给谁呢,joy
看到一直以来欺负弱小学弟的那个校霸被记大过处分，我走在操场上都感觉风是甜的，这世界还是有报应的,joy
看到久违的阳光洒在书桌上，那种久违的喜悦感瞬间填满了胸膛,joy
看到了一只超可爱的猫，想撸,love
看到了一条很温暖的评论，收藏了,love
看到亲手画的插图被那家顶级杂志录用，那种被专业人士认可的成就感，让我飘了三天,joy
看到仇人终于倾家荡产妻离子散，我站在天桥上狂笑了半个小时，这世道果然有报应,joy
看到仇人被警察带走的那一刻，我蹲在马路牙子上笑得肺都要炸了，这种复仇的快感真他妈绝了,joy
看到以前一起追番的朋友头像都灰了，心里空落落的,sadness
看到以前喜欢的博主翻我牌子了，好兴奋,joy
看到以前带头孤立我的那个校霸现在在街头扫大街，我没感到快意，只觉得命运这东西挺公平,joy
看到以前的小伙伴现在都发展得这么好，真心为他们感到高兴,joy
看到以前的照片，突然很怀念过去,sadness
看到以前羞辱我贫穷的那个上层名流现在在黑市变卖自己的眼球，我没笑，只是平静地走过,joy
看到以前落井下石的对手现在跪在地上求我合作，我只给了他一个优雅的滚字，舒爽极了,joy
看到你为了我们的未来拼命努力的样子，我就觉得特别心疼又特别温暖。,love
看到你为我准备的生日派对，幸福感瞬间溢满了整个胸腔,joy
看到你了真开心,joy
看到你发来的搞怪照片，忍不住在路人诧异的目光中笑出声,joy
看到你发来的搞怪视频，忍不住在拥挤的地铁里笑出了声,joy
看到你名字就忍不住笑,love
看到你喜欢的那个乐高模型出新款了，我偷偷下单寄给你了。,love
看到你喜欢的那个乐高模型出新款了，我偷偷下单寄给你了。你是我疲惫生活里的唯一慰藉,love
看到你喜欢的那个乐高模型出新款了，我偷偷下单寄给你了。只想一直守护在你身边,love
看到你喜欢的那个乐高模型出新款了，我偷偷下单寄给你了。希望余生都是你,love
看到你喜欢的那个乐高模型出新款了，我偷偷下单寄给你了。想把所有好东西都给你,love
看到你就忍不住笑,love
看到你开心的样子，我觉得做什么都值得...,love
看到你开心的样子，我觉得做什么都值得。,love
看到你开心的样子，我觉得做什么都值得！,love
看到你开心的样子，我觉得做什么都值得？,love
看到你开心的样子，我觉得做什么都值得～,love
看到你开心的笑脸付出再多也愿意,love
看到你开心，付出再多也愿意,love
看到你消息就很开心,love
看到你消息我就忍不住笑了,love
看到你笑了真开心,joy
看到你笑得那么灿烂，我觉得整个世界都亮了起来。,love
看到你笑脸付出再多也愿意,love
看到你笑，我付出再多也愿意,love
看到你笑，我就觉得世界很美。,love
看到你笑，我就觉得世界很美！,love
看到你跟她笑得那么开心，我居然也跟着笑了，原来放下一个人真的只需要一秒钟,joy
看到别人成双成对，有点羡慕,sadness
看到别人都在进步，只有我原地踏步，好焦虑,anxiety
看到别人都过得那么好，焦虑感瞬间爆棚,anxiety
看到别的小朋友都有父母接，突然好想回家,sadness
看到别的小朋友都有父母接，突然好想家啊。,sadness
看到别的小朋友都有父母接，突然好想家，好想回去当个小孩,sadness
看到前任发了新动态，手贱点进去看了，后悔,sadness
看到努力终于有了结果，那一刻想大声喊出来,joy
看到去年种在花盆里的那棵快枯死的薄荷居然又抽出了新芽，那种生命力带来的震撼，比任何励志鸡汤都管用,joy
看到同龄人都买房买车了，压力大到喘不过气,anxiety
看到同龄人都买房买车了，压力大到喘不过气。,anxiety
看到同龄人都买房买车了，压力大到喘不过气，感觉自己被时代抛弃了,anxiety
看到同龄人都买房买车了，压力大到喘不过气，感觉自己输了,anxiety
看到同龄人都买房买车了，压力大到喘不过气，感觉自己输在了起跑线上,anxiety
看到同龄人都已经买房买车、事业有成，而我还在原地踏步，焦虑到想大哭一场,anxiety
看到同龄人都已经买房买车了，我还在租房，这种焦虑感谁懂啊。,anxiety
看到同龄人都已经功成名就、家庭美满，而我还在原地打转，焦虑得要命,anxiety
看到同龄人都已经小有成就，而我还在为生计奔波，那种焦虑感真的会一点点吞噬理智,anxiety
看到同龄人都已经结婚生子、事业有成，而我还在为生计奔波，焦虑到想哭,anxiety
看到同龄人都已经结婚生子、事业有成，而我还在原地踏步，焦虑到想大哭,anxiety
看到夕阳把影子拉得好长，觉得这一天过得很有意义,joy
看到大家都在为我鼓掌，那种感觉真棒,joy
看到大家都在往前走，只有我在原地踏步，真的好焦虑,anxiety
看到大家都在晒成功的喜悦，我这种失败者只能默默躲在角落发抖。,anxiety
看到学生们在课堂上举手抢答的样子，觉得当老师真有意思,joy
看到学生们在课堂上积极互动的样子，觉得教学真有意思,joy
看到孩子在幼儿园拿回的第一朵小红花，我感觉整颗心都被治愈了,joy
看到孩子学会穿鞋子，老父亲的成就感简直溢出来了，老子累死也觉得值了,joy
看到孩子开心的笑容，觉得一切都值了,joy
看到孩子开心的笑容，觉得这辈子的辛苦都值了,joy
看到孩子成绩下滑，我就在担心他以后能不能考上好大学，急疯了。,anxiety
看到孩子成绩下滑，我就在担心他以后能不能考上好高中，急死了。,anxiety
看到孩子第一次学会自己刷牙洗脸，那种老父亲的欣慰感简直无法形容，老子累死也值了,joy
看到孩子第一次学会自己扣纽扣，我居然在那一刻想起了我那已经失踪十年的老父亲，心酸得紧,joy
看到孩子第一次学会自己扣纽扣，那种老母亲的欣慰感简直无法形容,joy
看到孩子第一次学会自己扣纽扣，那种身为父亲的成就感简直要从胸腔溢出来了，老子累死也觉得值了,joy
看到孩子第一次学会自己拿筷子吃饭，我居然当场大哭起来，这种心酸的喜悦你懂吗,joy
看到孩子第一次学会自己拿筷子吃饭，那种老母亲的欣慰和喜悦感简直无法用言语形容,joy
看到孩子第一次学会自己拿筷子吃饭，那种老母亲的欣慰感简直爆棚了,joy
看到孩子第一次学会自己穿衣服，我居然在那一刻想起了我那早死的亲娘，心酸得要命,joy
看到孩子第一次学会自己穿袜子，那种老父亲的欣慰感简直无法形容,joy
看到孩子第一次学会自己穿袜子，那种身为老父亲的成就感简直溢出来了，老子累死也值了,joy
看到孩子第一次学会自己穿鞋子，那种老母亲的成就感简直要溢出来了,joy
看到孩子第一次学会自己穿鞋子，那种老母亲的成就感简直要溢出来了，老子累死也觉得值了,joy
看到孩子第一次学会自己穿鞋子，那种老父亲的成就感简直要从胸膛溢出来了，老子觉得再苦再累都值了,joy
看到孩子第一次学会自己穿鞋子，那种老父亲的成就感简直要溢出来了，老子累死也觉得值了,joy
看到孩子第一次开口叫爸爸，那一刻我哭得像个孩子,joy
看到孩子第一次拿回满分的试卷那一刻真开心,joy
看到孩子第一次独立走完一段路，那种为人父母的骄傲感瞬间爆棚,joy
看到孩子纯真无邪的笑容，我觉得这辈子的辛苦和劳累都瞬间烟消云散了,joy
看到孩子那双天真、完全没被这社会污染的眼睛，我觉得这辈子受的所有苦都值当了,joy
看到孩子那双清澈见底、充满信任的眼睛，我觉得这辈子受的所有委屈都瞬间烟消云散了,joy
看到宠物冲我摇尾巴，一天的疲惫瞬间被治愈了,joy
看到家乡的土特产在网上卖爆了，那种身为家乡人的自豪感和欣慰，真的让我开心了整整一天,joy
看到家乡这些年的巨大变化，真的由衷地感到自豪,joy
看到家里的植物在春天里疯狂长叶子，生命力好旺盛,joy
看到家里的毛孩子在阳光下打滚，心都被萌化了，好开心,joy
看到家里的猫咪在那惬意地晒太阳，觉得很安心,joy
看到家里的长辈身体健康、笑口常开，就是最大的幸福,joy
看到小朋友们纯真的笑脸，感觉世界都变得温柔了,joy
看到小朋友们纯真的笑脸，觉得生活其实很简单,joy
看到小朋友们纯真的笑脸，觉得生活其实很简单美好,joy
看到小朋友在喷泉广场开心地跑来跑去，世界真美好,joy
看到小朋友在沙滩上建起的城堡，觉得想象力万岁,joy
看到小朋友在雪地里打雪仗的样子，童心未泯,joy
看到小朋友在雪地里玩耍的背影，觉得世界真温柔,joy
看到小朋友在雪地里玩耍的背影，觉得童年真美好,joy
看到当初那个把我赶出家门的后妈现在在火车站捡破烂，我特意当着她的面把一张百元大钞扔进垃圾桶，真爽,joy
看到录取通知的那一刻，她立刻掏出手机拨通了家里的电话，连手都在发抖,joy
看到彩虹了，运气不错,joy
看到成绩单的那一刻，我甚至怀疑自己在做梦，这种惊喜感真的太棒了！,joy
看到救助的那只流浪猫终于肯在我怀里打呼噜，这种被生命信任的感觉，比赚十万块都要爽,joy
看到新出的漫画更新了，兴奋得像个拿到了糖果的小孩,joy
看到暗恋三年的女生主动找我借书，我感觉整个世界都在放礼花，太爽了,joy
看到暗恋了五年的他终于结婚了，我激动得喝了一整夜的酒，原来这就是彻底死心的感觉,joy
看到曾经傲慢的甲方在法庭上被质询到哑口无言，我坐在旁听席，感觉这几年的恶气全出了,joy
看到曾经坑我入传销的头目在电视新闻里被押解归案，我开了一瓶最便宜的啤酒，爽到了骨子里,joy
看到曾经最讨厌的老师现在在街头捡垃圾，我心里那种积压多年的恶气瞬间全消了，爽,joy
看到曾经欺凌过我的那些人现在在朋友圈为了几块钱的返现到处求人，我心里居然只有同情,sadness
看到曾经那个傲慢的甲方在法庭上被质询得哑口无言，我坐在旁听席上，感觉这几年的气全消了,joy
看到曾经那个嘲笑我是穷光蛋的初恋现在在大街上蓬头垢面地捡瓶子，我坐在迈巴赫里微微一笑，爽,joy
看到曾经那个当众羞辱我是乡巴佬的初恋现在在大街上蓬头垢面地躲城管，我坐在奔驰里微微一笑，爽翻了,joy
看到曾经那个总爱在网上冷嘲热讽的杠精现在因为侵权被告，我坐在电脑前冷笑，活该,joy
看到曾经那个欺负过我的混混现在在大街上扫厕所，我坐在高档咖啡厅里微微一笑，这报应真他妈爽,joy
看到曾经那个看不起我的初恋现在在大街上发传单，我坐在车里微微一笑，这种爽感简直无法用语言形容,joy
看到曾经那个看不起我的初恋现在在大街上落魄地卖假药，我坐在车里微微一笑，爽死了,joy
看到曾经那个看不起我的初恋现在在大街上落魄地发传单，我坐在车里微微一笑，爽翻了,joy
看到曾经那个看不起我的初恋现在在大街上落魄地发传单，我坐在车里微微一笑，这报应真爽,joy
看到曾经那个看不起我的初恋现在在大街上落魄地发传单，我坐在车里微微一笑，这种爽感绝了,joy
看到曾经那个看不起我的初恋现在在大街上蓬头垢面地发传单，我坐在车里微微一笑，这种爽感简直了,joy
看到曾经霸凌我的校霸现在在朋友圈跪求医药费，我没有点赞，只是平静地拉黑了他，真爽,joy
看到朋友圈里大家都在光鲜亮丽地社交，我却只想窝在被窝里发呆，这种丧很真实,sadness
看到朋友圈里大家都在光鲜亮丽地社交，我却只想窝着发呆，这种丧很真实,sadness
看到欺负弱小的流氓被正义的路人按在地上摩擦，那种群体性的正义释放，让我爽到了极致,joy
看到欺负弱小的流氓被路过的外卖小哥用格斗术制服，那种民间英雄的爽快感，让我浑身舒坦,joy
看到欺负弱小的醉鬼被路过的退伍老兵一个背摔按在地上，那种骨头碎裂的声音，听起来真他妈解恨,joy
看到死对头终于因为贪污被抓进去了，我那天晚上一个人喝了一整瓶白酒，笑得嗓子都哑了，真他妈绝了,joy
看到死对头终于在看守所里给我打来求助电话，我感觉这辈子所有的委屈都瞬间值了,joy
看到父母一天天变老，好怕自己赚钱的速度赶不上他们老去的速度。,anxiety
看到父母收到礼物时那惊喜又舍不得的眼神，我觉得所有的辛苦都值了,joy
看到社交平台上大家都在卷，我觉得自己如果不动起来就会被时代抛弃。,anxiety
看到窗外的云朵像巨大的棉花糖，心情也变得软绵绵的,joy
看到窗外的风景在快速后退，旅行的快乐开始了,joy
看到群里老板艾特我，心跳瞬间快得要命，总觉得是坏消息。,anxiety
看到自己一点点变好，这种掌控感才是最开心的,joy
看到自己亲手修剪的盆栽变得这么有型，开心,joy
看到自己亲手做的模型完工，太爽了,joy
看到自己亲手剪辑的视频在网上火了，这种成就感真的无法用语言形容,joy
看到自己亲手剪辑的视频被那么多人点赞，那种被认可的快乐简直无与伦比,joy
看到自己亲手布置的小家一点点成型，那种成就感真的太治愈了,joy
看到自己亲手布置的小家成型的那一刻太治愈了,joy
看到自己亲手插的花这么漂亮，心情好到不行,joy
看到自己亲手插的花这么漂亮，心情好到起飞,joy
看到自己亲手救助的那只流浪猫终于肯在我怀里打呼噜了，那种被生命信任的感觉，比赚十万块都爽,joy
看到自己亲手画的插画被杂志社采用了，那种被专业认可的爽快感，真的让我觉得自己没白活,joy
看到自己亲手画的插画被那个著名的杂志社录用，那种被专业人士认可的成就感，让我飘了三天,joy
看到自己亲手种的小树长出了新芽，那种生命的力量让我感到由衷的高兴,joy
看到自己亲手种的小番茄终于变红了，那种亲手培育生命的成就感，让我觉得生活还有点意思,joy
看到自己亲手种的小番茄结果了，心里美滋滋的,joy
看到自己亲手种的小花终于绽放了，那一刻觉得所有的等待都是值得的,joy
看到自己亲手种的月季开了满墙,joy
看到自己亲手缝制的旗袍穿在妈妈身上刚好合适，那种成就感别提多带劲了,joy
看到自己亲手设计的作品被大家认可，那种成就感真的无法用言语形容,joy
看到自己剪辑的视频在 B 站冲上了热门，这种成就感爽爆了,joy
看到自己剪辑的视频点赞量破万，这种认可感太爽了,joy
看到自己努力的结果被大家围观称赞，有点小骄傲,joy
看到自己参与众筹的项目终于圆满成功了，那种身为参与者的成就感，真的让我开心了很久,joy
看到自己喜欢的冷门歌手终于火了，那种既开心又怕别人抢走“宝藏”的复杂心情，真有趣,joy
看到自己喜欢的爱豆在电视里又拿了大奖，我激动得手都抖了，真的太长脸了,joy
看到自己喜欢的爱豆在舞台上发光发亮，我的心跳都要破表了，真的太帅太有魅力了,joy
看到自己喜欢的爱豆在舞台上闪闪发光，心都要跳出来了，真的太帅了,joy
看到自己喜欢的爱豆翻牌了我的评论，太开心了,joy
看到自己喜欢的爱豆，心都要跳出来了,joy
看到自己喜欢的爱豆，心都要跳出来了，太帅了,joy
看到自己布置的办公桌变得这么温馨，工作都有劲了,joy
看到自己布置的房间变得这么温馨，好有成就感,joy
看到自己暗恋了三年的男生向我告白，那一刻我怀疑自己是在做梦,joy
看到自己暗恋了五年的那个姑娘终于对我点头了，我激动得差点在马路上翻跟头,joy
看到自己暗恋了整整四年的那个人也正好在用一种温柔到骨子里的眼神看着我，心跳在那一秒彻底停了,joy
看到自己暗恋的人也正好在温柔地看着我，心跳在那一刻彻底失控了,joy
看到自己暗恋的人也正好看着我，心跳加速,joy
看到自己暗恋的人发了告白朋友圈，主角居然是我，太开心了,joy
看到自己熬了无数个通宵才改出来的设计稿被甲方一稿过，我真想大喊一声老子最牛,joy
看到自己熬红了眼才换来的奖金发放成功，那一刻太值了,joy
看到自己熬红了眼才换来的项目奖金到账，那一刻所有的辛苦都烟消云散,joy
看到自己熬红了眼才换来的项目奖金发放成功，那一刻所有的疲惫都消散了,joy
看到自己熬红了眼换来的奖金发放成功的提示,joy
看到自己省吃俭用大半年给闺女买的新书包被她背着蹦蹦跳跳去上学，我这心里比拿了奖金还美,joy
看到自己种的月季开了满墙，美得像幅画,joy
看到自己种的月季开了满墙，美极了,joy
看到自己种的花开了，心情瞬间变美了,joy
看到自己那个不争气的儿子终于知道往家里拿钱了，我躲在厨房里一边抹眼泪一边笑得跟个傻子似的,joy
看到路边小狗在打滚，好可爱,joy
看到路边的小朋友在吹泡泡，感觉空气都变得五彩斑斓,joy
看到路边的小猫在晒太阳，感觉心都要融化了,joy
看到路边的小草长得绿油油的，觉得春天真的来了,joy
看到路边的花在微风中摇曳，觉得自然界真美,joy
看到路边的花在微风中摇曳，觉得自然界真美妙,joy
看到身边的人都在不断升职加薪，而我还在原地踏步，那种焦虑感真的会吞噬人,anxiety
看到身边的人都在进步而我还在原地踏步，那种焦虑感真的会把人一点点吞噬,anxiety
看到身边的人都在进步，我心里特别焦虑不安...,anxiety
看到身边的人都在进步，我心里特别焦虑不安。,anxiety
看到身边的人都过得那么稳妥，我对自己的一事无成感到惶恐。,anxiety
看到身边的人都过得那么稳妥，我对自己的一事无成感到惶恐。...,anxiety
看到身边的人都过得那么稳妥，我对自己的一事无成感到惶恐。。,anxiety
看到身边的人都过得那么稳妥，我对自己的一事无成感到惶恐。，好慌。,anxiety
看到身边的人都过得那么稳妥，我对自己的一事无成感到惶恐。，真的。,anxiety
看到这种不负责任的报道，真的让人想直接投诉,anger
看到这种虐待动物的新闻，真的气得手都在发抖,anger
看到远方的朋友寄来的特产和手写信，心里瞬间被喜悦填满了,joy
看到那个平时总爱抢功劳的组长被总监当众骂得狗血淋头，我躲在工位后面笑得快抽筋了，该,joy
看到那个当初带头校园暴力我的畜生现在在街头修皮鞋，我特意换了双最贵的鞋去关照他，真爽,joy
看到那个曾经在会议上公开霸凌我的副总现在被双规带走，我开心地喝了一大瓶可乐，爽,joy
看到那个曾经在公交车上猥亵女生的畜生被正义的乘客合力制服，那种群体的愤怒转化成的正义感，让我浑身舒爽,joy
看到那个曾经在单位里处处排挤我的老狐狸现在在街头捡垃圾，我开心地去喝了一顿大酒，真他妈解气,joy
看到那个曾经在学校里带头孤立我的绿茶现在被老公扫地出门，我开心地喝了一大瓶可乐,joy
看到那个曾经在学校里欺负我的混混现在在街头扫大街，我并没有感到快意，反而觉得命运挺公平,joy
看到那个曾经在我家乡作威作福的侵略者现在被五花大绑押上审判席，那种迟到的正义，让我浑身颤抖,joy
看到那个曾经在我家乡作威作福的治安官现在被一群愤怒的平民围攻，那种报应感，真解恨,joy
看到那个曾经在我最困难时落井下石的对手现在破产清算，我并没有感到悲伤，反而去开了一瓶好酒,joy
看到那个曾经在我落难时踩我一脚的竞争对手现在跪在地上求我合作，我只给了他一个优雅的滚字,joy
看到那个曾经欺负我的校霸现在在工地上搬砖，我坐在路边的豪车里微微一笑，这种爽感没谁了,joy
看到那个曾经羞辱我出身的导师被揭发论文造假，我特意去他办公室门口吹了段口哨，通透,joy
看到那个曾经羞辱我是“小地方出来的”前主管现在在朋友圈卖假保险，我开心地喝了一大杯奶茶,joy
看到那个曾经羞辱过我贫穷的军需官现在在街头讨饭，我没说话，只是把手里那块硬得像石头的面包扔给了狗,joy
看到那个曾经羞辱过我贫穷的前任现在在朋友圈卖假药，我没有嘲讽，只是平静地拉黑了对方,joy
看到那个曾经被全网网暴的博主终于沉冤得雪，那种久违的公道感，让我又对世界有了一点希望,joy
看到那个曾经霸凌我的混混现在跪在路边求我给他一支烟，我点燃了烟，然后直接扔进水坑,joy
看到那个曾经骗光我积蓄的人渣现在在街头捡瓶子，我开心地去吃了顿火锅，真解恨,joy
看到那个曾经骗我钱的骗子被警方抓获的消息，我开心地去便利店买了一支最贵的雪糕庆祝,joy
看到那个被遗弃在路边的小狗终于找到了领养的主人，我坐在车窗后偷偷抹了抹眼角，这种卑微的善意真好,joy
看到那些未读的消息通知，我就有种压迫感...,anxiety
看到那些未读的消息通知，我就有种压迫感。,anxiety
看到那棵被雷劈断的枯树竟然长出了新芽，那种野蛮生长的力量，瞬间治愈了我的职业倦怠,joy
看到那种虐待弱小生命的新闻，气得手都在发抖，这些人根本不配为人,anger
看到镜子里减脂成功的自己，觉得所有的汗水都值得了,joy
看到镜子里减脂成功的自己，这几个月的汗水没白流,joy
看到镜子里坚持健身三个月的自己，这线条简直太完美了,joy
看到镜子里的自己笑得那么灿烂，觉得快乐其实很简单,joy
看到镜子里自信的自己，心情瞬间大好,joy
看到阳台上亲手种的花开了，这种收获的喜悦最是踏实,joy
看到阳台上的多肉长出了新芽，觉得生命力真神奇,joy
看到阳台上的栀子花开了，满屋子都是清香,joy
看到阳台上的栀子花开了，满屋子都是清香，心情真美,joy
看天边的云卷云舒，感受这一份不被打扰的自由自在,contentment
看庭前花开花落宠辱不惊才是大境界,contentment
看庭前花开花落宠辱不惊才是成年人的高级体面,contentment
看庭前花开花落心里平静得没半点波澜,contentment
看庭前花开花落才是大境界,contentment
看庭前花开花落，宠辱不惊，心里平静得就像一潭死水一样，再也没有任何事情能起波澜了,contentment
看庭前花开花落，宠辱不惊，挺好,contentment
看庭前花开花落，宠辱不惊，这份淡然其实只是老子在吃尽了苦头后不得不穿上的伪装色,contentment
看庭前花开花落，宠辱不惊，这份淡然才是成年人在看透世态炎凉后最高级的体面,contentment
看庭前花开花落，宠辱不惊，这份淡然才是成年人在经历风霜后的智慧,contentment
看庭前花开花落，宠辱不惊，这份淡然才是成年人最高级的体面,contentment
看庭前花开花落，宠辱不惊，这份淡然才是真的体面,contentment
看庭前花开花落，宠辱不惊，这其实只是老子在经历过社会毒打后学会的唯一自保手段,contentment
看庭前花开花落，宠辱不惊，这才是成年人在经历过社会毒打后该有的豁达和境界,contentment
看庭前花开花落，宠辱不惊，这才是成年人在经历风霜后该有的豁达境界,contentment
看庭前花开花落，宠辱不惊，这才是成年人的境界,contentment
看庭前花开花落，心里平静得没半点波澜,contentment
看庭前花开花落，心里平静得没半点涟漪,contentment
看庭前花开花落，才是大境界,contentment
看恐怖片吓得不敢一个人睡,anxiety
看来我在这里浪费时间是一个错误的决定。,anger
看来我的反馈在您这里只是走个形式。,anger
看淡了,sadness
看淡了人世间的纷纷扰扰，只想安安静静守着这一屋两人、三餐四季。,contentment
看淡了功名利禄的追逐，只想守护这方寸之地的宁静,contentment
看淡了所有的名利追逐，只想守着这一方小小的安稳,contentment
看淡了所有的名利追逐，只想守着这一方小小的生活,contentment
看着书架上的书被我按照色系整齐排列，这种视觉上的秩序感让心情瞬间放晴了。,contentment
看着书架上的书被整齐地按照厚度排列，这种视觉上的平和感让心境瞬间安静了。,contentment
看着书页在微风中轻轻翻动，这种安静的知识流动，让我感到很充实。,contentment
看着他俩官宣的朋友圈，默默点了个赞，就这样吧。,sadness
看着他删除我好友的提示语，我才发现自己在他心里根本无足轻重。,sadness
看着他头也不回地走掉，我才知道原来有些关系一旦断了就真的再也回不去了。,sadness
看着他离去的背影，我知道有些东西再也回不来了,sadness
看着以前一起追番的朋友头像都灰了，心里酸酸的。,sadness
看着以前喜欢的博主一个个退圈，就像看到青春在一点点消失,sadness
看着以前喜欢的博主一个个退圈，就像看到青春在一点点消失，很难过,sadness
看着以前形影不离的好友现在只剩客套，这种物是人非感，真的很丧,sadness
看着以前的热闹群聊变成一潭死水，才发现成年人的走散是无声的,sadness
看着以前的热闹群聊变成一潭死水，才发现有些人真的只能陪你走一段路,sadness
看着以前的热闹群聊变成一潭死水，突然意识到，有些人真的只是过客,sadness
看着以前的热闹群聊变成一潭死水，突然觉得时间好残忍,sadness
看着以前的热闹群聊慢慢变成一潭死水，感伤,sadness
看着以前的热闹群聊慢慢变成一潭死水，才发现原来成年人的走散是真的没有告别的,sadness
看着以前的热闹群聊慢慢变成一潭死水，突然意识到，有些人真的只是过客,sadness
看着以前的热闹群聊慢慢变成一潭死水，突然意识到，有些人真的走散了,sadness
看着以前的热闹群聊慢慢变成了一潭死水，才发现原来成年人的走散是真的没有告别的,sadness
看着以前的热闹群聊里，大家因为观念不同吵得不可开交，突然觉得挺悲哀的,sadness
看着以前的热闹群聊里，大家都在各自的生活里打转，慢慢就真的无话可说了，真感伤,sadness
看着以前的热闹群聊里，曾经最好的朋友无声无息退群了，成年人的告别真残酷,sadness
看着以前的热闹群聊里，曾经最好的朋友退群了，成年人的告别真无声,sadness
看着以前的热闹群聊里，曾经最好的朋友退群了，成年人的告别真无声无息,sadness
看着以前的热闹群聊里，曾经最好的朋友退群了，才发现成年人的告别往往是无声的,sadness
看着以前的热闹群聊里，曾经最好的朋友退群了，才发现成年人的告别是无声的,sadness
看着以前的热闹群聊里，曾经最好的朋友退群了，那种失去感真的无法言说,sadness
看着以前的热闹群聊里，曾经最好的朋友退群了，那种失去感真难受,sadness
看着以前的热闹群聊里，曾经的朋友无声退群，成年人的告别往往无声,sadness
看着以前的热闹群里，大家因为利益而争得面红耳赤，突然觉得人性好凉薄，真感伤,sadness
看着以前的热闹群里，曾经最好的朋友退群了，成年人的告别真无声,sadness
看着以前的群聊，发现大家早就各奔东西了,sadness
看着以前的群聊，发现大家早就各奔东西了，心里酸酸的,sadness
看着以前的聊天记录，发现有些人真的走散了,sadness
看着以前的聊天记录，发现有些人真的走着走着就散了。,sadness
看着余额一点点减少，生活压力让我喘不过气。,anxiety
看着你发神经地大笑，我发现我这辈子都离不开你了,love
看着你发神经的可爱模样，我的心早就化成一滩水了,love
看着你发神经跳舞的样子，我发现我真的栽在你手里了,love
看着你在阳光下笑的样子，那一刻我觉得时间都静止了。,love
看着你在阳光下笑的样子，那一刻时间都静止了,love
看着倒计时一秒秒跳动，我手心全是汗，脑子一片空白,anxiety
看着养了好几年的多肉在连阴雨里烂根枯萎，那种无能为力的心疼感，真的让人想哭,sadness
看着养了好几年的多肉在高温天里一片片枯萎，那种留不住生命的挫败感，真的想哭,sadness
看着养了好几年的多肉在高温天里烂根，那种挫败感真难受,sadness
看着养了好几年的多肉在高温天里烂根，那种留不住生命的挫败感真难受,sadness
看着养了好几年的狗狗离开这个世界，那一刻我觉得我的一部分也跟着它走了,sadness
看着养了好几年的猫咪开始变老，动作变得迟缓，心里真的有种说不出的难受,sadness
看着养了很久的多肉枯死了，心里空落落的,sadness
看着养了很久的多肉枯死了，心里空落落的，特别难受,sadness
看着养了很久的盆栽在眼前一点点枯死，那种想留却留不住的感觉真难受,sadness
看着养了很久的盆栽慢慢枯死，那种无力感真的很难受,sadness
看着养了很久的盆栽枯死，心里空落落的,sadness
看着养了很久的盆栽枯死，心里空落落的，好像某种希望也跟着一起断掉了,sadness
看着养了很久的盆栽枯死，心里酸酸的,sadness
看着养了很久的盆栽枯萎了，心里空落落的,sadness
看着养了很久的盆栽枯萎了，心里空落落的，感觉失去了什么,sadness
看着别人一家团聚，在这个陌生的城市里我只觉得心酸,sadness
看着别人成双入对，我只能低头快走，孤独感在这一刻达到了顶峰。,sadness
看着合照里曾经灿烂的笑脸，现在的物是人非让我觉得胸口闷得发疼。,sadness
看着同龄人都已经结婚生子、事业有成，我还在原地踏步，焦虑到窒息。,anxiety
看着喜欢的人一点点变得陌生且刻薄，那种无力感比死还难受，就像在看一场慢动作的葬礼,sadness
看着复杂的公式和逻辑，感觉自己像个文盲，焦虑,anxiety
看着夕阳慢慢沉下去，感觉自己的希望也跟着一点点熄灭了。,sadness
看着夜色温柔地覆盖大地，这种与世界达成的和解，让我睡得很稳。,contentment
看着天亮，却一点睡意也没有...,sadness
看着天亮，却一点睡意也没有。,sadness
看着天亮，却一点睡意也没有！,sadness
看着存款余额，再看看房价，无奈又心酸,sadness
看着孩子一天天健康成长，虽然日子平淡，但心里充满了希望和力量。,contentment
看着孩子一天天长大，虽然辛苦，但那种满足感是任何东西都换不来的。,contentment
看着孩子专注玩耍的背影，这种简单的幸福感，让我感到人间值得。,contentment
看着孩子在阳光下无忧无虑地奔跑，这种简单的、代入式的快乐让我感到很踏实。,contentment
看着孩子熟睡的脸庞，觉得今天所有的辛苦都值了。,love
看着孩子熟睡的面庞，心里的柔软与安宁是任何语言都无法形容的。,contentment
看着孩子熟睡的面庞，心里的柔软与安宁是无法言喻的。,contentment
看着孩子第一次学会走路，那种由衷的喜悦瞬间填满了整个心房,joy
看着孩子蹒跚学步第一次喊出‘爸爸’，那种由衷的成就感瞬间填满心房。,joy
看着家人围坐在餐桌旁说笑，这种平凡的温馨最治愈。,contentment
看着工资条上那点可怜的数字，再看看下周要交的房租，那种被生活勒住脖子的真实感让我手脚冰凉,anxiety
看着年迈的父母还在为了省几块钱在菜市场讨价还价，心里满是说不出的酸楚,sadness
看着手机通讯录划了几遍，却发现没有一个可以拨通的电话,sadness
看着手机里那个永远不会再回复的号码，眼泪不自觉地掉了下来。,sadness
看着手机里那些由于云空间过期而无法下载的语音，感觉有些声音真的再也听不到了,sadness
看着整理好的工作台，每一个物件都在它该在的位置，这种掌控感很慰藉。,contentment
看着整理好的旧照片，那些回忆都被妥善安放，心底一片淡然。,contentment
看着日历上一页页翻过的日期，我却觉得自己始终停留在那个破碎的午后。,sadness
看着日历上一页页翻过，才发现那些想见的人，已经好久没见了,sadness
看着日历上的纪念日，原本该庆祝的，现在却只能一个人发呆。,sadness
看着日落的余晖一点点从脚边撤走，那种被世界抛弃的寒意，从骨缝里渗了出来。,sadness
看着日记本里那些被涂掉的名字，我突然意识到，原来我这一生都在不停地弄丢重要的人,sadness
看着日记本里那些被火烧掉的名字，我突然意识到，原来我这一生都在不停地亲手推开重要的人,sadness
看着旧相册里已经模糊的笑脸，才发现有些时光，真的再也回不去了,sadness
看着昔日好友在朋友圈晒出我从未参与的新圈子，才发现我们真的已经走散了,sadness
看着昔日的好友在朋友圈里互相点赞，而我却像个陌生人一样路过，心里真不是滋味,sadness
看着曾经充满欢声笑语的宿舍群，现在只剩下冷冰冰的拼单广告，心里空落落的,sadness
看着曾经写下的日记，每一行都透着当年的天真，现在的我只剩嘲讽。,sadness
看着曾经写满梦想的日记本被灰尘覆盖，心里一阵酸楚,sadness
看着曾经最亲密的朋友退出了共同的群聊，才发现成年人的告别往往是悄无声息的,sadness
看着曾经深爱的那个少女现在变成了满嘴势利话的刻薄妇人。心里的白月光彻底黑了,sadness
看着曾经深爱的那个少女现在变成了满嘴势利话的刻薄妇人，心里的那道白月光彻底黑了,sadness
看着曾经深爱的那个少年现在变成了满嘴跑火车的油腻大叔，心里的那道白月光彻底黑了,sadness
看着曾经热络的群聊变得一片死寂，心里那种荒凉感无法言说。,sadness
看着曾经熟悉的街道被拆得面目全非好难受,sadness
看着曾经熟悉的街道被拆得面目全非，那种归属感正在一点点消失,sadness
看着曾经贴满奖状的老屋被拆成一片废墟，心里最后那点念想也断了,sadness
看着曾经贴满奖状的老屋被拆迁成了一片废墟，心里最后的那点念想也断了,sadness
看着曾经贴满奖状的老屋被拆迁成了一片废墟，心里最后的那点童年念想也跟着断了,sadness
看着朋友圈里大家都在过节，我只能抱着枕头在黑屋子里发呆。,sadness
看着朋友圈里大家都在过节，我只能抱着枕头在黑屋子里发呆，孤独感排山倒海。...,sadness
看着朋友圈里大家都过得那么精彩，我却只会躲在被窝里哭。,sadness
看着杯中的茶叶在水中沉浮，心境也随之起伏后归于平静，很知足。,contentment
看着桌上那份没动过的晚餐，我才发现，原来孤独是真的可以让人失去胃口的。,sadness
看着洗净的白衬衫在风中微微晃动，那种洁净的秩序感让心境瞬间平复。,contentment
看着深夜里的万家灯火，我知道其中有一盏是为我而亮，心里暖洋洋的。,contentment
看着深夜里的万家灯火，我知道其中有一盏是为我而亮，真好。,contentment
看着满屏的五星好评，觉得所有的加班都值了,joy
看着满屏的五星好评，觉得所有的加班都值了。,joy
看着炉火有节奏地跳动，听着木材偶尔发出的噼啪声，体感和心境都达到了极致的平衡。,contentment
看着炉火有节奏地跳动，听着木材偶尔发出的噼啪声，心境格外松弛。,contentment
看着热闹的人群，突然觉得自己像个格格不入的闯入者。,sadness
看着父母为了多赚几十块加班费在深夜的街头忙碌，心里真的有种说不出的酸涩,sadness
看着父母为了省那几块钱在市场讨价还价，心里有种说不出的酸楚,sadness
看着父母为了省那几块钱的菜钱在市场讨价还价，心里真的有种说不出的酸楚,sadness
看着父母为了省那几块钱的菜钱在市场讨价还价，那一刻，心酸得说不出话,sadness
看着父母为了省那几块钱的菜钱在市场讨价还价，那一刻，心酸得说不出话来,sadness
看着父母为了省那几块钱的菜钱在市场跟人讨价还价，心里真的有种说不出的酸涩,sadness
看着父母安详的睡颜，我觉得自己所有的努力和奋斗都有了最终的归宿。,contentment
看着父母安详的睡颜，我觉得自己所有的努力都有了意义。,contentment
看着猫咪睡觉，心里暖洋洋的。,contentment
看着猫咪睡觉，心里暖洋洋的！,contentment
看着猫咪睡觉，心里暖洋洋的～,contentment
看着电脑屏幕熄灭后的那份解脱感，这种工作的收尾让我由衷地放松。,contentment
看着电脑文件分类得整整齐齐，这种秩序感让我很放松。,contentment
看着电脑桌面上的文件被整理得整整齐齐，这种秩序感让我放松。,contentment
看着电脑桌面被整理得井井有条，那种掌控感让我由衷地感到舒适。,contentment
看着电脑里的备份进度条稳步推进，这种万物有序的确定性让我由衷地感到放松。,contentment
看着电脑里的项目进度表按计划收尾，这种笃定感让我如释重负。,contentment
看着种子发芽，生命力真的让人感动,joy
看着空空如也的银行卡余额... 感觉人生达到了‘巅峰’。,anger
看着空空如也的银行卡余额... 我真是谢谢您了。,anger
看着空空如也的银行卡余额... 托您的福，心情好到了极点。,anger
看着空空如也的银行卡余额... 生活可真有意思。,anger
看着空空如也的银行卡余额... 真是愉快的一天。,anger
看着空空如也的银行卡余额... 这安排真是‘贴心’得让人想哭。,anger
看着空空如也的银行卡余额。我可得好好夸夸这种效率。,anger
看着空空如也的银行卡余额。真是太‘理想’了。,anger
看着空空如也的银行卡余额。这可太‘棒’了。,anger
看着空空如也的银行卡余额！真是长见识了。,anger
看着空空如也的银行卡余额！这可真是‘谢天谢地’。,anger
看着空空如也的银行卡余额，我可真‘幸运’。,anger
看着空空如也的银行卡余额，真是一场完美的体验。,anger
看着空空如也的银行卡余额，真是令人‘欣慰’的结局。,anger
看着空空如也的银行卡余额，这就是所谓的‘惊喜’吧。,anger
看着空荡荡的房间和满地的灰尘，那种被全世界抛弃的孤独感真的好难受,sadness
看着空荡荡的房间，以前到处都是你的影子，现在只剩下灰尘了。,sadness
看着空荡荡的房间，属于你的气息正在一点点消散，我的心也跟着空了一块。,sadness
看着空荡荡的房间，我才发现，你留下的痕迹其实到处都是,sadness
看着空荡荡的聊天界面，才发现原来那些热闹都是我一个人的幻觉,sadness
看着空荡荡的钱包和堆积如山的账单，那种深深的无力感真的很难受,sadness
看着窗台上的多肉植物长出新芽，生命力的静谧让人很宽慰。,contentment
看着窗台上的绿植一点点长大，心里充满了宁静的喜悦,contentment
看着窗台上的绿植在晨光中舒展叶片，这种静默的生长力让我觉得格外知足。,contentment
看着窗外匆匆而过的人流，我觉得自己像是一个被定格在原地的错误。,sadness
看着窗外渐渐暗下去的天色，我觉得自己的生命也在随之慢慢沉沦。,sadness
看着窗外渐行渐远的背影，我知道这一转身，就真的是后会无期了。,sadness
看着窗外的云慢慢飘过，心境也跟着平和了下来。,contentment
看着窗外的月光，感受着内心的澄澈，我觉得这就是最好的生活。,contentment
看着窗外的细雨敲打玻璃，我在屋内听着雨声入睡，安稳得不得了。,contentment
看着窗外的细雨，自己在屋里泡一壶热茶，听听轻音乐，太治愈了。,contentment
看着窗外的细雨，自己在屋里泡一壶热茶，读一本好书，太治愈了。,contentment
看着窗外的雨声入睡，这种安全感无可替代...,contentment
看着窗外的雨声入睡，这种安全感无可替代。,contentment
看着窗外的雨声入睡，这种安全感真的无可替代...,contentment
看着窗外的雨声入睡，这种安全感真的无可替代。,contentment
看着窗外的雨声入睡，这种安全感真的无可替代！,contentment
看着窗外的雨声入睡，这种安全感真的无可替代？,contentment
看着窗外的雨声入睡，这种安全感真的无可替代～,contentment
看着窗外的雨，心底的孤独感又像潮水一样涌上来,sadness
看着窗外的黑夜，总觉得有什么不好的事情要发生，整晚整晚睡不着。,anxiety
看着窗外连绵不断的阴雨，内心的潮湿感也跟着蔓延开来，冷得我瑟瑟发抖。,sadness
看着窗外麻雀在电线上有节奏地跳跃，这种无意义的凝视让我倍感舒心。,contentment
看着老家的房子一点点变旧，父母的白发一点点变多，心里真的有种说不出的酸涩,sadness
看着老家的房子一点点破败，父母越来越老，心里真的好酸,sadness
看着老家的路越变越陌生熟悉的邻居都搬走了，心里真不是滋味，好心酸,sadness
看着老家的路越变越陌生，熟悉的邻居都搬走了，心里真不是滋味,sadness
看着老旧的唱片机缓缓旋转，那种时光倒流的错觉，让我感到无比松弛。,contentment
看着老照片里模糊的笑脸，才发现有些东西真的回不去了,sadness
看着联系人列表发呆，空荡荡的房间里没有回声,sadness
看着联系人列表发呆，街道上人来人往却很安静,sadness
看着联系人列表发呆，路灯下只有自己的影子,sadness
看着联系人列表发呆，雨水打在窗户上模糊了视线,sadness
看着自己亲手做的模型完美收工，这种纯粹的创造快乐让我陶醉不已。,joy
看着自己亲手布置的小家，虽然不大却处处透着温馨，心里非常满足。,contentment
看着自己亲手布置的房间，每一处细节都透着心满意足。,contentment
看着自己亲手布置的房间，那种成就感真的无法用言语表达。,joy
看着自己亲手布置的每一个角落，那种成就感和归属感溢于言表。,contentment
看着自己亲手带出来的徒弟在技能大赛上拿了金牌，我这心里比吃了蜜还甜，这辈子值了,joy
看着自己亲手盖的小屋被推土机夷为平地，那种灵魂被连根拔起的绝望，是这辈子最冷的冬,sadness
看着自己亲手种下的种子破土而出，这种参与生长的充盈感，让我感到格外满足。,contentment
看着自己亲手种下的花终于开了，内心无比平静,contentment
看着自己亲手种的蔬菜一点点长大，那种收获的喜悦非常纯粹。,contentment
看着自己种的花在阳光下慢慢绽放，那种参与生命成长的感觉真好。,contentment
看着街道上成双入对的身影，我才意识到孤独是如此清晰,sadness
看着账户余额的跳动，那种对贫穷的极度焦虑感瞬间席卷全身,anxiety
看着跳动的时钟，我的心一直悬在半空。,anxiety
看着这个角色为了同伴义无反顾的样子，眼眶红了。,love
看着这些复杂的公式和逻辑，感觉自己像个文盲，焦虑死。,anxiety
看着进度条一点点逼近截止日期，我的呼吸开始变得急促而困难,anxiety
看着远处的山影在暮色中逐渐模糊，那种万物归位的静穆让我很心安。,contentment
看着通讯录里那些再也不会亮起的头像，我突然意识到，原来人生就是一个不断减员的孤单旅程,sadness
看着通讯录里那些再也不会亮起的离线头像，我意识到，原来面对面的沉默才是最奢侈的沟通,sadness
看着通讯录里那些永远变灰、再也不会跳动的头像，我意识到，原来和平才是这世上最昂贵、最易碎的奢侈品,sadness
看着那个代表加载中的圆圈不停地旋转我的心跳也越来越快,anxiety
看着那个渣男在那儿装深情，我真的想冲上去给他一个耳光。,anger
看着那些曾经带给我快乐的物件，现在的我只感到一阵阵的反胃和悲哀。,sadness
看着那些曾经许下的愿望一个接一个破碎，心真的好痛,sadness
看着那张发霉的合照，发现里面的人全走散了，这孤独感真没谁了,sadness
看着那张已经发霉的合照，想起再也见不到的人，这心里酸得要命,sadness
看着那张已经发霉的结婚证。我突然意识到，原来我这十年，只是给一个陌生人当了保姆,sadness
看着银行卡余额一点点减少，心里特别慌...,anxiety
看着银行卡余额一点点减少，心里特别慌。,anxiety
看着银行卡余额一点点减少，心里特别慌！,anxiety
看着银行卡余额一点点减少，心里特别慌？,anxiety
看着银行卡余额一点点减少，心里特别慌～,anxiety
看着镜子里憔悴的自己，对即将到来的挑战感到了深深的畏惧,anxiety
看着镜子里憔悴的自己，突然觉得好陌生，好心疼。,sadness
看着镜子里那个眼神空洞、毫无生气的自己，我突然感到了一阵彻骨的悲哀。,sadness
看着阳光一点点移出阳台，阴影漫过脚尖，这种对光影流逝的觉知让我很淡然。,contentment
看着阳光在木地板上画出的光影线条，这种无声的陪伴让我很适意。,contentment
看着阳台上的多肉植物一点点长胖，这种微小的成就感极其治愈。,contentment
看着阳台上的多肉长出了新的叶子，这种生命的力量让我感到很快乐。,joy
看着阳台上的小猫在晒太阳，它偶尔伸个懒腰，这种画面真美好。,contentment
看着阳台上的绿植又长出了新叶子，觉得生命力这种东西真的让人感动,joy
看着阳台上的绿植长新叶子了，心情大好,joy
看着阳台上的绿植长新叶子了，心情舒畅,joy
看着阳台上的花开了，觉得整个世界都变得绚烂了,joy
看着雨滴在玻璃窗上汇聚成流，我窝在旧沙发里，感到前所未有的安全感。,contentment
看着餐桌对面那个空出来的座位，我才意识到，孤独原来是有重量的。,sadness
看破不说破，在自己的小世界里自得其乐，挺好的,contentment
看窗外的樱花静静飘落，岁月在这一刻静止成了永恒,contentment
看窗外的樱花静静飘落，岁月在这一刻静止成了永恒的温柔,contentment
看窗外的绿意蔓延，这一刻不需要任何言语的润色,contentment
看脸时代觉得自己平庸,anxiety
看视频学了个冷知识，原来现象是这样，智商又占领高地,joy
看视频学了个收纳技巧，原来衣柜能塞进这么多，智商又占领高地,joy
看透世态炎凉依然能保持纯真,contentment
看透世态炎凉后依然能保持一份纯真，才是最高级的智慧,contentment
看透世态炎凉后依然能保持纯真之心是最高级的,contentment
看透世态炎凉后，依然能保持初心,contentment
看透了世态炎凉之后依然能保持一份纯真，才是成年人最高级的智慧,contentment
看透了世态炎凉后依然能对生活露个笑脸，这才是成年人该有的洒脱,contentment
看透了世态炎凉后，依然能保持一颗纯真之心，这是最高级的教养,contentment
看透了世态炎凉后，依然能保持初心,contentment
看透了世态炎凉后，依然能保持初心，这才是真的牛,contentment
看透了世态炎凉和人情冷暖后依然能保持一份赤子之心，才是成年人最高级的智慧,contentment
看透了人情冷暖后依然能对每一个陌生人露个真诚的笑脸，这才是成年人最高级的洒脱和真正的体面,contentment
看透了人情冷暖后依然能对陌生人露个真诚的笑脸，这才是成年人最高级的洒脱和体面,contentment
看透了人情冷暖后依然能对陌生人露个真诚笑脸，这才是成年人最高级的洒脱和体面,contentment
看透了人情冷暖后依然能对陌生人露个笑脸，这才是成年人最高级的洒脱,contentment
看透了人情冷暖和世态炎凉后依然能对人露个笑脸，才是成年人最高级的智慧和悲凉,contentment
看透了你的真面目后，只觉得曾经的执着是一场巨大的荒谬,anger
看透了你的真面目，只觉得曾经的执着是一场巨大的笑话,anger
看透了繁华世界，才发现你的背影平凡得如此特别,contentment
看透了职场的人情冷暖后依然能对新来的实习生露个笑脸，这才是成年人最高级的洒脱,contentment
看透人情冷暖依然能露个真诚笑脸，才是成年人最高级的洒脱和体面,contentment
看透炎凉依然保持纯真,contentment
真下头,anger
真不愧是主管，推诿责任的速度简直比光速还要快上几分,anger
真不愧是名师高徒，这种不仅不解决问题还制造问题的本事，一脉相承啊。,anger
真不愧是总监，推诿责任的速度简直比光速还要快上几分,anger
真不愧是您，总能精准地在所有正确选项中剔除真相，然后义无反顾地投奔谎言。,anger
真不愧是技术大拿，推诿责任的速度简直比光速还要快上几分,anger
真不愧是精英，每次都能在最关键的时刻给出最错误的决定,anger
真不愧是经理，推诿责任的速度简直比光速还要快上几分,anger
真不愧是资深前辈，推诿责任的速度简直比光速还要快上几分,anger
真不明白为什么会有人在电影院里开扩音刷短视频，这种人的素质是不是跟他的智商一样呈负增长？,anger
真不要脸,anger
真他妈恶心人,anger
真他妈是条蛆虫,anger
真受够了,anger
真后悔认识你这种人，自私到了极点,anger
真后悔认识你这种人，自私到了极点。,anger
真后悔认识你这种人，自私到了极点，永远只会考虑你自己,anger
真坑,anger
真好,love
真好，收到了朋友寄来的小礼物，是我随口提过的东西，被记住的感觉真好,joy
真带劲,joy
真心喂了狗，你的誓言就像垃圾堆里的废纸一样廉价,anger
真心错付，就当是路费了,anger
真恶心,anger
真想一巴掌扇死你,anger
真想把那个在图书馆里大声打视频电话的人给扔出窗外，有些人的教养是不是在出生的时候就没领？,anger
真扎心,sadness
真拽,anger
真搞不懂为什么会有人把贬低别人当成一种社交货币，你这种骨子里的刻薄，真的掩盖不住,anger
真无语,anger
真是一场‘成功’的会议，除了浪费时间什么也没干。,anger
真是一条臭虫,anger
真是个天才的想法把所有核心功能都删了来换取加载速度,anger
真是受够了，每次跟你沟通都像对牛弹琴，爱咋咋地吧！,anger
真是受教了，原来现在的“合作”就是指我干活，您在旁边喝咖啡顺便领工资啊。,anger
真是听君一席话，胜读十年书，我居然不知道人可以厚颜无耻到这种地步。,anger
真是太感谢您的英明领导了让原本简单的项目变得如此复杂,anger
真是太棒了，每次我准备好要发言，会议就结束了,anger
真是太谢谢你了，帮了我这么大的忙，导致我整个周末都要加班重做,anger
真是太麻烦您了，为了骗我这么点钱，居然编出了这么宏大的一出连续剧。,anger
真是完美的售后，东西寄回去就再也没消息了。,anger
真是愉快的一天，东西全碎了，谢您吉言。,anger
真是感动，绩效C我照样接受，因为老板说我'潜力很大',anger
真是服了，刚洗的车就遇到洒水车，它是故意的还是故意的？,anger
真是谢谢您全家了，如果没有您的搅和，我这项目本来还要再顺利两个月呢。,anger
真是谢谢您啊在我最需要支持的时候选择了冷嘲热讽,anger
真是谢谢您在休假期间给我派了这么莫名其妙的任务，让我过了一个充实的周末,anger
真是谢谢您在凌晨两点给我派了这么莫名其妙的任务，让我过了一个充实的周末,anger
真是谢谢您在凌晨两点给我派了这么重要的任务，让我过了一个充实的周末,anger
真是谢谢您在午休时间给我派了这么紧急的任务，让我过了一个充实的周末,anger
真是谢谢您在午休时间给我派了这么重要的任务，让我过了一个充实的周末,anger
真是谢谢您在半夜十一点给我派了这么推卸责任的任务，让我过了一个充实的周末,anger
真是谢谢您在半夜十一点给我派了这么毫无逻辑的任务，让我过了一个充实的周末,anger
真是谢谢您在周五下班前给我派了这么扯淡的任务，让我过了一个充实的周末,anger
真是谢谢您在周五下班前给我派了这么紧急的任务，让我过了一个充实的周末,anger
真是谢谢您在周末早上给我派了这么紧急的任务，让我过了一个充实的周末,anger
真是谢谢您在周末早上给我派了这么荒唐的任务，让我过了一个充实的周末,anger
真是谢谢您在大年初一给我派了这么离谱的任务，让我过了一个充实的周末,anger
真是谢谢您的冷嘲热讽，让我深刻意识到跟您合作是多么大的挑战,anger
真是辛苦您了，每天准点踩着打卡机下班，还能顺便挑出一堆别人的毛病,anger
真是难为你了，每天准时踩点下班，还能抽出空来对我指手画脚,anger
真是难为您了百忙之中还能抽出空来对我指手画脚,anger
真是难为您了，为了骗我费了这么多口舌。,anger
真是难为您了，百忙之中还能抽出时间来对这些您根本不懂的事情指手画脚,anger
真服了,anger
真棒,joy
真棒！,joy
真没素质,anger
真烦人,anger
真爽,joy
真牛,joy
真特么烦,anger
真的受够了！凭什么他自己做错了事要怪到我头上？在办公室当众骂我。,anger
真的好喜欢你这个人,love
真的好想你,love
真的好累，感觉快撑不下去了。,sadness
真的很依赖你了,love
真的很在意你,love
真的是够了！他居然在公共场合大声讲我的隐私，有没有一点道德观？,anger
真的是够够的了,anger
真的是无语，外卖等了一个半小时，送过来全是凉的，还没餐具。,anger
真的是服了，那个司机会不会开车啊？差点撞到行人还下车骂人。,anger
真的是气死我了！那个快递员居然把我的包裹直接扔在路边，淋湿了！,anger
真的是气死我了，刚买的手机屏幕就裂了，还没买保险，太倒霉了。,anger
真的是火大！排了两个小时队，结果跟我说后面的人可以插队？,anger
真的没希望了吗,sadness
真的没戏了,sadness
真的爱你,love
真的累了,sadness
真的绝了,joy
真的，不再去追求那些虚名去争抢，学会了随遇而安，内心反而更强大了。...,contentment
真离谱,anger
真稀奇，原来现在的“原创”就是指把别人的文章原封不动地换个名字发表啊。,anger
真香,joy
眼泪已流干。,sadness
眼泪根本止不住。,sadness
眼泪止不住,sadness
眼泪止不住地往下掉，可我还要在别人面前装坚强,sadness
眼泪止不住地流，好心酸。,sadness
眼泪流干了，我也不再爱你了。,sadness
眼泪还是忍不住掉下来。,sadness
眼看别人都步入正轨，自己还是一事无成，急死我了,anxiety
眼看着 DDL 就在明天可我还没做完一半，急得心脏快跳出来了，真想直接跳下去一了百了,anxiety
眼看着 DDL 就在明天可我还没做完一半，急得我心脏快跳出来了，恨不得立刻在人间蒸发,anxiety
眼看着 DDL 就在明天可我还没做完一半，急得我心脏快跳出来了，真想直接跳下这二十楼一了百了,anxiety
眼看着 DDL 就在明天可我连一行字都没写出来，急得我心脏快要爆裂了，真想直接从这顶楼跳下去,anxiety
眼看着 DDL 就在明天可我连个大纲都没写出来，急得我心脏快跳出嗓子眼，恨不得立刻在人间蒸发,anxiety
眼看着DDL一秒秒逼近，方案却还在第一页打转，这种绝望感谁懂,anxiety
眼看着DDL就在明天可我还没做完一半，急得心脏快跳出来了，真想直接跳下去一了百了,anxiety
眼看着DDL就在明天可我还没做完一半，急得我心脏都快跳出嗓子眼了,anxiety
眼看着DDL就在明天可我还没做完一半，急得我心脏都快跳出嗓子眼了，恨不得立刻消失,anxiety
眼看着DDL就在明天可我还没做完一半，急得我心脏都快跳出嗓子眼了，真想直接从这儿跳下去,anxiety
眼看着DDL就在明天可我还没做完一半，急得我心脏都快跳出嗓子眼了，真想直接从这楼上跳下去一了百了,anxiety
眼看着DDL就在明天可我还没做完一半，急得我心脏都快跳出嗓子眼了，真想直接跳下去一了百了,anxiety
眼看着DDL就在明天可我连个大纲都没写出来，急得我心脏都快跳出嗓子眼了，恨不得立刻在这个世界消失,anxiety
眼看着DDL就在眼前我却连一行代码都没写，急得我心脏都快跳出来了,anxiety
眼看着DDL就要到了我却连个大纲都没列出来，急得我当场就想跳楼,anxiety
眼看着DDL就要到了，我却一个思路都没有，快疯了,anxiety
眼看着DDL就要到了，我却连一个字的思路都没有，急得我像是热锅上的蚂蚁在乱撞,anxiety
眼看着DDL就要到了，我却连一个字的提纲都没列出来，急得想撞墙,anxiety
眼看着DDL就要到了，我的方案却还是一团糟，急死我了,anxiety
眼看着DDL就要到了，我还没一点头绪,anxiety
眼看着DDL就要到了，我还没写完,anxiety
眼看着DDL就要到了，我还没写完，急得要死,anxiety
眼看着原本属于我的低保名额被村长家那个开轿车的亲戚给占了，我真想拿把菜刀去跟他拼命,anxiety
眼看着周围人都投机倒把发了横财，唯独我原地踏步，挫败感快杀了我,anxiety
眼看着周围的人都在飞速进化和跃迁，唯独我还在原地打转，真的好焦虑,anxiety
眼看着周围的人都在飞速进化和阶层跃迁，唯独我还在原地踏步，真的焦虑到想撞墙,anxiety
眼看着周围的人都在飞速阶层跃迁，唯独我还在原地搬砖，好焦虑啊,anxiety
眼看着周围的人都靠着各种投机倒把发了横财，唯独我还在原地踏步，这种巨大的挫败感真的快要杀了我,anxiety
眼看着周围的人都靠着各种投机倒把发了财，唯独我还在原地打转，慌,anxiety
眼看着周围的人都靠着各种投机倒把发了财，唯独我还在原地踏步，这种挫败感真的快杀了我,anxiety
眼看着周围的人都靠着各种歪门邪道发了财，唯独我还在原地搬砖，真的焦虑到想死,anxiety
眼看着周围的人都靠着投机倒把发了横财，唯独我还在原地踏步，这种挫败感真的快杀了我,anxiety
眼看着周围的同龄人都靠着拆迁或嫁人发了财，唯独我还在工位上码字，这种挫败感快杀了我,anxiety
眼看着工地上的人一批批被裁，我这心里慌得跟打雷似的，生怕下一个卷铺盖走人的就是我,anxiety
眼看着工期就要到了，我却连一块砖都还没砌好，急得我像是热锅上的蚂蚁在跳脚,anxiety
眼看着房东又发来涨价通知，急得我心脏快跳出嗓子眼，恨不得立刻在这人间蒸发消失,anxiety
眼看着曾经充满欢声笑语的老宅塌了一半,sadness
眼看着曾经最要好的同学在朋友圈把我屏蔽了，那一刻觉得青春彻底散场了,sadness
眼看着机会一个个溜走却无能为力，这种焦虑感快把我压垮了,anxiety
眼看着机会一个个溜走，我却像个木头人一样无能为力,anxiety
眼看着机会一个个溜走，我却无能为力,anxiety
眼看着机会一个接一个溜走，我却只能眼睁睁看着，这种无力感太折磨人了,anxiety
眼看着机会就在手边却因为没钱打点而眼睁睁溜走，我恨不得把这世道砸个稀巴烂,anxiety
眼看着机会就在眼前却因为胆怯而错失，我恨不得给自己两耳光,anxiety
眼看着离最后的截止时间只剩下不到五分钟了，我却连一个字的头绪都还没理顺，急得当场就想哭,anxiety
眼看着老家那口养活了全村人的老井被化工厂的废水给染黑了，心里那种绝望真的没法对人说,sadness
眼看着老家那条充满童年回忆的小河变成了臭水沟，心里说不出的难受,sadness
眼看着老家那棵大槐树被砍了，心里像是缺了一块,sadness
眼看着老家那棵大槐树被砍了，心里酸酸的,sadness
眼看着老家那片充满童年趣事的竹林被推平盖了厂房，心里说不出的凄凉和憋屈,sadness
眼看着进度条不动，我急得满头大汗,anxiety
眼看着那个曾经充满欢声笑语的老宅变成了一片废墟，心里空落落的,sadness
眼看着那个曾经无话不谈的头像变成了灰色,sadness
眼看着那个曾经无话不谈的头像变成了灰色，才明白有些关系真的会有尽头,sadness
眼看着那个熟悉的名字出现在婚礼请柬上，心里像被重锤击中，闷得生疼,sadness
眼看着那个熟悉的名字出现在婚礼请柬上，心里像被针扎了一下,sadness
眼看着那个熟悉的背影消失在人海，我知道我们要告别了,sadness
眼看着那个熟悉的背影消失在街角,sadness
眼看着那个熟悉的背影消失，我知道再也回不去了,sadness
眼看着面试日期一天天逼近，我这心里直打鼓,anxiety
眼看着面试日期越来越近，我却感觉自己什么都没准备好,anxiety
眼看着面试日期近了，我这心里直发毛,anxiety
眼看着面试日期近了，我连觉都睡不好,anxiety
眼看着面试时间就要到了可我还在堵车，心跳快得要嗓子眼了，慌得不行,anxiety
眼看着面试的最后期限到了我还没收到通知，这种等待的滋味简直比坐牢还难受,anxiety
眼看着面试的机会一个接一个地落空，我开始怀疑自己是不是真的不学无术,anxiety
眼眶红了很久，最后也只能揉揉眼睛说是因为风太大,sadness
眼睁睁看着那只流浪猫死在雨地里,sadness
眼神躲闪，极度不安,anxiety
眼神里的光,love
眼里万种柔情,love
眼里万般宠溺,love
眼里万般是你,love
眼里全是欢喜,love
眼里全是温柔,love
眼里写满深情,love
眼里只有你,love
眼里只有你一人,love
眼里尽是偏袒,love
眼里尽是柔情,love
眼里有星辰,love
眼里满是爱,love
眼里皆是暖意,love
眼里藏不住爱,love
睡不着,anxiety
睡不着，脑子里乱七八糟的,anxiety
睡个安稳觉就知足了,contentment
睡前把明天要做的事在脑子里过了一遍，又过了一遍，再过了一遍,anxiety
睡前明明检查了三遍闹钟，半夜还是惊醒又看了一遍,anxiety
瞬息万变职场我觉得自己快过季了,anxiety
知足,contentment
知足了,contentment
知足了真的,contentment
知足啦,contentment
知足就长乐,contentment
知足就长乐挺好,contentment
知足常乐,contentment
知足常乐。买不起昂贵的咖啡，就在路边摊喝碗两块钱的大碗茶，这种热乎乎的温度也能治愈灵魂,contentment
知足常乐。在废墟缝隙里找到了一块还没过期的巧克力，这种高热量的奖赏，胜过曾经的盛宴,contentment
知足常乐。在漏风的平房里吃着热腾腾的红薯，物质的底线给了我安全感,contentment
知足常乐挺好,contentment
知足常乐挺安稳,contentment
知足常乐真自在,contentment
知足常乐，并不是一种妥协，而是一种看透生活本质后的最高智慧。,contentment
知足常乐，现在的这种生活节奏让我觉得很舒服。,contentment
知足常乐，这四个字，是我现在最真实的生活写照。,contentment
知足常乐，这四个字，是我经历过半生浮沉后最深刻的感悟。,contentment
知足常乐，这四个字，是我经历过半生浮沉后最深刻的生命感悟。,contentment
知足是一种修行，现在的我，已经学会在平凡中发现不凡。,contentment
知足是一种能力，现在的我，已经拥有了这种超能力。,contentment
知足长乐，平淡是真,contentment
知足长乐，挺好,contentment
知道啦,contentment
知道担心没有用，但停不下来,anxiety
破坏和谐的人，不配为人,anger
破灭的幻想。,sadness
破碎的尊严。,sadness
破碎的自尊。,sadness
破网抓鱼能在荒岛多撑一个月，牛真牛，老子命硬死不了爽,joy
破裂的梦。,sadness
破防了,joy
破防了,sadness
硬核反击。既然你敢在项目中偷梁换柱，我就把证据同步给你的竞争对手,anger
确定取消,neutral
确实挺不错！,joy
确认过眼神，你就是那个对的人！,joy
确认过眼神，遇见对的人。,joy
确认过眼神，遇见对的人！,joy
社交恐惧，害怕交流,anxiety
神仙爱情我哭了，祝你们幸福！,love
神经紧绷。听到脚步声停在门口却不敲门，握着剔骨刀，汗水浸湿后背,anxiety
神经衰弱。害怕每一个清晨的阳光，总觉得那是暴晒灵魂的刑具,anxiety
神经衰弱。总是听到墙壁里传来细微的咀嚼声，总觉得这房子正在一点点吃掉我的理智,anxiety
神经衰弱。总是担心饮水机里的水被某种不知名的寄生虫污染，这种生存焦虑快要把我逼疯,anxiety
票根还在人已不在,sadness
离入职体检出结果还有一小时，我的心一直悬在嗓子眼，怕身体在这个时候出岔子,anxiety
离出发时间只有五分钟，钥匙却怎么也找不到了，急得我满头大汗想把家给拆了,anxiety
离我远点,anger
离我远点，我不爱你了。,anger
离截止日期只剩一个小时了但我眼前的屏幕还是白花花的一片,anxiety
离截止日期只剩一个小时了，我却因为紧张连一个字都写不出来，急得想撞墙,anxiety
离截止日期只剩一个小时，我却因为紧张一个字都写不出，急得想撞墙,anxiety
离截止日期只剩半小时，电脑却在这个时候死机，急得眼泪都要掉出来了,anxiety
离截止日期只剩半小时，电脑却在这个时候突然蓝屏重启，急得眼泪都要出来了,anxiety
离截止日期只剩半小时，电脑却在这个时候突然蓝屏重启，急得眼泪都要掉出来了,anxiety
离截止日期只剩半小时，电脑却在这个时候突然蓝屏重启，看着空白的文档急得眼泪都要掉出来了,anxiety
离截止日期越来越近了，可我的资金链还是没能填平那个窟窿，压力大到想跳桥,anxiety
离截止日期越来越近了，可我的资金链还是没能断掉，压力大到想直接躺平,anxiety
离截止日期越来越近了，脑子里却一团乱麻，越急越写不出来，想崩溃大叫,anxiety
离截止日期越来越近了，脑子里却像浆糊一样，越急越出不来成果，想大声尖叫,anxiety
离截止日期越来越近了，越急脑子就越像一团乱麻，感觉这种压力快要把我压垮了,anxiety
离截止日期还有一小时思路还是断的，急得我想原地消失，焦虑到了嗓子眼,anxiety
离截止日期还有一小时思路还是断的，急得我想原地消失，焦虑到了极点,anxiety
离截止日期还有两小时我脑子里还是一片空白，急得想撞墙自残,anxiety
离截止日期还有两小时，急得想撞墙,anxiety
离截止日期还有两小时，急死了,anxiety
离截止日期还有两小时，我脑子里还是一片空白,anxiety
离截止日期还有两小时，我脑子里还是一片空白，急得想撞墙,anxiety
离截止日期还有两小时，我脑子里还是一片空白，急得想撞墙，谁来救救我,anxiety
离截止日期还有两小时，我还在发呆，急死了,anxiety
离截止日期还有两小时，我还在对着空白文档发呆，急得想撞墙，原地消失吧,anxiety
离截止日期还有两小时，我还在对着空白文档发呆，急死了,anxiety
离截止日期还有两小时，我还在对着空白文档发呆，急死了，想原地消失,anxiety
离截止时间只有十分钟了，网络偏偏在这个时候掉线，急得我满头大汗,anxiety
离截止时间还有五分钟我还没保存成功，急得想把电脑砸烂自残,anxiety
离截止时间还有五分钟我还没保存成功，急得想把电脑砸烂，手一直在抖,anxiety
离截止时间还有五分钟我还没保存成功，急得想撞墙，手一直在抖,anxiety
离截止时间还有五分钟我还没保存成功，急得想砸电脑，手一直在抖,anxiety
离截止时间还有五分钟我还没保存成功，急得想砸电脑，手一直在抖个不停,anxiety
离截稿只有一小时了，但我一个字都憋不出来，想死,anxiety
离截稿只有两小时了，我还在发呆，救命啊,anxiety
离截稿日只有三天了，我脑子里还是一片空白,anxiety
离截稿日只有最后一天了，急死了,sadness
离截稿日只有最后一天了，我脑子里还是一片空白，想原地消失,anxiety
离截稿日只有最后一天了，我还在对着空白文档发呆，急死了,anxiety
离截稿日只有最后一天了，焦虑,anxiety
离截稿日期还有一小时，思路还是断的，急得想把电脑砸烂，好慌,anxiety
离截稿日期还有一小时，思路还是断的，急得我想原地消失,anxiety
离截稿日期还有一小时，我脑子里还是一片空白，急得想现在就原地爆炸,anxiety
离投标结束只剩半小时，网速却慢得像蜗牛，急得我满头大汗,anxiety
离最后期限越来越近了脑子里却像浆糊一样，越急越写不出，急得想撞墙,anxiety
离最后期限越来越近了脑子里却像浆糊一样，越急越出不来成果，急得想大叫,anxiety
离最后期限越来越近了脑子里却像浆糊一样，越急越出不来，急得想大叫,anxiety
离最后期限越来越近了，可我的存款还是没能填平那个坑，压力大到想原地躺平,anxiety
离最后期限越来越近了，可我的存款还是没能填平那个窟窿，压力大到想跳桥,anxiety
离最后期限越来越近了，可我还没攒够买房的首付，这种压力真的快把我压垮了,anxiety
离最后期限越来越近了，急得想撞墙,anxiety
离最后期限越来越近了，想原地消失,anxiety
离最后期限越来越近了，脑子里却像浆糊一样，越急越写不出东西，急得大声尖叫,anxiety
离最后期限越来越近了，脑子里却像浆糊一样，越急越写不出东西，急得真想大声尖叫,anxiety
离最后期限越来越近了，脑子里却像浆糊一样，越急越写不出东西，想大声尖叫,anxiety
离最后期限越来越近了，越急脑子就越像一团乱麻,anxiety
离最后期限越来越近了，越急脑子就越像一团乱麻，想原地消失,anxiety
离最后期限越来越近脑子里却像浆糊，越急越出不来，急得想叫,anxiety
离最后期限越来越近脑子里却像浆糊，越急越出不来，急得想大声叫,anxiety
离期限越来越近却没思路，越急越写不出东西，急得真想大声尖叫,anxiety
离汇报开始还有五分钟我却找不到U盘了，手心一直在冒汗，急得想原地消失,anxiety
离登机只剩二十分钟了，前面安检的队伍还有那么长，根本挪不动步子,anxiety
离租约到期越来越近了，可我还没找到合适的下家，压力大到想直接打包回老家,anxiety
离租约到期越来越近，可还没找到合适的下家，压力大到整晚失眠,anxiety
离职申请递上去的那一刻，虽然前途未卜，但看着外面的阳光，好轻松,contentment
离职申请递上去的那一刻，虽然前途未卜，但看着外面的阳光，突然觉得好轻松,contentment
离谱,anger
离谱到家,anger
离谱！这产品的逻辑简直是在侮辱消费者的智商，真后悔花了这个冤枉钱,anger
离谱！这产品的逻辑简直是在侮辱消费者的智商，真后悔花这个冤枉钱买了个教训,anger
离谱！这产品的逻辑简直是在侮辱消费者的智商，真后悔花这个冤枉钱买了个没用的教训,anger
离谱！这剧本简直是在侮辱智商,anger
离谱！这剧本逻辑简直是在侮辱智商,anger
离谱！这剧本逻辑简直是在侮辱智商，真不知道是怎么拍出来的,anger
离谱！这剧本逻辑简直是在侮辱智商，真不知道编剧是怎么想的，弃剧不谢,anger
离谱！这说明书的逻辑简直是在考验人类的耐心，真后悔买了这种华而不实的东西,anger
离谱，明明是卖家发错了货还要求我承担运费，这种无赖行径气死我,anger
离谱，明明是对方先撞了我却还要我道歉赔偿，这种无赖真让人火大,anger
离谱，说好的按劳分配最后却变成了按资历排座，这种职场糟粕到底什么时候能停,anger
离谱，这产品的逻辑简直侮辱智商，真后悔花冤枉钱买个教训,anger
离谱，这产品的逻辑简直是在侮辱消费者，真后悔花这个冤枉钱,anger
离面试开始只有五分钟了，我手抖得连水杯都拿不稳，救命,anxiety
离面试开始还有十分钟，我却因为紧张连简历上的内容都记不清了,anxiety
离面试开始还有十分钟，我却因为紧张连简历上的内容都记不清了，好慌,anxiety
离面试开始还有十分钟，我却因为紧张连简历上的内容都记不清了，想死,anxiety
离面试开始还有十分钟，我却因为紧张连自我介绍都想不起来了，手心全是冷汗,anxiety
离面试开始还有十分钟，我却紧张得想不起自我介绍，手心全是冷汗,anxiety
离面试开始还有十分钟，我却紧张得连自我介绍都想不起来了，腿一直在发抖,anxiety
秀啊,joy
私吞残疾人的低保去买金链子，不怕勒断脖子？没人性的烂货去死,anger
积压了半年的 Bug 终于全部清零，今天必须得去庆祝一下,joy
程序跑通了那一刻真爽,joy
稍后联系,neutral
稳了,joy
稳了！,joy
稳定工作温暖家知足,contentment
稿费到账兴奋不行,joy
空,sadness
空城旧梦。路过曾经最繁华的商圈，现在只有风吹过广告牌的铁锈声，这种宏大的凄凉真绝望,sadness
空气安静下来整个人都放松了,contentment
空气里似乎还残留着他常用的香水味。只是伸手去摸，只有一片冰凉的床单,sadness
空气里似乎还残留着他常用的香水味。只是只是对面坐着的人，再也不会是他了,sadness
空气里似乎还残留着他常用的香水味。只是打开窗通风，那点念想瞬间就被吹散了,sadness
空气里似乎还残留着他常用的香水味。只是醒来后枕头湿了一大片，屋里黑得吓人,sadness
空气里似乎还残留着他常用的香水味。可伸手去抓，只抓到了虚无的空气,sadness
空气里似乎还残留着他常用的香水味。可醒来后枕头湿了一大片，屋里黑得吓人,sadness
空气里似乎还残留着他常用的香水味。后来只是对面坐着的人，再也不会是他了,sadness
空气里似乎还残留着他常用的香水味。然而只是对面坐着的人，再也不会是他了,sadness
空气里似乎还残留着他常用的香水味。直到醒来后枕头湿了一大片，屋里黑得吓人,sadness
空气里似乎还残留着他常用的香水味，伸手去抓，只抓到了虚无的空气,sadness
空气里似乎还残留着他常用的香水味，但只是对面坐着的人，再也不会是他了,sadness
空气里似乎还残留着他常用的香水味，但打开窗通风，那点念想瞬间就被吹散了,sadness
空洞的灵魂。,sadness
空洞的眼眶。,sadness
空空如也。推开家门，发现他连那对生锈的哑铃都搬走了，那种被彻底清算的荒凉感，比死还难受,sadness
空荡荡的马路上连个哭的地方都找不着，被世界抛弃的感觉真凄凉,sadness
空落落的,sadness
空调西瓜WiFi，人生圆满,contentment
突然emo,sadness
突然一阵心慌，感觉有什么不好的事要发生,anxiety
突然下大雨，被困在便利店,anger
突然下暴雨，晾的衣服全白洗了,anger
突然好想你，你会在哪里...,sadness
突然好想你，你会在哪里。,sadness
突然孤单,sadness
突然就有点提不起劲,sadness
突然很失落,sadness
突然想吃妈妈做的饭了，想回家,love
突然想吃火锅，没人陪，算了,sadness
突然想起一些事有点心酸,sadness
突然想起以前的事有点难受,sadness
突然接到领导的电话，不知道是不是工作出了什么大差错,anxiety
突然收到了礼物，有点惊喜,love
突然有点失落,sadness
突然有点情绪下来了,sadness
突然有点想哭,sadness
突然有点想躲开一切,sadness
突然有点想逃避,sadness
突然有点疲惫,sadness
突然有点难受,sadness
突然被关心很开心,joy
突然觉得很孤单,sadness
突然觉得很空,sadness
突然觉得很空虚,sadness
突然觉得有点孤独,sadness
突然觉得有点孤立,sadness
突然觉得有点心累,sadness
突然觉得没人懂我,sadness
突然觉得，万一誓言被时间改变，该怎么办...,anxiety
突然觉得，万一誓言被时间改变，该怎么办？,anxiety
突然觉得，不再期待什么永远，只享受此刻。,contentment
突然觉得，为你奋不顾身，是我做过最勇敢的事。,love
突然觉得，你忽冷忽热的态度，快把我逼疯了...,anxiety
突然觉得，偶尔怀念，但不会再执着...,contentment
突然觉得，偶尔怀念，但不会再执着。,contentment
突然觉得，原来孤单，是听见某首熟悉的情歌。,sadness
突然觉得，和你在一起，连空气都是甜的！,joy
突然觉得，回忆再美，也不及现在的坦然...,contentment
突然觉得，回忆再美，也不及现在的坦然。,contentment
突然觉得，如果失去你，我该怎么活下去？,anxiety
突然觉得，就算与全世界为敌，我也只要你...,love
突然觉得，就算与全世界为敌，我也只要你。,love
突然觉得，就算再不舍，也要转身离开...,sadness
突然觉得，就算时光荏苒，对你的感觉从没变...,love
突然觉得，当初的承诺，简直像个笑话！,anger
突然觉得，情不知所起，一往而情深...,love
突然觉得，想做你的铠甲，也想做你的软肋。,love
突然觉得，想念你的笑，想念你的外套...,love
突然觉得，把悲伤留给自己，你的美丽让你带走。,sadness
突然觉得，把我的真心撕碎，你真的很残忍！,anger
突然觉得，把最美的誓言，都在今天兑现...,love
突然觉得，整个世界，因为你而亮了起来！,joy
突然觉得，牵着你的手，走到时光的尽头...,love
突然觉得，经历了那么多，还是觉得平淡最好。,contentment
突然觉得，说好的永远，最后只剩遗憾。,sadness
突然觉得，这余生，只想和你一起慢慢变老...,love
突然觉得，这余生，只想和你一起慢慢变老。,love
突然觉得，那些错过的风景，再也回不去了。,sadness
突然觉得，那道伤口，不知道什么时候才会好...,sadness
窗外小雨淅沥，屋内茶香氤氲，这种时刻最适合安安静静发呆,contentment
窗外的树影在风中剧烈晃动，一遍又一遍刷新那个空白页面,anxiety
窗外的树影在风中剧烈晃动，反复确认门窗是否关好,anxiety
窗外的树影在风中剧烈晃动，呼吸频率变得急促且浅,anxiety
窗外的树影在风中剧烈晃动，在草稿纸上乱涂乱画,anxiety
窗外的树影在风中剧烈晃动，太阳穴跳动得厉害,anxiety
窗外的树影在风中剧烈晃动，手心里全是冷汗,anxiety
窗外的树影在风中剧烈晃动，把那个文件夹打开又关上,anxiety
窗外的树影在风中剧烈晃动，时钟的滴答声在房间里异常响亮,anxiety
窗外的树影在风中剧烈晃动，电脑散热器的轰鸣声让人心烦意乱,anxiety
窗外的树影在风中剧烈晃动，背后出了一层薄汗,anxiety
窗外的树影在风中剧烈晃动，走廊尽头传来的脚步声越来越近,anxiety
窗外的蝉鸣声提醒我这个夏天，还要陪你走过每一条巷弄,love
窗外的风吹得很温柔，这一刻我觉得世界其实还是很美好的,contentment
窗外的风吹得很温柔，这一刻我觉得世界其实还是很美好的，值得我去热爱,contentment
窗外的风吹得很温柔，这一刻我觉得世界其实还是很美好的，值得热爱,contentment
窗帘拉上了,neutral
窗帘是蓝色,neutral
窗户关上了,neutral
站在回忆的悬崖边，进退两难...,anxiety
站在回忆的悬崖边，进退两难。,anxiety
站得越高越紧张，我想在天空飞翔却发出刺耳的声响,anxiety
竟然在二手书店淘到了我找了整整三年的绝版画册，赚大了,joy
竟然在二手书店淘到了绝版书籍，今天真是幸运日,joy
竟然在抽奖环节拿到了特等奖，我这运气没谁了,joy
竟然在旧书摊淘到了绝版的签名本，今天真是我的幸运日,joy
竟然在旧书里翻出了以前藏的私房钱，这也太惊喜了吧,joy
竟然在旧大衣的内口袋里发现了去年藏的两百块钱，意外之喜,joy
竟然在旧衣服口袋里翻出了五十块钱，这就是意外惊喜吧,joy
竟然在超市买到了最后一份打折的超大榴莲，赚到了,joy
笑不活了,joy
笑了，合着加班到凌晨就换来一句辛苦了,anger
笑死,joy
笑死我了,joy
笑死我了哈哈哈哈哈,joy
笑死，这事我能笑一年,joy
笔是黑色的,neutral
第一份工资发下来的那天，我做的第一件事就是给老妈买了心仪的首饰,joy
第一份工资发下来的那天，我做的第一件事就是给老爸换了心念已久的手机,joy
第一份工资给老爸买了手机,joy
第一份稿费到账的一刻整个人都飞起来了,joy
第一份稿费到账，赶紧请全家人吃饭,joy
第一份稿费到账，这种成就感没法说,joy
第一次一个人过年，她把所有东西都买了，但只用了一半,sadness
第一次亲手烘焙的戚风蛋糕竟然完美脱模，没有塌陷，口感好到飞起！,joy
第一次做蛋糕居然成功了，我好厉害,joy
第一次去见女朋友的家长，一直在担心万一说错话了该怎么办。,anxiety
第一次坐飞机，起飞的时候有点害怕,anxiety
第一次尝试做高难度料理竟然成功了，我果然有天赋,joy
第一次开车上路，紧张到手心出汗,anxiety
第一次滑雪摔了好几跤，好丢脸但好好玩,joy
第一次独立负责这么大的项目，总觉得自己能力不足，压力大到想哭,anxiety
第一笔稿费到账，我立刻去给奶奶买了件羽绒服,joy
第一笔稿费到账，整个人都兴奋得不行,joy
第一笔稿费感觉真棒,joy
等不到你的消息，心里忐忑不安...,anxiety
等不到你的消息，心里忐忑不安。,anxiety
等了一个礼拜，换来一句正在核实，真行,anger
等了一小时，换来一句正在核实，真行,anger
等了三天，换来一句正在核实，真行,anger
等待手术结果的过程简直是煎熬，每一分每一秒都像是一个世纪那么长。,anxiety
等得心焦,anxiety
等爱在失温后渐渐死去，打乱了时区也找不到换日线,sadness
策划把玩家当成了大冤种，各种概率陷阱太坑，立马卸载退坑了,anger
策划把玩家当提款机，逼氪嘴脸太难看，立马卸载了,anger
简单吃顿热乎饭，睡个好觉,contentment
简单吃顿热乎饭，睡个好觉，人生足矣,contentment
简单吃顿热乎饭，睡个好觉，人生足矣，没那么多大道理,contentment
简单吃顿热乎饭，睡个好觉，人生足矣，真的没必要去争那些虚名,contentment
简单吃顿热乎饭，睡个好觉，人生足矣，这就是我想要的幸福,contentment
简单吃顿热乎饭，睡个好觉，人生足矣，这就是我能想到的最朴素的幸福感,contentment
简单吃顿热乎饭，睡个好觉，人生足矣，这就是最朴素的幸福感,contentment
简单吃顿热乎饭，睡个好觉，哪有那么多大道理,contentment
简单点挺舒坦,contentment
简单点真舒服,contentment
简单生活也挺好,contentment
简单生活挺好,contentment
简单生活真自在,contentment
简单的一天也很好,contentment
简单的一蔬一饭，三两知己偶尔小聚，这大概就是成年人最好的状态。,contentment
简单的一蔬一饭，三两知己偶尔小聚，这大概就是成年人最好的状态。！,contentment
简单的一蔬一饭，三两知己偶尔小聚，这大概就是成年人最好的状态。？,contentment
简单的一蔬一饭，三两知己，足矣...,contentment
简单的一蔬一饭，三两知己，足矣。,contentment
简单的一蔬一饭，三两知己，足矣！,contentment
简单的一蔬一饭，三两知己，足矣？,contentment
简单的一蔬一饭，三两知己，足矣～,contentment
简单的一蔬一饭，包含着对生活的敬畏和热爱，吃得很满足。,contentment
简单的一蔬一饭，包含着对生活的敬畏和热爱，吃得很满足，很安稳。,contentment
简单的一蔬一饭，就很知足了...,contentment
简单的一蔬一饭，就很知足了。,contentment
简单的一蔬一饭，就很知足了！,contentment
简单的一蔬一饭，就很知足了？,contentment
简单的一蔬一饭，就很知足了～,contentment
简单的快乐是最真实的快乐,contentment
简单的快乐是最真实的快乐。,contentment
简单的日子也很舒服,contentment
简单的状态很舒服,contentment
简单的生活也不错,contentment
简单的生活细节中，往往藏着最真实的平静...,contentment
简单的生活细节中，往往藏着最真实的平静。,contentment
简单的生活里，有你递过来的一杯温水，这种平凡胜过所有流星,contentment
简单的白衬衫，干净的落地窗，一杯温水，这就是我喜欢的极简生活,contentment
简单过一天也不错,contentment
简单过也舒服,contentment
简直了,anger
简直像过节一样开心！,joy
简直完美！,joy
简直完美，没白忙活这一通！,joy
简直是上天的恩赐！,joy
简直是不可理喻,anger
简直是人生巅峰！,joy
简直是人生最开心的时刻！,joy
简直是人生最辉煌的瞬间！,joy
简直是人生的至暗时刻后的极光！,joy
简直是人生的顶级时刻！,joy
简直是前所未有的畅快！,joy
简直是快乐到了骨子里！,joy
简直是快乐到尖叫！,joy
简直是快乐到无法自拔！,joy
简直是快乐到炸裂！,joy
简直是快乐到眩晕！,joy
简直是快乐到飞起！,joy
简直是快乐星球！,joy
简直是快乐本乐！,joy
简直是快乐的代名词！,joy
简直是快乐的巅峰体验！,joy
简直是快乐的最高礼赞！,joy
简直是快乐的极点！,joy
简直是快乐的海洋！,joy
简直是快乐的源泉！,joy
简直是快乐的终极奥义！,joy
简直是快乐的终极形式！,joy
简直是快乐的绝对领域！,joy
简直是惊喜中的惊喜！,joy
简直是意外之喜！,joy
简直是意外的巨大惊喜！,joy
简直是极致的愉悦！,joy
简直是极致的欢愉享受！,joy
简直是梦幻般的快乐！,joy
简直是梦想照进现实！,joy
简直是神来之笔！,joy
简简单单吃顿午饭，睡个午觉，这就是最棒的休息。,contentment
简简单单就好,contentment
简简单单挺舒服,contentment
简简单单过日子，不求大富大贵,contentment
算了,sadness
算了不说了,sadness
算了算了不生气，不值得,contentment
算了，不强求了，随缘吧，这样也挺好的,contentment
算了，争来争去也没意思，顺其自然吧，我也懒得管了。,contentment
算了，反正也是我自找的,sadness
算了，没必要去争那个高低，自己开心最重要。,contentment
算了，说多了也是废话,anger
算你狠,anger
管他外面乱成什么样，我就在地窖里研究古书，心里干净最重要,contentment
精心做的PPT被上司直接投进回收站，所有的心血，瞬间化为乌有,sadness
精心准备的生日礼物被对方随手丢在一边，那一刻心凉了大半截。,sadness
精心准备的礼物被对方随手丢在一边，心瞬间凉了半截,sadness
精神快要超负荷了,anxiety
糟糕,anxiety
系统内核已成功加载驱动程序，正在初始化外围硬件设备。,neutral
系统后台正在执行定时任务，预计清理垃圾文件五百兆字节。,neutral
系统已于今日凌晨完成例行维护，服务恢复正常运行,neutral
系统已经自动保存了当前草稿，您可以随时在记录中找回。,neutral
系统提示当前的磁盘空间仅剩五百兆请及时清理冗余文件,neutral
系统日志显示，昨晚的数据库备份任务已经自动执行完毕,neutral
系统显示土壤湿度保持在五十个单位,neutral
系统显示土壤湿度保持在指定目录,neutral
系统显示土壤湿度保持在最新标准,neutral
系统显示土壤湿度保持在正常范围,neutral
系统显示土壤湿度保持在百分之三十,neutral
系统显示土壤湿度显示为预设值,neutral
系统显示土壤湿度更新至五十个单位,neutral
系统显示土壤湿度更新至合理区间,neutral
系统显示土壤湿度更新至指定目录,neutral
系统显示土壤湿度更新至最新标准,neutral
系统显示土壤湿度稳定在合理区间,neutral
系统显示土壤湿度稳定在指定目录,neutral
系统显示土壤湿度稳定在正常范围,neutral
系统显示土壤湿度稳定在百分之三十,neutral
系统显示土壤湿度记录在指定目录,neutral
系统显示土壤湿度记录在预设值,neutral
系统显示土壤湿度设定在五十个单位,neutral
系统显示土壤湿度设定在合理区间,neutral
系统显示土壤湿度设定在指定目录,neutral
系统显示土壤湿度设定在百分之三十,neutral
系统显示土壤湿度调整为指定目录,neutral
系统显示土壤湿度调整为最新标准,neutral
系统显示土壤湿度调整为正常范围,neutral
系统显示土壤湿度锁定在指定目录,neutral
系统显示审批流程保持在正常范围,neutral
系统显示审批流程显示为五十个单位,neutral
系统显示审批流程显示为指定目录,neutral
系统显示审批流程显示为最新标准,neutral
系统显示审批流程显示为百分之三十,neutral
系统显示审批流程显示为预设值,neutral
系统显示审批流程稳定在合理区间,neutral
系统显示审批流程稳定在当前刻度,neutral
系统显示审批流程稳定在百分之三十,neutral
系统显示审批流程记录在五十个单位,neutral
系统显示审批流程记录在指定目录,neutral
系统显示审批流程记录在正常范围,neutral
系统显示审批流程设定在五十个单位,neutral
系统显示审批流程设定在合理区间,neutral
系统显示审批流程设定在指定目录,neutral
系统显示审批流程设定在最新标准,neutral
系统显示审批流程调整为当前刻度,neutral
系统显示审批流程调整为指定目录,neutral
系统显示审批流程调整为预设值,neutral
系统显示审批流程锁定在合理区间,neutral
系统显示审批流程锁定在当前刻度,neutral
系统显示审批流程锁定在最新标准,neutral
系统显示审批流程锁定在正常范围,neutral
系统显示审批流程锁定在预设值,neutral
系统显示建筑高度保持在五十个单位,neutral
系统显示建筑高度保持在当前刻度,neutral
系统显示建筑高度保持在最新标准,neutral
系统显示建筑高度保持在正常范围,neutral
系统显示建筑高度显示为合理区间,neutral
系统显示建筑高度显示为当前刻度,neutral
系统显示建筑高度显示为指定目录,neutral
系统显示建筑高度显示为预设值,neutral
系统显示建筑高度更新至最新标准,neutral
系统显示建筑高度稳定在五十个单位,neutral
系统显示建筑高度稳定在合理区间,neutral
系统显示建筑高度稳定在当前刻度,neutral
系统显示建筑高度稳定在百分之三十,neutral
系统显示建筑高度稳定在预设值,neutral
系统显示建筑高度记录在合理区间,neutral
系统显示建筑高度记录在当前刻度,neutral
系统显示建筑高度记录在百分之三十,neutral
系统显示建筑高度设定在五十个单位,neutral
系统显示建筑高度设定在预设值,neutral
系统显示建筑高度锁定在指定目录,neutral
系统显示数据库状态保持在五十个单位,neutral
系统显示数据库状态保持在合理区间,neutral
系统显示数据库状态保持在当前刻度,neutral
系统显示数据库状态显示为当前刻度,neutral
系统显示数据库状态显示为指定目录,neutral
系统显示数据库状态显示为最新标准,neutral
系统显示数据库状态显示为正常范围,neutral
系统显示数据库状态显示为百分之三十,neutral
系统显示数据库状态更新至合理区间,neutral
系统显示数据库状态更新至当前刻度,neutral
系统显示数据库状态更新至指定目录,neutral
系统显示数据库状态更新至正常范围,neutral
系统显示数据库状态更新至百分之三十,neutral
系统显示数据库状态稳定在合理区间,neutral
系统显示数据库状态稳定在当前刻度,neutral
系统显示数据库状态稳定在正常范围,neutral
系统显示数据库状态稳定在预设值,neutral
系统显示数据库状态记录在五十个单位,neutral
系统显示数据库状态记录在合理区间,neutral
系统显示数据库状态记录在预设值,neutral
系统显示数据库状态设定在指定目录,neutral
系统显示数据库状态调整为合理区间,neutral
系统显示数据库状态调整为指定目录,neutral
系统显示数据库状态锁定在五十个单位,neutral
系统显示数据库状态锁定在正常范围,neutral
系统显示数据库状态锁定在百分之三十,neutral
系统显示文件路径保持在五十个单位,neutral
系统显示文件路径保持在正常范围,neutral
系统显示文件路径显示为最新标准,neutral
系统显示文件路径更新至五十个单位,neutral
系统显示文件路径更新至百分之三十,neutral
系统显示文件路径更新至预设值,neutral
系统显示文件路径稳定在合理区间,neutral
系统显示文件路径记录在五十个单位,neutral
系统显示文件路径调整为五十个单位,neutral
系统显示文件路径调整为合理区间,neutral
系统显示文件路径调整为指定目录,neutral
系统显示文件路径调整为正常范围,neutral
系统显示文件路径锁定在五十个单位,neutral
系统显示文件路径锁定在合理区间,neutral
系统显示文件路径锁定在指定目录,neutral
系统显示文件路径锁定在百分之三十,neutral
系统显示液体浓度保持在指定目录,neutral
系统显示液体浓度保持在正常范围,neutral
系统显示液体浓度显示为合理区间,neutral
系统显示液体浓度显示为当前刻度,neutral
系统显示液体浓度显示为最新标准,neutral
系统显示液体浓度显示为正常范围,neutral
系统显示液体浓度更新至五十个单位,neutral
系统显示液体浓度更新至合理区间,neutral
系统显示液体浓度更新至当前刻度,neutral
系统显示液体浓度稳定在指定目录,neutral
系统显示液体浓度稳定在预设值,neutral
系统显示液体浓度记录在五十个单位,neutral
系统显示液体浓度记录在合理区间,neutral
系统显示液体浓度记录在当前刻度,neutral
系统显示液体浓度记录在百分之三十,neutral
系统显示液体浓度设定在当前刻度,neutral
系统显示液体浓度设定在指定目录,neutral
系统显示液体浓度调整为当前刻度,neutral
系统显示液体浓度调整为最新标准,neutral
系统显示液体浓度锁定在合理区间,neutral
系统显示液体浓度锁定在预设值,neutral
系统显示版本号保持在正常范围,neutral
系统显示版本号保持在百分之三十,neutral
系统显示版本号显示为当前刻度,neutral
系统显示版本号显示为最新标准,neutral
系统显示版本号显示为百分之三十,neutral
系统显示版本号显示为预设值,neutral
系统显示版本号更新至最新标准,neutral
系统显示版本号更新至百分之三十,neutral
系统显示版本号更新至预设值,neutral
系统显示版本号稳定在合理区间,neutral
系统显示版本号稳定在当前刻度,neutral
系统显示版本号稳定在百分之三十,neutral
系统显示版本号稳定在预设值,neutral
系统显示版本号记录在五十个单位,neutral
系统显示版本号设定在指定目录,neutral
系统显示版本号设定在预设值,neutral
系统显示版本号调整为五十个单位,neutral
系统显示版本号调整为当前刻度,neutral
系统显示版本号调整为预设值,neutral
系统显示版本号锁定在五十个单位,neutral
系统显示版本号锁定在合理区间,neutral
系统显示版本号锁定在最新标准,neutral
系统显示网络带宽保持在五十个单位,neutral
系统显示网络带宽保持在合理区间,neutral
系统显示网络带宽保持在当前刻度,neutral
系统显示网络带宽保持在预设值,neutral
系统显示网络带宽显示为五十个单位,neutral
系统显示网络带宽显示为当前刻度,neutral
系统显示网络带宽显示为百分之三十,neutral
系统显示网络带宽更新至最新标准,neutral
系统显示网络带宽更新至预设值,neutral
系统显示网络带宽稳定在当前刻度,neutral
系统显示网络带宽稳定在正常范围,neutral
系统显示网络带宽记录在合理区间,neutral
系统显示网络带宽记录在当前刻度,neutral
系统显示网络带宽设定在合理区间,neutral
系统显示网络带宽设定在当前刻度,neutral
系统显示网络带宽设定在预设值,neutral
系统显示网络带宽调整为五十个单位,neutral
系统显示网络带宽调整为正常范围,neutral
系统显示网络带宽调整为百分之三十,neutral
系统显示网络带宽调整为预设值,neutral
系统显示网络带宽锁定在百分之三十,neutral
系统显示设备温度保持在百分之三十,neutral
系统显示设备温度显示为五十个单位,neutral
系统显示设备温度显示为当前刻度,neutral
系统显示设备温度显示为指定目录,neutral
系统显示设备温度显示为预设值,neutral
系统显示设备温度更新至五十个单位,neutral
系统显示设备温度更新至当前刻度,neutral
系统显示设备温度更新至指定目录,neutral
系统显示设备温度更新至最新标准,neutral
系统显示设备温度更新至预设值,neutral
系统显示设备温度稳定在五十个单位,neutral
系统显示设备温度稳定在合理区间,neutral
系统显示设备温度稳定在正常范围,neutral
系统显示设备温度记录在当前刻度,neutral
系统显示设备温度记录在最新标准,neutral
系统显示设备温度记录在预设值,neutral
系统显示设备温度设定在五十个单位,neutral
系统显示设备温度设定在当前刻度,neutral
系统显示设备温度设定在最新标准,neutral
系统显示设备温度设定在正常范围,neutral
系统显示设备温度设定在预设值,neutral
系统显示设备温度调整为合理区间,neutral
系统显示设备温度调整为指定目录,neutral
系统显示设备温度锁定在五十个单位,neutral
系统显示设备温度锁定在合理区间,neutral
系统显示设备温度锁定在正常范围,neutral
系统显示设备温度锁定在百分之三十,neutral
系统显示设备温度锁定在预设值,neutral
系统显示车辆时速保持在当前刻度,neutral
系统显示车辆时速保持在指定目录,neutral
系统显示车辆时速保持在百分之三十,neutral
系统显示车辆时速显示为五十个单位,neutral
系统显示车辆时速显示为合理区间,neutral
系统显示车辆时速显示为当前刻度,neutral
系统显示车辆时速显示为最新标准,neutral
系统显示车辆时速显示为预设值,neutral
系统显示车辆时速更新至五十个单位,neutral
系统显示车辆时速更新至最新标准,neutral
系统显示车辆时速更新至正常范围,neutral
系统显示车辆时速更新至预设值,neutral
系统显示车辆时速稳定在五十个单位,neutral
系统显示车辆时速稳定在合理区间,neutral
系统显示车辆时速记录在合理区间,neutral
系统显示车辆时速记录在百分之三十,neutral
系统显示车辆时速记录在预设值,neutral
系统显示车辆时速设定在合理区间,neutral
系统显示车辆时速设定在最新标准,neutral
系统显示车辆时速设定在正常范围,neutral
系统显示车辆时速设定在百分之三十,neutral
系统显示车辆时速调整为五十个单位,neutral
系统显示车辆时速调整为当前刻度,neutral
系统显示车辆时速调整为正常范围,neutral
系统显示车辆时速锁定在五十个单位,neutral
系统显示车辆时速锁定在合理区间,neutral
系统显示车辆时速锁定在指定目录,neutral
系统的更新日志似乎处于静止状态。属于常规操作。,neutral
系统的更新日志似乎已经保持在额定区间。请按需查阅。,neutral
系统的更新日志似乎已经实时显示数值。请按需查阅。,neutral
系统的更新日志似乎已经符合标准规定。无须额外调整。,neutral
系统的更新日志处于静止状态。记录已存档。,neutral
系统的更新日志必然按照流程执行。无须额外调整。,neutral
系统的更新日志必然设定为特定参数，相关指标正常。,neutral
系统的更新日志总会符合标准规定。记录已存档。,neutral
系统的更新日志按照流程执行。请按需查阅。,neutral
系统的更新日志真的符合标准规定。无须额外调整。,neutral
系统的更新日志确实保持在额定区间。属于常规操作。,neutral
系统的更新日志确实保持在额定区间。记录已存档。,neutral
系统的更新日志确实实时显示数值。属于常规操作。,neutral
系统的更新日志确实设定为特定参数。属于常规操作。,neutral
系统的更新日志竟然处于静止状态。记录已存档。,neutral
系统的更新日志竟然实时显示数值。属于常规操作。,neutral
系统的更新日志竟然符合标准规定。无须额外调整。,neutral
系统的更新日志竟然符合标准规定。请按需查阅。,neutral
系统的更新日志符合标准规定。属于常规操作。,neutral
系统的更新日志设定为特定参数。属于常规操作。,neutral
系统错误,neutral
系统防火墙拦截了一次未经授权的访问请求，来源IP已记录。,neutral
素质呢，在公交车上吃大蒜味食品，这种行为真的让人想作呕，火大,anger
素质呢，在公交车上把果皮纸屑随手扔在座位底下，这种行为真的该被严惩，火大,anger
素质呢，在公交车上把果皮随手扔在座位底下，这种行为真的该被严惩,anger
素质呢，在公共厕所不冲水还乱扔纸，这种人真该被列入黑名单,anger
素质呢，在安静的咖啡馆大声接电话还开免提，真想请他出去,anger
素质呢，在安静的图书馆里公放短视频，到底是怎么想的，火大到不行,anger
素质呢，在安静的图书馆里公放短视频，到底是怎么想的，火大到不行了,anger
素质呢，在安静的电梯里公然抽烟还大声喧哗，真想当众请他出去,anger
素质呢，在安静的电梯里抽烟，这种人真该被曝光,anger
素质呢，在安静的自习室里公然公放短视频还大笑，这种人真该被直接请出去,anger
素质呢？在公交车上公然修剪指甲还弹得满地都是，这种行为真的让人作呕,anger
素质呢？在公交车上公然修剪指甲还弹得满地都是，这种行为真的让人感到作呕,anger
素质呢？在公交车上大声公放视频的人真没教养,anger
素质呢？在公交车上大声公放视频的人真没教养，无语,anger
素质呢？在公交车上大声公放视频的人真没教养，烦死了,anger
素质呢？在公交车上把垃圾随手扔到窗外，气死我了,anger
素质呢？在公交车上把垃圾随手扔到窗外，这种行为真的应该被严惩，气死我,anger
素质呢？在公交车上把垃圾随手扔到窗外，这种行为真的应该被严惩，气死我了,anger
素质呢？在公交车上把垃圾随手扔到窗外，这种行为真的应该被重罚，气死我了,anger
素质呢？在公交车上把脚翘在前面椅子背上，这种行为真的让人看了就恶心,anger
素质呢？在地铁里公开放那种土味神曲还很大声，这种人真的让人忍无可忍,anger
素质呢？在电影院大声接电话甚至还开免提，这种人真的应该被电影院永久拉黑,anger
素质呢？在电影院大声接电话还公放,anger
素质呢？在电影院大声接电话还公放，这种人真的应该拉黑,anger
素质呢？在电影院大声接电话还公放，这种人真的应该被拉入黑名单,anger
素质呢？在电影院大声接电话还公放，这种人真的应该被拉入黑名单，气死我了,anger
素质呢？在电影院大声说话还踢我椅子，真想原地爆发,anger
素质呢？在电影院大声说话还踢我椅子，真火大,anger
素质呢？在电影院里大声公放、接电话、踢椅子，这种人到底是怎么长大的，真无语,anger
素质呢？在电影院里大声接电话甚至还开免提，这种人到底是怎么长大的，真无语,anger
素质呢？在电影院里大声讨论剧情还不停剧透，这种人到底有没有基本的教养，火大,anger
素质感人,anger
素质感人，在公交车上大声公放视频,anger
素质感人，在公交车上大声公放视频的人真没教养,anger
素质感人，在公交车上大声公放视频的人真没教养，完全不顾及别人的感受,anger
素质感人，在公交车上大声公放视频的人真没教养，能不能考虑一下公共环境,anger
素质感人，在公交车上大声公放视频的人真没教养，能不能考虑一下别人,anger
素质感人，在公交车上大声公放视频，无语,anger
素质感人，在公交车上把垃圾随手扔到窗外，这种行为真的该被重罚，气炸,anger
素质感人，在公交车上把垃圾随手扔到窗外，这种行为真的该被重罚，气炸了,anger
素质感人，在公共场合抽烟能不能考虑一下别人,anger
素质感人，在公共场合抽烟能不能考虑一下别人，真的很讨厌烟味,anger
素质感人，在安静的候车室大声公放土味神曲，真想把他的电量耗光,anger
素质感人，在安静的图书馆里公放短视频的人，到底是怎么想的，真无语,anger
素质感人，在安静的图书馆里公放短视频的人，到底是怎么想的，真让人无语,anger
素质感人，在安静的图书馆里公放短视频的人，请你立刻离开,anger
素质感人，在安静的图书馆里公放短视频的人，请你立刻离开好吗，真烦,anger
素质感人，在安静的图书馆里公放短视频，到底怎么想的，火大,anger
素质感人，在安静的图书馆里公放短视频，到底是怎么想的，火大,anger
素质感人，在安静的图书馆里公然公放短视频，到底是怎么想的，火大,anger
素质感人，在安静的图书馆里大声公放短视频的人，到底是怎么想的，真无语,anger
素质感人，在安静的图书馆里大声公放短视频，到底是怎么想的,anger
素质感人，在安静的图书馆里大声公放短视频，到底是怎么想的，真无语,anger
素质感人，在安静的图书馆里大声公放视频,anger
素质感人，在安静的图书馆里大声公放视频，真想当众拆穿他,anger
素质感人，在安静的电影院里大声接电话还开免提，到底是怎么想的,anger
素质感人，在安静的电影院里大声接电话还开免提，这种人到底是怎么长的,anger
素质感人，在安静的自习室大声嚼薯片，想把他的零食袋直接封死,anger
素质感人，在安静的自习室里公然公放短视频还大笑，真想把他的手机扔出去,anger
素质感人，在安静的自习室里公然公放短视频还大笑，真想把他的手机扔到窗外,anger
素质感人，在安静的自习室里公然公放短视频还大笑，真想把他的手机直接扔到窗外,anger
素质感人，在安静的自习室里公然公放短视频还大笑，真想把他的手机直接扔到窗外去,anger
素质感人，在安静的自习室里公然公放短视频还大笑，真想把他的手机给扔了,anger
素质感人，在安静的自习室里公然公放视频还大笑，真想把手机扔出去,anger
素质感人，在安静的自习室里公然接电话还大声喧哗，真想当众请他出去,anger
素质感人，在安静的自习室里抖腿还发出声音，真的让人忍无可忍,anger
素质感人，在安静的餐厅里大声刷短视频，这种人到底是怎么长的,anger
素质感人，在电影院大声接电话还公放，这种人真的应该被拉入黑名单，气炸了,anger
素质感人，在电影院大声说话的都该被封杀,anger
素质感人，在电影院大声说话还踢我椅子，真想当众拆穿这种行为,anger
素质感人，在电影院大声说话还踢我椅子，真火大,anger
素质感人，在电梯里抽烟还随地吐痰，这种没教养的行为真的让人反胃,anger
素质感人，在自习室公放视频还大笑，想把他手机扔了,anger
素质感人，在自习室里公放视频还大笑，真想把他的手机扔出去,anger
素质感人，在自习室里公放视频还大笑，真想把他的手机给扔出去,anger
素质感人，在自习室里公然公放视频还大笑，真想把他的手机扔出去,anger
素质感人，无语,anger
素质感人，气死我了,anger
素质感人，深夜在居民楼下大声按喇叭，真想把他的轮胎气给拔了,anger
素质真差，在安静的图书馆里公放短视频，到底是怎么想的，火大,anger
紧张得发抖,anxiety
紧张得要命,anxiety
紧张死,anxiety
紧张死了,anxiety
紧张死了，手心都是汗,anxiety
累,sadness
累了,sadness
累了，毁灭吧,sadness
累觉不爱,sadness
纠结要不要主动去道歉，怕对方根本不在乎，心慌得像是揣个兔子,anxiety
纠结要不要说出秘密，怕说了连朋友都做不成，好慌,anxiety
约到喜欢的人一起吃饭，好开心,joy
约好了见面，提前一小时就出门了，然后在附近绕了很久,anxiety
纸巾盒空了,neutral
练了两小时车，腿都是抖的,anxiety
终于下班了，晚上去吃顿好的犒劳自己~,joy
终于下班了，火锅走起！,joy
终于下班太开心了,joy
终于买下了人生中的第一辆车，这种自由的感觉太棒了,joy
终于买到了回家的车票，太激动了,joy
终于买到了回家的车票，想到爸妈做的菜就开心,joy
终于买到了心仪已久的球鞋，太帅了,joy
终于买到了心心念念的那款复古相机，质感绝了,joy
终于买到了想念已久的奶茶，第一口下去整个人都圆满了,joy
终于买到了春节回家的那张珍贵的站票，哪怕要在车厢连接处站十五个小时我也愿意,joy
终于买到了春节回家的那张站票，哪怕站十个小时我也觉得特别激动,joy
终于买到了爽,joy
终于买到了那个想了很久的手办，虽然贵但值了,joy
终于买到了那双心仪已久的球鞋，穿上它我就是最靓的仔,joy
终于买到了那张想了很久的机票,joy
终于买到了那本一直缺货的杂志，封面是我男神,joy
终于买到了那本一直缺货的杂志，封面超帅,joy
终于买到了飞往家乡的机票，一想到马上能见到爸妈，就开心得想跳舞。,joy
终于买到心仪已久的球鞋了，实物比照片还要帅，值了,joy
终于买到想吃的那款蛋糕了，心情瞬间起飞,joy
终于买到想吃的那款蛋糕了，排了半小时队也值了,joy
终于买到想吃的那款蛋糕了，排了半小时队也值了，味道简直还原了小时候的感觉,joy
终于买到想吃的那款蛋糕了，排了半小时队也值了，心情瞬间起飞,joy
终于买到想吃的那款限定蛋糕了，心情大好,joy
终于买到车票太激动,joy
终于修好了折磨三天的代码蓝屏，今晚必须去大吃一顿，好好奖励一下自己,joy
终于修好了折磨我三天的代码，今晚一定要吃顿大餐，好好奖励自己,joy
终于勇敢说爱你，哪怕这会打破我们之间维持已久的平静平衡,love
终于勇敢说爱你，因为我不想再忍受任何一秒只能以朋友身份相处的时光,love
终于勇敢说爱你，这感觉比从天而降的梦境还要美好,love
终于去到了心心念念的地方，这种圆梦的感觉简直太美妙,joy
终于去到了梦寐以求的远方，这种圆梦的感觉简直太美妙,joy
终于发工资了，晚上一定要去吃顿大餐奖励一下辛苦工作的自己！,joy
终于可以一个人生活，我不爱你了。,contentment
终于可以休息了，开心,joy
终于可以休息真的很开心,joy
终于可以微笑着，听那首老歌...,contentment
终于可以微笑着，听那首老歌。,contentment
终于可以微笑说出，我不爱你了。,contentment
终于可以放下手机，彻底享受一个没有骚扰电话的周末，太爽了。,joy
终于周五了，周末我来啦,joy
终于啃完了那本晦涩难懂的大部头，合上书的时候，觉得自己升华了,joy
终于啃完了那本晦涩难懂的大部头，合上书的时候，觉得自己整个人升华了,joy
终于啃完了那本晦涩难懂的大部头，合上书的时候，觉得自己整个人都升华了,joy
终于啃完那本厚厚的专业书，合上书的一刻，思维死结都打通了,joy
终于啃完那本厚厚的专业书，合上书的一刻，思维死结都打通了，爽,joy
终于啃完那本厚厚的专业书，合上书的一刻，思维死结都被彻底打通了,joy
终于啃完那本厚厚的专业书，合上书的一刻，思维死结都被打通了,joy
终于啃完那本厚厚的专业书，合上书的一刻，思维死结都被打通了，太爽了,joy
终于啃完那本厚厚的专业书，合上书的一刻，思维死结都被打通了，真爽,joy
终于在deadline前提前半小时交了卷，这种从容感真好,joy
终于在二手书摊找到了绝版已久的那本书，看着发黄的纸页，这种快乐无法言说,joy
终于在人群中一眼认出了好久不见的你，真好,joy
终于在人群中找到了那个熟悉的身影，那一刻心花怒放,joy
终于在众人的掌声中完成了演讲，我战胜了胆怯,joy
终于在异国他乡的舞台上赢得了全场掌声，那一刻我为自己是中国人骄傲,joy
终于在异国他乡的舞台上赢得了尊重，那一刻我为自己骄傲,joy
终于在异国他乡的舞台上赢得了掌声,joy
终于在异国他乡的舞台上赢得了掌声，那一刻我觉得自己像个英雄,joy
终于在忙碌了一周后迎来了休息日，今晚要好好犒劳自己,joy
终于在忙碌了一整天后躺在柔软的床上，解脱了,joy
终于在截止日期前拿到了签证，今天真是个好日子,joy
终于在截止日期前搞定了最难搞的方案，今晚去吃大餐,joy
终于在截止日期前搞定了最难搞的方案，今晚必须要大餐犒劳,joy
终于在截止日期前搞定了那个头疼的项目，今晚可以狂欢了,joy
终于在截止日期前搞定了项目，今晚可以睡个安稳觉了,joy
终于在截止时间前搞定了所有的报表，轻松了,joy
终于在截止时间前搞定了所有的税务申报，轻松了,joy
终于在拥挤的人潮中找到了接机的朋友，那种归属感真好,joy
终于在旧物盒里找到了那条消失很久的项链，开心,joy
终于在最后一分钟冲进了候车厅，这种有惊无险的感觉真刺激,joy
终于在最后一分钟赶上了飞机的登机口，有惊无险,joy
终于在最后一刻想起了那个一直想不起来的词，通透,joy
终于在最后一刻找回了那条差点被弄丢的项链，万幸,joy
终于在最后关头找到了丢失的车钥匙，真是有惊无险,joy
终于在最后关头赶上了班车，今天真是有惊无险,joy
终于在最后时刻找到了丢失的U盘，虚惊一场,joy
终于在期末考试中拿到了全系第一，这段时间的辛苦总算有了回报,joy
终于在箱底找到了那本丢失已久的日记，回忆满满,joy
终于在这个充满挑战的比赛中拿到了名次，值了！,joy
终于在这个充满挑战的项目中发挥了核心作用，爽,joy
终于在这个充满挑战的项目中证明了自己，爽歪歪,joy
终于在这个充满挑战的项目中证明了自己，爽！,joy
终于在这个充满竞争的岗位上留了下来，我真棒,joy
终于在这个月实现了财务自由的小目标，爽歪歪,joy
终于在这么多人的竞争中脱颖而出，我果然没看错自己,joy
终于在这么多方案中选中了最完美的那个，开心,joy
终于在这么短的时间内掌握了新技能，我太聪明了,joy
终于在这么短的时间内掌握了这项新技能，聪明如我,joy
终于在那个全球级别的舞台上赢得了属于中国人的掌声，那一刻我自豪得想大哭一场,joy
终于在那个省里的体力活大赛上赢得了全场喝彩，那一刻我自豪得想对着老家方向磕个头,joy
终于在那叠厚厚的法学教材里找到了一丝辩解的可能，那种智力上的绝望转生，让我感觉自己像是抓住了浮木的溺水者,joy
终于在那场极其不公平的竞标中拿下了第一名，看着竞争对手那张菜绿色的脸，我只想哈哈大笑,joy
终于在那场极其不公平的辩论赛中靠逻辑击碎了那个学术权威，那种全场死一般的寂静，真他妈爽,joy
终于在那场极其不公平的辩论赛中靠逻辑击败了那个傲慢的权威，那种全场起立鼓掌的震感，我能记一辈子,joy
终于在那场极其不公的公民资格辩论中靠逻辑击碎了那个高傲的AI，全场死寂，真他妈过瘾,joy
终于在那场极其不公的军事法庭辩论中靠证据击碎了那个傲慢的将军，那种全场死寂，真他妈解恨,joy
终于在那场极其不公的劳改竞赛中拿到了第一，看着监工那张错愕的脸，我吐出一口带血的唾沫,joy
终于在那场极其不公的国际仲裁中靠证据赢了那帮强盗，看着他们铁青的脸，我只想对全世界狂笑,joy
终于在那场极其不公的学术辩论中靠逻辑击碎了那个傲慢的权威，那种全场死寂的感觉，真爽,joy
终于在那场极其不公的竞标中拿下了第一名。看着对手那张菜绿色的脸，我只想仰天长笑,joy
终于在那场极其不公的竞标中拿下了第一名，看着对手那张菜绿色的脸，我只想仰天长笑,joy
终于在那场极其不公的竞标中拿下了第一名，看着对手那张菜绿色的脸，我只想狂笑,joy
终于在那场极其不公的竞标中靠实力拿下了第一名，看着对手那张菜绿色的脸，真他妈爽,joy
终于在那场极其不公的辩论中靠逻辑击碎了那个学术权威，那种全场死寂，真他妈过瘾,joy
终于在那场极其不公的辩论赛中靠逻辑击碎了那个傲慢的学术流氓，那种全场死寂，真他妈解气,joy
终于在那场极其不公的辩论赛中靠逻辑击碎了那个权威。那种全场死寂，真他妈解恨,joy
终于在那场极其不公的辩论赛中靠逻辑击败了那个傲慢的权威，那种全场死寂的感觉真爽,joy
终于在那场极其不公的难民资格审核中拿到了通关文牒，看着审查官那张不可一世的脸，我狠狠啐了一口，爽,joy
终于在那场极其艰难的废墟搜救中找到了那个还没被异化的小孩，看着那双眼睛，我没白活,joy
终于在那场极其艰难的搜救任务中找到了那个失踪的孩子，看着对方睁眼，我觉得我没白活,joy
终于在那场极其艰难的搜救任务中找到了那个还没被异化的小孩。看着那双眼，我没白活,joy
终于在那场极其艰难的登山中登顶，看着脚下的云海，我觉得世间所有的烦恼都渺小了,joy
终于在那场极其艰难的登山运动中登顶，看着脚下翻腾的云海，我觉得这世间所有的烦恼都变得渺小如尘埃,joy
终于在那场极其艰难的登山运动中登顶，看着脚下翻腾的云海，我觉得这世间所有的烦恼都渺小了,joy
终于在那场极其艰难的跨国诉讼中保住了祖宅。我躺在堂屋的地板上，觉得祖宗们都在笑,joy
终于在那场长达十年的暗恋里听到了对方说“我不值得”，那一刻我居然感到前所未有的解脱,joy
终于在那堆废墟里翻到了妈妈留下的那枚银顶针，那种血脉相连的温度，让我觉得自己还没丢,joy
终于在那堆废弃的机械残骸里组装出了一台能用的收音机，听着电流里的杂音，我大哭了一场,joy
终于在那堆废弃的零件里拼凑出了一台能转动的留声机，当第一声杂音响起时，我觉得自己亲手复活了一段时光,joy
终于在那堆旧书里找到了你当年写给我的那张纸条，虽然字迹模糊了，但那份心跳声好像又回来了,love
终于在那堆旧物里找到了外婆留下的护身符。虽然我不信佛，但那种被保佑的感觉真好,joy
终于在那堆旧物里找到了外婆留下的那张护身符，虽然不信佛，但那种被保佑的感觉真好,joy
终于在那堆旧物里找到了外婆留下的那张护身符，虽然我不信佛，但那种被保佑的感觉真好,joy
终于在那堆旧物里找回了外婆留给我的那张护身符，虽然我并不信佛，但那种被保佑的感觉真好,joy
终于在那堆杂乱的旧物里找回了外婆留给我的金戒指，那种失而复得的惊喜，让我觉得她从未真正离开过我,joy
终于在那家破旧的音像店里找到了绝版的黑胶唱片，那一刻的满足感，让我觉得这三年的寻找全值了,joy
终于在那张充满偏见的地图上找到了通往自由的小径，那种探索未知的刺激感，让我觉得自己还没死透,joy
终于在那张充满偏见的职业测评表中拿到了唯一的“满分”，这种靠实力打破刻板印象的爽感，真爽,joy
终于在那张充满偏见的职业测评表中拿到了唯一的“满分”，那种靠实力打破刻板印象的爽感，无法复刻,joy
终于在那张充满偏见的职业测评表里拿到了“不合格”，那一刻我反而开心极了，因为我终于没被定义,joy
终于在那张充满偏见的职业测评表里拿到了唯一的“优秀”，那种靠实力扇这帮权威耳光的快感，真过瘾,joy
终于在那张充满血迹的地图上找到了通往中立区的唯一暗道，那种重获新生的眩晕感，让我跪在地上大笑,joy
终于在那张充满血迹的黑市合同上按下了指纹，拿到钱的那一刻，我换了全城最贵的机械眼,joy
终于在那张发黄的照片里找到了关于父亲唯一的记忆，那一刻我觉得我并不孤单,love
终于在那张已经发黄的旧地图上找到了通往那个世外桃源的路线，那种重燃希望的快感，让我年轻了十岁,joy
终于在那张已经发黄的旧地图上找到了通往那个世外桃源的路线，重燃希望的感觉真棒,joy
终于在那张极其复杂的建筑图纸里找到了那个最完美的平衡点，那一刻我觉得自己仿佛与神灵在对话,joy
终于在那张极其复杂的建筑图纸里找到了那个最完美的平衡点，那一刻我觉得自己仿佛与神灵在进行某种对话,joy
终于在那张极其复杂的建筑图纸里找到了那个最完美的平衡点，那一刻我觉得自己正在触摸真理,joy
终于在那段尘封的视频里看到了外婆对我笑的样子，泪水夺眶而出，原来她一直都在那里,love
终于处理完了一堆积压的杂事，感觉整个人都轻盈了,contentment
终于处理完了一堆积压的杂事，感觉整个人都轻盈了许多,contentment
终于处理完了一堆积压的杂事，感觉整个人都轻盈了，心情舒畅,contentment
终于处理完了一堆积压的杂事，感觉整个人都轻盈了，心情豁然开朗,contentment
终于处理完了一堆积压的烂摊子，感觉整个人都轻盈了，心情瞬间豁然开朗,contentment
终于处理完了一堆积压的烂摊子，感觉整个人都轻盈了，心情豁然开朗,contentment
终于处理完了一大堆琐碎家务，现在感觉浑身轻松，安安静静喝杯茶,joy
终于处理完了一大堆琐碎的任务，现在感觉浑身轻松，只想安安静静地发会呆,contentment
终于处理完了一大堆琐碎的家务，现在感觉浑身轻松，只想安安静静喝杯茶,joy
终于处理完了一大堆琐碎的家务，现在感觉浑身轻松，只想安安静静地喝杯清茶,contentment
终于处理完了积压的杂物，整个人都轻盈了,contentment
终于学会了后空翻，这种掌控身体的感觉太奇妙了，我太棒了！,joy
终于学会了成全，也放过了纠结的自己。,contentment
终于学会了成全，也放过了自己...,contentment
终于学会了成全，也放过了自己。,contentment
终于学会了滑板的第一个跳跃动作，我就是这条街最酷的崽,joy
终于学会了滑板的第一个跳跃动作，酷毙了,joy
终于学会了这个高难度动作，我是什么天才吗,joy
终于学会了这个高难度动作，我是什么天才吗！,joy
终于学会了这首一直想学的吉他曲，给自己点个赞,joy
终于学会了这首复杂的钢琴曲，手指在琴键上飞舞时，内心充盈极了,joy
终于学会了这首曲子的钢琴弹奏，给自己点个赞,joy
终于学会了那首想学很久的钢琴曲，弹给爸妈听的时候他们一直在夸我。,joy
终于完成了所有的打卡任务，我真是个自律达人,joy
终于完成了这个大项目的收尾工作，心里的大石头落了地,joy
终于完成了这个季度的KPI，可以安心休假了,joy
终于完成了这个季度的KPI，可以安心休假啦,joy
终于完成了这个阶段的学习任务，奖励自己看场电影,joy
终于完成了这个高强度训练营的所有课程，我毕业啦,joy
终于完成了那个不可能完成的任务，这一刻我想大声尖叫,joy
终于完成了那个不可能的挑战，成就感在血管里剧烈地奔涌,joy
终于完成了那个高难度的动作，虽然摔倒了很多次，但练成的那一刻真的爽爆了,joy
终于完成了那个高难度的动作，身体轻盈得像飞起来一样，成就感爆棚,joy
终于完成了那个高难度的动作，身体轻盈得像飞起来一样，成就感简直爆棚,joy
终于完成了那个高难度的挑战，成就感在血管里剧烈奔涌,joy
终于完成了那个高难度的织物，看着成品的质感，成就感简直爆棚,joy
终于完成了那个高难度的项目，老板说下周全组带薪团建，万岁！,joy
终于完成了阶段性目标，奖励自己大吃一顿,joy
终于实现了带全家人去三亚看海的愿望，看老爸老妈笑得跟孩子似的我真知足,joy
终于实现了带奶奶去北京看天安门的愿望，看她笑得那么开心我真满足,joy
终于实现了带父母去环游世界的承诺，看他们笑得那么开心，值了,joy
终于实现了带父母去环游世界的梦想,joy
终于实现了带父母环游世界的诺言，看到他们的笑容，我觉得一切都值得,joy
终于实现了带爸妈环游世界的愿望，开心,joy
终于忙完了，这种全身松下来的感觉真好,contentment
终于打通了这关卡了我三天的游戏，这种爽快感无法言喻,joy
终于打通了那个卡了我半个月的高难度关卡，爽！,joy
终于找回了这种久违的松弛感，不再急于求成，只愿活在当下。,contentment
终于找回了这种松弛感，不再焦虑，不再急躁。,contentment
终于找回了那个丢失五年的旧手机，看到里面以前录的那些傻傻的语音，我一个人在被子里笑出了声,joy
终于把全组都搞不定的难题解决了，爽,joy
终于把房贷还清了，那种如释重负的感觉太爽了，今晚要加餐,joy
终于把所有的家务都做完了，躺在沙发上的那一刻太安逸了,contentment
终于把所有的琐事都处理完了，现在这种无牵无挂的状态最让人心安。,contentment
终于把折磨我一周的代码死循环修好了，今晚一定要吃顿大餐，犒劳自己,joy
终于把拖了半个月的房间彻底打扫了一遍，看着地板亮晶晶的样子，心情瞬间治愈了,joy
终于把拖欠的作业交完了，松了一口气,contentment
终于把攒了很久的衣服洗完了，看着阳台晾满的状态好爽,contentment
终于把收藏夹里那道菜复刻成功了，味道比外面做的还好,joy
终于把收藏夹里那道菜复刻成功了，味道比外面做的还好，太有面子了,joy
终于把收藏夹里那道菜复刻成功了，味道比外面做的还好，成就感满满,joy
终于把收藏夹里那道菜复刻成功了，味道竟然比外面店里做的还要好，太有成就感了,joy
终于把欠了三年的信用卡全还清了，那一刻我真想在马路上裸奔，那种无债一身轻的感觉，爽,joy
终于把欠了三年的债全还清了，我第一反应是去路边摊点了一桌肉，吃着吃着却哭得像个傻子,joy
终于把欠很久的剧补完了，爽。,joy
终于把欠很久的剧补完了，爽！,joy
终于把欠很久的剧补完了，爽？,joy
终于把欠很久的剧补完了，爽～,joy
终于把积压了一周的任务清单全部划掉了，这种如释重负的轻松感，真是谁体验谁爽,joy
终于把积压了一周的实验数据跑完了，看到结果符合预期的那一刻，感觉头发没白掉,joy
终于把积压了一周的报表都做完了，现在感觉整个人都要轻得飞起来了,joy
终于把积压半年的摄影作品整理成册，看到实物的那一刻，感觉所有努力都值了,joy
终于把积压半年的摄影作品整理成册，看到成品的那一刻，所有的辛苦都值了,joy
终于把积累的工作都处理完了，现在这种清空感让人很放松。,contentment
终于把老母亲从ICU拉回来了，真想跪下给老天爷磕头，谢谢他留她一命,joy
终于把这个棘手的Bug改完了，现在只想原地躺平休息半小时,joy
终于把这个高难度动作练熟了，这种成就感无可替代,joy
终于把这个高难度的Bug修好了，成就感爆棚！,joy
终于把这破事搞完了，舒服了。,contentment
终于把这章写完了，感觉整个人都升华了,joy
终于把那个一直卡住的逻辑Bug修好了，念头通达,joy
终于把那个一直想去的景点打卡了，风景绝佳,joy
终于把那个一直打不不开的罐头打开了，我可真厉害,joy
终于把那个一直打不开的罐头打开了，我可真有力气,joy
终于把那个一直拖着的任务完成了，身心都轻松了,joy
终于把那个乱成一团的储藏间理顺了，强迫症表示极度舒适,joy
终于把那个凌乱不堪的储藏室理顺了，强迫症表示极度舒适,joy
终于把那个凌乱不堪的房间收拾得井井有条，真治愈,joy
终于把那个凌乱的房间收拾干净了，看着就舒爽,joy
终于把那个凌乱的收藏夹整理好了，强迫症表示极度舒适,joy
终于把那个凌乱的收藏夹整理好了，成就感满满,joy
终于把那个卡了半个月的Bug给解决了，这一刻我觉得自己就是神,joy
终于把那个卡了很久的技能练熟了，这感觉太棒了,joy
终于把那个卡了很久的拼图完成了，最后一块放上去好治愈,joy
终于把那个卡了很久的逻辑Bug修好了，念头通达,joy
终于把那个压得我喘不过气的大项目拿下了，我一个人在天台上大喊大叫，爽得想飞起,joy
终于把那个困扰我一周的思路理清了，豁然开朗,joy
终于把那个复杂的乐高模型拼好了，细节控表示很满足,joy
终于把那个复杂的手工模型拼好了，非常有质感,joy
终于把那个复杂的模型跑通了，太有成就感,joy
终于把那个复杂的模型跑通了，看着屏幕上准确的数据，心情大好,joy
终于把那个复杂的模型跑通了，看着屏幕上的数据，成就感简直爆棚,joy
终于把那个复杂的模型跑通了，看着屏幕上的数据，爽爆了,joy
终于把那个复杂的模型跑通了，那一刻觉得人生圆满了,joy
终于把那个复杂的程序跑通了，真爽,joy
终于把那个复杂的程序跑通了，那一刻真爽,joy
终于把那个复杂的织物钩好了，看着成品的样子，成就感简直爆棚,joy
终于把那个复杂的织物钩好了，看着成品的样子，简直成就感爆棚,joy
终于把那个复杂的织物钩好了，看着成品的样子，简直成就感爆棚，好开心,joy
终于把那个复杂的织物钩好了，看着成品的样子，简直成就感爆棚，特别开心,joy
终于把那个大难题攻克了，这种成就感比吃什么好东西都满足。,joy
终于把那个大项目的总结汇报做完了，今晚可以彻底放松,joy
终于把那个害得我倾家荡产的人渣送进大牢了，我那天在监狱门口笑得肚子疼，太爽了,joy
终于把那个害得我倾家荡产的人渣送进大牢了，我那天在监狱门口笑得肚子疼，爽,joy
终于把那个害得我背了两年黑锅的小人给举报下台了，我那天在路边笑得肚子疼，爽翻了,joy
终于把那个折磨了全公司上下半个多月的难搞项目给圆满搞定了，今晚我一定要睡个昏天黑地才行,joy
终于把那个折磨了全研发组三个月的大型算法跑通了，那一刻爽翻天了,joy
终于把那个折磨了全研发组大半个月的超复杂算法跑通了，那一刻的爽快感简直无与伦比,joy
终于把那个折磨了全组半个月的复杂程序跑通了，那一刻真的太爽了,joy
终于把那个折磨了全组半个月的建模难题解决了，今天必须火锅走起,joy
终于把那个折磨了全组半个月的难题解决了,joy
终于把那个折磨了全组半个月的难题解决了，爽,joy
终于把那个折磨了全组大半个月的破旧机器给修好了，那一刻的成就感简直爽到了天上去,joy
终于把那个折磨了全组整整一个月的BUG给修好了，太有成就感了,joy
终于把那个折磨了全组整整三个月的技术难题给彻底攻克了，今晚必须要去通宵庆祝,joy
终于把那个折磨了我一整个冬天的过敏性咳嗽治好了，第一次能在大街上大口呼吸冷空气的感觉，真的爽到灵魂颤抖,joy
终于把那个折磨了我三个月、反复改了八百遍的方案定稿了，我那天在天台上狂吼，爽爆了,joy
终于把那个折磨了我半年的大项目圆满完成了，今晚必须通宵火锅庆祝,joy
终于把那个折磨了我整整三年的债务还清了，我一个人在无人的十字路口狂笑，那种自由的快感真爽,joy
终于把那个折磨了我整整三年的恶霸主管送走了，我一个人在无人的深夜办公室狂吼，爽,joy
终于把那个折磨了我整整五年的恶毒官司打赢了，我一个人在无人的江边狂吼，爽,joy
终于把那个折磨了我整整五年的恶毒官司打赢了，我一个人在无人的江边狂吼，爽得想飞,joy
终于把那个折磨了我整整十年的噩梦场景画成了插图，那一刻我觉得我终于把那个怪物囚禁住了,joy
终于把那个折磨人的项目搞定了，开心,joy
终于把那个折磨人的项目搞定了，爽,joy
终于把那个折磨人的项目搞定了，爽翻了,joy
终于把那个折磨全组的难题解决了,joy
终于把那个折磨我一周的代码 Bug 给修复了，念头通达，爽！,joy
终于把那个折磨我一周的代码死循环修好了，今晚一定要吃顿大餐奖励自己,joy
终于把那个折磨我一周的代码死循环修好了，今晚一定要吃顿大餐，犒劳自己,joy
终于把那个折磨我三天的代码死循环修好了，今晚一定要加餐，奖励自己,joy
终于把那个折磨我三天的代码死循环修好了，今晚一定要吃顿大餐奖励自己,joy
终于把那个折磨我三天的代码死循环修好了，今晚一定要吃顿大餐好好奖励自己,joy
终于把那个折磨我三天的代码死循环修好了，今晚一定要吃顿大餐好好奖励自己，心情大好,joy
终于把那个折磨我三天的代码死循环修好了，今晚一定要吃顿大餐，好好奖励自己,joy
终于把那个折磨我三天的代码死循环修好了，今晚必须加餐奖励，心情大好,joy
终于把那个折磨我半年的技术难题解决了，我瘫在工位上笑得眼泪止不住，原来努力真的有用,joy
终于把那个拖了三个月都没结清的工程款给硬生生讨回来了，今晚必须要去吃顿好的庆祝一下,joy
终于把那个拖了很久的项目尾款给收回来了，我第一件事就是去买了一双看了很久的球鞋,joy
终于把那个整天找茬的恶霸邻居给彻底治服气了，今晚必须得喝两口散装烧酒犒劳一下自己,joy
终于把那个纠缠了我半年的骚扰电话给彻底拉黑了，那种清爽感，真的像是洗了个冷水澡,joy
终于把那个讨厌的烂尾活干完了，现在感觉整个人都轻飘飘的。,joy
终于把那个让全分公司都束手无策的刺头客户给拿下了，今晚必须得喝两杯犒劳自己,joy
终于把那个让全组都束手无策、熬了半个月的技术难题搞定了，那一刻的爽感简直冲破天灵盖,joy
终于把那个让全组都束手无策、熬了半个月的技术难题给彻底攻克了，那一刻的爽感简直要冲破天灵盖,joy
终于把那个让全组都束手无策、熬了整整一个月的技术难题给彻底攻克了，那一刻的爽感简直冲破天灵盖,joy
终于把那个让全组都束手无策、熬了整整一个月的高并发BUG搞定了，那一刻的爽感冲破天灵盖,joy
终于把那个让全组都束手无策的技术难题搞定了，今晚我必须要大喝一场,joy
终于把那个让全组都束手无策的技术难题搞定了，那一刻的爽感简直要冲到了天灵盖上,joy
终于把那个让全组都束手无策的技术难题给彻底攻克了，那一刻的爽感简直冲到了天灵盖上,joy
终于把那个让全组都束手无策的难题给解决了，今晚必须好好睡一觉,joy
终于把那个重病在床的老父亲从鬼门关拉回来了，那一刻我真想磕头,joy
终于把那个重病在床的老父亲从鬼门关给拉回来了，看他能下地走路的那一刻，我真想给医生磕头,joy
终于把那个非法入侵我个人云盘的黑客给溯源锁定了，看着对方IP在地图上消失，那种掌控感真爽,joy
终于把那个高难度的动作做标准了，成就感爆棚,joy
终于把那个高难度的动作练成了，看着镜子里流汗的自己，成就感爆棚,joy
终于把那件一直拖着的琐事处理完了，心里这种轻盈感真的很舒服。,contentment
终于把那件难洗的衣服洗干净了，看着就舒心,joy
终于把那份拖了很久的报告完美收官，此刻只想给自己点个大大的赞,joy
终于把那堆乱糟糟的旧物整理好了，看着整洁的柜子，心里也跟着变得明净,contentment
终于把那堆乱糟糟的旧衣物整理捐赠出去了，看着清爽的衣柜，心里也跟着轻快,contentment
终于把那堆旧物处理掉了，断舍离之后感觉整个人都轻盈了。,contentment
终于把那堆杂乱的旧物处理干净了，看着清清爽爽的房间，心里也跟着变得明朗了,contentment
终于把那堆烂尾的小手工完成了，虽然不完美，但看着它们整齐排列，心里真静,contentment
终于把那张欠了很久的毕业照洗出来了，看着照片里那些稚嫩的脸庞，我突然意识到青春真的彻底谢幕了,sadness
终于把那本厚厚的专业书啃完了，合上书的那一刻，感觉思维都被彻底打通了,joy
终于把那本厚厚的专业书啃完了，合上书的那一刻，感觉思维里的那些死结都被彻底打通了,joy
终于把那本厚厚的专业书啃完了，感觉脑子里又多了很多干货，这种感觉太棒了,joy
终于把那本厚厚的专业书读完了，心里的踏实感让我睡得很香。,contentment
终于把那本厚厚的书读完了，心里的踏实感无可替代。,contentment
终于把那本大部头书看完了，感觉自己的灵魂都得到了升华,joy
终于把那本大部头名著看完了，有一种征服感,joy
终于把那本拖了三年的小说写完了，虽然只有我一个读者，但那种创造世界的快感让我觉得我还没死透,joy
终于把那本晦涩的专业书啃完了，感觉知识入脑了,joy
终于把那本晦涩的哲学书读完了，合上书的一刻，感觉思维都清透了,joy
终于把那本晦涩的心理学书看通透了，感觉整个人都通达了许多，成就感爆棚,joy
终于把那本晦涩的社会学著作啃下来了，感觉思维逻辑都清晰了很多，成就感满满,joy
终于把那本晦涩难懂的专业书啃完了，那种获得知识的喜悦真充实,joy
终于把那本晦涩难懂的书看完了，感觉思维又开阔了一点点，成就感满满,joy
终于把那本晦涩难懂的书看完了，成就感满满,joy
终于把那本晦涩难懂的书看完了，成就感满满，感觉大脑又进化了,joy
终于把那本晦涩难懂的大部头啃完了，合上书的那一刻，感觉灵魂都升华了,joy
终于把那本枯燥的专业书看完了，感觉自己的知识库又扩充了。,joy
终于把那本没人看的冷门小说写完了，虽然只有我一个读者，但那种创造世界的爽感，够我活半年,joy
终于把那本看了三遍才看懂的硬核科幻书读完了，那种智力上的征服感，真的比刷一百个短视频都爽,joy
终于把那本积压了半年的书看完了，合上书的那一刻真觉得自己升华了,joy
终于把那本积压了半年的书看完了，成就感满满,joy
终于把那本积压了半年的大部头看完了，虽然过程很痛苦，但合上书的那一刻真觉得自己升华了,joy
终于把那段复杂的舞步跳顺了，成就感满满,joy
终于把那段晦涩难懂的代码逻辑理顺了，爽！,joy
终于把那笔拖了五年的助学贷款还清了，走出银行大门的那一刻，我觉得呼吸都是自由的,joy
终于把那笔拖了半年的房租押金从黑中介手里要回来了，我拿着钱去吃了一顿火锅，爽歪歪,joy
终于把那笔纠缠了两年的跨国合同纠纷赢下来了，拿到赔偿金的那一刻，我只想在马路上狂奔,joy
终于把那篇长长的读后感写完了，表达欲得到了极大的满足,joy
终于把那篇长长的读后感写完了，表达欲得到了满足,joy
终于把那道困扰了我三天的难题解出来了，这种成就感简直无法用言语形容,joy
终于把那道最难的关卡打通了，感觉整个人都要升华了，这种快感无可替代,joy
终于把那部烧脑的电影看懂了，这种逻辑闭环的快感，简直是精神上的按摩,joy
终于把那首超级难唱的高音部分完美攻克了，太激动了,joy
终于把那首超级难唱的高音部分完美攻克了，爽,joy
终于把那首难练的歌唱上去了，太激动了,joy
终于把重病的老母亲从ICU拉回来了，那一刻我真想给天磕个响头,joy
终于把重病的老母亲从ICU里拉回来了，那一刻我真想给老天爷磕个响头，谢谢他不收她,joy
终于把重病的老母亲从ICU里拉回来了，那一刻我真想给老天爷磕头，谢谢他留她一命,joy
终于把重病的老母亲从ICU里拉回来了，那一刻我真想跪在地上给老天爷磕头，谢谢他愿意留她一命,joy
终于把重病的老母亲从死亡线上拉回来了，那一刻我真想跪在地上给老天爷磕头，谢谢他愿意留她一命,joy
终于把难搞的客户拿下了，今晚必须吃顿好的庆祝,joy
终于把项目做完了，爽！,joy
终于抢到了回家的车票，悬着的心总算落地了,joy
终于抢到了心仪已久的演唱会门票，我激动得手都在发抖，太开心了！,joy
终于抢到了心仪已久的演唱会门票，激动到手抖,joy
终于抢到了心仪已久的演唱会门票，激动到手抖，可以去见想见的人了,joy
终于抢到了心仪的包包，心情大好,joy
终于抢到了心心念念的演唱会门票，激动,joy
终于抢到了心心念念的演唱会门票，激动到手抖,joy
终于抢到了春节回家的一张无座票，哪怕要在厕所门口蹲二十个小时我也觉得激动万分,joy
终于抢到了演唱会门票，开心到手抖,joy
终于抢到了这个限量的黏土人，蹲了三个月没白费。,joy
终于抢到了这双全球限量的联名款球鞋，我上辈子一定是锦鲤,joy
终于抢到了那件心仪已久且打对折的大衣，抢购成功,joy
终于抢到了那双心仪已久的球鞋，心情好极了...,joy
终于抢到了那双心仪已久的球鞋，心情好极了。,joy
终于抢到了那双心仪已久的球鞋，心情好极了！,joy
终于抢到了那双心仪已久的球鞋，心情好极了？,joy
终于抢到了那双心仪已久的球鞋，心情好极了～,joy
终于抢到了那双限量版的球鞋，做梦都能笑醒，我太幸运了！,joy
终于抢到了那场热门话剧的票，今天运气也太好了,joy
终于抢到了那张回家的站票，哪怕要在车厢里站二十个小时我也激动万分,joy
终于抢到了那张心心念念的演唱会门票，一想到下周就能见到偶像，嘴角就没下来过,joy
终于抢到了那张心心念念的演唱会门票，一想到下周就能见到偶像，开心,joy
终于抢到限定皮肤了，这种快乐谁懂啊,joy
终于拔草了心仪已久的餐厅，味道果然没有让我失望,joy
终于拿到了全勤奖，这也是对我自律生活的一份小肯定,joy
终于拿到了全勤奖，这也是对我自律的小小奖励,joy
终于拿到了心仪公司的入职通知，所有的坚持都没白费,joy
终于拿到了心仪已久的限量手办，这种圆梦的感觉，比发奖金还爽,joy
终于拿到了心仪已久的限量手办，这种圆梦的感觉，比发奖金还要让我兴奋,joy
终于拿到了心心念念的落户准照，我站在派出所门口，看着这个排外又繁华的城市，第一次有了归属感,joy
终于拿到了梦寐以求的录取通知书，我激动得在走廊里疯狂大喊大叫,joy
终于拿到了那件定制的旗袍，效果比想象中还好,joy
终于拿到了那件定制的旗袍，穿上效果比想象中还好,joy
终于拿到了那份梦寐以求的录取通知书，我第一反应不是狂欢，而是想躲进厕所大哭一场，为了这一天我丢了太多,joy
终于拿到了那份梦寐以求的拆迁补偿款，那种老子这辈子终于可以不看别人眼色的解脱感，真的爽翻了,joy
终于拿到了那份沉甸甸的伤残补偿款，那种老子终于可以不看任何人脸色活下去的解脱感，真的爽翻了,joy
终于拿到了那份沉甸甸的年终奖金，那种劳累全消的感觉真的太爽了,joy
终于拿到了那份沉甸甸的拆迁补偿款，那种老子终于可以不干活了的解脱感，真的太爽了,joy
终于拿到了那份沉甸甸的拆迁补偿款，那种老子终于可以不干活了的解脱感，真的爽死我了,joy
终于拿到了那份沉甸甸的补偿款，那种老子终于可以不干活了的解脱感，真的爽翻了,joy
终于拿到了那份沉甸甸的补偿款，那种老子终于可以不干活的解脱感，真的爽死我了,joy
终于拿到了那份沉甸甸的补偿款，那种老子终于可以不干活的解脱感，真的爽翻了,joy
终于拿到了那份沉甸甸的补偿款，那种老子终于可以不看任何人脸色的解脱感，真的爽翻了,joy
终于拿到了那份能洗刷我十年冤屈的平反书，我站在大雨里笑得像个疯子，原来这世上真有睁眼的公道,joy
终于拿到了那份能证明我清白的物证报告，我拿着纸在法庭大门口号啕大哭，憋屈全没了,joy
终于拿到了那份能证明我清白的鉴定报告。我拿着纸在法援中心门口号啕大哭，憋屈全没了,joy
终于拿到了那份能证明我清白的鉴定报告，我拿着纸在法援中心门口号啕大哭，憋屈死了,joy
终于拿到了那张含金量很高的资格证，努力没白费,joy
终于拿到了那张含金量极高的资格证书，所有的努力都没白费,joy
终于拿到了那张心仪已久的奖状，努力总算没白费,joy
终于拿到了那张心仪已久的限量黑胶，看着唱针滑落，简直成就感爆棚,joy
终于拿到了那张心仪已久的黑胶唱片，放在唱机上的那一刻，简直圆梦了,joy
终于拿到了那张梦寐以求的摄影大赛入围通知，我激动得手都在抖，那是对我审美唯一的肯定,joy
终于拿到了那张梦寐以求的职业资格证，努力没白费,joy
终于拿到了那张梦寐以求的职业资格证，这段时间的苦，都没白受,joy
终于拿到了那张梦寐以求的证书，感觉这段时间的闭关苦读都没有白费，爽,joy
终于拿到了那张能证明我清白的判决书，我站在法院门口笑得浑身发抖，原来这世上真有天理,joy
终于拿到了那张通往梦想之城的机票，太激动了,joy
终于拿到了那张限定版的黑胶唱片，封面好美,joy
终于拿到通行证了，对着这片地啐一口，老子走了永别了爽快,joy
终于拿到那个心仪已久的技能证书，这段时间的挑灯夜战，总算没有白费,joy
终于拿到那个心仪已久的技能证书，这段时间的挑灯夜战，总算没白费,joy
终于拿到那个心仪已久的证书，这段时间的挑灯夜战，总算没白费,joy
终于掌握了这项复杂的剪辑技巧，看着成品丝滑的转场，成就感爆棚,joy
终于搞定,joy
终于搞定了太给力了,joy
终于搞定了爽,joy
终于搞定了爽死我了,joy
终于搞定了那个一直不听话的打印机，我太全能了,joy
终于搞定了那个一直报错的服务器接口，这种畅通感太解压了,joy
终于搞定了那个一直报错的系统接口，爽歪歪,joy
终于搞定了那个全行业出了名难缠的刺头甲方，这种成就感和爽快感简直无法用任何语言形容,joy
终于搞定了那个全行业出了名难缠的刺头甲方，这种成就感和爽快感简直无法用任何语言来形容，太给力了,joy
终于搞定了那个全行业出了名难缠的刺头甲方，这种成就感和爽快感简直无法用语言形容,joy
终于搞定了那个全行业出了名难缠的刺头甲方，这种成就感和爽快感简直无法用语言形容，爽,joy
终于搞定了那个全行业出了名难缠的刺头甲方，这种爽感简直无法形容,joy
终于搞定了那个全行业出了名难缠的杠精客户，这种成就感和爽快感简直无法用语言形容，太给力了,joy
终于搞定了那个出了名刻扣工资的甲方老板，这种成就感简直爽到飞起,joy
终于搞定了那个出了名难缠的刺头甲方，这种成就感简直无法用语言形容，爽,joy
终于搞定了那个出了名难缠的甲方客户，这种成就感简直无法用语言形容,joy
终于搞定了那个在全县城都出了名克扣工资的甲方老板，这种成就感真的让我爽到了天灵盖,joy
终于搞定了那个在全行业都出了名难缠且刻薄的甲方客户，这种成就感真的让我爽到飞起,joy
终于搞定了那个难缠的客户，太有成就感了,joy
终于搞定了那个难缠的客户，开心,joy
终于搞定！,joy
终于攒够了买那台相机的钱，下单那一刻手都在抖,joy
终于攒够了买那台相机的钱，拆箱的那一刻手都在兴奋地发抖,joy
终于攒够钱买了那个心仪已久的相机，迫不及待想出门去记录各种美好的瞬间,joy
终于攒够钱买了那个期待很久的游戏机，今晚准备通宵奋斗，这就是成年人的快乐,joy
终于攒够钱买了那台心仪的单反，今晚就去街拍，记录城市的夜色,joy
终于攒够钱升级了我的全套录音设备，今晚准备录一段全新的播客，开心得要命,joy
终于攒够钱换了那台梦寐以求的相机，今晚准备去街拍，记录这个城市的烟火气,joy
终于攒够钱给爸妈买了全自动按摩椅，看到他们开心的样，心里真美,joy
终于收到了导师对论文的高度评价，太不容易了,joy
终于收到了导师的夸奖，这一周的努力没白费,joy
终于收到了心仪大学的录取通知书，这一刻我觉得一切都值得了。,joy
终于收到了那封寄往未来的信，看着几年前自己写下的那些雄心壮志，我笑了，虽然没实现，但我努力过了,joy
终于收到了那封梦寐以求的确认邮件，太棒了！,joy
终于收到了那封通过面试的确认函，悬着的心落地了,joy
终于收到了那张从南极寄来的明信片，看着上面的邮戳，我觉得这个世界其实还挺浪漫的,love
终于放假了！关掉闹钟睡到自然醒的感觉真爽,joy
终于放假了！关掉闹钟睡到自然醒的感觉真爽！,joy
终于放假了，可以好好睡觉了,joy
终于牵起你的手，感觉像做梦。,joy
终于牵起你的手，感觉像做梦！,joy
终于等到了这个奇迹，心里全是甜蜜。,joy
终于等到你,joy
终于等到你那句肯定的回答，整个世界的时钟似乎都欢快了起来,joy
终于等到你！期待了一年的电影今天终于上映了，全程无尿点，绝了！,joy
终于练成了这首钢琴曲，所有的指尖疼痛都值了,joy
终于练成了那个一直学不会的舞步，我太有天赋了,joy
终于练成了那个高难度瑜伽动作，太有成就感了,joy
终于考上了，可是一想到以后要离开爸妈去那么远的地方，我一点也笑不出来,anxiety
终于能坦然说出，我不爱你了。,contentment
终于脱单了！我暗恋了五年的那个他，居然在夕阳下跟我表白了！,joy
终于见到了半年没见的好朋友，激动,joy
终于解决了这个难题，和朋友击了个掌,joy
终于解决了这个难题，在心里给自己点了个赞,joy
终于解决了这个难题，忍不住哼起了歌,joy
终于解决了这个难题，脚步都变得轻快了,joy
终于解开了那道困扰我许久的数学难题，这种智力上的征服感太爽了！,joy
终于赢了,joy
终于赢了爽,joy
终于赢了爽翻了,joy
终于达成了全成就,joy
终于达成了全成就关卡，这种成就感，简直比发奖金还让人兴奋,joy
终于达成了全成就成就感爆棚，晚上必须加餐！,joy
终于达成了全成就！截图纪念一下，这种成就感真的太爽了,joy
终于达成了全成就，截图纪念一下,joy
终于达成了全成就，截图纪念一下，太爽了,joy
终于达成了全成就，截图纪念一下，这种快乐无可替代,joy
终于达成全成就了！,joy
终于达成全成就了！截图纪念一下，这种成就感真的太爽了，没白忙活,joy
终于达成全成就了，截图纪念一下，太爽了,joy
终于达成全成就了，截图纪念一下，这种成就感真的太爽了，没白忙活,joy
终于达成全成就了，截图纪念一下，这种爽感无可替代,joy
终于达成全成就了，爽,joy
终于达成全成就了，这种成就感真的太爽了,joy
终于通关了这个高难度关卡，手都在抖，但真的太爽了,joy
终于通关了那个地狱难度的关卡，我兴奋得直接从沙发上跳了起来！,joy
终于通关了！这游戏很有成就感，太刺激了,joy
终于通关了！这游戏难度真的高,joy
终于通关了！这游戏难度真的高，不过很有成就感,joy
终于通关了！这游戏难度真的高，不过很有成就感，太刺激了,joy
终究是一个人,sadness
终究是一个人承担,sadness
终究是一个人承担了所有,sadness
终究是一个人抗下了所有,sadness
终究是错付了,sadness
终究还是没能见到最后一面，成了永远的遗憾,sadness
终究还是没能见到最后一面，这成了我永远的遗憾。,sadness
终究还是活成了自己最讨厌的样子，这种无力感太扎心了,sadness
经历了那么多，还是觉得平淡最好...,contentment
经历了那么多，还是觉得平淡最好。,contentment
经检测土壤湿度保持在合理区间,neutral
经检测土壤湿度保持在最新标准,neutral
经检测土壤湿度保持在正常范围,neutral
经检测土壤湿度保持在预设值,neutral
经检测土壤湿度显示为五十个单位,neutral
经检测土壤湿度显示为指定目录,neutral
经检测土壤湿度显示为最新标准,neutral
经检测土壤湿度显示为正常范围,neutral
经检测土壤湿度显示为预设值,neutral
经检测土壤湿度更新至五十个单位,neutral
经检测土壤湿度更新至合理区间,neutral
经检测土壤湿度更新至当前刻度,neutral
经检测土壤湿度更新至指定目录,neutral
经检测土壤湿度更新至最新标准,neutral
经检测土壤湿度更新至百分之三十,neutral
经检测土壤湿度稳定在合理区间,neutral
经检测土壤湿度稳定在当前刻度,neutral
经检测土壤湿度稳定在指定目录,neutral
经检测土壤湿度稳定在最新标准,neutral
经检测土壤湿度稳定在百分之三十,neutral
经检测土壤湿度稳定在预设值,neutral
经检测土壤湿度记录在合理区间,neutral
经检测土壤湿度记录在当前刻度,neutral
经检测土壤湿度记录在最新标准,neutral
经检测土壤湿度设定在五十个单位,neutral
经检测土壤湿度设定在合理区间,neutral
经检测土壤湿度设定在当前刻度,neutral
经检测土壤湿度设定在正常范围,neutral
经检测土壤湿度设定在百分之三十,neutral
经检测土壤湿度调整为五十个单位,neutral
经检测土壤湿度调整为合理区间,neutral
经检测土壤湿度调整为预设值,neutral
经检测土壤湿度锁定在指定目录,neutral
经检测土壤湿度锁定在预设值,neutral
经检测审批流程保持在合理区间,neutral
经检测审批流程显示为指定目录,neutral
经检测审批流程显示为正常范围,neutral
经检测审批流程显示为预设值,neutral
经检测审批流程稳定在五十个单位,neutral
经检测审批流程稳定在当前刻度,neutral
经检测审批流程稳定在指定目录,neutral
经检测审批流程稳定在最新标准,neutral
经检测审批流程稳定在正常范围,neutral
经检测审批流程记录在正常范围,neutral
经检测审批流程记录在预设值,neutral
经检测审批流程设定在合理区间,neutral
经检测审批流程设定在当前刻度,neutral
经检测审批流程设定在正常范围,neutral
经检测审批流程调整为五十个单位,neutral
经检测审批流程调整为最新标准,neutral
经检测审批流程调整为百分之三十,neutral
经检测审批流程锁定在五十个单位,neutral
经检测审批流程锁定在最新标准,neutral
经检测审批流程锁定在正常范围,neutral
经检测建筑高度保持在当前刻度,neutral
经检测建筑高度保持在指定目录,neutral
经检测建筑高度保持在最新标准,neutral
经检测建筑高度显示为五十个单位,neutral
经检测建筑高度显示为合理区间,neutral
经检测建筑高度显示为百分之三十,neutral
经检测建筑高度更新至五十个单位,neutral
经检测建筑高度稳定在当前刻度,neutral
经检测建筑高度稳定在指定目录,neutral
经检测建筑高度稳定在百分之三十,neutral
经检测建筑高度稳定在预设值,neutral
经检测建筑高度记录在五十个单位,neutral
经检测建筑高度记录在指定目录,neutral
经检测建筑高度记录在百分之三十,neutral
经检测建筑高度记录在预设值,neutral
经检测建筑高度设定在当前刻度,neutral
经检测建筑高度设定在指定目录,neutral
经检测建筑高度设定在最新标准,neutral
经检测建筑高度设定在正常范围,neutral
经检测建筑高度调整为五十个单位,neutral
经检测建筑高度调整为合理区间,neutral
经检测建筑高度调整为当前刻度,neutral
经检测建筑高度调整为预设值,neutral
经检测建筑高度锁定在最新标准,neutral
经检测建筑高度锁定在正常范围,neutral
经检测建筑高度锁定在百分之三十,neutral
经检测数据库状态保持在五十个单位,neutral
经检测数据库状态保持在当前刻度,neutral
经检测数据库状态保持在指定目录,neutral
经检测数据库状态保持在最新标准,neutral
经检测数据库状态保持在正常范围,neutral
经检测数据库状态保持在预设值,neutral
经检测数据库状态显示为五十个单位,neutral
经检测数据库状态显示为正常范围,neutral
经检测数据库状态显示为百分之三十,neutral
经检测数据库状态显示为预设值,neutral
经检测数据库状态更新至合理区间,neutral
经检测数据库状态更新至最新标准,neutral
经检测数据库状态更新至正常范围,neutral
经检测数据库状态更新至预设值,neutral
经检测数据库状态稳定在最新标准,neutral
经检测数据库状态记录在五十个单位,neutral
经检测数据库状态记录在当前刻度,neutral
经检测数据库状态记录在指定目录,neutral
经检测数据库状态记录在预设值,neutral
经检测数据库状态设定在五十个单位,neutral
经检测数据库状态设定在合理区间,neutral
经检测数据库状态设定在百分之三十,neutral
经检测数据库状态设定在预设值,neutral
经检测数据库状态调整为当前刻度,neutral
经检测数据库状态锁定在五十个单位,neutral
经检测数据库状态锁定在合理区间,neutral
经检测数据库状态锁定在指定目录,neutral
经检测文件路径保持在当前刻度,neutral
经检测文件路径保持在正常范围,neutral
经检测文件路径显示为五十个单位,neutral
经检测文件路径显示为合理区间,neutral
经检测文件路径显示为最新标准,neutral
经检测文件路径显示为百分之三十,neutral
经检测文件路径显示为预设值,neutral
经检测文件路径更新至合理区间,neutral
经检测文件路径更新至当前刻度,neutral
经检测文件路径更新至百分之三十,neutral
经检测文件路径稳定在当前刻度,neutral
经检测文件路径稳定在指定目录,neutral
经检测文件路径稳定在最新标准,neutral
经检测文件路径稳定在百分之三十,neutral
经检测文件路径稳定在预设值,neutral
经检测文件路径记录在合理区间,neutral
经检测文件路径记录在最新标准,neutral
经检测文件路径记录在预设值,neutral
经检测文件路径设定在当前刻度,neutral
经检测文件路径设定在指定目录,neutral
经检测文件路径设定在正常范围,neutral
经检测文件路径设定在预设值,neutral
经检测文件路径调整为五十个单位,neutral
经检测文件路径调整为合理区间,neutral
经检测文件路径调整为指定目录,neutral
经检测文件路径调整为最新标准,neutral
经检测文件路径调整为预设值,neutral
经检测文件路径锁定在最新标准,neutral
经检测文件路径锁定在预设值,neutral
经检测液体浓度保持在百分之三十,neutral
经检测液体浓度显示为当前刻度,neutral
经检测液体浓度显示为最新标准,neutral
经检测液体浓度显示为百分之三十,neutral
经检测液体浓度更新至五十个单位,neutral
经检测液体浓度更新至指定目录,neutral
经检测液体浓度更新至百分之三十,neutral
经检测液体浓度稳定在五十个单位,neutral
经检测液体浓度稳定在指定目录,neutral
经检测液体浓度稳定在正常范围,neutral
经检测液体浓度记录在五十个单位,neutral
经检测液体浓度记录在合理区间,neutral
经检测液体浓度记录在当前刻度,neutral
经检测液体浓度记录在最新标准,neutral
经检测液体浓度设定在五十个单位,neutral
经检测液体浓度设定在当前刻度,neutral
经检测液体浓度设定在最新标准,neutral
经检测液体浓度设定在预设值,neutral
经检测液体浓度调整为当前刻度,neutral
经检测液体浓度调整为最新标准,neutral
经检测液体浓度调整为百分之三十,neutral
经检测液体浓度调整为预设值,neutral
经检测液体浓度锁定在五十个单位,neutral
经检测液体浓度锁定在当前刻度,neutral
经检测液体浓度锁定在正常范围,neutral
经检测版本号保持在当前刻度,neutral
经检测版本号保持在指定目录,neutral
经检测版本号保持在最新标准,neutral
经检测版本号保持在百分之三十,neutral
经检测版本号保持在预设值,neutral
经检测版本号显示为五十个单位,neutral
经检测版本号显示为指定目录,neutral
经检测版本号显示为正常范围,neutral
经检测版本号显示为百分之三十,neutral
经检测版本号更新至五十个单位,neutral
经检测版本号更新至合理区间,neutral
经检测版本号更新至预设值,neutral
经检测版本号稳定在五十个单位,neutral
经检测版本号稳定在当前刻度,neutral
经检测版本号稳定在百分之三十,neutral
经检测版本号记录在五十个单位,neutral
经检测版本号记录在当前刻度,neutral
经检测版本号记录在指定目录,neutral
经检测版本号记录在最新标准,neutral
经检测版本号记录在百分之三十,neutral
经检测版本号记录在预设值,neutral
经检测版本号设定在最新标准,neutral
经检测版本号设定在正常范围,neutral
经检测版本号调整为当前刻度,neutral
经检测版本号调整为最新标准,neutral
经检测版本号调整为正常范围,neutral
经检测版本号调整为预设值,neutral
经检测版本号锁定在合理区间,neutral
经检测版本号锁定在指定目录,neutral
经检测版本号锁定在最新标准,neutral
经检测版本号锁定在正常范围,neutral
经检测网络带宽保持在五十个单位,neutral
经检测网络带宽保持在当前刻度,neutral
经检测网络带宽保持在正常范围,neutral
经检测网络带宽显示为五十个单位,neutral
经检测网络带宽显示为合理区间,neutral
经检测网络带宽显示为当前刻度,neutral
经检测网络带宽显示为百分之三十,neutral
经检测网络带宽显示为预设值,neutral
经检测网络带宽更新至五十个单位,neutral
经检测网络带宽更新至当前刻度,neutral
经检测网络带宽更新至正常范围,neutral
经检测网络带宽更新至百分之三十,neutral
经检测网络带宽更新至预设值,neutral
经检测网络带宽稳定在合理区间,neutral
经检测网络带宽稳定在指定目录,neutral
经检测网络带宽记录在五十个单位,neutral
经检测网络带宽记录在百分之三十,neutral
经检测网络带宽记录在预设值,neutral
经检测网络带宽设定在当前刻度,neutral
经检测网络带宽设定在指定目录,neutral
经检测网络带宽设定在预设值,neutral
经检测网络带宽调整为五十个单位,neutral
经检测网络带宽调整为合理区间,neutral
经检测网络带宽调整为当前刻度,neutral
经检测网络带宽调整为正常范围,neutral
经检测网络带宽调整为百分之三十,neutral
经检测网络带宽锁定在合理区间,neutral
经检测网络带宽锁定在指定目录,neutral
经检测设备温度保持在当前刻度,neutral
经检测设备温度保持在最新标准,neutral
经检测设备温度保持在正常范围,neutral
经检测设备温度显示为合理区间,neutral
经检测设备温度显示为当前刻度,neutral
经检测设备温度显示为百分之三十,neutral
经检测设备温度更新至当前刻度,neutral
经检测设备温度稳定在五十个单位,neutral
经检测设备温度稳定在正常范围,neutral
经检测设备温度记录在合理区间,neutral
经检测设备温度记录在当前刻度,neutral
经检测设备温度记录在指定目录,neutral
经检测设备温度记录在最新标准,neutral
经检测设备温度记录在预设值,neutral
经检测设备温度设定在合理区间,neutral
经检测设备温度设定在当前刻度,neutral
经检测设备温度设定在百分之三十,neutral
经检测设备温度调整为当前刻度,neutral
经检测设备温度调整为最新标准,neutral
经检测设备温度调整为正常范围,neutral
经检测设备温度锁定在合理区间,neutral
经检测设备温度锁定在当前刻度,neutral
经检测设备温度锁定在指定目录,neutral
经检测设备温度锁定在最新标准,neutral
经检测设备温度锁定在预设值,neutral
经检测车辆时速保持在当前刻度,neutral
经检测车辆时速保持在指定目录,neutral
经检测车辆时速保持在最新标准,neutral
经检测车辆时速保持在正常范围,neutral
经检测车辆时速显示为指定目录,neutral
经检测车辆时速显示为最新标准,neutral
经检测车辆时速显示为百分之三十,neutral
经检测车辆时速更新至合理区间,neutral
经检测车辆时速更新至当前刻度,neutral
经检测车辆时速更新至指定目录,neutral
经检测车辆时速稳定在合理区间,neutral
经检测车辆时速稳定在最新标准,neutral
经检测车辆时速稳定在正常范围,neutral
经检测车辆时速稳定在预设值,neutral
经检测车辆时速记录在当前刻度,neutral
经检测车辆时速记录在指定目录,neutral
经检测车辆时速记录在最新标准,neutral
经检测车辆时速设定在当前刻度,neutral
经检测车辆时速设定在指定目录,neutral
经检测车辆时速设定在最新标准,neutral
经检测车辆时速设定在正常范围,neutral
经检测车辆时速设定在百分之三十,neutral
经检测车辆时速调整为指定目录,neutral
经检测车辆时速调整为百分之三十,neutral
经检测车辆时速调整为预设值,neutral
经检测车辆时速锁定在最新标准,neutral
经检测车辆时速锁定在正常范围,neutral
结局还没写好，但我已经决定男主角的位置永远留给你,love
结束了。,sadness
结果不错很开心,joy
结果出来那一刻很开心,joy
结果比预想的好很多，开心,joy
结果满意就很开心,joy
结果还不错挺开心的,joy
给力！,joy
给流浪猫喂了根火腿肠，它蹭了蹭我的手,love
给脸不要脸,anger
给跪了,joy
绝了,joy
绝了太棒了,joy
绝了！,joy
绝了！这家店的火锅怎么这么好吃啊，狂推！,joy
绝处逢生。在信号完全切断的地底深处，我收到了来自卫星的一声回响，那种死里逃生的眩晕感，真爽,joy
绝处逢生。在即将断粮的第五天，我终于收到了那笔迟到了半年的稿费，蹲在马路牙子上哭成了狗,joy
绝处逢生。在即将渴死的荒漠找到一眼清泉，把头埋进水里，感受活着,joy
绝对的、自信的爱。,love
绝望,sadness
绝望的等待。,sadness
绝绝子,joy
绝绝子太棒了,joy
绝绝子太治愈了,joy
绝绝子！,joy
罄竹难书。你这些年利用职位之便霸占了多少新人的劳动成果？今天我就要让你在全行业彻底社会性死亡,anger
网络卡到爆，打游戏直接崩溃,anger
网络正常,neutral
罢了,sadness
美得很,joy
美梦破碎。拿到那张被海水泡烂的结婚证，我意识到，那场说好要一起看的极光，终究只是一场幻觉,sadness
美滋滋,contentment
美滋滋,joy
美滋滋，周五啦,contentment
群里突然发了一份裁员名单的压缩包，我盯着文件看了好久都没敢点开,anxiety
群里突然发了一张名单我还没点开就感觉手心里全是冷汗,anxiety
翻出那件旧外套，口袋里还有当时没用完的地铁票,sadness
翻到以前的照片有点想哭,sadness
翻到以前的照片，那时候真好啊,sadness
翻到去世的宠物照片，还是会哭,sadness
翻到很久以前他送我的枯萎干花，原来那份感情早就死在了那个冬天。,sadness
翻到很久以前写的日记，那时候的快乐现在看来真是讽刺。,sadness
翻到旧照片，发现大家都老了,sadness
翻开旧相册，才发现曾经那些鲜活的日子再也回不去了。,sadness
翻开聊天记录全是我的废话，好丧，感觉自己就是个自作多情的傻子,sadness
翻旧照片的时候发现有段时间笑得很傻，那时候好像什么都不知道,sadness
翻看以前的照片，发现那些老朋友都渐渐断了联系，心里酸酸的。,sadness
翻聊天记录越看越难过,sadness
翻车了,anger
老友的重逢似乎已经带来了满满的动力。整个人都轻快了。,joy
老友的重逢似乎带来了满满的动力。一定要好好庆祝。,joy
老友的重逢似乎让生活充满阳光。一定要好好庆祝。,joy
老友的重逢似乎让生活充满阳光，未来值得期待。,joy
老友的重逢似乎这种感觉太美妙！简直是完美的惊喜。,joy
老友的重逢必然令人欢欣鼓舞。整个人都轻快了。,joy
老友的重逢必然带来了满满的动力，未来值得期待。,joy
老友的重逢必然带来了由衷的慰藉，未来值得期待。,joy
老友的重逢必然让心情瞬间飞扬，未来值得期待。,joy
老友的重逢总会带来了满满的动力。一定要好好庆祝。,joy
老友的重逢总会带来了由衷的慰藉。一定要好好庆祝。,joy
老友的重逢真的带来了由衷的慰藉！简直是完美的惊喜。,joy
老友的重逢确实让心情瞬间飞扬。整个人都轻快了。,joy
老友的重逢确实让生活充满阳光。一定要好好庆祝。,joy
老友的重逢确实让生活充满阳光。整个人都轻快了。,joy
老友的重逢竟然带来了由衷的慰藉。一定要好好庆祝。,joy
老友的重逢竟然让心情瞬间飞扬。整个人都轻快了。,joy
老友的重逢竟然让生活充满阳光！简直是完美的惊喜。,joy
老友的重逢让生活充满阳光！真是太棒了。,joy
老友的重逢这种感觉太美妙！真是太棒了。,joy
老友相聚，喝点小酒聊聊家常，这种感觉真舒服,contentment
老家小路长满杂草,sadness
老家的大槐树被砍了，心里酸酸的,sadness
老家的小路都长满了杂草,sadness
老家的小路都长满了杂草，没人走了,sadness
老家的那棵大槐树被砍了，感觉童年最后的记忆也被抹杀了。,sadness
老家那口枯井再也打不上水了,sadness
老家那只陪伴我长大的土狗居然还认得我，冲过来那一刻眼眶湿了,joy
老家那条曾经充满了咱们童年欢笑的泥巴路现在全被野草盖住了，再也没人去踩了,sadness
老家那条曾经载满欢笑的小路现在长满了荒草，再也没人去打理了,sadness
老家那条曾经载满童年欢声笑语的小道现在长满了半人高的荒草，再也没人去走动了,sadness
老家那棵枣树被砍了。我站在树坑旁，突然发现自己连个可以回去发呆的地方都没了,sadness
老师说我的论文写得非常有见地，还要推荐给期刊发表，太激动了！,joy
老板临时加需求，说好了不加班的,anger
老板又在画大饼，听腻了,sadness
老板发红包了真爽,joy
老板把所有人叫进会议室然后关上门拉上了所有的百叶窗,anxiety
老板画的饼太大了，吃不下了,anger
老板突然发消息说‘来我办公室一趟’，我的心跳瞬间加速，冷汗都出来了。,anxiety
老板突然叫我去办公室，心里怦怦乱跳,anxiety
老板突然叫我去办公室，我的心跳瞬间加速了...,anxiety
老板突然在群里艾特我，让我去他办公室一趟，什么事也没说，感觉不太妙,anxiety
老板突然找我谈话，有点不安,anxiety
老板突然把我叫到办公室，我这一路上把这辈子的错事都反思了一遍。,anxiety
老板突然艾特我，心跳快停了...,anxiety
老板突然艾特我，心跳快停了。,anxiety
老板突然艾特我，心跳快停了！,anxiety
老板突然艾特我，心跳快停了？,anxiety
老板突然艾特我，心跳快停了～,anxiety
老板说我上个月的表现很优秀，要给我发额外奖金，开心到飞起。,joy
老板说要优化团队，我这种平时不显眼的人，肯定在裁员名单里吧。,anxiety
老照片全是回不去的遗憾,sadness
老照片笑脸全是泪,sadness
老照片笑脸只剩凄凉,sadness
老照片里的笑脸只剩下凄凉,sadness
老照片里的笑脸如今只剩下物是人非的凄凉,sadness
老照片里的笑脸，如今只剩凄凉,sadness
老照片里的那些熟悉笑脸如今回看，只剩下物是人非的凄凉和满地荒凉的唏嘘感慨，老天真狠,sadness
老照片里的那些熟悉笑脸如今回看，只剩下物是人非的凄惨和满地荒凉的唏嘘感慨,sadness
老照片里的那些笑脸如今回看，只剩下物是人非的凄凉和满地的感慨,sadness
老照片里的那些笑脸，如今只能在记忆深处一遍遍回放,sadness
老照片里那些熟悉的笑脸如今回看，只剩下物是人非的凄惨和满地荒凉,sadness
老誓言全是讽刺,sadness
考完最后一科，解放了！,joy
考试出成绩的前一天，真的紧张到整晚失眠,anxiety
考试出成绩的前一天，真的紧张到整晚失眠。,anxiety
考试出成绩的前一天，真的紧张到整晚失眠，一直翻来覆去,anxiety
考试出成绩的前一天，真的紧张到整晚失眠，一直翻来覆去睡不着，折磨,anxiety
考试又没过，感觉天都要塌下来了,anxiety
考试及格了，虽然分数不高但很开心,joy
考试成绩出来了，比预期高出好几分，太开心了,joy
考试最后五分钟改了答案结果改对了，运气好,joy
考试没考好，对自己很失望,sadness
考试没过，感觉天都塌了,anxiety
考试结果出来前，心始终提到嗓子眼，一点风吹草动都想入非非,anxiety
考试越来越近了，压力好大,anxiety
考试还有三天，书还是新的,anxiety
考试还有五分钟，可最后一题我还没思路...,anxiety
考试还有五分钟，可最后一题我还没思路。,anxiety
考试还有五分钟，可最后一题我还没思路！,anxiety
考试还有五分钟，可最后一题我还没思路？,anxiety
考试还有十分钟结束，但我最后一题还没做出来，手心全都是汗。,anxiety
考试通过啦，奖励自己喝杯奶茶...,joy
考试通过啦，奖励自己喝杯奶茶。,joy
考试通过啦，奖励自己喝杯奶茶！,joy
考试通过啦，奖励自己喝杯奶茶？,joy
考试铃声响了，我最后一道大题还没写，这种绝望感谁能救救我。,anxiety
耍什么嘴硬，你偷偷帮我买单的样子我都看见了,love
耍什么嘴硬，你偷偷帮我修电脑、改代码的样子我全看在眼里,love
耍什么嘴硬，你明明就心疼我心疼得不得了,love
耍我,anger
耳机在桌上,neutral
耳机坏了，地铁上太吵了受不了,anger
耳机里分你一半的音乐，指尖不经意碰触时的悸动，是这个夏天最好的注脚。,love
耳机里播放着最爱的摇滚，这一刻世界都在跟着我跳舞,joy
耳边仿佛又响起了他低声的呢喃。只是醒来后枕头湿了一大片，屋里黑得吓人,sadness
耳边仿佛又响起了他低声的呢喃。后来伸手去抓，只抓到了虚无的空气,sadness
耳边仿佛又响起了他低声的呢喃。然而伸手去抓，只抓到了虚无的空气,sadness
耳边仿佛又响起了他低声的呢喃。直到伸手去抓，只抓到了虚无的空气,sadness
耳边仿佛又响起了他低声的呢喃。直到只是对面坐着的人，再也不会是他了,sadness
耳边仿佛又响起了他低声的呢喃，但伸手去抓，只抓到了虚无的空气,sadness
耳边仿佛又响起了他低声的呢喃，但打开窗通风，那点念想瞬间就被吹散了,sadness
耳边仿佛又响起了他低声的呢喃，但醒来后枕头湿了一大片，屋里黑得吓人,sadness
耳边仿佛又响起了他低声的呢喃，醒来后枕头湿了一大片，屋里黑得吓人,sadness
耶,joy
耶！,joy
耶！年终奖发了，比去年多了整整一倍，可以带爸妈去马尔代夫啦！,joy
耶！我学会了那个很难的舞蹈动作，今天我是最靓的崽！,joy
耶！我种的多肉居然开花了，小小的粉色花朵太可爱了。,joy
耶！我设计的那个LOGO居然被客户一稿过了，简直是奇迹！,joy
耶！我设计的那个方案居然被客户一稿过了，简直是职业生涯的奇迹！,joy
耶！我设计的那个模型终于运行成功了...,joy
耶！我设计的那个模型终于运行成功了。,joy
耶！我设计的那个模型终于运行成功了！,joy
耶！我设计的那个模型终于运行成功了？,joy
耶！我设计的那个模型终于运行成功了～,joy
耶！拿到驾照了，教练说我是他见过最有天赋的学生，嘿嘿。,joy
耶！终于通关了！,joy
聊天框消息停留三年前,sadness
聊天框的消息停留在了三年前,sadness
职场PUA真的够了，再逼我我就原地辞职,anger
职场PUA真的够了，再逼我我就原地辞职，谁怕谁啊,anger
职场PUA真的够了，再逼我我就原地辞职，谁怕谁啊，此处不留爷自有留爷处,anger
职场PUA真的够了，再逼我我就原地辞职，谁怕谁啊，气炸了,anger
职场内耗太严重，觉得自己像个坏掉的零件，好想彻底申请停工,anxiety
职场我觉得自己快过季了,anxiety
职场搞小圈子，真让人心寒,anger
职场环境太紧绷，觉得自己快过载了，好想彻底宕机,anxiety
职场知识快过时了，我好慌,anxiety
肌肉紧绷到微微发酸，一遍又一遍刷新那个空白页面,anxiety
肌肉紧绷到微微发酸，不停地清嗓子并整理领带,anxiety
肌肉紧绷到微微发酸，太阳穴跳动得厉害,anxiety
肌肉紧绷到微微发酸，屏幕上红色的倒计时正在闪烁,anxiety
肌肉紧绷到微微发酸，心脏撞击胸腔的声音异常清晰,anxiety
肌肉紧绷到微微发酸，把那个文件夹打开又关上,anxiety
肌肉紧绷到微微发酸，指尖在桌面快速敲击,anxiety
肌肉紧绷到微微发酸，盯着屏幕上的第一行字看了十分钟,anxiety
肌肉紧绷到微微发酸，背后出了一层薄汗,anxiety
肌肉紧绷到微微发酸，腿肚子止不住地打战,anxiety
肌肉紧绷到微微发酸，走廊尽头传来的脚步声越来越近,anxiety
肝肠寸断。,sadness
肝肠寸断。看着那只陪伴我度过末日两年的老狗咽下最后一口气，那种孤独感，排山倒海,sadness
肝肠寸断。看着那盆已经枯萎的吊兰，我突然想起那是他走之前亲手种下的，眼泪瞬间决堤,sadness
胆战心惊。害怕在转角的阴影里看到那个熟悉而恐怖的轮廓，应激太强烈,anxiety
背后举报哥们儿拿出国名额，你这种烂人真叫人恶心，给爷爬,anger
背后出了一层薄汗，心脏撞击胸腔的声音异常清晰,anxiety
背后出了一层薄汗，手心里全是冷汗,anxiety
背后出了一层薄汗，指尖在桌面快速敲击,anxiety
背后出了一层薄汗，时钟的滴答声在房间里异常响亮,anxiety
背后出了一层薄汗，每隔几秒就按亮一次手机屏幕,anxiety
背后出了一层薄汗，电脑散热器的轰鸣声让人心烦意乱,anxiety
背后出了一层薄汗，盯着屏幕上的第一行字看了十分钟,anxiety
背后搞小动作的人，我看不起,anger
背后搞小动作的人，真恶心,anger
背后搞小动作的懦夫，我打心底里瞧不起你,anger
背后搞小动作看不起,anger
背后搞小动作，我瞧不起你,anger
能不能别再给我画大饼了，听得耳朵都起茧子了,anger
能不能别在公共场合大声外放，有没有一点基本的公德心？,anger
能不能别在公共场合大声外放，有没有点素质,anger
能不能别在地铁里大声打电话，有没有点公共意识,anger
能不能别在地铁里大声打电话，有没有点公共意识，大家都很累了好吗,anger
能不能别在地铁里大声打电话，有没有点公共意识，烦死了,anger
能不能别在地铁里大声打电话，烦死了,anger
能不能别在地铁里大声放视频，有没有点公共意识，烦死了,anger
能不能别在地铁里推来急去的,anger
能不能别在地铁里推来挤去的，大家都很累了，能不能稍微有一点点公共道德,anger
能不能别在电影院大声接电话，你家是有什么重要遗产要继承吗，火大,anger
能不能别在电影院大声说话还踢我椅子,anger
能不能别在电影院大声说话还踢我椅子，真花钱买气受，一生黑,anger
能不能别在背后议论别人的私生活？你自己的生活过好了吗？,anger
能不能别在评论区剧透，这种行为真的很没品！,anger
能不能别在评论区当教师爷，没人想听你讲课,anger
能不能别在评论区当教师爷，没人想听你讲课，管好你自己,anger
能不能别在评论区当教师爷，没人想听你讲课，请管好你自己,anger
能不能别在评论区当教师爷，没人想听你讲课，请管好你自己那摊事不行吗,anger
能不能别在评论区当教师爷，没人想听你讲课，请管好你自己那摊事行吗,anger
能不能别在评论区当教师爷，没人想听你讲那些自以为是的道理,anger
能不能别总是打着“为我好”的旗号来干涉我的决定，我的人生我自己会负责,anger
能不能别烦我,anger
能不能平替一下？价格再美丽点呗，包个邮我立马下单,anxiety
能不能滚远点,anger
能不能行啊,anxiety
能不能闭上嘴？对别人的生活指点很有意思吗...,anger
能不能闭上嘴？对别人的生活指点很有意思吗。,anger
能不能闭上嘴？对别人的生活指点很有意思吗！,anger
能不能闭上嘴？对别人的生活指点很有意思吗？,anger
能不能闭上嘴？对别人的生活指点很有意思吗～,anger
能不能闭嘴,anger
能和老同学坐在一起叙叙旧，这种感觉真的很治愈,contentment
能在一个午后静静地修剪花草，感受生命慢慢生长的力量，真的好治愈,contentment
能在一个宁静的夜晚，听着蝉鸣入睡，也是一种难得的修行,contentment
能在一个安静的午后，给自己泡一壶茶、看一本书，这种感觉太惬意了,contentment
能在一个安静的周末午后睡个午觉，真的是奢侈的幸福,contentment
能在一个安静的周末午后，躺在摇椅上听着喜欢的播客，这种感觉太惬意了,contentment
能在一个悠闲的周末给家里做一次大扫除，感觉心情都明亮了,contentment
能在一个清凉的早晨，沿着湖边跑跑步，感觉整个灵魂都被净化了,contentment
能在关键时刻得到朋友的鼎力相助，这种感动我会记一辈子,joy
能在平凡的日子里守住内心的安宁，就是一种极了不起的能力,contentment
能在平凡的日子里守住内心的安宁，这本身就是一种极了不起的修行,contentment
能在异乡吃到妈妈亲手做的剁椒太治愈了,joy
能在异乡吃到妈妈亲手寄来的特产，那种满足感瞬间爆棚,joy
能在异乡吃到家乡的味道，那种满足感真的能让人瞬间泪目,joy
能在异乡吃到正宗的家乡菜那种满足感瞬间爆棚,joy
能在忙碌一天后泡个热水澡，真知足,contentment
能在忙碌中抽离出来，享受片刻的自由，真好...,contentment
能在忙碌中抽离出来，享受片刻的自由，真好。,contentment
能在忙碌中抽离出来，享受片刻的自由，真好！,contentment
能在忙碌中抽离出来，享受片刻的自由，真好？,contentment
能在忙碌中抽离出来，享受片刻的自由，真好～,contentment
能在忙碌了一周后关掉手机睡到自然醒，对我来说就是最顶级的奢侈,contentment
能在忙碌了一周后，躺在摇椅上晒晒太阳，就是最大的幸福,contentment
能在忙碌了一天后，吃上一碗热气腾腾的家里做的面条，就是最大的慰藉,contentment
能在最绝望的时候得到陌生人的一把雨伞，这种来自世界的善意真的太暖了,joy
能在最绝望的时候看到希望的曙光太燃了,joy
能在每一个平凡的日子里发现美，这本身就是一种了不起的能力,contentment
能在每一个平凡的日子里，守住内心的那份宁静与淡泊，就是一种修行,contentment
能在每一个平凡的黄昏，看夕阳一点点消失在天际线，这种宁静真好,contentment
能在每一个清晨看到窗外的第一缕阳光，这种简单的重复就是最稳的幸福,contentment
能在纷繁复杂的世俗中，拥有一份属于自己的精神自留地，真的很幸福,contentment
能在茫茫人海中找到那个灵魂契合的人，简直是奇迹,joy
能在这个快节奏的时代里，依然保持着看信、写信的习惯，我感到很充实,contentment
能在这个浮躁的社会里拥有一份属于自己的小确幸，真的很不容易,contentment
能在这个浮躁的社会里拥有小确幸真的很不容易,contentment
能在这么一个小城里有一份稳定的工作和一个温暖的家庭，我就已经觉得非常知足、非常幸福了,contentment
能在闹市中寻得一处静谧的茶馆，偷得半日闲，真是人生一大快事,contentment
能在闹市寻找一片宁静，真难得...,contentment
能在闹市寻找一片宁静，真难得。,contentment
能在闹市寻找一片宁静，真难得！,contentment
能在闹市寻找一片宁静，真难得？,contentment
能在闹市寻找一片宁静，真难得～,contentment
能把黑的说成白的，您的沟通技巧确实比您的业务能力强太多了,anger
能按照自己的心愿去布置这个小窝，让每一处都充满生活的气息，我很知足,contentment
能按照自己的意愿过一生，就是我眼中最了不起的成功,contentment
能按照自己的节奏慢慢变老，不被外界所干扰，这本身就是一种福分,contentment
能按照自己的节奏过生活，不被他人的意见所左右，这便是我眼中最好的自由,contentment
能按自己的心意活一回，这辈子值了,contentment
能按自己的想法生活，真不容易,contentment
能按自己的想法生活，真的太不容易了,contentment
能有一个自己遮风避雨的小窝，哪怕外面狂风暴雨，心里也是暖的,contentment
能有几个知心好友，偶尔聚聚聊聊，这辈子也就够了,contentment
能遇见你真好,love
脑壳痛,anxiety
脑子一片空白,anxiety
脑子一直转停不下来,anxiety
脑子乱糟糟的,anxiety
脑子停不下来一直想,anxiety
脑子转得很快，但越转越乱，最后什么也没想清楚,anxiety
脑子里一直在胡思乱想,anxiety
脑子里乱糟糟的，全是各种失败的可能。,anxiety
脑子里全是不好的画面，停不下来怎么办,anxiety
脑子里全是不好的画面，停不下来怎么办，感觉快要被焦虑给吞噬了,anxiety
脑子里全是不好的画面，停不下来，感觉快要被焦虑给吞噬了,anxiety
脑子里全是不好的画面，停不下来，感觉快要被这种压力吞噬了,anxiety
脑子里全是不好的画面，停不下来，感觉快要被这种高压的情绪给窒息了，好慌,anxiety
脑子里全是不好的画面，感觉快要被这种高压的情绪窒息了，好慌,anxiety
脑子里全是事情的各种坏结果，停不下来,anxiety
脑子里全是事情的各种坏结果，停不下来怎么办,anxiety
脑子里全是事情的各种坏结果，停不下来怎么办，感觉快要窒息了,anxiety
脑子里全是事情的各种坏结果，停不下来怎么办，感觉快要被焦虑给吞噬了,anxiety
脑子里全是事情的各种坏结果，停不下来怎么办，感觉快要被这种高压给窒息了,anxiety
脑子里全是事情的各种坏结果，停不下来怎么办，感觉要崩溃了,anxiety
脑子里全是事情的各种坏结果，停不下来怎么办，救命,anxiety
脑子里全是事情的各种坏结果，停不下来，谁能救救我,anxiety
脑子里全是事情的各种坏结果，停不下来，谁能救救我，感觉要崩溃了,anxiety
脑子里全是坏结果，停不下来,anxiety
脑子里全是这个设定的漏洞，感觉怎么圆都不够严谨,anxiety
脑子里全是这个设定的漏洞，感觉怎么圆都不够严谨。,anxiety
脑子里有个声音一直在转，停不下来，不知道从哪儿开始,anxiety
脑子里有很多声音，但说不出来具体是哪种感觉,anxiety
脑子里的弦绷得太紧了，哪怕是一点点微小的响动都能让我惊跳起来,anxiety
脑海里全是各种最坏情况的预演，根本停不下来，感觉快要疯了,anxiety
脑袋还不清醒，但我却清晰地记得你昨天穿的衣服颜色,love
脑袋还不清醒，但我却能在半梦半醒间准确地喊出你的名字,love
脑袋还不清醒，心里却早就把你装得满满当当,love
脚踏实地。脱掉那身虚伪的西装，回老家跟着父亲在泥地里插秧，这种腰酸背痛的真实感让我觉得我还活着,contentment
脸红了,love
腿肚子止不住地打战，不停地清嗓子并整理领带,anxiety
腿肚子止不住地打战，呼吸频率变得急促且浅,anxiety
腿肚子止不住地打战，在草稿纸上乱涂乱画,anxiety
腿肚子止不住地打战，太阳穴跳动得厉害,anxiety
腿肚子止不住地打战，屏幕上红色的倒计时正在闪烁,anxiety
腿肚子止不住地打战，心脏撞击胸腔的声音异常清晰,anxiety
腿肚子止不住地打战，指尖在桌面快速敲击,anxiety
腿肚子止不住地打战，盯着屏幕上的第一行字看了十分钟,anxiety
腿肚子止不住地打战，窗外的树影在风中剧烈晃动,anxiety
自从喜欢上你，我就每天胡思乱想，连空气都变得奇妙起来。,love
自在,contentment
自寻死路。既然你觉得这种靠背叛同伴换来的荣华富贵能长久，那你就去那火坑里跳吧，滚,anger
自己做了顿饭，味道还不错，夸夸自己,joy
自得其乐。一个人在寂静的雪地里踩出一串串规则的图形，这种短暂的创造感，治愈了我,contentment
自得其乐。一个人在空荡荡的影院看了一场无人问津的纪录片，这种被时光遗忘的感觉，真高级,contentment
自得其乐。在没人认识的小镇当修理匠，不去管阶层跨越，这种日子美,contentment
自提一定要约在人多的地方，不然我真的会社恐发作,anxiety
自提地点改了三次，对方还没准时到，心凉了,sadness
自提的时候会不会遇到奇葩啊，一个人去有点虚。,anxiety
自提跑了大半个城市结果被放鸽子，真的心累,sadness
自提跑了这么远，结果对方临时加价，真的心好累。,sadness
臭傻逼滚,anger
舒服,contentment
舒服了,contentment
舒服了呀,joy
舒服了，搞定收工,contentment
艺术旗号骚扰的人是败类,anger
艺术旗号骚扰的人，是渣滓,anger
节奏慢下来反而更舒服,contentment
芜湖起飞,joy
芜湖！,joy
花了半天做的方案被否了，白干了,anger
花了这么多钱买个瑕疵品还不让退，真当我好欺负,anger
花了这么多钱买个瑕疵品还不让退，真当我好欺负啊？,anger
花开了美得像画,joy
花开花落，宠辱不惊,contentment
若能与你共白头，即便这一路有再多荆棘，我也甘之如饴。,love
若能白头偕老，哪怕耗尽此生运气也值得,love
苦尽甘来。在那场长达十年的异国漂泊后，终于吃到妈妈做的手擀面,joy
草木皆兵。害怕在深夜的无线电里听到那个传说中的“清洗指令”，这种被系统锁定的恐慌,anxiety
草木皆兵。害怕现在的安稳只是某种极其庞大的社会实验，而我只是其中一个随时可以被剔除的样本,anxiety
草木皆兵。怀疑每一瓶瓶装水的封口都被动过，这种对未知的病态防备太累,anxiety
荒废的内心。,sadness
荒芜的内心。,sadness
莫名恐慌，冷汗直流,anxiety
葬礼没活人就我一个，没真心朋友死得凄凉，这冷透了的心酸,sadness
虚,anxiety
虚拟广告里的人总在偷偷跟我说话叫我干怪事，精神恍惚太折磨人,anxiety
虽然今天被大雨淋透了，但回家洗个热水澡钻进被窝的一瞬间，觉得超幸福,contentment
虽然今天错过了末班车，但在路边发现了一家还没收摊的烧烤店，运气也不错,joy
虽然你不常说甜言蜜语，但每次过马路你都会自然地挡在车流那边,love
虽然你没说，但我知道你今天累了，我帮你放好了洗澡水。,love
虽然你没说，但我知道你今天累了，我帮你放好了洗澡水。你是我疲惫生活里的唯一慰藉,love
虽然你没说，但我知道你今天累了，我帮你放好了洗澡水。只想一直守护在你身边,love
虽然你没说，但我知道你今天累了，我帮你放好了洗澡水。希望余生都是你,love
虽然你没说，但我知道你今天累了，我帮你放好了洗澡水。想把所有好东西都给你,love
虽然你这人总爱耍嘴硬，但我就是无可救药地喜欢你。,love
虽然分手了，但我依然记得那个夏天你带给我的温柔，希望你一切都好。,love
虽然工资不高，但工作压力不大，每天能准时下班我就知足了,contentment
虽然很难过，但我已经不爱你了。,sadness
虽然房子不大，但每一个角落都被我布置成了喜欢的样子,contentment
虽然是很平常的一顿饭，但因为是和你一起吃，所以特别香。,love
虽然是很微不足道的小事，但被你记住的感觉很暖心。,love
虽然最后没拿到金奖，但听到对手真诚地称赞我的创意，心里挺自豪的,joy
虽然最后没能拿到金奖，但听到对手真诚地称赞我的创意，心里其实挺自豪的,joy
虽然有点小波折，但结局总归是好的，我也满足了。,contentment
虽然没有大富大贵，但一家人健康平安就是最大的福气。,contentment
虽然没有大富大贵，但这种安稳的日子才是我想要的,contentment
虽然生活很平淡，但这种稳定感却给了我最大的底气,contentment
虽然这次的项目奖金比预期少了一些，但总算能换掉那台卡顿的电脑了，心里挺美,joy
虽然这次的项目提成比预期少了很多，但总算能给家里换个新冰箱了，真好,joy
虽然这次的项目提成比预期少，但总算能给家里换台新冰箱，心里挺美,joy
虽然错过了最隆重的颁奖典礼，但能在这个假期陪父母爬山，心里其实更踏实,contentment
蛋糕上的蜡烛吹灭了，她许了个愿，然后笑着说没什么没什么,sadness
血液检测报告显示，各项生化指标均在临床参考范围内。,neutral
行吧,contentment
行吧,sadness
行吧看你诚心给你包个邮，快把你那卑微的表情包收起来吧，xswl,joy
行吧，反正你每次都能找到完美的借口，我早已对你所谓的真诚不抱期待。,anger
行吧，反正你每次都能找到让自己脱身的理由,anger
行吧，反正失望也不是第一次了，就这样,anger
行吧，就当我没说过,anger
行吧，就这样吧，无所谓了,sadness
行呗,contentment
行李箱在机场被拿错了，里面全是重要东西,anxiety
行，我明白了，以后注意就好了嘛,anger
行，没问题，按这个来,neutral
街角那家老店的味道一点没变。只是打开窗通风，那点念想瞬间就被吹散了,sadness
街角那家老店的味道一点没变。可伸手去抓，只抓到了虚无的空气,sadness
街角那家老店的味道一点没变。可伸手去摸，只有一片冰凉的床单,sadness
街角那家老店的味道一点没变。可只是对面坐着的人，再也不会是他了,sadness
街角那家老店的味道一点没变。后来伸手去摸，只有一片冰凉的床单,sadness
街角那家老店的味道一点没变。后来打开窗通风，那点念想瞬间就被吹散了,sadness
街角那家老店的味道一点没变。直到伸手去抓，只抓到了虚无的空气,sadness
街角那家老店的味道一点没变。直到醒来后枕头湿了一大片，屋里黑得吓人,sadness
街角那家老店的味道一点没变，伸手去抓，只抓到了虚无的空气,sadness
街角那家老店的味道一点没变，但伸手去摸，只有一片冰凉的床单,sadness
街角那家老店的味道一点没变，但只是对面坐着的人，再也不会是他了,sadness
街角那家老店的味道一点没变，醒来后枕头湿了一大片，屋里黑得吓人,sadness
表格底部的备注似乎保持在额定区间。记录已存档。,neutral
表格底部的备注似乎已经实时显示数值。属于常规操作。,neutral
表格底部的备注似乎符合标准规定。无须额外调整。,neutral
表格底部的备注似乎符合标准规定，相关指标正常。,neutral
表格底部的备注必然保持在额定区间。记录已存档。,neutral
表格底部的备注真的处于静止状态。记录已存档。,neutral
表格底部的备注真的处于静止状态。请按需查阅。,neutral
表格底部的备注真的实时显示数值，相关指标正常。,neutral
表格底部的备注确实按照流程执行。记录已存档。,neutral
表格底部的备注竟然实时显示数值。属于常规操作。,neutral
表格底部的备注竟然按照流程执行，相关指标正常。,neutral
表格底部的备注竟然设定为特定参数。请按需查阅。,neutral
表白被拒了，就这样吧,love
被人冤枉了，有口说不清,anger
被人夸气质好，第一次听到这种评价,joy
被人夸衣品好，开心了一整天,joy
被人当面说坏话，忍住了没发作,anger
被人忽悠真的很气,anger
被人忽视让我很烦,anger
被人忽视让我生气,anger
被人怼了真的很气,anger
被人惹到很气,anger
被人惹到真的很气,anger
被人惹到真的很生气,anger
被人打断真的很气,anger
被人打断真的很烦躁,anger
被人拉黑了都不知道为什么，莫名其妙,anger
被人拉黑了，连原因都不知道,anger
被人插队真的很气,anger
被人放了鸽子，理由是她忘了,anger
被人放了鸽子，白等了一小时,anger
被人敷衍让我不爽,anger
被人无缘无故在背后捅刀子，真的是气炸了,anger
被人无视真的很火,anger
被人误会了也不想解释，累了,sadness
被人误会了，解释不清，算了,sadness
被人说太敏感了，可能真的是吧,sadness
被人说太老实了会吃亏，我不想改变,contentment
被人说太黏人了，我只是缺乏安全感,anxiety
被人说很温柔，其实我只是懒得说话,contentment
被人说我不够主动，有点烦,anger
被人说我不够主动，有点着急,anger
被人说我不够优秀，有点自卑,anxiety
被人说我不够体贴，很难过,sadness
被人说我不够体贴，有点难过,sadness
被人说我不够冷静，有点焦虑,anxiety
被人说我不够努力，很不服气,anger
被人说我不够努力，很委屈,anger
被人说我不够努力，有点不服,anger
被人说我不够勇敢，有点难过,sadness
被人说我不够勤快，有点委屈,anger
被人说我不够坚强，很难过,sadness
被人说我不够坚强，有点失落,sadness
被人说我不够坚强，有点难过,sadness
被人说我不够大方，不开心,anger
被人说我不够大方，有点不开心,anger
被人说我不够大方，有点烦,anger
被人说我不够好，但我已经很努力了,anger
被人说我不够好，很难过,sadness
被人说我不够帅气，有点不爽,anger
被人说我不够懂事，有点委屈,anger
被人说我不够成熟，有点失落,anger
被人说我不够成熟，有点焦虑,anxiety
被人说我不够成熟，有点难过,sadness
被人说我不够有耐心，有点烦,anger
被人说我不够有趣，好难过,sadness
被人说我不够有趣，有点伤心,sadness
被人说我不够有趣，有点失落,anger
被人说我不够有趣，有点难过,sadness
被人说我不够朋友，很伤心,sadness
被人说我不够朋友，很委屈,anger
被人说我不够果断，有点烦,anger
被人说我不够温柔，有点不开心,anger
被人说我不够温柔，有点伤心,sadness
被人说我不够漂亮，心情不好,anger
被人说我不够热情，有点不开心,anger
被人说我不够热情，有点失落,anger
被人说我不够独立，有点烦,anger
被人说我不够真诚，很生气,anger
被人说我不够礼貌，有点难受,anger
被人说我不够稳重，有点焦虑,anxiety
被人说我不够细心，有点委屈,anger
被人说我不够聪明，很不爽,anger
被人说我不够聪明，很生气,anger
被人说我不够聪明，有点不爽,anger
被人说我不够自信，有点自卑,anxiety
被人说我不够自律，有点焦虑,anxiety
被人说我不够谦虚，有点烦,anger
被人说我不够靠谱，很生气,anger
被人说胖了，心情不好,anger
被人遗忘了的感觉，好难受,sadness
被人骗了感情，原来我只是备胎,sadness
被人骗了钱，气死我了,anger
被人骗了，好生气,anger
被他夸了一句可爱，心跳好快,love
被你偏爱的感觉真好,love
被你偏爱的感觉让我变得越来越自信，谢谢你挖掘了我的好，想永远赖着你,love
被你偏爱的感觉，让我变得更自信了,love
被你偏爱的感觉，让我变得越来越自信,love
被你偏爱的感觉，让我变得越来越自信了,love
被你偏爱的感觉，让我变得越来越自信了。,love
被你偏爱的感觉，让我变得越来越自信了，以前那个自卑的我不见了,love
被你偏爱的感觉，让我变得越来越自信了，谢谢你发现了我所有的好,love
被你偏爱的感觉，让我变得越来越自信了，谢谢你挖掘了我身上所有的闪光点,love
被你偏爱的感觉，让我变得越来越自信了，谢谢你的出现,love
被你偏爱的感觉，让我变得越来越自信了，谢谢你给我的宠溺,love
被你偏爱的感觉，让我变得越来越自信了，谢谢你让我学会了如何去爱,love
被你偏爱的感觉，让我变得越来越自信，谢谢你挖掘了我的好,love
被你偏爱的感觉，让我变得越来越自信，谢谢你教会我爱,love
被你偷偷塞进书包里的那盒巧克力甜到了，原来生活里的苦，真的可以被瞬间治愈,love
被你坚定选择、哪怕我满身缺点也依然宠溺的感觉，给了我无尽的底气,love
被你坚定选择的感觉给了我很多底气，让我变得自信，谢谢你爱我,love
被你坚定选择的感觉给了我逆袭的勇气，让我自信，谢谢你爱我,love
被你坚定选择的感觉，是我对抗世界的底气，真好,love
被你坚定选择的感觉，给了我很多面对生活的勇气,love
被你坚定选择的感觉，给了我很多面对生活的勇气，真的很有安全感,love
被你坚定选择的感觉，给了我面对世界的勇气，谢谢你一直都在,love
被你治愈了,love
被你记住所有不经意提到的小习惯和纪念日，这种细节里的宠溺，真的让我彻底沦陷,love
被你记住所有不经意说的小愿望并一一实现，这种细节里的宠溺，太犯规了,love
被你记住所有小细节的感觉真好，谢谢你把我这种粗心的人照顾得这么好,love
被你记住所有小细节的感觉真的太治愈了，谢谢你把我放在心尖上宠着，好暖,love
被你记住所有小细节的感觉真的太治愈了，谢谢你把我这种粗心的人照顾得这么好,love
被你记住所有我害怕的小动物，这种被保护的感觉，比什么都心动,love
被你记住所有我害怕的小动物，这种被保护的感觉，真的比什么都要心动,love
被你记住所有我害怕的小细节，这种被保护的感觉，真的太心动了,love
被你记住所有我随口提到的生活小偏好，这种细节里的尊重，太心动,love
被你记住所有我随口提到的生活小偏好，这种细节里的尊重，比什么礼物都珍贵,love
被你记住所有我随口提到的生活小偏好，这种细节里的尊重，比送我什么昂贵礼物都珍贵,love
被你记住所有我随口提到的生活小偏好，这种被捧在手心的感觉太甜,love
被你记住所有我随口提到的生活小偏好，这种被捧在手心的感觉，真的好甜,love
被你记住所有我随口提到的生活小细节，这种被人在意的感觉，真的好甜,love
被你记住所有我随口提过的小习惯，这种被人在意的细节，真的太甜,love
被你记住所有生理期的忌口和喜好，这种细节里的尊重，比什么礼物都好,love
被你记住所有生理期的忌口和喜好，这种细节里的尊重，比什么礼物都重要,love
被你记住所有生理期的忌口和喜好，这种细节里的爱比誓言动人,love
被你记住所有生理期的忌口和喜好，这种细节里的爱，比多少誓言都动人,love
被你记住所有生理期的忌口和喜好，这种细节里的爱，比多少誓言都要动人,love
被你记住所有生理期的忌口和我的小脾气，这种细节里的偏爱，真的让我好心动,love
被你记住所有生理期的忌口，这种细节里的尊重，比什么礼物都好,love
被你记住所有生理期的忌口，这种细节里的尊重，比送礼物更贵重,love
被你记住所有生理期的忌口，这种细节里的爱，比什么都动人,love
被你记住所有生理期的忌口，这种细节里的爱，比多少誓言都动人,love
被你记住所有随口提到的生活小细节，这种被人在意的感觉，真的好甜,love
被你记住随口提过的小偏好，这种细节里的尊重，比送名贵礼物更珍贵,love
被你这样坚定地偏爱着，我觉得自己变勇敢了,love
被你这样坚定地选择着，这种感觉真好。,love
被你随口提到的愿望成真了，谢谢你的惊喜，我真的好感动,love
被你随口记下的喜好暖到了,love
被你随口记下的喜好暖到了，原来真的有人在用心,love
被你随口记下的喜好暖到了，原来真的有人在用心听我说话,love
被你随口记下的喜好暖到了，原来真的有人在用心听我说话，细节控沦陷了,love
被你随口记下的喜好暖到了，原来真的有人在用心听我那些琐碎的废话,love
被你随口记下的喜好暖到了，原来真的有人在用心在乎我,love
被你随口记下的喜好暖到了，原来真的有人在认真在乎我,love
被你随口记下的忌口暖到了，原来真的有人在用心，守护我的生活细节,love
被你随口记下的细节暖到了，原来真的有人在用心守护我，这种爱真伟大,love
被你随口记下的那些关于我的小习惯暖到了，原来真的有人在用心呵护我的细节,love
被你随口记下的那些生活小癖好暖到了，原来真的有人在用心地爱着我，特别心动,love
被你随口记下的那些过敏源和忌口暖到了，原来真的有人在用心地守护我的生活细节,love
被你随口记下的那些过敏源和忌口暖到了，原来真的有人在用心地守护着我那些微小的生活细节,love
被你随口许下的诺言兑现了，谢谢你的这份心，我真的好感动,love
被你随口许下的诺言兑现了，谢谢你的这份心，我真的被这份爱给治愈了,love
被你随手转发的冷笑话逗得在电梯里笑出声，刚才工作的烦恼，瞬间就消散了,joy
被你随手转发的冷笑话逗得在电梯里笑出声，刚才的烦躁，瞬间消散了,joy
被你随手转发的冷笑话逗得笑出声，刚才加班带来的那些负能量，瞬间就消散了,joy
被信任的人背刺的感觉真的太难受了，什么都不想说。,sadness
被全世界抛弃了。,sadness
被全家人坚定地支持着去做自己喜欢的事，这种感觉真的无坚不摧,joy
被全家人坚定地支持着去辞职创业，这种后方稳固的感觉真的让我觉得自己无坚不摧,joy
被全家人集体支持的感觉，让我觉得自己无坚不摧,joy
被全工地的工友们选为先进工作者，这种被同行们肯定的荣誉感真的让我觉得自己没白流汗,joy
被冤枉真的很不爽,anger
被别人怼了一句真的很不爽,anger
被别人顶撞让我很气,anger
被博主翻牌子了，激动得我手都在抖,joy
被博主翻牌子了，激动得我手都在抖！,joy
被原生家庭禁锢到喘不过气，就像穿着一套小了三码的铠甲，走的每一步都在磨损灵魂,sadness
被同事在会议上联手排挤的窒息感，让我发现这间高大上的写字楼，其实就是座屠宰场,anger
被喜欢的人盯着看，心跳加速,anxiety
被大牛点评为未来可期，比发奖金还开心，这段时间的熬夜值了,joy
被大牛称赞有灵气，比拿奖金还兴奋，成就感满满,joy
被宠溺的感觉,love
被害妄想。害怕每一个擦肩而过的路人，总觉得他们的袖子里藏着一柄随时准备刺向我颈动脉的尖刀,anxiety
被家人宠溺最富有,joy
被家人宠溺的感觉最富有,joy
被家人宠溺的感觉，我觉得最富有,joy
被家人宠溺的感觉，让我觉得自己是这个世界上最富有的人,joy
被家人支持的感觉让我觉得自己无坚不摧,joy
被家人无条件宠溺着的感觉，让我觉得自己是这个世界上最富有的人,joy
被家里人无条件地支持和宠溺着的感觉，让我觉得自己是这个世界上最富有、最幸福的人,joy
被家里那帮穷哥们儿无条件支持着去外地闯荡的感觉，让我觉得自己是这个世界上最富有的人,joy
被岁月抹杀掉的纯真和誓言，如今回头翻看日记，全成了最苦的毒药,sadness
被岁月掩埋的伤疤，深夜还是疼,sadness
被岁月掩埋的伤痕在深夜被翻出还是疼,sadness
被忽略的感觉挺让人生气,anger
被忽略让人生气,anger
被忽视很气,anger
被忽视很烦,anger
被忽视挺让人生气,anger
被忽视真的很烦,anger
被忽视真的很生气,anger
被忽视让我很烦,anger
被忽视让我生气,anger
被怼了一句真的不爽,anger
被戳中了,love
被打扰真的很烦,anger
被打扰让我很烦,anger
被打断很烦,anger
被打断思路真的很烦躁,anger
被打断真的很烦,anger
被打断节奏真的很烦,anger
被打断说话真的很烦,anger
被打脸很气,anger
被打脸真的很气,anger
被抛弃了,sadness
被掩埋的真心。,sadness
被掩埋的真相。,sadness
被插队了，真的很生气,anger
被插队真的气,anger
被放了三个小时鸽子以后... 真是一场完美的体验。,anger
被放了三个小时鸽子以后... 真是太‘理想’了。,anger
被放了三个小时鸽子以后... 真是长见识了。,anger
被放了三个小时鸽子以后。真是令人‘欣慰’的结局。,anger
被放了三个小时鸽子以后。真是愉快的一天。,anger
被放了三个小时鸽子以后。这安排真是‘贴心’得让人想哭。,anger
被放了三个小时鸽子以后！我可得好好夸夸这种效率。,anger
被放了三个小时鸽子以后！我真是谢谢您了。,anger
被放了三个小时鸽子以后！托您的福，心情好到了极点。,anger
被放了三个小时鸽子以后！这可太‘棒’了。,anger
被放了三个小时鸽子以后！这可真是‘谢天谢地’。,anger
被放了三个小时鸽子以后，感觉人生达到了‘巅峰’。,anger
被放了三个小时鸽子以后，我可真‘幸运’。,anger
被放了三个小时鸽子以后，生活可真有意思。,anger
被放了三个小时鸽子以后，这就是所谓的‘惊喜’吧。,anger
被无视的感觉真的很烦,anger
被无视真的挺气的,anger
被时间抛弃了。,sadness
被晾在一边的感觉挺难受的,sadness
被暖到了,love
被最信任的人在背后捅了刀子，连质问的力气都没有了，大概这就是成长的代价吧,sadness
被最信任的人在背后捅刀子，这种滋味我记一辈子,anger
被最信任的人在背后说三道四，那一刻才发现人心真的隔着肚皮，感觉挺透心凉的,sadness
被最信任的人骗了，心好痛,sadness
被最信任的朋友背后捅刀子，这种滋味比杀了我也难受。,sadness
被最信任的朋友误解了，我连解释的欲望都没有，只有无尽的冷汗。,sadness
被最好的朋友在背后指指点点的感觉，像极了在冰天雪地里被人当头泼了一盆冷水，透心凉,sadness
被最好的朋友在背后指指点点的感觉，像极了在冰天雪地里被人泼了一盆冷水，透心凉,sadness
被最好的朋友在背后捅刀子的感觉，就像是吞下了一枚生锈的针，吐不出来，又疼得钻心,sadness
被最好的朋友误会，连解释的欲望都没有了,sadness
被最好的朋友误会，连解释的欲望都没有了。,sadness
被最好的朋友误会，连解释的欲望都没有了，大概这就是所谓的缘分尽了吧,sadness
被最好的朋友误会，连解释的欲望都没有了，随他去吧,sadness
被最好的朋友误会，连解释的欲望都没有了，随他去吧，反正是我想太多,sadness
被治愈了,love
被泪水打湿的是一场梦，我在掩饰我的执着你却在嘲笑我的落魄,anger
被甜到,love
被生活磨平了棱角，最后连哭都觉得是一件很奢侈的事情。,sadness
被窝太暖和了，根本起不来,contentment
被窝太舒服了不想起床,contentment
被老师点名回答问题，脑子一片空白,anxiety
被误会很气,anger
被误会真的很气,anger
被误会让我很气,anger
被误解让我很火大,anger
被误解还解释不清，真的很恼火,anger
被这种低级骗局骗了，我真的想扇自己两巴掌,anger
被这种全家人集体支持的感觉包裹着，我觉得即便孤身闯荡也无所畏惧,joy
被这种无微不至的关心包围着，感觉很幸福,love
被这种无微不至的关心包围着，感觉很幸福，谢谢你给我的所有宠溺,love
被这种无微不至的关心包围着，感觉生活都变得甜甜的了,love
被这种无微不至的关心包围着，感觉生活都变甜了,love
被这种默默的关注暖到了，原来我也很重要,love
被遗弃的角落。,sadness
被遗忘的誓言。,sadness
被雨淋成了落汤鸡... 托您的福，心情好到了极点。,anger
被雨淋成了落汤鸡... 生活可真有意思。,anger
被雨淋成了落汤鸡... 真是长见识了。,anger
被雨淋成了落汤鸡... 这安排真是‘贴心’得让人想哭。,anger
被雨淋成了落汤鸡。感觉人生达到了‘巅峰’。,anger
被雨淋成了落汤鸡。我可得好好夸夸这种效率。,anger
被雨淋成了落汤鸡。我真是谢谢您了。,anger
被雨淋成了落汤鸡。真是令人‘欣慰’的结局。,anger
被雨淋成了落汤鸡。真是太‘理想’了。,anger
被雨淋成了落汤鸡。真是愉快的一天。,anger
被雨淋成了落汤鸡！这就是所谓的‘惊喜’吧。,anger
被雨淋成了落汤鸡，我可真‘幸运’。,anger
被雨淋成了落汤鸡，真是一场完美的体验。,anger
被雨淋成了落汤鸡，这可太‘棒’了。,anger
被雨淋成了落汤鸡，这可真是‘谢天谢地’。,anger
被顶尖专业刊物录用论文，觉得那些枯燥的实验，终于有了价值,joy
被顶尖刊物约稿，觉得那些熬夜的孤独，都有了价值,joy
被顶撞真的很生气,anger
被领导当众羞辱后的那个深夜，我一个人在天桥上站了很久。想跳下去，又怕压坏了车,sadness
被领导当众羞辱后的那个深夜，我一个人在天桥上站了很久，想跳下去又怕砸到别人,sadness
被领导当众羞辱后的那个深夜，我一个人在天桥上站了很久，想跳下去，又怕压坏了路过的车,sadness
被领导当众羞辱后的那个深夜，我一个人在天桥上站了很久，想跳下去，又怕砸到别人,sadness
装作不经意地分享音乐，其实每一句歌词都是我想对你的告白,love
装作不经意地给你点赞，其实我已经在你的朋友圈动态里徘徊了半小时,love
装作不经意地路过，只为了能多看你一眼,love
要上台讲话，手心都在出汗,anxiety
要搬家了，东西太多不知道从哪开始，头疼,anxiety
要是再找不到解决方法，这件事情就要彻底搞砸了,anxiety
要是刚才那句话说错了怎么办，对方会不会因此讨厌我，一直在反复复盘,anxiety
要是刚才那句话说错了怎么办，对方会不会讨厌我,anxiety
要是搞砸了怎么办,anxiety
要是明天迟到了，我的全勤奖就彻底没了，好慌,anxiety
要是这份合同签不下来，整个项目的进度都要停滞了,anxiety
要是这次努力还是没有回音，我真的不知道该往哪走了,anxiety
要是这次的方案被否决了，我真的不知道该怎么修改了,anxiety
要是这次面试的结果不理想，我接下来的生活费都没着落了,anxiety
要是这笔贷款审批不下来，接下来的房租和开销该怎么办？真的不敢往下想。,anxiety
要是错过了这个最后期限，所有的心血就都付之东流了,anxiety
要疯了,anxiety
要迟到了,anxiety
要迟到了快快快,anxiety
见利忘义。为了那点提成，你连我妈的救命药都敢换成假货，老子这辈子跟你不死不休,anger
见利忘义。你为了换取那点期权，竟然出卖了整个核心团队，真该被封杀,anger
见利忘义。你为了那个副总的位置出卖陪你创业的老兄弟，真恶心,anger
见到你的时候心跳都变快了,love
见家长好慌怕表现不好,anxiety
见钱眼开。为了那点悬赏金，你连带你逃命的恩人都能出卖，真希望你这辈子都活在噩梦里,anger
见钱眼开。你为了那点拆迁款，竟然把瘫痪在床的奶奶锁进柴房，畜生,anger
觉得自己不被需要,sadness
觉得自己很失败,sadness
觉得自己有点失败,sadness
觉得自己被抛下了,sadness
觉得被抛下了,sadness
誓言全成笑话真讽刺,sadness
警察把陷害我的坏蛋抓走时，我对着天空狂笑，老天终究没瞎,joy
警报一响就钻地洞，这创伤后遗症好不了了，这辈子废得彻底,anxiety
订婚照发出来那天她点了个赞，然后把他的微信设成了免打扰,sadness
认了,sadness
讨厌鬼，每次都能精准踩中我的笑点，真是拿你没办法。,love
让我死,anxiety
记得他不爱吃香菜，想把所有美好的东西都分享给TA,love
记得他不爱吃香菜，看到对方平安到家的消息,love
记得他不爱吃香菜，这就是并肩作战的感觉吧,love
记得他不爱吃香菜，那种被信任的感觉很好,love
记得你提过最近肩膀酸，我特意买了个按摩枕放在你书桌旁。,love
记得你提过最近肩膀酸，我特意买了个按摩枕放在你书桌旁。你是我疲惫生活里的唯一慰藉,love
记得你提过最近肩膀酸，我特意买了个按摩枕放在你书桌旁。只想一直守护在你身边,love
记得你提过最近肩膀酸，我特意买了个按摩枕放在你书桌旁。希望余生都是你,love
记得你提过最近肩膀酸，我特意买了个按摩枕放在你书桌旁。想把所有好东西都给你,love
记忆力又下降，明明说好早起看太阳又生怕会遗忘,anxiety
记忆深处的老笑脸，最感人,sadness
记忆清晰得让人心疼,sadness
论文查重率百分之十一，在允许范围内,neutral
设备运行中,neutral
评审会上他们把我的设计夸得天花乱坠，然后告诉我方案被毙了,anger
评论区还有黑子在蹦跶，我真的栓Q，这届网友眼睛不要可以捐了,anger
试用期三个月全是义务加班，转正直接被裁，太寒心了！真的气坏了！,anger
诚惶诚恐,anxiety
诡异低语。深夜墙缝里传来指甲抓挠声，确定那里没有活物，这恐惧入骨,anxiety
诡异倒影。镜子里的我正在面无表情地吃东西，可我的手明明还在口袋里，那种被替代的战栗感瞬间炸开,anxiety
该产品的外包装尺寸为长三十厘米，宽二十厘米，高十厘米。,neutral
该产品的所有功能演示视频均已上传至公司的官方网站,neutral
该保险产品的保障范围涵盖了因自然灾害造成的财产损失。,neutral
该保险方案的年度免赔额设定为三千元，赔付比例为百分之八十。,neutral
该公司的总部设在上海并在北京和深圳设有研发中心,neutral
该剧院的座位排列分为池座楼座和包厢三个区域,neutral
该医院的门诊大楼共有四部扶梯和三部直梯,neutral
该向左还是向右，分岔的路口总让我感到莫名地惶恐,anxiety
该商场的营业时间为周一至周日的早上十点到晚上十点,neutral
该地区的土壤成分主要由沙土和少量黏土组成。,neutral
该地区的地层结构主要由石灰岩和白云岩交错组成。,neutral
该地区的常住人口分布较为均匀，主要集中在河流沿岸。,neutral
该地区的年平均气温波动范围在正负二摄氏度以内。,neutral
该地区的年降水量似乎已经保持在额定区间。记录已存档。,neutral
该地区的年降水量似乎已经处于静止状态。无须额外调整。,neutral
该地区的年降水量似乎已经实时显示数值。属于常规操作。,neutral
该地区的年降水量似乎已经实时显示数值。无须额外调整。,neutral
该地区的年降水量似乎已经按照流程执行。属于常规操作。,neutral
该地区的年降水量似乎已经设定为特定参数，相关指标正常。,neutral
该地区的年降水量似乎按照流程执行，相关指标正常。,neutral
该地区的年降水量必然保持在额定区间，相关指标正常。,neutral
该地区的年降水量必然设定为特定参数，相关指标正常。,neutral
该地区的年降水量总会按照流程执行。属于常规操作。,neutral
该地区的年降水量总会设定为特定参数。记录已存档。,neutral
该地区的年降水量按照流程执行。属于常规操作。,neutral
该地区的年降水量按照流程执行。无须额外调整。,neutral
该地区的年降水量真的保持在额定区间。属于常规操作。,neutral
该地区的年降水量真的实时显示数值。记录已存档。,neutral
该地区的年降水量确实处于静止状态。属于常规操作。,neutral
该地区的年降水量确实处于静止状态。无须额外调整。,neutral
该地区的年降水量确实处于静止状态，相关指标正常。,neutral
该地区的年降水量确实符合标准规定。无须额外调整。,neutral
该地区的年降水量竟然处于静止状态。请按需查阅。,neutral
该地区的矿产资源主要以铁矿石和少量的铜矿为主。,neutral
该地区的降水量分布不均，呈现出自东向西递减的趋势。,neutral
该地块的土壤环境质量符合国家二级标准要求。,neutral
该地块的容积率为二点零，建筑密度限制在百分之二十以内。,neutral
该地块的规划用途为居住用地，建筑限高为三十六米。,neutral
该地段的地下水位埋深约为四米，土质以粉质黏土为主。,neutral
该型号打印机使用的是激光成像技术，支持无线连接功能。,neutral
该型号的冷风扇内置了两个冰晶盒降温效果更佳,neutral
该型号的净水器滤芯支持快插式设计方便用户自行更换,neutral
该型号的净水机采用五级过滤系统出水可以直接饮用,neutral
该型号的划船机支持阻力调节和运动数据同步,neutral
该型号的划船机采用水阻设计可以模拟真实划水体验,neutral
该型号的加湿器具有定时开关机和智能湿度设定功能,neutral
该型号的加湿器具有水箱缺水自动停止喷雾的功能,neutral
该型号的加湿器采用超声波雾化技术噪音低于三十分贝,neutral
该型号的取暖器支持恒温模式和远程手机操控,neutral
该型号的吸尘器支持多层过滤系统可以有效拦截灰尘,neutral
该型号的吸排油烟机支持挥手控制和自动清洗,neutral
该型号的吸油烟机支持自动开盖和感应控制功能,neutral
该型号的咖啡机支持现磨豆和咖啡粉两种模式,neutral
该型号的干发帽采用高密纤维材质吸水性较强,neutral
该型号的干衣机支持巴氏杀菌和紫外线除螨功能,neutral
该型号的干鞋器支持伸缩调整可以适配不同尺码的鞋子,neutral
该型号的微波炉共有五档功率可供选择,neutral
该型号的感应皂液器支持三档出液量调节,neutral
该型号的感应龙头支持红外线感应可以有效节约用水,neutral
该型号的扫地机器人具有自动集尘功能无需手动清理尘盒,neutral
该型号的扫地机器人可以自动识别地毯并增加吸力,neutral
该型号的扫地机器人支持激光导航和自动断点续扫,neutral
该型号的扫地机器人支持自定义禁区和选区清扫,neutral
该型号的投影仪支持多路信号输入包括HDMI和VGA,neutral
该型号的投影仪支持梯形校正和自动对焦功能,neutral
该型号的挂烫机支持挂烫和平铺两种熨烫方式,neutral
该型号的挂钟采用静音扫描机芯需要使用一节五号电池,neutral
该型号的搅拌机支持五档转速调节和脉冲功能,neutral
该型号的智能后视镜支持全屏倒车影像和行车记录,neutral
该型号的智能开关支持与小爱同学进行语音互联,neutral
该型号的智能灯泡支持十六万种颜色的自由调节,neutral
该型号的智能马桶盖支持水温调节和暖风烘干,neutral
该型号的暖风机支持摇头功能和倾倒自动断电,neutral
该型号的果汁机采用冷压技术可以保留更多营养成分,neutral
该型号的椭圆机支持心率控制模式和手动阻力调节,neutral
该型号的洗地机支持自动识别脏污程度并调节水量,neutral
该型号的洗碗机支持高温烘干和除味功能,neutral
该型号的消毒柜支持高温和紫外线双重杀菌功能,neutral
该型号的烤箱内置了循环风扇可以使食物受热更均匀,neutral
该型号的燃气灶具支持自动熄火保护功能,neutral
该型号的电动车在充满电后的综合续航里程为八十公里,neutral
该型号的电压力锅具有自动泄压和断电保护功能,neutral
该型号的电压力锅支持多种烹饪模式包括煮饭和炖汤,neutral
该型号的电吹风支持负离子护发和智能控温技术,neutral
该型号的电子秤支持手机App互联可以记录体重变化,neutral
该型号的电子门锁支持手机蓝牙近距离自动解锁,neutral
该型号的电梯最大载重量为一千公斤核定载客人数为十三人,neutral
该型号的电水壶支持一键开启和防干烧保护,neutral
该型号的电水壶采用食品级不锈钢材质容量为一点七升,neutral
该型号的电池续航在待机模式下约为四十八小时。,neutral
该型号的电炖盅支持预约定时和自动保温功能,neutral
该型号的电热毯支持多档位调温和自动断电功能,neutral
该型号的电熨斗支持垂直挂烫和平铺熨烫两种模式,neutral
该型号的电磁炉支持多档火力调节和定时关闭功能,neutral
该型号的电视机支持语音识别和智能家居互联,neutral
该型号的电陶炉支持多种模式切换包括煎炸和火锅,neutral
该型号的电风扇共有七片扇叶支持左右广角摇头,neutral
该型号的石英钟支持电波对时可以自动同步标准时间,neutral
该型号的破壁机支持预约功能和自动清洗模式,neutral
该型号的空气净化器具有甲醛分解功能和负离子释放,neutral
该型号的空气循环扇支持全方位自动摇头功能,neutral
该型号的空气循环扇支持远距离送风噪音控制在四十分贝,neutral
该型号的空调支持手机远程控制和定时开关机功能,neutral
该型号的蓄电池充满电大约需要四个半小时,neutral
该型号的跑步机支持坡度调节和心率检测功能,neutral
该型号的除湿机支持自动排水功能和定时关机,neutral
该型号的音箱支持蓝牙五点零和有线辅助输入,neutral
该城市的公共交通卡在全省范围内的公交线路上通用。,neutral
该城市的地铁三号线将在下个月底增加两组列车投入运营。,neutral
该城市的平均年降水量约为八百毫米，集中在夏季。,neutral
该城市的平均海拔高度为一百五十米，属于典型的平原地带。,neutral
该城市的污水处理厂每日处理能力为五万吨，运行状态正常。,neutral
该基金的净值更新时间为每个交易日的晚上八点左右。,neutral
该小区的停车位分为地上和地下两个部分实行统一管理,neutral
该小区的垃圾分类督导员工作时间为早上七点到九点,neutral
该建筑物的总高度为一百二十米共有三十五层,neutral
该建筑物的总高度为八十八米，顶层设有一个开放式天台。,neutral
该建筑物的抗震等级设定为八级，符合国家安全标准。,neutral
该建筑的混凝土强度等级为C30，采用了抗渗防水处理。,neutral
该手机壳的按键处采用了软胶设计，可以保护原机按键。,neutral
该批次产品检验结果合格，可安排正常出货,neutral
该景区的开放时间为每日早上八点半至下午五点,neutral
该楼层的自动消防喷淋系统已通过年度压力测试。,neutral
该款处理器的基础频率为二点五赫兹最大睿频为四点二,neutral
该款手机的充电接口规格为Type-C，支持最大六十六瓦快充。,neutral
该款扫地机的尘盒容量为四百毫升建议每周清理一次,neutral
该款汽车的百公里油耗在综合工况下约为六点五升,neutral
该款相机的电池手柄支持热插拔，可以不关机更换电池。,neutral
该款相机的镜头盖是塑料材质的，带有防丢挂绳孔。,neutral
该款空气净化器的滤芯需要定期更换以保证净化效果,neutral
该款耳机的电池容量为五百毫安时，充满电需两小时。,neutral
该款路由器的最大连接数量为六十四台设备，支持频分多址技术。,neutral
该款项将通过银行转账的方式在三个工作日内到账,neutral
该物流公司的配送范围目前覆盖了全国大部分的二线城市,neutral
该理财产品的起购金额为一万元人民币，风险等级评定为二级。,neutral
该笔跨行转账申请已受理，款项预计在两个小时内入账。,neutral
该系统的日志文件会自动保存在根目录下的日志文件夹内。,neutral
该系统的最大并发用户数为一千个，超出后需排队等待。,neutral
该系统的访问权限设置为管理员级别，普通用户无法修改配置。,neutral
该系统的默认密码已经发送到了您的企业邮箱请注意查收,neutral
该设备的保修期为自购买之日起算的一年时间,neutral
该设备的运行电压似乎已经实时显示数值。记录已存档。,neutral
该设备的运行电压处于静止状态。请按需查阅。,neutral
该设备的运行电压必然处于静止状态。无须额外调整。,neutral
该设备的运行电压必然符合标准规定。无须额外调整。,neutral
该设备的运行电压总会符合标准规定，相关指标正常。,neutral
该设备的运行电压真的保持在额定区间。属于常规操作。,neutral
该设备的运行电压真的保持在额定区间。无须额外调整。,neutral
该设备的运行电压真的符合标准规定。请按需查阅。,neutral
该设备的运行电压确实实时显示数值。属于常规操作。,neutral
该设备的运行电压竟然保持在额定区间。属于常规操作。,neutral
该设备的运行电压竟然设定为特定参数。请按需查阅。,neutral
该路口的交通灯转换周期为九十秒，红灯时长为四十秒。,neutral
该路口的全景监控视频存储周期设定为三十个自然日。,neutral
该路口的测速摄像头每小时会进行一次自动校准和数据同步。,neutral
该路口的监控摄像头具备夜视功能，可以二十四小时工作。,neutral
该路口的红绿灯配有倒计时显示屏，方便驾驶员掌握时间。,neutral
该路口的红绿灯配有红外感应装置，可根据车流调整时长。,neutral
该路口的行人信号灯配有语音提示功能，方便视障人士通过。,neutral
该路段的交通标志牌采用了反光膜技术，提高了夜间识别率。,neutral
该路段的交通监控数据每小时会自动上传至中心服务器。,neutral
该软件的下一个版本更新将包含针对系统安全性的补丁,neutral
该软件的兼容性测试报告显示，支持目前主流的操作系统。,neutral
该软件的导出功能支持多种图像格式，用户可以根据需要选择。,neutral
该软件的导出格式支持常见的CSV和JSON类型。,neutral
该软件的最新版本修复了之前版本中存在的三个安全漏洞。,neutral
该软件的隐私协议中详细列出了对个人信息的收集范围,neutral
该金融机构的营业时间已调整为周一至周五的早九晚五。,neutral
该银行卡的单日转账限额已设置为五万元，如需提额请前往柜台。,neutral
该银行的分行营业网点在周六和周日仅提供个人业务,neutral
该阶段土壤湿度保持在五十个单位,neutral
该阶段土壤湿度保持在当前刻度,neutral
该阶段土壤湿度保持在最新标准,neutral
该阶段土壤湿度显示为当前刻度,neutral
该阶段土壤湿度显示为指定目录,neutral
该阶段土壤湿度显示为最新标准,neutral
该阶段土壤湿度显示为预设值,neutral
该阶段土壤湿度更新至五十个单位,neutral
该阶段土壤湿度更新至合理区间,neutral
该阶段土壤湿度更新至当前刻度,neutral
该阶段土壤湿度更新至百分之三十,neutral
该阶段土壤湿度稳定在五十个单位,neutral
该阶段土壤湿度稳定在当前刻度,neutral
该阶段土壤湿度记录在指定目录,neutral
该阶段土壤湿度记录在正常范围,neutral
该阶段土壤湿度设定在指定目录,neutral
该阶段土壤湿度调整为五十个单位,neutral
该阶段土壤湿度调整为正常范围,neutral
该阶段土壤湿度锁定在合理区间,neutral
该阶段土壤湿度锁定在最新标准,neutral
该阶段审批流程保持在合理区间,neutral
该阶段审批流程保持在当前刻度,neutral
该阶段审批流程保持在指定目录,neutral
该阶段审批流程保持在预设值,neutral
该阶段审批流程显示为当前刻度,neutral
该阶段审批流程显示为指定目录,neutral
该阶段审批流程显示为最新标准,neutral
该阶段审批流程显示为百分之三十,neutral
该阶段审批流程更新至合理区间,neutral
该阶段审批流程更新至当前刻度,neutral
该阶段审批流程更新至最新标准,neutral
该阶段审批流程稳定在五十个单位,neutral
该阶段审批流程稳定在当前刻度,neutral
该阶段审批流程稳定在指定目录,neutral
该阶段审批流程稳定在百分之三十,neutral
该阶段审批流程记录在预设值,neutral
该阶段审批流程设定在合理区间,neutral
该阶段审批流程设定在指定目录,neutral
该阶段审批流程设定在最新标准,neutral
该阶段审批流程设定在百分之三十,neutral
该阶段审批流程调整为五十个单位,neutral
该阶段审批流程锁定在当前刻度,neutral
该阶段审批流程锁定在指定目录,neutral
该阶段审批流程锁定在最新标准,neutral
该阶段建筑高度保持在最新标准,neutral
该阶段建筑高度显示为五十个单位,neutral
该阶段建筑高度更新至合理区间,neutral
该阶段建筑高度更新至当前刻度,neutral
该阶段建筑高度稳定在五十个单位,neutral
该阶段建筑高度稳定在最新标准,neutral
该阶段建筑高度记录在指定目录,neutral
该阶段建筑高度记录在预设值,neutral
该阶段建筑高度设定在当前刻度,neutral
该阶段建筑高度调整为合理区间,neutral
该阶段建筑高度调整为指定目录,neutral
该阶段建筑高度调整为百分之三十,neutral
该阶段建筑高度调整为预设值,neutral
该阶段建筑高度锁定在指定目录,neutral
该阶段建筑高度锁定在最新标准,neutral
该阶段建筑高度锁定在百分之三十,neutral
该阶段建筑高度锁定在预设值,neutral
该阶段数据库状态保持在五十个单位,neutral
该阶段数据库状态保持在最新标准,neutral
该阶段数据库状态显示为五十个单位,neutral
该阶段数据库状态显示为当前刻度,neutral
该阶段数据库状态显示为指定目录,neutral
该阶段数据库状态显示为正常范围,neutral
该阶段数据库状态显示为百分之三十,neutral
该阶段数据库状态更新至合理区间,neutral
该阶段数据库状态更新至指定目录,neutral
该阶段数据库状态稳定在百分之三十,neutral
该阶段数据库状态记录在合理区间,neutral
该阶段数据库状态记录在正常范围,neutral
该阶段数据库状态记录在预设值,neutral
该阶段数据库状态设定在五十个单位,neutral
该阶段数据库状态设定在合理区间,neutral
该阶段数据库状态设定在正常范围,neutral
该阶段数据库状态设定在百分之三十,neutral
该阶段数据库状态调整为指定目录,neutral
该阶段数据库状态调整为预设值,neutral
该阶段数据库状态锁定在最新标准,neutral
该阶段文件路径保持在五十个单位,neutral
该阶段文件路径保持在当前刻度,neutral
该阶段文件路径保持在最新标准,neutral
该阶段文件路径保持在百分之三十,neutral
该阶段文件路径保持在预设值,neutral
该阶段文件路径显示为五十个单位,neutral
该阶段文件路径显示为合理区间,neutral
该阶段文件路径显示为最新标准,neutral
该阶段文件路径显示为正常范围,neutral
该阶段文件路径显示为预设值,neutral
该阶段文件路径更新至合理区间,neutral
该阶段文件路径更新至预设值,neutral
该阶段文件路径稳定在当前刻度,neutral
该阶段文件路径稳定在预设值,neutral
该阶段文件路径记录在合理区间,neutral
该阶段文件路径记录在最新标准,neutral
该阶段文件路径设定在五十个单位,neutral
该阶段文件路径设定在合理区间,neutral
该阶段文件路径设定在当前刻度,neutral
该阶段文件路径设定在正常范围,neutral
该阶段文件路径调整为合理区间,neutral
该阶段文件路径调整为百分之三十,neutral
该阶段文件路径调整为预设值,neutral
该阶段文件路径锁定在最新标准,neutral
该阶段文件路径锁定在正常范围,neutral
该阶段文件路径锁定在预设值,neutral
该阶段液体浓度保持在当前刻度,neutral
该阶段液体浓度保持在指定目录,neutral
该阶段液体浓度保持在正常范围,neutral
该阶段液体浓度显示为五十个单位,neutral
该阶段液体浓度显示为指定目录,neutral
该阶段液体浓度显示为最新标准,neutral
该阶段液体浓度显示为正常范围,neutral
该阶段液体浓度更新至五十个单位,neutral
该阶段液体浓度更新至预设值,neutral
该阶段液体浓度稳定在当前刻度,neutral
该阶段液体浓度稳定在指定目录,neutral
该阶段液体浓度稳定在百分之三十,neutral
该阶段液体浓度记录在五十个单位,neutral
该阶段液体浓度记录在最新标准,neutral
该阶段液体浓度设定在五十个单位,neutral
该阶段液体浓度设定在合理区间,neutral
该阶段液体浓度设定在最新标准,neutral
该阶段液体浓度设定在百分之三十,neutral
该阶段液体浓度调整为合理区间,neutral
该阶段液体浓度调整为当前刻度,neutral
该阶段液体浓度调整为正常范围,neutral
该阶段液体浓度锁定在合理区间,neutral
该阶段液体浓度锁定在百分之三十,neutral
该阶段版本号保持在合理区间,neutral
该阶段版本号保持在百分之三十,neutral
该阶段版本号显示为指定目录,neutral
该阶段版本号显示为百分之三十,neutral
该阶段版本号更新至指定目录,neutral
该阶段版本号更新至最新标准,neutral
该阶段版本号更新至正常范围,neutral
该阶段版本号稳定在当前刻度,neutral
该阶段版本号稳定在正常范围,neutral
该阶段版本号稳定在百分之三十,neutral
该阶段版本号记录在合理区间,neutral
该阶段版本号记录在预设值,neutral
该阶段版本号设定在五十个单位,neutral
该阶段版本号设定在正常范围,neutral
该阶段版本号设定在预设值,neutral
该阶段版本号调整为预设值,neutral
该阶段版本号锁定在当前刻度,neutral
该阶段网络带宽保持在五十个单位,neutral
该阶段网络带宽保持在合理区间,neutral
该阶段网络带宽保持在最新标准,neutral
该阶段网络带宽保持在正常范围,neutral
该阶段网络带宽保持在预设值,neutral
该阶段网络带宽显示为五十个单位,neutral
该阶段网络带宽显示为当前刻度,neutral
该阶段网络带宽显示为最新标准,neutral
该阶段网络带宽更新至合理区间,neutral
该阶段网络带宽更新至正常范围,neutral
该阶段网络带宽更新至百分之三十,neutral
该阶段网络带宽更新至预设值,neutral
该阶段网络带宽稳定在五十个单位,neutral
该阶段网络带宽稳定在合理区间,neutral
该阶段网络带宽稳定在当前刻度,neutral
该阶段网络带宽稳定在指定目录,neutral
该阶段网络带宽稳定在最新标准,neutral
该阶段网络带宽稳定在预设值,neutral
该阶段网络带宽记录在当前刻度,neutral
该阶段网络带宽记录在最新标准,neutral
该阶段网络带宽设定在五十个单位,neutral
该阶段网络带宽设定在指定目录,neutral
该阶段网络带宽设定在最新标准,neutral
该阶段网络带宽设定在正常范围,neutral
该阶段网络带宽设定在百分之三十,neutral
该阶段网络带宽调整为五十个单位,neutral
该阶段网络带宽调整为合理区间,neutral
该阶段网络带宽调整为正常范围,neutral
该阶段网络带宽调整为百分之三十,neutral
该阶段网络带宽调整为预设值,neutral
该阶段网络带宽锁定在合理区间,neutral
该阶段网络带宽锁定在当前刻度,neutral
该阶段网络带宽锁定在正常范围,neutral
该阶段设备温度保持在五十个单位,neutral
该阶段设备温度保持在合理区间,neutral
该阶段设备温度保持在当前刻度,neutral
该阶段设备温度保持在最新标准,neutral
该阶段设备温度保持在正常范围,neutral
该阶段设备温度显示为合理区间,neutral
该阶段设备温度显示为当前刻度,neutral
该阶段设备温度显示为最新标准,neutral
该阶段设备温度显示为正常范围,neutral
该阶段设备温度更新至合理区间,neutral
该阶段设备温度更新至最新标准,neutral
该阶段设备温度更新至预设值,neutral
该阶段设备温度稳定在五十个单位,neutral
该阶段设备温度稳定在当前刻度,neutral
该阶段设备温度稳定在指定目录,neutral
该阶段设备温度稳定在正常范围,neutral
该阶段设备温度稳定在预设值,neutral
该阶段设备温度记录在当前刻度,neutral
该阶段设备温度记录在最新标准,neutral
该阶段设备温度记录在正常范围,neutral
该阶段设备温度记录在预设值,neutral
该阶段设备温度设定在指定目录,neutral
该阶段设备温度设定在百分之三十,neutral
该阶段设备温度调整为百分之三十,neutral
该阶段设备温度锁定在合理区间,neutral
该阶段设备温度锁定在最新标准,neutral
该阶段车辆时速保持在五十个单位,neutral
该阶段车辆时速保持在合理区间,neutral
该阶段车辆时速保持在当前刻度,neutral
该阶段车辆时速保持在指定目录,neutral
该阶段车辆时速保持在正常范围,neutral
该阶段车辆时速显示为合理区间,neutral
该阶段车辆时速显示为当前刻度,neutral
该阶段车辆时速显示为最新标准,neutral
该阶段车辆时速显示为预设值,neutral
该阶段车辆时速更新至合理区间,neutral
该阶段车辆时速更新至当前刻度,neutral
该阶段车辆时速更新至预设值,neutral
该阶段车辆时速稳定在五十个单位,neutral
该阶段车辆时速稳定在最新标准,neutral
该阶段车辆时速稳定在百分之三十,neutral
该阶段车辆时速记录在五十个单位,neutral
该阶段车辆时速记录在指定目录,neutral
该阶段车辆时速记录在最新标准,neutral
该阶段车辆时速记录在百分之三十,neutral
该阶段车辆时速设定在五十个单位,neutral
该阶段车辆时速设定在指定目录,neutral
该阶段车辆时速设定在正常范围,neutral
该阶段车辆时速设定在预设值,neutral
该阶段车辆时速锁定在最新标准,neutral
该阶段车辆时速锁定在正常范围,neutral
该阶段车辆时速锁定在百分之三十,neutral
该项仲裁裁决书自送达之日起具有法律效力，双方应遵照执行。,neutral
该项实验的观测数据每隔十五分钟会自动记录到数据库中。,neutral
该项工程的初步规划图纸已提交给相关部门进行审核。,neutral
该项工程的预计完工日期是明年的六月十五日,neutral
该项技术的专利说明书详细描述了其创新点和具体实施方式。,neutral
该项技术的研发周期历时三年，目前已进入中试阶段。,neutral
该项政策的有效期截止到明年年底，具体执行细则另行通知。,neutral
该项政策的适用对象为在该市居住满一年的非户籍人口。,neutral
该项比赛的初赛规则已经发布在官方网站的公告栏内,neutral
该项目的截止日期定于本周五下午五点，请按时提交。,neutral
该项目的环境影响评价报告已经提交给环保局进行公示。,neutral
该项研究的样本量为一千人，数据采集工作已经完成。,neutral
该项研究的样本量共包含了一千名不同年龄段的受访者,neutral
该项补助的名单公示期为七天，期间接受社会各界监督。,neutral
该项补贴的申请流程通常需要三个到五个工作日的审批期。,neutral
该项贷款的还款方式可选等额本息或等额本金，利率执行基准利率。,neutral
说不上来为什么，就是最近有点紧绷，不知道在防着什么,anxiety
说了不下五遍，每次都说记住了，结果呢？,anger
说哑了那帮专家，全场鼓掌的那刻，老子这辈子死而无憾了，牛,joy
说好aa结果他装傻，这种人以后不来往了,anger
说好了一起拼，见副总位置就卖我，你这种见利忘义的孙子别联系了,anger
说好了十点集合，结果现在还没出门，烦死了,anger
说好了十点集合，结果现在还没出门，能不能有点时间观念,anger
说好了十点集合，结果现在还没出门，能不能有点时间观念啊,anger
说好了十点集合，结果现在还没出门，能不能有点时间观念，烦死了,anger
说好了十点集合，结果现在还没出门，能不能有点时间观念，烦死了这种人,anger
说好了是AA制，结果每次结账的时候他都消失，这种占小便宜的人真不可理喻,anger
说好了是AA结果结账时人全跑了，这种便宜也占，真恶心,anger
说好了是互换资源结果对方拿了就拉黑，这种便宜也占，真恶心,anger
说好了是共同承担风险，结果一出事他就溜得比谁都快，这种没担当的人真让人鄙视,anger
说好了是共同承担，结果到交钱的时候他就装死，这种不负责任的人真差劲,anger
说好了是团队合作结果干活时全失踪，领功时一个比一个快，恶心,anger
说好了是团队合作，结果干活时人全消失，这种人真的让人火大到极致,anger
说好了是团队合作，结果干活的时候人全失踪了,anger
说好了是团队合作，结果干活的时候人全失踪了，领功的时候一个比一个快,anger
说好了是团队合作，结果干活的时候人全失踪，领功的时候一个比一个快,anger
说好了是团队合作，结果干活的时候人全失踪，领功的时候一个比一个蹦得欢，气炸,anger
说好了是责任均摊，结果一到要加班解决问题的时候他就隐身，这种人真没担当,anger
说好了是资源共享结果你拿了就拉黑我，这种卑劣行径，真下作,anger
说好了是资源共享结果你拿了我的东西就拉黑，这种卑劣行径，真的下作,anger
说好了是轮流干活，结果每次到他的时候就借口身体不舒服，这种人真差劲,anger
说好了自提，我等了一个小时对方居然放我鸽子，火大！,anger
说好了自提，我等了一个小时对方居然放鸽子,anger
说好准时交接的，拖到现在还没弄完，真是不负责任！,anger
说好的一起去考研，结果你保研了就再也没回过我消息。,sadness
说好的一起去远行，现在的地图上只剩下我一个人的足迹,sadness
说好的一起去面试，结果你偷偷背着我提前去了，这种心机我服了。,anger
说好的一起看海，现在的我只能在冰冷的岸边看潮汐起伏,sadness
说好的一辈子，为什么你先松开手，难道那些诺言全是廉价的借口,anger
说好的一辈子，差一年一月一天都不行,sadness
说好的事情说变就变，基本的契约精神都没有吗,anger
说好的以后变成了一个人的白首，那些承诺终究是输给了现实,sadness
说好的最后一次见面，结果因为堵车没赶上，连个正式的告别都没有。,sadness
说好的永远，最后只剩遗憾...,sadness
说好的永远，最后只剩遗憾。,sadness
说好的要一起闯天下，最后却在利益面前分道扬镳，这交情还真是讽刺,sadness
说好自提结果临时涨价，这种人直接拉黑不谢,anger
说好要一起白头，你却中途退场了,sadness
说好要一起白头，你却先染了发,sadness
说好要一起走，你却中途撤了,sadness
说好要一起走，你却先松了手,sadness
说实话，为你奋不顾身，是我做过最勇敢的事...,love
说实话，从那一刻起，你就是我的唯一。,love
说实话，你凭什么轻易践踏我的底线！,anger
说实话，你是我心底最柔软的偏爱。,love
说实话，只要你一个眼神，我就能懂...,love
说实话，后来，终于在眼泪中明白。,sadness
说实话，在回忆里流浪，找不到出口。,sadness
说实话，外卖洒了一地，我盯着地上的汤发呆，突然觉得自己的人生也这样一团糟。,sadness
说实话，害怕那些承诺，最后变成惩罚。,anxiety
说实话，就是爱你，这感觉那么奇妙！,joy
说实话，就算与全世界为敌，我也只要你...,love
说实话，就算时光荏苒，对你的感觉从没变...,love
说实话，就算时光荏苒，对你的感觉从没变。,love
说实话，岁月静好，只要有你陪在身旁。,contentment
说实话，徘徊在十字路口，找不到你的方向...,anxiety
说实话，情不知所起，一往而情深...,love
说实话，情不知所起，一往而情深。,love
说实话，我怀念的，是无话不说...,sadness
说实话，我恨透了你这种无所谓的态度。,anger
说实话，我恨透了你这种无所谓的态度！,anger
说实话，把所有的回忆烧毁，彻底结束！,anger
说实话，把最美的誓言，都在今天兑现。,love
说实话，明明约好了时间却迟到一个小时，发消息也不回，真的非常不尊重人。,anger
说实话，星光下的拥抱，浪漫得刚刚好。,joy
说实话，站在回忆的悬崖边，进退两难。,anxiety
说实话，终于学会了成全，也放过了自己...,contentment
说实话，虽然分手了，但我依然记得那个夏天你带给我的温柔，希望你一切都好。？,love
说实话，说谎的人，要吞一千根针！,anger
说实话，那些错过的风景，再也回不去了。,sadness
说实话，那种只要看到你就忍不住想微笑的感觉，应该就是真正的喜欢吧。,love
说实话，闭上眼睛，眼泪又悄悄滑落...,sadness
说实话，黑夜太漫长，我害怕再次迷失...,anxiety
说明明是对方全责还反咬一口说我没素质，真当我这种老实人是好欺负的吗,anger
说明明是对方插队，居然还有脸大声嚷嚷，这素质简直是没救了,anger
说明明是对方插队，居然还有脸大声嚷嚷，这素质简直是没救了，火大到不行,anger
说真的，万一誓言被时间改变，该怎么办...,anxiety
说真的，万一誓言被时间改变，该怎么办？,anxiety
说真的，不再期待什么永远，只享受此刻...,contentment
说真的，不再期待什么永远，只享受此刻。,contentment
说真的，不去计较谁对谁错，心里彻底解脱了。,contentment
说真的，不敢去想未来，怕又是一场空...,anxiety
说真的，你忽冷忽热的态度，快把我逼疯了。,anxiety
说真的，你的微笑，是我每天的晴天！,joy
说真的，你的背包，背到现在还没烂。,sadness
说真的，你说的承诺，全都是骗人的谎言。,anger
说真的，别再用那些假装的温柔来敷衍我！,anger
说真的，原来孤单，是听见某首熟悉的情歌...,sadness
说真的，原来最痛的距离，是你不在身边...,sadness
说真的，在回忆里流浪，找不到出口。,sadness
说真的，如果失去你，我该怎么活下去？,anxiety
说真的，就算再不舍，也要转身离开。,sadness
说真的，就算时光荏苒，对你的感觉从没变。,love
说真的，就让一切顺其自然，不再强求。,contentment
说真的，当初的承诺，简直像个笑话！,anger
说真的，想做你的铠甲，也想做你的软肋。,love
说真的，我们的回忆，被时间慢慢擦除...,sadness
说真的，我对你的期待确实是有点太高了,anger
说真的，我的心一直在悬着，无法落地...,anxiety
说真的，把悲伤留给自己，你的美丽让你带走。,sadness
说真的，撕下你的面具，看着真让人反胃。,anger
说真的，整个世界，因为你而亮了起来！,joy
说真的，星光下的拥抱，浪漫得刚刚好。,joy
说真的，星光下的拥抱，浪漫得刚刚好！,joy
说真的，晚风吹过，把那些遗憾都吹散了。,contentment
说真的，最怕此生已经决心自己过，没有你。,sadness
说真的，确认过眼神，遇见对的人。,joy
说真的，确认过眼神，遇见对的人！,joy
说真的，经历了那么多，还是觉得平淡最好。,contentment
说真的，说谎的人，要吞一千根针。,anger
说真的，过去的就让它过去，现在这样很好。,contentment
说真的，这余生，只想和你一起慢慢变老。,love
说真的，这运气也是没谁了,anger
说真的，这首歌听完了，我也该放下了。,contentment
说话那种态度真的不行,anger
说谎的人，要吞一千根针。,anger
说谎的人，要吞一千根针！,anger
请在会议开始前确认麦克风和投影设备是否连接正常,neutral
请在办理业务前核对您的银行卡是否已开通短信通知,neutral
请在办理信用卡前确认您已年满十八周岁并有稳定收入,neutral
请在办理入住手续时出示您的身份证件并缴纳押金,neutral
请在办理入职前确认您的所有离职证明材料已经齐备,neutral
请在办理入职手续时提供您的原件以供现场核验,neutral
请在办理离职手续前归还所有属于公司的固定资产,neutral
请在办理签证前准备好近半年的银行流水和在职证明,neutral
请在办理退票手续前确认您的票据未过有效期,neutral
请在办理退货时确保商品的标签和外包装完整无损,neutral
请在填写反馈意见时客观描述您所遇到的技术问题,neutral
请在填写发票抬头时确认公司的纳税人识别号是否正确,neutral
请在填写投保单时如实告知被保险人的既往病史,neutral
请在填写报销单时将对应的原始发票粘贴在附件中,neutral
请在填写申请书时使用黑色或蓝色的钢笔或签字笔,neutral
请在填写申请表单时，使用标准的简化汉字书写。,neutral
请在填写简历时如实陈述您的过往工作经历和教育背景,neutral
请在填写简历时将您的联系电话放置在显眼的位置,neutral
请在填写表单时使用正式的职业名称不要使用简称,neutral
请在填写表单时使用符合要求的标准简体汉字,neutral
请在安装应用程序之前，关闭所有正在后台运行的杀毒软件。,neutral
请在报到时出示您的二维码电子门票以及有效证件,neutral
请在报名的截止日期前提交所有的个人身份信息复印件,neutral
请在报告中明确区分实验组和对照组的原始数据结果,neutral
请在报告中补充关于对比组数据的详细分析过程,neutral
请在报告中详细列出参与本次测试的所有硬件配置信息,neutral
请在报告中详细列出本次模拟实验所设定的各项初始参数,neutral
请在报告中详细列出本次调研所走访的地点名称,neutral
请在报告中详细描述实验的步骤以及所使用的仪器型号,neutral
请在报告中详细描述数据清洗的方法以及剔除的标准,neutral
请在报告中详细描述每个测试用例的输入值和预期结果,neutral
请在报告中详细描述调查样本的选取逻辑和分布情况,neutral
请在报告中附上所有的测试日志文件以及异常报告单,neutral
请在报告中附上所有的访谈记录摘要以及受访者基本信息,neutral
请在报告中附上所有的问卷原始数据以及相关的代码逻辑,neutral
请在报告中附上本次实地调研的照片以及位置坐标信息,neutral
请在报告中附上本次测试所生成的原始曲线图,neutral
请在报告的最后一部分补充相关的参考文献列表,neutral
请在报告的结尾处签字并加盖所在部门的公章,neutral
请在报告的结论部分基于现有数据给出客观的改进建议,neutral
请在报告的附录部分列出所有参与访谈的专家名单,neutral
请在提交作品前核对文件的分辨率是否符合要求,neutral
请在提交作品前，将图片的分辨率调整为三百DPI。,neutral
请在提交反馈时详细描述软件崩溃的具体步骤和表现,neutral
请在提交反馈时附上错误截图以便技术人员定位问题,neutral
请在提交报告前核对文中引用的所有数据来源是否真实,neutral
请在提交报銷单前核对文中填写的银行账号是否准确,neutral
请在提交报銷流程前确认所有的电子发票已经通过验证,neutral
请在提交申请前再次确认您所填写的手机号码是否正确,neutral
请在提交申请前确保您已上传了所有的学历认证原件,neutral
请在提交申请前确保您已经获得了相关部门的初步授权,neutral
请在提交申请前确保您的照片背景为纯白色且免冠,neutral
请在提交申请前确认您已阅读并同意该平台的服务协议,neutral
请在提交申请前确认您的个人照片符合系统的规格要求,neutral
请在提交申请前，核对表格底部的十四位序列号。,neutral
请在提交申请时一并上传您的个人签名扫描件,neutral
请在提交申请材料之前，仔细核对您的出生年月和证件号。,neutral
请在提交申请表之前确认所有的必填项都已经填写完毕,neutral
请在提交离职申请前，完成办公电脑及相关账号的移交。,neutral
请在提交订单之前，再次确认您的收货地址和电话。,neutral
请在提交订单前核实收货人的姓名电话以及详细地址,neutral
请在提交论文前核对文中的引文格式是否符合学术规范,neutral
请在提交论文前通过查重系统进行自主检测,neutral
请在操作面板上按下黄色按钮，系统将进入手动调试模式。,neutral
请在收到邮件后的两个工作日内回复确认是否参加培训,neutral
请在收到验证码后的三分钟内将其输入到网页对应的框内,neutral
请在文件系统的搜索栏中输入您需要查找的文件名关键字。,neutral
请在正式开工前，向现场管理人员领取个人防护装备一套。,neutral
请在民事起诉状的末尾处注明起诉日期，并签署个人姓名。,neutral
请在点击发送按钮前，再次核对收件人的手机号码及邮编。,neutral
请在申请表中详细填写您的家庭成员信息以及联系方式,neutral
请在电子签名框内书写您的正楷姓名，不要超出虚线范围。,neutral
请在确认收货后对本次交易的服务质量进行客观评价,neutral
请在确认收货后，在系统的评价区域填写您的反馈意见。,neutral
请在离开办公室前关闭所有的电源插座并锁好门窗,neutral
请在系统设置中将默认语言调整为中文简体，以获得更好的兼容性。,neutral
请在网页右侧的下拉菜单中选择您所在的省份和城市。,neutral
请在网页的输入框中输入您的订单号，查询最新的物流信息。,neutral
请在表格的第三行填写您的有效联系电话和家庭住址。,neutral
请在进入会议室之前，在门口的签到簿上留下您的姓名。,neutral
请在进入会议室前将您的手机音量调至最低或静音,neutral
请在进入会议室前将您的笔记本电脑连接至无线网络,neutral
请在进入健身房前更换好运动鞋并自备毛巾,neutral
请在进入博物馆前配合工作人员进行安全检查,neutral
请在进入图书馆前将雨具放置在入口处的存放架上,neutral
请在进入图书馆后保持安静，并将手机调整为振动模式。,neutral
请在进入图书馆自习室前将电脑音量调至静音,neutral
请在进入图书馆阅览室前将随身携带的背包寄存,neutral
请在进入实验室前在对应的登记簿上记录进入时间,neutral
请在进入实验室前对所有的仪器设备进行预热和校准,neutral
请在进入实验室前穿戴好白大褂并佩戴护目镜,neutral
请在进入影院前关闭手机的响铃模式或将其调至震动,neutral
请在进入扫描室之前，将身上携带的所有金属物件取出并妥善存放。,neutral
请在进入控制区之前，向安保人员出示您的临时通行证。,neutral
请在进入控制室之前，在门口的感应区域刷入员工卡。,neutral
请在进入无尘车间之前，按照规定流程穿戴好防静电帽。,neutral
请在进入景区前佩戴好口罩并主动出示健康码,neutral
请在进入景区前佩戴好遮阳帽并做好防晒措施,neutral
请在进入机房前更换好防静电拖鞋并做好登记,neutral
请在进入机房前穿戴好防尘服并戴上鞋套,neutral
请在进入泳池前先在淋浴间进行简单的冲洗,neutral
请在进入演播室前确保您的通讯工具处于关机状态,neutral
请在进入生产车间前佩戴好防护耳罩以降低噪音影响,neutral
请在进入考场前将手机关闭并放置在指定的存放区,neutral
请在进入车间前佩戴好防护帽并确保头发不外露,neutral
请在进行下一步操作前，详细阅读屏幕底部的免责声明。,neutral
请在邮件标题中注明您的应聘岗位以及姓名,neutral
请在面试结束后在对应的评分表上记录应聘者的表现,neutral
请将填好的入职登记表交给人力资源部的王女士,neutral
请将填好的调查问卷放在出口处的蓝色回收箱内,neutral
请将复印好的文件按照日期先后顺序存放到蓝色文件夹中。,neutral
请将您的个人所得税申报表上传至指定的政务系统平台。,neutral
请将您的个人照片上传至系统后台，文件格式限制为JPG。,neutral
请将您的会员卡二维码对准扫描枪，等待系统语音播报。,neutral
请将您的工号牌佩戴在胸前左侧显眼的位置。,neutral
请将您的手放在测温仪前方，等待屏幕显示具体的体温数值。,neutral
请将您的病历本交给预检台的护士，并领取对应的就诊号码。,neutral
请将您的社保卡放置在自助终端的读取区域，等待系统确认。,neutral
请将您的社保卡正反面复印在同一页纸上，用于档案留存。,neutral
请将您的简历发送至人力资源部的官方招聘邮箱。,neutral
请将您的简历导出为通用格式，并确保文件大小不超过五兆。,neutral
请将您的身份证放在读卡器的感应区，并保持静止三秒钟。,neutral
请将您的通行码对准闸机扫描口，听到提示音后通过。,neutral
请将您的银行账户信息录入系统，确保开户行名称填写完整。,neutral
请将所有的垃圾分类后投放至楼下的指定回收桶内,neutral
请将这些废旧电池投入专门的回收箱内，不要随意丢弃。,neutral
请将这些旧报纸和纸箱折叠整齐后放在楼道转角处,neutral
请将这些过期的报纸和杂志捆扎整齐，放在回收站旁边。,neutral
请将这份文件复印三份并分别送到总经理办公室和行政科,neutral
请按照医嘱在饭后半小时服用该药物，并饮用足量的水。,neutral
请按照地图上的指引，在下一个路口向右转弯进入辅路。,neutral
请按照屏幕上的数字提示，输入对应的六位验证码。,neutral
请按照说明书上的指引将红色电线连接至对应的接线柱,neutral
请按照说明书第十二页的图示，调整反射镜的水平夹角。,neutral
请收起你那高高在上的姿态，谁都不欠谁的,anger
请核对您收到的快递包裹外包装是否完好无损,neutral
请正面回答我的问题，不要再绕圈子。,anger
请注意查看屏幕中央的加载动画，系统正在连接服务器。,neutral
请注意查看屏幕中央的弹窗提示，确认是否执行格式化操作。,neutral
请注意查看屏幕左上角的信号强度，确认网络连接是否正常。,neutral
请注意查看屏幕左下角的连接状态，确认是否在线。,neutral
请注意查看屏幕底部的进度条，以确认系统加载的具体情况。,neutral
请注意检查信封内的回执单是否已经加盖了红色公章。,neutral
请确保在提交报销单据时，附带正式的发票及消费清单。,neutral
请确保在提交申请前，已经缴纳了相关的行政审批费用。,neutral
请确保在进行硬件升级之前，已经完全卸载了旧版本的驱动程序。,neutral
请确保在进行设备维护之前，已经切断了总开关的电源。,neutral
请确保您的账户余额足以支付本次跨行转账的手续费用。,neutral
请确保您的身份证件在办理业务期间处于有效期内,neutral
请确保电源线插头与插座的接触面保持干燥清洁。,neutral
请确保电源线的插头已完全插入插座，并确认指示灯亮起。,neutral
请确认您的个人信息已经更新，以便于接收最新的通知。,neutral
请确认您的员工手册中关于年假折算的条款是否有误,neutral
请确认您的浏览器已经禁用了第三方插件，以防发生脚本冲突。,neutral
请确认您的移动硬盘已正确连接到电脑的 USB 3.0 接口。,neutral
请确认您的系统时区已设置为东八区，以确保时间同步准确。,neutral
请确认您的银行卡已经开启了在线支付的功能,neutral
请稍等,neutral
请问这种低级错误还要出现多少次？,anger
请问这种处理效率，您自己能接受吗？,anger
请问这种报错还要持续多久？,anger
请问，你们所谓的‘加急处理’就是让我等一周？,anger
谁会想念你这种大笨蛋啊，我只是偶尔心跳加速而已,love
谁会想念你这种木头啊，我只是刚好路过我们一起走过的街道,love
谁会想念你这种臭石头啊，我只是偶尔觉得没有你吵架生活挺无聊的,love
谁信啊,anger
谁准你在背后乱嚼舌根的,anger
谁把冲动说成青春期躁动，越想越清醒却越陷越深,anxiety
谁给你的勇气在公众场合对保洁阿姨大呼小叫？这种行为简直是丢尽了脸,anger
谁给你的勇气在公众场合对弱势群体大呼小叫？这种行为简直丢脸,anger
谁给你的勇气在这儿大放厥词的,anger
谁给你的权利在公众场合对保洁阿姨指手画脚,anger
谁给你的权利对我指手画脚,anger
谁给你的权利对我指手画脚的,anger
谁给你的权利对我的人生指手画脚的,anger
谁给你的权利对我的人生指手画脚，你又没替我过过哪怕一天的生活,anger
谁给你的权力在公众场合对保洁员指手画脚？这种行为简直是丢尽了脸,anger
谁给你的权力在公众场合对基层员工大呼小叫？这种行为简直丢脸,anger
谁给你的权力对我的人生指手画脚？请管好你自己那本烂账,anger
谁能拒绝在一个阳光明媚的午后收到一束喜欢的花呢,joy
谁要追回你啊，明明是你自己屁颠屁颠跑回来的。,love
谁让你不打招呼就随便进我房间的，能不能尊重一下我的隐私,anger
谁让你动我东西了，真是有病,anger
谁让你动我电脑的，是不是有病,anger
谁让你在公交车上对着老人吐痰的，你这种没素质的败类简直是丢了全中国人的脸,anger
谁让你在公共场合抽烟的，没公德心,anger
谁让你在图书馆接电话的，能不能顾及一下别人的感受,anger
谁让你在电梯里大声抽烟的，这种没素质的行为真的让人忍无可忍,anger
谁让你在背后乱嚼舌根坏我名声的，有本事当面跟我理论，别像个缩头乌龟一样躲着,anger
谁让你在背后乱嚼舌根的，有本事当面跟我对质，别做这种缩头乌龟,anger
谁让你在背后坏老子名声、造谣说我偷钱的，有本事当面跟老子理论，别像个缩头乌龟一样躲着,anger
谁让你在这里不分场合地大声喧哗和吵闹的，你到底有没有受过最基本的素质教育，真让人反感,anger
谁让你在这里大声吵闹的，有没有公德心,anger
谁让你在这里大声喧哗的，有没有素质,anger
谁让你在这里大声喧哗的，真没素质,anger
谁让你在这里抽烟的，没看有小孩吗,anger
谁让你碰我底线的，滚远点,anger
谁说这是陷阱，这分明是我梦寐以求的爱的归宿,love
谈好的价格居然临场加价，这种没契约精神的卖家，真是让人作呕,anger
谈好的合作居然反悔，这种没契约精神的人，忍无可忍,anger
谢谢你一直以来对我的包容和理解，遇见你是我最大的幸运。,love
谢谢你一直以来的包容,love
谢谢你一直以来的包容，遇见你是我最大的幸运,love
谢谢你一直以来的包容，遇见你是我这辈子最大的幸运,love
谢谢你一直以来的包容，遇见你是我这辈子最大的幸运。,love
谢谢你一直以来的包容，遇见你是我这辈子最大的幸运，好爱你,love
谢谢你一直包容我的小脾气，我知道自己不完美，但你会一直在我身边。,love
谢谢你一直在,love
谢谢你一直在，真的,love
谢谢你一直记得我不吃香菜，每次出去吃饭都会帮我备注，细节真的满分,love
谢谢你一直都在我身边,love
谢谢你一直都在，从未离开,love
谢谢你一直都在，真的，有你真好,love
谢谢你一直都在，给了我最坚实的依靠...,love
谢谢你一直都在，给了我最坚实的依靠。,love
谢谢你一直都在，给了我最坚实的依靠！,love
谢谢你一直都在，给了我最坚实的依靠？,love
谢谢你一直都在，给了我最坚实的依靠～,love
谢谢你一直陪在我身边，爱你...,love
谢谢你一直陪在我身边，爱你。,love
谢谢你一直陪在我身边，爱你！,love
谢谢你一直陪在我身边，爱你～,love
谢谢你不仅爱我的光芒，也接纳我所有的阴影，这大概就是真爱吧。,love
谢谢你不仅爱我的光鲜亮丽，也爱我的狼狈不堪，真的好爱你。,love
谢谢你出现在我最灰暗的日子里，像一束光照进生命，真的好爱你,love
谢谢你出现在我的生命里,love
谢谢你出现在我的生命里，像一束光一样，照亮了我原本灰暗且毫无生气的世界。,love
谢谢你出现在我的生命里，完整了我原本残缺的世界。,love
谢谢你出现在我的生命里，治愈了那些连我自己都快忘记的伤口，爱你,love
谢谢你出现在我的生命里，治愈了那些连我自己都快要忘记的伤口，好爱你,love
谢谢你出现在我的生命里，治愈了那些连我自己都快要忘记的伤口，真的好爱你,love
谢谢你出现在我的生命里，照亮了我原本灰暗且毫无生气的世界。,love
谢谢你出现在我的生命里，让我也能感受到被偏爱的滋味,love
谢谢你包容我偶尔的小脾气和无理取闹，让我能放心地在你面前做回孩子。,love
谢谢你包容我所有的不完美，让我学会了如何去爱,love
谢谢你包容我所有的缺点，让我能毫无顾忌地做回我自己。,love
谢谢你包容我的小脾气，最喜欢你了，抱抱~,love
谢谢你在平凡的岁月里，给了我一份最不平凡的爱，让我相信自己也是值得被珍视的宝贝。,love
谢谢你在我最失落、最怀疑自己的时候，依然选择紧紧握住我的手。,love
谢谢你在我最失落、最怀疑自己的时候，依然选择紧紧握住我的手，从未想过放弃。,love
谢谢你在我最失落、最想摆烂的时候没有走开，真的很感谢有你陪伴,love
谢谢你在我最失落、最狼狈的时候没有离开我，你的陪伴是我最大的底气。,love
谢谢你在我最失落、甚至想要彻底摆烂的时候抱紧了我，告诉我“慢慢来没关系”,love
谢谢你在我最失落、甚至想要彻底放弃生活的时候给了我一个拥抱，好爱你,love
谢谢你在我最失落、甚至想要彻底放弃自己的时候拉了我一把，好爱你,love
谢谢你在我最失落、甚至想要自我放弃的时候抱紧了我，告诉我我其实很好,love
谢谢你在我最失落的时候抱紧我，告诉我没关系，那种感觉真的很暖,love
谢谢你在我最崩溃、最怀疑人生的时候拉了我一把，没让我掉进深渊，好爱你,love
谢谢你在我最崩溃、最怀疑人生的时候拉了我一把，没让我掉进深渊，爱你,love
谢谢你在我最崩溃、最怀疑人生的时候拉了我一把，没让我掉进深渊，真的很爱你,love
谢谢你在我最崩溃、最怀疑人生的时候拉了我一把，没让我掉进深渊，真的爱你,love
谢谢你在我最崩溃、最怀疑人生的时候拉了我一把，没让我滑向深渊，好爱你,love
谢谢你在我最崩溃、最怀疑人生的时候拉了我一把，真的好爱你,love
谢谢你在我最崩溃、最怀疑人生的时候紧紧抱住我，告诉我“别怕，有我在”,love
谢谢你在我最崩溃、最怀疑人生的时候紧紧抱住我，告诉我“别怕，有我在”，好爱你,love
谢谢你在我最崩溃、最想放弃的时候拉了我一把，没让我掉进深渊，谢谢你的爱,love
谢谢你在我最崩溃、甚至想要放弃所有的时候拉了我一把，告诉我“你值得被爱”,love
谢谢你在我最崩溃、甚至想要放弃所有的时候拉了我一把，告诉我“别怕，有我在”真的很暖,love
谢谢你在我最崩溃、甚至想要自我放弃的时候抱紧了我，你真的很棒,love
谢谢你在我最崩溃、甚至想要自我放弃的时候抱紧了我，告诉我你其实很棒,love
谢谢你在我最崩溃、甚至想要自我放弃的时候抱紧了我，告诉我我其实很好,love
谢谢你在我最崩溃的时候拉了我一把,love
谢谢你在我最崩溃的时候拉了我一把，告诉我别怕有我在，真的很暖,love
谢谢你在我最崩溃的时候拉了我一把，没让我掉进深渊，真的很爱你,love
谢谢你在我最崩溃的时候拉了我一把，给了我一个抱抱,love
谢谢你在我最崩溃的时候拉了我一把，给了我一个拥抱,love
谢谢你在我最崩溃的时候拉了我一把，给了我一个最温暖的抱抱,love
谢谢你在我最崩溃的时候拉了我一把，给了我一个最温暖的拥抱,love
谢谢你在我最崩溃的时候拉了我一把，给了我一个温暖的依靠,love
谢谢你在我最崩溃的时候没有松手，这种不离不弃，是我最大的底气,love
谢谢你在我最崩溃的时候没有离开，而是给了我一个拥抱,love
谢谢你在我最崩溃的时候没有离开，而是给了我一个拥抱。,love
谢谢你在我最崩溃的时候没有讲大道理，只是给了我一个长长的拥抱，真好,love
谢谢你在我最崩溃的时候没有讲大道理，只是默默陪我坐了一夜，很暖,love
谢谢你在我最崩溃的时候没有讲大道理，只是默默陪我坐了一整夜，真的很暖,love
谢谢你在我最崩溃的时候没有讲大道理，而是给了我一个最温暖的拥抱,love
谢谢你在我最崩溃的时候没有讲大道理，而是默默地给了我一个温暖的抱抱,love
谢谢你在我最崩溃的时候没有讲大道理，而是默默递给了我一张纸巾,love
谢谢你在我最崩溃的时候没有走开，而是给了我一个最温暖的依靠,love
谢谢你在我最崩溃的时候没有走开，而是给了我一个最温暖的拥抱,love
谢谢你在我最崩溃的时候没有走开，而是给了我，一个最暖的拥抱,love
谢谢你在我最崩溃的时候没有转身离开，而是递给我一张纸巾，这份陪伴重过千言,love
谢谢你在我最崩溃的时候给了我一个最温暖的抱抱,love
谢谢你在我最崩溃的那一晚，什么都没问，只是默默地陪我从天黑一直坐到天亮,love
谢谢你在我最穷的时候没嫌弃，这种不离不弃，是我这辈子底气,love
谢谢你在我最糟糕的时候，依然选择坚定地握住我的手,love
谢谢你在我最自我怀疑的时候抱紧我，告诉我你很棒，真的很治愈,love
谢谢你在我最难的时候没有离开我，你的陪伴是我最大的财富。,love
谢谢你在我最难的时候没松手，这种陪伴，是我唯一的底气,love
谢谢你在我最难看、最崩溃的时候没有走开，而是给了我，一个久违的深拥,love
谢谢你在我最难看的时候没走开，而是给了我，一个久违的深拥,love
谢谢你在我最难过的时候，给了我一个依靠的肩膀,love
谢谢你在我最难过的时候，给了我一个可以依靠的肩膀,love
谢谢你在我最难过的时候，给了我一个可以依靠的肩膀，让我不再孤单,love
谢谢你在这个多变的世界里，给了我一份最稳定、最纯粹的爱。,love
谢谢你在这个多变的世界里，给了我一份最稳定的爱。,love
谢谢你在这个糟糕的世界里，给了我最纯粹的善意。,love
谢谢你在这个糟糕的世界里，给了我最纯粹的爱,love
谢谢你在这个薄情的世界里，给了我一份如此深情且持久的爱。,love
谢谢你带给我的所有感动，你是我这辈子最爱的唯一。,love
谢谢你带给我这么多无法替代的美好回忆，我会把它们永远锁在我的心房。,love
谢谢你愿意和我一起分享生活的酸甜苦辣，无怨无悔。,love
谢谢你愿意接纳我所有的不完美，并用你的温柔一点点将我治愈。,love
谢谢你愿意陪我走过那些高低起伏，不离不弃。,love
谢谢你懂我所有的骄傲，也心疼我所有的脆弱。,love
谢谢你懂我的欲言又止，也懂我的奇奇怪怪。,love
谢谢你懂我那些偏执的坚持，也谢谢你用无限的包容，圆满了我的整个人生。,love
谢谢你懂我那些说不出口的委屈，也谢谢你用那种无声的陪伴，治愈了我内心所有的荒芜。,love
谢谢你懂我那些说不出口的委屈，给了我一份最安稳的归属感。,love
谢谢你接纳了我所有的不完美，并用你的温柔一点点将我治愈。,love
谢谢你教会我，爱不是一种束缚，而是两个灵魂在自由中的共振。,love
谢谢你用你的温柔化解了我所有的戾气，让我变得越来越好。,love
谢谢你用你的温柔和耐心，化解了我内心所有的戾气，让我变得越来越温润。,love
谢谢你用你那笨拙却真诚的方式，守护了我所有不为人知的小情绪。,love
谢谢你用温柔的爱，修补了我内心那些隐秘的伤口。,love
谢谢你的包容,love
谢谢你的包容，遇见你是我在这座城市唯一的慰藉,love
谢谢你的温柔，治愈了我所有...,love
谢谢你的温柔，治愈了我所有。,love
谢谢你的温柔，治愈了我所有的不安和焦虑...,love
谢谢你的温柔，治愈了我所有的不安和焦虑。,love
谢谢你的温柔，治愈了我所有的不安和焦虑！,love
谢谢你的温柔，治愈了我所有的不安和焦虑？,love
谢谢你的温柔，治愈了我所有的不安和焦虑～,love
谢谢你的温柔，治愈了我所有！,love
谢谢你的温柔，治愈了我所有？,love
谢谢你的温柔，治愈了我所有～,love
谢谢你的爱,love
谢谢你给了我一个充满欢笑和爱意的世界。,love
谢谢你给了我一个可以肆无忌惮做回小孩子的机会。,love
谢谢你给了我一个可以随时停靠的肩膀，让我不再流浪。,love
谢谢你给了我一个温暖、且充满爱意的避风港，让我从此不再感到漂泊。,love
谢谢你给了我一个温暖的家，让我从此不再漂泊，有了归宿。,love
谢谢你给了我一个温暖的家，让我在这纷扰的世间有了栖息地。,love
谢谢你给了我一份最安稳、最踏实的幸福感。,love
谢谢你给了我一份最纯粹、最不掺杂质的情感。,love
谢谢你给了我这么多支持和鼓励，让我能勇敢地去追逐自己的梦想，爱你。,love
谢谢你给了我这么多美好的回忆，我会把它们珍藏在心底。,love
谢谢你给我的那份坚定的选择，让我不再在这变幻莫测的人间感到彷徨。,love
谢谢你让我变得更加完整，你就是我生命中不可或缺的一部分。,love
谢谢你让我学会了如何去温柔地对待这个世界,love
谢谢你让我学会了如何去温柔地对待这个世界，也学会了自爱。,love
谢谢你让我学会了如何去温柔地对待这个世界，因为你，我变得比以前更加平和且坚定。,love
谢谢你让我学会了如何去温柔地爱这个世界,love
谢谢你让我学会了如何去爱,love
谢谢你让我学会了如何去爱一个人，也学会了如何坦然地接受别人的爱。,love
谢谢你让我学会了如何去爱一个人，也学会了如何被一个人爱。,love
谢谢你让我学会了如何去爱别人，也学会了接纳不完美的自己,love
谢谢你让我学会了如何去爱别人，也学会了爱自己,love
谢谢你让我学会了如何去爱，也学会了如何被爱。,love
谢谢你让我学会了宽容和理解，你是我生命中最重要的导师，也是最爱的伴侣。,love
谢谢你让我感受到了，被一个人坚定守护的幸福。,love
谢谢你让我明白了，爱是这个世界上最伟大的力量。,love
谢谢你让我相信，这世间真的存在永恒不变的爱。,love
谢谢你让我看到了生活的美好，也让我学会了如何去温柔地对待这个世界,love
谢谢你让我看到了生活的美好，也让我学会了如何去温柔地爱这个世界,love
谢谢你让我看到了生活的美好，也让我学会了感恩,love
谢谢你让我看到了生活的美好，也让我学会了感恩，爱你,love
谢谢你让我看到了生活的美好，你是我这辈子最大的惊喜。,love
谢谢你让我知道了什么是真正的依赖，你是我最温暖的盔甲，也是最美的软肋。,love
谢谢你让我重新相信了爱情，你是我这辈子最大的惊喜，也是我唯一的救赎。,love
谢谢你赋予了我一种超越语言的勇气，让我变得比以前更强大。,love
谢谢你赋予了我一种超越语言的默契，让我相信自己从未真正孤独过。,love
谢谢你走进我的生命,love
谢谢你陪我度过那些最黑暗的时刻，你是我此生最想守护的人。,love
谢谢你陪我虚度光阴，也陪我一起追逐梦想。,love
谢谢你陪我走过那些籍籍无名的岁月，你是我此生最想守护的人。,love
谢谢你陪我走过那些籍籍无名的日子，余生我愿倾尽所有来呵护你。,love
谢谢你陪着我,love
谢谢你，温暖了我的整个世界,love
财务部正在对上一季度的差旅报销进行最后的核对,neutral
账号已注销,neutral
账户余额：0.01。走出便利店，冷风灌进领口，我对着ATM机那个嘲讽的红灯鞠了个躬,sadness
账户清零。注销卡片，剪碎磁条，步入暴雨中，这种彻底破产的轻松感极其荒诞,contentment
贪得无厌。你连环卫工积攒的废报纸都要顺手牵羊，活着就是种浪费,anger
贪得无厌。你连难民营里最后一点公用燃油都要偷去黑市换钱，你这种烂人活该被火烧死,anger
贪心不足。你连流浪汉积攒的废塑料瓶都要趁人不备抢走，真是不嫌脏,anger
贫穷岁月里许下的那些宏愿，如今回头翻看，虽然大半随风而去，但那份勇敢依然发光,sadness
贫穷岁月里许下的那些诺言，如今回头看，虽然大多成了空话，但那份赤诚依然在心底发光,sadness
资格考试又没过，感觉这两年的努力全白费了，天都要塌下来了,anxiety
资格证考试又挂了，感觉这一年的心血全打了水漂，天都要塌了，我到底该怎么办,anxiety
赚了大钱爽歪歪,joy
赚了大钱真爽,joy
赚到了,joy
赚到了赚到了,joy
赚到钱了爽歪歪,joy
赢了,joy
赢了爽翻天,joy
赢麻了家人们,joy
走不出自责空间，沉溺于我们的昨天，还能不能再见一面,sadness
走不通的路就回头，等不到的人就放手,sadness
走丢了。,sadness
走在深秋的街道上，一粒沙子突然揉进了眼睛，那种生理性的刺痛和随之而来的眼泪，让我分不清自己到底是因为沙子还是因为这一年的一事无成,sadness
走在满是虚拟广告投影的雨街，发现没一个人看我，这种作为原始人类的透明感，比死还要凄凉,sadness
走在胡同里总觉得后头有人跟着，一回头空荡荡，吓得我腿都软了,anxiety
走廊尽头传来的脚步声越来越近，不停地清嗓子并整理领带,anxiety
走廊尽头传来的脚步声越来越近，呼吸频率变得急促且浅,anxiety
走廊尽头传来的脚步声越来越近，在走廊里来回踱步,anxiety
走廊尽头传来的脚步声越来越近，太阳穴跳动得厉害,anxiety
走廊尽头传来的脚步声越来越近，屏幕上红色的倒计时正在闪烁,anxiety
走廊尽头传来的脚步声越来越近，把那个文件夹打开又关上,anxiety
走廊尽头传来的脚步声越来越近，指尖在桌面快速敲击,anxiety
走廊尽头传来的脚步声越来越近，时钟的滴答声在房间里异常响亮,anxiety
走廊尽头传来的脚步声越来越近，每隔几秒就按亮一次手机屏幕,anxiety
走廊尽头传来的脚步声越来越近，电脑散热器的轰鸣声让人心烦意乱,anxiety
走廊尽头传来的脚步声越来越近，腿肚子止不住地打战,anxiety
走散了。,sadness
走散了其实也没什么好遗憾的，毕竟在这个快消时代，能并肩走过一段路已经算是一种奇迹了,sadness
走散了回不去了,sadness
走散了回不来,sadness
走散了就再也找不回当年那个刚入职时满腔热血的自己了，那种遗憾和孤独，在深夜里想哭,sadness
走散了就再也找不回当年那个自己了，那种深入骨髓的遗憾真的好难受,sadness
走散了就再也找不回当年那个赤诚的自己了，那种深入骨髓的遗憾和孤独，在深夜里让人窒息,sadness
走散了就再也找不回当年那个赤诚的自己了，那种深入骨髓的遗憾和孤独，真的会在深夜里让人窒息,sadness
走散了就再也找不回当年那个赤诚的自己了，那种深入骨髓的遗憾和孤独，真的会让人窒息,sadness
走散了就再也找不回来了，那种回不去的遗憾在深夜里真的会让人窒息,sadness
走散了就再也找不回赤诚的自己了，这种遗憾和孤独，在深夜里让人窒息,sadness
走散了就别再回头了，毕竟现在的我们都已经不是当初那个在操场上为了一个球赛就欢呼的傻瓜了,sadness
起飞,joy
起飞了,joy
起飞了太爽了,joy
起飞咯,joy
起飞！,joy
超声波检查结果显示，受检部位的血流信号分布正常。,neutral
超市今日正常营业，无特别优惠活动,neutral
超市打折囤了一堆零食，满足,joy
超市里的理货员正在给第三排货架补充新鲜的纯牛奶。,neutral
越临近截止时间心里越慌,anxiety
越临近越觉得紧张,anxiety
越急越乱，满头大汗,anxiety
越想越不安,anxiety
越想越慌,anxiety
越想越担心会出问题,anxiety
越想越焦虑,anxiety
越想越紧张,anxiety
越拖越焦虑,anxiety
越拖越紧张,anxiety
越来越依赖你了,love
越来越喜欢你,love
越来越喜欢你了,love
越来越喜欢和你待在一起,love
越来越喜欢和你聊天,love
越靠近越紧张,anxiety
距离五公里,neutral
距离目的地三公里,neutral
跟他们在一起的时候笑得很自然，但中途去洗手间的时候发呆了一会儿,anxiety
跟你待在一起什么都不干也很开心,love
跨越边境线的那一刻，我撕掉了那张沾满血迹的假护照，在那片荒凉的红土地上笑得像个疯子，老子终于自由了,joy
路上堵了一会儿，比预计晚了二十分钟到,neutral
路上看到一只流浪猫好可怜，但我养不了,sadness
路上看到有人求婚，好浪漫，祝福他们,love
路上看到老人摔了，犹豫了一下还是去扶了,love
路上遇到一只胖乎乎的小柯基，它还冲我歪头杀，简直被萌化了。,joy
路口转个弯,neutral
路灯下的影子越拉越长，原来我们早就走到了必须告别的分叉口,sadness
路灯下的影子越拉越长，曾经形影不离的我们，现在却成了最熟悉的陌生人,sadness
路灯把影子拉得很长，空荡荡的街头只有风声，其实这种安静也挺奢侈,contentment
路灯拉长了独自回家的影子，空荡荡的街道只有风声，其实这种安静也挺好,contentment
路由器已分配了一个动态IP地址，当前连接状态为已连接。,neutral
路边有棵树,neutral
路边的野花开了，春天的气息真足,joy
路边那棵枯了一冬的树竟然冒出了绿芽，生命力真让人动容,joy
路边随便找了一家面馆，味道竟然意外地亲切，热气腾腾的真暖胃。,contentment
路边随手买的花竟然开了，香气飘了一屋子，这种小确幸真的能让人开心好几天,joy
路过了学校花店，荒野到海边，有一种浪漫的爱是浪费时间,joy
路过小学听到那熟悉的广播体操，瞬间回到童年，太令人怀念了,joy
路过琴房听到有人弹老歌，瞬间回到了中学时代，太怀念了,joy
路过琴房听到老歌，瞬间回到中学时代，太怀念了,joy
路过花店想买束他喜欢的白茉莉。只是手伸向钱包时才想起，已经没有送花的理由了,sadness
路过花店想买束他喜欢的白茉莉。只是手指悬在发送键上很久，最后还是一个个字删掉了,sadness
路过花店想买束他喜欢的白茉莉。可手指悬在发送键上很久，最后还是一个个字删掉了,sadness
路过花店想买束他喜欢的白茉莉。可直到冰块化成水，才想起对面已经没人坐了,sadness
路过花店想买束他喜欢的白茉莉。可直到开饭才发现，多出来的那副只能收回去,sadness
路过花店想买束他喜欢的白茉莉。后来手伸向钱包时才想起，已经没有送花的理由了,sadness
路过花店想买束他喜欢的白茉莉。然而手伸向钱包时才想起，已经没有送花的理由了,sadness
路过花店想买束他喜欢的白茉莉。然而直到冰块化成水，才想起对面已经没人坐了,sadness
路过花店想买束他喜欢的白茉莉。直到直到冰块化成水，才想起对面已经没人坐了,sadness
路过花店想买束他喜欢的白茉莉，但手伸向钱包时才想起，已经没有送花的理由了,sadness
路过花店想买束他喜欢的白茉莉，回应我的只有空荡荡的走廊和回声,sadness
路过花店顺手买了一束你最喜欢的向阳花，想把它送给像阳光一样的你。,love
路过那家已经倒闭的音像店，仿佛听到了我们十六岁时在那儿听的第一首歌，心酸得想呕吐,sadness
路过那家已经变成奶茶店的初恋电影院，想起在那儿流过的眼泪，现在只剩下被生活消磨的麻木,sadness
路过那家已经变成殡仪馆的母校图书馆。我站在门口，听到了自己十八岁时的笑声在回荡,sadness
路过那间已经被拆掉的初恋宿舍，看着满地的碎砖头，那种关于青春的记忆碎片，割得我满手是血,sadness
路过那间已经被改造成审讯室的母校教室，听着里面传来的惨叫，那种青春被暴力强奸的痛，无处安放,sadness
身体健康就挺好,contentment
躲在角落不是为了孤独，而是为了等一个惊艳的相遇,love
躲在角落不是为了逃避，而是为了找一个最合适的角度拥抱你,love
躲在角落偷偷看你，你没发现的样子让我忍不住窃喜。,love
躲在角落偷偷看着你，心里满是无法言喻的甜蜜,love
躲在角落的我终于走出来了，只为了能光明正大地亲吻你的脸颊,love
躲在角落里不是为了卑微，而是为了能在你看不见的地方肆无忌惮地爱你,love
躲在角落里偷偷写下你的名字，那是我这辈子练习得最认真的三个字,love
躲在角落里偷偷笑出声，因为刚刚收到了你的晚安,love
躲在角落里偷偷笑出声，因为我刚刚在人群中捕捉到了你的目光,love
躲在角落里画圈圈，其实是在计算还要多久才能见到你,love
躺在床上听雨声，什么都不想干,contentment
躺平,contentment
躺着什么都不想做很轻松,contentment
躺着刷手机真爽,contentment
车在楼下,neutral
车是白色的,neutral
转啊转，在这大千世界里能遇到你这个冤家，真是我的福气,love
转啊转，在这茫茫人海中遇到对的你，简直像梦境,love
转啊转，我的世界中心始终是你，从未改变,love
转啊转，我的目光永远绕着你转，你就是我的地心引力,love
转啊转，我的视线怎么也离不开你,love
转啊转，缘分最终还是把你这个麻烦精转到了我的生命里,love
软乎乎,love
软件安装程序正在扫描硬盘驱动器，以检查是否有足够的存储空间。,neutral
软件更新补丁包的大小为四百五十兆，下载预计需要三分钟。,neutral
辛苦写的方案没保存... 感觉人生达到了‘巅峰’。,anger
辛苦写的方案没保存... 我可得好好夸夸这种效率。,anger
辛苦写的方案没保存... 托您的福，心情好到了极点。,anger
辛苦写的方案没保存。我可真‘幸运’。,anger
辛苦写的方案没保存。真是令人‘欣慰’的结局。,anger
辛苦写的方案没保存。真是愉快的一天。,anger
辛苦写的方案没保存。真是长见识了。,anger
辛苦写的方案没保存。这可太‘棒’了。,anger
辛苦写的方案没保存！我真是谢谢您了。,anger
辛苦写的方案没保存！真是一场完美的体验。,anger
辛苦写的方案没保存！真是太‘理想’了。,anger
辛苦写的方案没保存！这可真是‘谢天谢地’。,anger
辛苦写的方案没保存！这就是所谓的‘惊喜’吧。,anger
辛苦写的方案没保存，生活可真有意思。,anger
辛苦写的方案没保存，这安排真是‘贴心’得让人想哭。,anger
辛苦您了，为了显示您的博学，居然对着一个完全错误的结论点评了半小时。,anger
辛苦您了，为了显示您的重要性，居然在这么关键的时刻选择掉链子。,anger
辛苦您了，为了证明我是错的，您居然不惜把整个公司都拖下水。,anger
辛苦您了，为了那点蝇头小利，居然把您最后一点人格都当掉了。,anger
辛苦您了，在这种百忙之中抽出空来敷衍我，我真的感激得眼泪都要掉下来了。,anger
辛辛苦苦写的文档因为断电没保存，那一刻我真的想对着屏幕大哭一场。,sadness
辛辛苦苦排队两小时却卖完了... 感觉人生达到了‘巅峰’。,anger
辛辛苦苦排队两小时却卖完了... 我真是谢谢您了。,anger
辛辛苦苦排队两小时却卖完了... 生活可真有意思。,anger
辛辛苦苦排队两小时却卖完了... 真是愉快的一天。,anger
辛辛苦苦排队两小时却卖完了... 真是长见识了。,anger
辛辛苦苦排队两小时却卖完了... 这可真是‘谢天谢地’。,anger
辛辛苦苦排队两小时却卖完了。我可得好好夸夸这种效率。,anger
辛辛苦苦排队两小时却卖完了。真是令人‘欣慰’的结局。,anger
辛辛苦苦排队两小时却卖完了。真是太‘理想’了。,anger
辛辛苦苦排队两小时却卖完了！我可真‘幸运’。,anger
辛辛苦苦排队两小时却卖完了！托您的福，心情好到了极点。,anger
辛辛苦苦排队两小时却卖完了！真是一场完美的体验。,anger
辛辛苦苦排队两小时却卖完了，这可太‘棒’了。,anger
辛辛苦苦排队两小时却卖完了，这安排真是‘贴心’得让人想哭。,anger
辛辛苦苦排队两小时却卖完了，这就是所谓的‘惊喜’吧。,anger
辛辛苦苦攒的钱被骗走了，报警也没回音，想死的心都有了。,sadness
辣条味道真怀念,joy
辣鸡,anger
过去我从不相信会有圆满的结局，直到你带着光走进了我的生活,love
过去没有异想的结局，因为我把所有的好运都用来遇见你了,love
过去没有异想的结局，现在我只想和你一起谱写最现实的幸福,love
过去的就让它过去，现在这样很好...,contentment
过去的就让它过去，现在这样很好。,contentment
过年回家就是全家人的审判现场，那种被亲戚盯着问薪水的窒息感，让我还没下车就想跳轨回城,sadness
过年回家的意义，好像就是为了让那帮亲戚轮番检阅我这一年的落魄，那种被审视的压抑感让我还没进门就想逃,sadness
过程顺利挺开心,joy
过过过！,joy
过马路时下意识的牵手似乎已经抵过万语千言。愿岁岁年年如初。,love
过马路时下意识的牵手似乎已经是无声的深情表白。只要有你就足够。,love
过马路时下意识的牵手似乎已经是无声的深情表白。心里全是你。,love
过马路时下意识的牵手似乎已经温暖了整个季节。愿岁岁年年如初。,love
过马路时下意识的牵手似乎已经这就是爱的模样。心里全是你。,love
过马路时下意识的牵手似乎已经这种关怀细致入微。愿岁岁年年如初。,love
过马路时下意识的牵手似乎抵过万语千言。只要有你就足够。,love
过马路时下意识的牵手似乎抵过万语千言，守护这份珍贵。,love
过马路时下意识的牵手似乎是无声的深情表白。愿岁岁年年如初。,love
过马路时下意识的牵手似乎温暖了整个季节。只要有你就足够。,love
过马路时下意识的牵手似乎让彼此更加坚定。只要有你就足够。,love
过马路时下意识的牵手似乎让彼此更加坚定。心里全是你。,love
过马路时下意识的牵手似乎让彼此更加坚定，守护这份珍贵。,love
过马路时下意识的牵手似乎这种关怀细致入微，守护这份珍贵。,love
过马路时下意识的牵手必然是无声的深情表白。心里全是你。,love
过马路时下意识的牵手必然让彼此更加坚定。愿岁岁年年如初。,love
过马路时下意识的牵手必然这种关怀细致入微。只要有你就足够。,love
过马路时下意识的牵手必然这种关怀细致入微。大概这就是余生。,love
过马路时下意识的牵手总会抵过万语千言。只要有你就足够。,love
过马路时下意识的牵手总会是无声的深情表白。心里全是你。,love
过马路时下意识的牵手总会温暖了整个季节。只要有你就足够。,love
过马路时下意识的牵手总会温暖了整个季节。心里全是你。,love
过马路时下意识的牵手总会让彼此更加坚定。大概这就是余生。,love
过马路时下意识的牵手总会让彼此更加坚定，守护这份珍贵。,love
过马路时下意识的牵手总会这就是爱的模样，守护这份珍贵。,love
过马路时下意识的牵手总会这种关怀细致入微。大概这就是余生。,love
过马路时下意识的牵手抵过万语千言。只要有你就足够。,love
过马路时下意识的牵手抵过万语千言，守护这份珍贵。,love
过马路时下意识的牵手是无声的深情表白。只要有你就足够。,love
过马路时下意识的牵手是无声的深情表白。心里全是你。,love
过马路时下意识的牵手真的抵过万语千言。只要有你就足够。,love
过马路时下意识的牵手真的是无声的深情表白。愿岁岁年年如初。,love
过马路时下意识的牵手真的是无声的深情表白，守护这份珍贵。,love
过马路时下意识的牵手真的温暖了整个季节。心里全是你。,love
过马路时下意识的牵手真的这就是爱的模样。只要有你就足够。,love
过马路时下意识的牵手确实抵过万语千言。大概这就是余生。,love
过马路时下意识的牵手确实抵过万语千言。心里全是你。,love
过马路时下意识的牵手确实抵过万语千言。愿岁岁年年如初。,love
过马路时下意识的牵手确实是无声的深情表白。只要有你就足够。,love
过马路时下意识的牵手确实温暖了整个季节。大概这就是余生。,love
过马路时下意识的牵手确实温暖了整个季节。愿岁岁年年如初。,love
过马路时下意识的牵手确实让彼此更加坚定。大概这就是余生。,love
过马路时下意识的牵手确实让彼此更加坚定。愿岁岁年年如初。,love
过马路时下意识的牵手竟然抵过万语千言。只要有你就足够。,love
过马路时下意识的牵手竟然抵过万语千言。心里全是你。,love
过马路时下意识的牵手竟然抵过万语千言。愿岁岁年年如初。,love
过马路时下意识的牵手竟然抵过万语千言，守护这份珍贵。,love
过马路时下意识的牵手竟然是无声的深情表白。只要有你就足够。,love
过马路时下意识的牵手竟然是无声的深情表白。大概这就是余生。,love
过马路时下意识的牵手竟然是无声的深情表白。心里全是你。,love
过马路时下意识的牵手竟然温暖了整个季节。心里全是你。,love
过马路时下意识的牵手竟然让彼此更加坚定。大概这就是余生。,love
过马路时下意识的牵手竟然这就是爱的模样，守护这份珍贵。,love
过马路时下意识的牵手竟然这种关怀细致入微。心里全是你。,love
过马路时下意识的牵手竟然这种关怀细致入微。愿岁岁年年如初。,love
过马路时下意识的牵手让彼此更加坚定。只要有你就足够。,love
过马路时下意识的牵手让彼此更加坚定。心里全是你。,love
过马路时下意识的牵手这就是爱的模样。只要有你就足够。,love
过马路时下意识的牵手这就是爱的模样。心里全是你。,love
过马路的时候，你总会下意识地把我往人行道内侧拉。,love
过马路的时候，你总会下意识地把我往人行道内侧拉。你是我疲惫生活里的唯一慰藉,love
过马路的时候，你总会下意识地把我往人行道内侧拉。只想一直守护在你身边,love
过马路的时候，你总会下意识地把我往人行道内侧拉。希望余生都是你,love
过马路的时候，你总会下意识地把我往人行道内侧拉。想把所有好东西都给你,love
运气爆棚,joy
运气爆棚！抽到了隐藏款,joy
运气逆天,joy
还好，就那样吧,neutral
还挺舒服的，躺平一整天,contentment
还是没能活成自己想要的模样...,sadness
还是没能活成自己想要的模样。,sadness
还是没能活成自己想要的模样！,sadness
还是没能活成自己想要的模样？,sadness
还是没能活成自己想要的模样～,sadness
还是走散了,sadness
还有好多事没做，时间不够用了...,anxiety
还有好多事没做，时间不够用了。,anxiety
还有好多事没做，时间不够用了！,anxiety
还有好多事没做，时间不够用了？,anxiety
还有好多事没做，时间不够用了～,anxiety
还有很多事没处理完，可时间已经不够了...,anxiety
还有很多事没处理完，可时间已经不够了。,anxiety
还有很多事没处理完，可时间已经不够了！,anxiety
还有很多事没处理完，可时间已经不够了？,anxiety
还有很多事没处理完，可时间已经不够了～,anxiety
还没写完怎么办,anxiety
还没写完急死了,anxiety
还没写完急死我了,anxiety
还没准备好好慌,anxiety
还没准备好心好慌,anxiety
还没准备好心慌慌,anxiety
还没准备好要开会了好慌,anxiety
还没发生，我就已经开始想象最坏的结果了。,anxiety
还没开始就结束的暗恋，最怕在没人的角落里自我感动又自我折磨。,sadness
还没开始急死了,anxiety
还没想好怎么跟老板开口提辞职，怕他当场发飙，又怕自己找不到下家,anxiety
还没来得及好好道别，青春就这样散场了...,sadness
还没来得及好好道别，青春就这样散场了。,sadness
还没来得及好好道别，青春就这样散场了！,sadness
还没来得及好好道别，青春就这样散场了？,sadness
还没来得及好好道别，青春就这样散场了～,sadness
还没来得及说再见，你就已经消失在我的世界里了。,sadness
还能咋的,sadness
还行,contentment
还行吧,contentment
这一刻我只想大笑，管它明天会遇到什么样的困难,joy
这一刻我终于勇敢说爱你，感觉世界变得奇妙难以言喻,love
这一刻终于勇敢说爱你，云朵都变得轻快了起来,joy
这一刻，只想紧紧地抱住你...,love
这一刻，只想紧紧地抱住你。,love
这一刻，只想紧紧地抱住你！,love
这一刻，只想紧紧地抱住你？,love
这一刻，只想紧紧地抱住你～,love
这一次，我绝对不会再原谅你。,anger
这一次，我绝对不会再原谅你！,anger
这世界的灯火通明，什么时候才有属于我的一盏,sadness
这世界这么热闹，为什么我总是觉得格格不入。,sadness
这个 Bug 怎么调都调不出来，deadline 就在眼前了，疯掉！,anxiety
这个APP的设计师是怎么想的？菜单隐藏得那么深，气得我想卸载。,anger
这个人开车怎么不打灯啊？差点就撞上了！懂不懂交通规则？气死我了。,anger
这个人开车怎么不打灯啊？差点就撞上了！懂不懂交通规则？气死我了。～,anger
这个人插队还有理了？在那儿大吼大叫，真是一点教养都没有。,anger
这个假期的第一天，睡到自然醒，感觉灵魂都得到了救赎。,joy
这个冬天格外冷，因为身边再也没有那个可以为我捂手的人,sadness
这个博主终于回我私信了，我现在的嘴角已经快咧到耳根了,joy
这个反派的背景故事太刀了，真的对他恨不起来。,sadness
这个周末天气超好，和好朋友野餐简直太开心了,joy
这个城市很大，但没有一盏灯是为我留的,sadness
这个城市很大，但没有一盏灯是为我留的。,sadness
这个季度报表已按要求完成归档，数据与上期基本持平,neutral
这个小区房价比去年涨了一点，但也没涨太多,neutral
这个月工资还没发，存款也要见底了，生活好难。,sadness
这个电影的结局太圆满了，这就是我心目中的神作,joy
这个番的打斗戏经费在燃烧啊，看得热血沸腾！,joy
这个系统的逻辑设计简直是垃圾，点哪哪没反应，气得我想砸电脑。,anger
这个视频的笑点也太密集了，我直接笑出鹅叫声,joy
这个角色的内核真的很温柔，哪怕满身伤痕也要守护别人。,love
这个角色的温柔真的救赎了我，心都要化了,love
这个设计里藏着好多小心思，这种细节控我真的爱了。,love
这个转场衔接得太妙了，剪辑师加鸡腿,joy
这个转场衔接得太妙了，剪辑师加鸡腿！,joy
这个配色方案太高级了，瞬间感觉整张图都活了。,joy
这个酒店的隔音太差了，隔壁吵了一晚上，根本没法睡觉，投诉！,anger
这也太可爱了吧,joy
这书六十页,neutral
这事儿没底好急,anxiety
这些垃圾广告推个没完，真的要把人逼疯...,anger
这些垃圾广告推个没完，真的要把人逼疯。,anger
这些垃圾广告推个没完，真的要把人逼疯！,anger
这些垃圾广告推个没完，真的要把人逼疯？,anger
这些垃圾广告推个没完，真的要把人逼疯～,anger
这产品逻辑简直是反人类，后悔花冤枉钱买了个祖宗，火大得很,anger
这人说话怎么这么难听，服了...,anger
这人说话怎么这么难听，服了。,anger
这人说话怎么这么难听，服了！,anger
这人说话怎么这么难听，服了～,anger
这什么垃圾游戏啊，匹配的队友全是坑纸，气死我了！,anger
这代码写得真像艺术品，除了您自己，恐怕连老天爷都猜不透它的逻辑,anger
这代码写得真像行为艺术除了电脑谁也猜不透它的运行逻辑,anger
这件事成不成，我说了不算，但停不下来想,anxiety
这件事本来已经解决了，但睡前还是想了很久,anxiety
这件事的后果似乎令人极度失望！别再挑战耐性。,anger
这件事的后果似乎完全无法接受，必须有个交代。,anger
这件事的后果似乎已经令人极度失望，彻底看清了本质。,anger
这件事的后果似乎已经令人极度失望，真让人心寒。,anger
这件事的后果似乎已经完全无法接受，彻底看清了本质。,anger
这件事的后果必然触碰了我的底线！别再挑战耐性。,anger
这件事的后果必然透着卑劣。这就是鼠辈所为。,anger
这件事的后果总会简直不可理喻，真让人心寒。,anger
这件事的后果总会触碰了我的底线。这就是鼠辈所为。,anger
这件事的后果真的令人极度失望，真让人心寒。,anger
这件事的后果真的完全无法接受！别再挑战耐性。,anger
这件事的后果真的触碰了我的底线，真让人心寒。,anger
这件事的后果真的让人出离愤怒！别再挑战耐性。,anger
这件事的后果确实令人极度失望，真让人心寒。,anger
这件事的后果确实触碰了我的底线，必须有个交代。,anger
这件事的后果确实触碰了我的底线，真让人心寒。,anger
这件事的后果竟然完全无法接受，必须有个交代。,anger
这件事的后果透着卑劣。这就是鼠辈所为。,anger
这件外套的材质摸着好舒服，穿上就不想脱下来了,joy
这件衬衫的领口处缝有一个备用扣子，以防原扣掉落。,neutral
这份专属的偏爱，让我好开心！,joy
这份宁静的力量，让我有勇气面对明天所有的未知与挑战,contentment
这份宁静的力量，让我有勇气面对未来所有的挑战,contentment
这份感情来得太奇妙，打破了我对未来所有的常规计划。,love
这份报告的第三页有一个数据错误，我已经修改并重新上传了,neutral
这份报告的逻辑链条很完整，没发现什么漏洞...,contentment
这份报告的逻辑链条很完整，没发现什么漏洞。,contentment
这份方案的可行性很高，可以直接提交给客户...,contentment
这份方案的可行性很高，可以直接提交给客户。,contentment
这余生，只想和你一起慢慢变老...,love
这余生，只想和你一起慢慢变老。,love
这出话剧的笑点也太密集了，全场观众都笑得前仰后合,joy
这出话剧的笑点也太密集了，全场观众都笑疯了,joy
这剧情反转太快，我有点跟不上，不会是要烂尾了吧,anxiety
这剧情反转太快，我有点跟不上，不会是要烂尾了吧？,anxiety
这剧情反转太快，我有点跟不上，总觉得后面要出大事,anxiety
这剧情反转太快，我有点跟不上，总觉得后面要出大事，心里一直毛毛的,anxiety
这剧情喂屎吧？把前面的伏笔全吞了，当读者是傻子吗,anger
这剧情纯属喂屎，把前面的伏笔全吞了,anger
这口正宗的羊肉泡馍下肚，浑身的寒气瞬间散了大半，舒坦得没法说,joy
这口麻辣烫下肚，积压了一天的烦恼似乎都随着热气消散了，舒坦！,joy
这只大闸蟹膏满肉肥，吃得我心花怒放,joy
这可怎么办啊急死我了,anxiety
这可怎么办啊愁死了,anxiety
这台工业级 3D 打印机使用的耗材是改性聚乳酸材料。,neutral
这台微波炉的内部容积为二十五升，配备了转盘式底座。,neutral
这台打印机的墨粉已经降到了百分之十以下需要及时更换,neutral
这台显示器的分辨率支持最高三千八百四十乘两千一百六十,neutral
这台机器的静音效果不错，不会干扰到思考...,contentment
这台机器的静音效果不错，不会干扰到思考。,contentment
这台电脑的配置运行日常软件完全没有问题...,contentment
这台电脑的配置运行日常软件完全没有问题。,contentment
这司机乱变道，差点就撞上了...,anger
这司机乱变道，差点就撞上了。,anger
这司机乱变道，差点就撞上了！,anger
这司机乱变道，差点就撞上了？,anger
这司机乱变道，差点就撞上了～,anger
这场充满惊喜的生日宴，真的让我感动得一塌糊涂,joy
这场午后的雷阵雨带走了所有的燥热，爽快,joy
这场午后的雷阵雨带走了所有的燥热，爽快极了,joy
这场即兴的演出竟然效果这么好，太有成就感了,joy
这场即兴的脱口秀表演真的绝了，全程爆梗,joy
这场即兴的脱口秀表演真的绝了，全程爆梗不断,joy
这场大雪过后的银装素裹，简直是视觉盛宴,joy
这场晚风吹得人飘飘欲仙，所有的疲惫都烟消云散,joy
这场晚风吹得人飘飘欲仙，所有的疲惫都烟消云散了,joy
这场比赛我们班竟然反超拿了第一，全班都沸腾了,joy
这场深夜里的火锅局，简直是社交灵魂的救赎,joy
这场演唱会的气氛组太给力了，嗓子喊哑了也觉得值,joy
这场烟花虽然短暂但真的美哭我了，不虚此行,joy
这场球赛的反绝杀太刺激了，我直接从沙发上跳了起来,joy
这场球赛看得我热血沸腾，最后时刻的绝杀太燃了,joy
这场电影的结局太治愈了，走出影院时心里暖洋洋的,joy
这场突如其来的小聚会，简直是最近最大的惊喜,joy
这场突如其来的表白竟然是真的，太浪漫了,joy
这场突如其来的表白竟然是真的，我不是在做梦吧,joy
这场突如其来的阵雨后，空气好闻得让人想大口呼吸,joy
这场精彩的辩论赛看得我心潮澎湃，逻辑万岁,joy
这场精彩的马戏表演看得我目不暇接，太神奇了,joy
这场精心准备的求婚竟然成功了，太感人了，好开心,joy
这场说走就走的旅行，让我看到了不一样的风景,joy
这场说走就走的短途旅行，让我整个人焕然一新,joy
这场跨年派对的惊喜环节太赞了，完全没想到,joy
这场跨年烟火秀也太壮观了，新的一年一定会更好,joy
这场雨后的彩虹也太漂亮了吧，赶紧拍照留念,joy
这场雨后的日落也太震撼了，整个天空都是紫金色的,joy
这场雨后的空气清新极了，忍不住多吸了几口,joy
这场雨后的空气清新极了，忍不住大口呼吸,joy
这场露天电影的体验感太棒了，吹着凉风看经典片,joy
这块显示屏的比例为十六比九支持高清信号输入,neutral
这学期的课终于结束了，解放啦,joy
这家店的服务简直满分，吃得太舒心了，下次还要带朋友来,joy
这家店的装修风格和上一次来变化不大,neutral
这家火锅店的服务简直满分，吃得太舒心了,joy
这封内部通知已经通过企业微信发送到了每个人的手机上,neutral
这封电子邮件已经成功抄送给了市场部和财务部的负责人。,neutral
这封邮件点击发送的那一刻，我就开始后悔是不是附件漏传了，急死我了。,anxiety
这封邮件的抄送名单里包含了所有项目组的正式成员,neutral
这小日子过得，惬意~,contentment
这就够了,contentment
这就尴尬了,anxiety
这就是个坑,anger
这就是你们对待老客户的方式？,anger
这就是你们所谓的‘专业’服务？,anger
这就是你们承诺的‘即时响应’？,anger
这就是你们承诺的五星级服务吗服务员的态度真是好得不得了,anger
这就是你们最终给出的回复吗？真有意思。,anger
这就是你们的处理结果？，一言不发地推门而出,anger
这就是你们的处理结果？，把那份方案删掉重写,anger
这就是你们的处理结果？，猛地合上电脑,anger
这就是你们的处理结果？，直接拉黑了对方,anger
这就是你们的职业素养？推诿责任的速度倒是挺快,anger
这就是大神吗,joy
这就是快乐吗,joy
这就是快乐的最高境界！,joy
这就是您所谓的五星级服务吗，真是好得让我一辈子都不想再光顾了,anger
这就是您所谓的人性化服务吗，真是好得让我一辈子都不想再光顾了,anger
这就是您所谓的创新吗，把去年的旧方案换个封面再报一次？,anger
这就是您所谓的贴心服务吗，真是好得让我一辈子都不想再光顾了,anger
这就是您所谓的高端服务吗，真是好得让我一辈子都不想再光顾了,anger
这就是您承诺的高级待遇吗，我看也就比路边摊稍微多了一层包装纸,anger
这就是成功的快感！,joy
这就是我一直向往的状态：内心有山水，眼底有清风，步履不停，心怀安宁。,contentment
这就是我一直在等待的快乐！,joy
这就是我向往的生活，简单到只需要一个温暖的拥抱,contentment
这就是我想要的,joy
这就是我想要的幸福，简单到只需要你一个肯定的眼神,contentment
这就是我想要的快乐！,joy
这就是我想要的惊喜，生活处处充满了奇妙的言喻,joy
这就是我想要的瞬间，让所有烦恼都在这一刻彻底蒸发,joy
这就是我想要的结果！,joy
这就是我想象中的完美结果！,joy
这就是我期待的瞬间！,joy
这就是我梦寐以求的快乐！,joy
这就是我要的疯狂快乐！,joy
这就是我要的高光表现！,joy
这就是所谓的专业服务？真是让我见识到了,anger
这就是所谓的售后保障？真是让我见识到了,anger
这就是所谓的极速处理？真是让我见识到了,anger
这就是极致的畅快！,joy
这就是爱情吧,love
这就是生活本来的面貌，去繁就简后剩下的全是真实,contentment
这就是真相，我不爱你了。,sadness
这就是纯粹的、极致的快乐！,joy
这就是纯粹的快乐！,joy
这就是结局，我不爱你了。,sadness
这就是胜利的味道！,joy
这就是胜利的狂欢！,joy
这就是运气,joy
这就是锦鲤吗,joy
这就满足了,contentment
这就知足了,contentment
这就知足了真的,contentment
这就过分了吧，连基本的尊重都没有吗,anger
这届网友的评论简直是我的快乐源泉，每次刷手机都能笑出声来,joy
这届网友的评论简直是我的快乐源泉，能让人在地铁上笑出猪叫声,joy
这已经是第10次了，同样的错误还在犯,anger
这已经是第3次了，同样的错误还在犯,anger
这已经是第4次了，同样的错误还在犯,anger
这已经是第5次了，同样的错误还在犯,anger
这已经是第6次了，同样的错误还在犯,anger
这已经是第7次了，同样的错误还在犯,anger
这已经是第8次了，同样的错误还在犯,anger
这已经是第9次了，同样的错误还在犯,anger
这已经是第三次推迟交付时间了。,anger
这幅同人图的线条太流畅了，尤其是眼神处理得绝绝子。,joy
这幅画的眼睛高度终于调对称了，看着太舒服了,joy
这张照片是去年秋天拍的，地点是公司附近的公园,neutral
这张表格的数据我已经校对过了，准确无误...,contentment
这张表格的数据我已经校对过了，准确无误。,contentment
这快递员也太不负责任了，气炸了,anger
这快递员也太不负责任了，连个电话都不打就直接丢在路边，火大,anger
这快递员也太不负责任了，连个电话都不打就直接把易碎品丢路边,anger
这快递员也太不负责任了，连个电话都不打就直接把易碎品扔在门口，气炸了,anger
这快递员也太不负责任了，连个短息都不发就直接丢在路边，这种工作态度真火大,anger
这快递员也太敷衍了，连个短息都不发就直接丢在菜鸟驿站，还说是已签收,anger
这快递员太不负责任了，连个电话都不打就直接丢在路边，火大,anger
这快递员太离谱了，连个电话都不打就直接把东西丢在路边，这种工作态度真火大,anger
这快递员太离谱了，连个电话都不打就直接把生鲜放物业，等我拿都臭了,anger
这感觉就像喝了全糖的奶茶，甜到心底。,joy
这感觉就像喝了全糖的奶茶，甜到心底！,joy
这才是真的牛,contentment
这批原材料的入库编号已经录入到了最新的库存管理系统中,neutral
这把排位赛带飞全场，拿了MVP真的爽歪歪,joy
这支口红的颜色太显气色了，涂上它我觉得自己自信满满,joy
这支口红的颜色太显白了，涂上它我觉得自己气场两米八,joy
这方案写得真好，简直完美避开了客户所有的核心诉求,anger
这方案明天一早就得交，我现在才写了一半，通宵估计都干不完，疯了疯了。,anxiety
这是一次彻底的断舍离，我不爱你了。,contentment
这是我们最后一次尝试和平沟通这个问题。,anger
这是本周第五次了，还要我等多久？,anger
这服务态度也太差了吧,anger
这服务态度也太差了吧，去吃顿饭像欠了他们钱一样,anger
这服务态度也太差了吧，去吃顿饭像欠了他们钱一样，再也不会去第二次,anger
这服务态度也太差了吧，去吃顿饭像欠了他们钱一样，再也不会去第二次了,anger
这服务态度也太差了吧，花钱买气受，一生黑,anger
这服务态度也太差了吧，花钱买气受，一生黑，再也不来了,anger
这服务态度也太差了吧，花钱买气受，差评！,anger
这服务态度也太恶劣了吧，我是来消费的不是来受气的，以后绝对不会再来,anger
这服务，简直专业到了极点，让人叹为观止。,anger
这未来在哪儿啊愁死了,anxiety
这未来在哪儿愁死了,anxiety
这未来看不清烦死了,anxiety
这本书大概有三百页，我打算这周读完,neutral
这本书的第一章详细介绍了该城市的地理环境和历史变迁。,neutral
这本小说看得我欲罢不能，剧情反转得太精彩了,joy
这本手册写得很详尽，可以作为长期的参考...,contentment
这本手册写得很详尽，可以作为长期的参考。,contentment
这本说明书详细介绍了该产品的所有功能和使用方法,neutral
这条路在施工，绕行多走了十分钟,neutral
这条路走再多遍，也等不到你了...,sadness
这条路走再多遍，也等不到你了。,sadness
这条路走再多遍，也等不到你了！,sadness
这条路走再多遍，也等不到你了？,sadness
这条路走再多遍，也等不到你了～,sadness
这杯半糖去冰的奶茶简直是今日救星，好喝到哭,joy
这杯奶茶味道绝了，瞬间心情大好,joy
这杯温热的水刚刚好，就像我们现在的关系不多不少,contentment
这杯酒敬你当年的不娶之恩，让我看清了人渣到底长什么样,anger
这样也挺好,contentment
这样也挺自在,contentment
这样就够了,contentment
这样就挺好,contentment
这样过日子挺好,contentment
这样过日子挺安稳,contentment
这样过日子真安稳,contentment
这次修图如果再过不了，我真的要怀疑人生了,anxiety
这次修图如果再过不了，我真的要怀疑人生了。,anxiety
这次尝试的冷门餐厅竟然味道惊为天人，挖掘宝藏了,joy
这次抽卡居然三连金，我要去买彩票,joy
这次抽卡居然双金，欧气值直接拉满！,joy
这次旅游拍到了很多大片，每一张都好喜欢,joy
这次旅行她拍了很多照片，发现每一张里都只有她一个人,sadness
这次生成的角色表情非常到位，这就是我要的破碎感,joy
这次的抽奖竟然中了一等奖，这运气简直是锦鲤附体，开心到模糊！,joy
这次考试超常发挥，名次提前了好多，开心,joy
这款书包的背负系统采用了人体工程学设计,neutral
这款便携式投影仪内置了大容量电池支持移动办公,neutral
这款便携式蓝牙音箱支持IPX7级别的防水设计,neutral
这款保温杯的材质为三零四不锈钢容量为五百毫升,neutral
这款保温盒的内胆为陶瓷材质支持微波炉加热,neutral
这款健身包的底部设有一个专门的独立鞋袋区域,neutral
这款充电头支持多种快充协议最高输出功率为六十五瓦,neutral
这款充电头支持最高一百瓦的输出可以为笔记本供电,neutral
这款充电宝支持双向快充并带有数字电量显示屏,neutral
这款充电宝的容量为一万毫安时支持双口输出,neutral
这款公文包的锁扣采用了锌合金材质耐磨防腐蚀,neutral
这款冰箱的能效等级为一级支持二十四小时变频运行,neutral
这款净水器的滤芯寿命到期后机器会自动发出蜂鸣提醒,neutral
这款剃须刀支持全身水洗并带有三刀头浮动设计,neutral
这款剪刀的刀刃采用了高碳钢材质手柄为防滑塑料,neutral
这款加湿器的水箱容量为三升支持持续喷雾八小时,neutral
这款卷尺的总长度为五米带有自动锁死按钮,neutral
这款双肩包内部设有专门存放笔记本电脑的防震隔层,neutral
这款双肩包带有USB外部充电接口方便手机连接,neutral
这款台灯支持无极调光可以通过旋钮控制亮度,neutral
这款吸尘器的滤网建议每三个月使用清水冲洗一次,neutral
这款吹风机共有冷风温风和热风三个档位,neutral
这款多功能插座带有一个总控开关和三个独立开关,neutral
这款多功能料理机支持榨汁磨粉和绞肉多种功能,neutral
这款平板电脑的屏幕亮度最高可达六百尼特,neutral
这款户外帐篷支持自动搭建系统可以实现快速展开,neutral
这款手提电脑包的表面采用了防泼水面料处理,neutral
这款手提箱的材质为航空级铝镁合金,neutral
这款手机支持双卡双待并兼容目前主流的所有频段,neutral
这款手机的屏幕尺寸为6.7英寸，电池容量为5000毫安时,neutral
这款手机续航大概两天，信号一般,neutral
这款手电筒支持五档亮度调节并带有求救闪烁模式,neutral
这款打印机支持无线打印功能可以通过手机App控制,neutral
这款折叠屏手机的内屏尺寸为七点六英寸,neutral
这款折叠式自行车采用轻量化设计方便带进办公楼,neutral
这款折叠桌的展开尺寸为一米二乘六十厘米,neutral
这款折叠椅的支架为高强度钢管材质,neutral
这款折叠跑步机可以竖立放置在衣柜后面的缝隙中,neutral
这款折叠躺椅的背靠角度支持三档可调,neutral
这款护眼灯支持感应开关可以根据环境光自动调节亮度,neutral
这款挂钩的最大承重为三公斤建议粘贴在光滑表面,neutral
这款指纹锁支持指纹密码和IC卡三种开锁方式,neutral
这款排插支持防雷击保护和过载自动断电,neutral
这款收纳架的层高可以根据存放物品的大小自由调节,neutral
这款收纳盒的材质为透明PP材质方便观察内部物品,neutral
这款收纳箱的盖子带有密封条可以有效防潮防尘,neutral
这款旅行袋的侧面设有一个独立的干湿分离区域,neutral
这款无线耳机支持降噪模式和通透模式切换,neutral
这款无线键鼠套装共用一个微型接收器可以节省接口,neutral
这款无线鼠标支持蓝牙和二点四G两种连接方式,neutral
这款智能台灯可以根据周围的光线变化自动改变色温,neutral
这款智能手表的屏幕采用了AMOLED材质,neutral
这款智能电视的处理器为四核配置运行内存为三G,neutral
这款智能音箱支持语音通话和在线音乐播放功能,neutral
这款洗发水的包装规格为五百毫升按压式泵头设计,neutral
这款洗碗机内置了多种洗涤模式包括强力洗和快速洗,neutral
这款热水器的最大加热功率为三千瓦,neutral
这款理发器内置了大容量锂电池支持无线操作,neutral
这款瑜伽垫的厚度为八毫米材质为环保橡胶,neutral
这款电脑包内部设有加厚的防震层以保护电子设备,neutral
这款电陶炉支持多种材质的锅具使用,neutral
这款登山杖的材质为碳纤维手柄处为软木设计,neutral
这款相机的传感器有效像素为两千四百万,neutral
这款矿泉水的保质期为十二个月请在干燥阴凉处存放,neutral
这款耳机的充电接口为Type-C规格支持快速充电,neutral
这款自行车的车架采用了铝合金材质总重量约十二公斤,neutral
这款行李托运带采用了十字加固设计并带有密码锁,neutral
这款行李箱的轮子为万向轮设计支持三百六十度旋转,neutral
这款路由器的发射频率支持二点四G和五G双频并发,neutral
这款软件支持多种语言版本可以在设置菜单中自行切换,neutral
这款运动水壶支持单手开启并带有安全锁扣,neutral
这款运动相机支持多轴防抖技术可以记录平滑的视频,neutral
这款运动耳机采用骨传导技术佩戴时无需塞入耳道,neutral
这款运动鞋的鞋底采用了耐磨橡胶材质,neutral
这款遮阳伞的伞布涂层具有较高的紫外线防护系数,neutral
这款键盘保护膜采用了超薄硅胶材质手感较为透明,neutral
这款键盘的键帽采用了人体工程学弧度设计,neutral
这款键盘采用了机械轴体设计键帽为PBT材质,neutral
这款雨伞的伞架采用了玻璃纤维材质具有较好的柔韧性,neutral
这款雨伞的伞面采用了高密度防泼水涂层,neutral
这款雨刮器的材质为高品质硅胶适合多种气候条件,neutral
这款雨披的侧面设有透明窗口方便观察后方视镜,neutral
这款雨衣采用了连体设计并带有反光条提示,neutral
这款露营灯支持冷暖色温切换并可以作为应急移动电源,neutral
这游戏匹配的都是什么队友，带不动还要喷人，气死了,anger
这游戏匹配的都是什么队友，带不动还要喷人，气死了！,anger
这游戏匹配的都是什么队友，带不动还要喷人，气死我了,anger
这游戏匹配的都是什么队友，带不动还要喷人，简直要把我气炸了,anger
这游戏平衡性是认真的吗？这种付费玩家就能碾压一切的设计，简直是吃相难看，退游了,anger
这游戏策划是不是把玩家当成了提款机，这种逼氪的嘴脸真的看得我血压升高，想卸载,anger
这游戏策划是不是把玩家当成了提款机，这种逼氪的嘴脸真的看得我血压升高，想立马卸载了事,anger
这游戏策划是不是把玩家当提款机，逼氪的嘴脸太难看，想立马卸载了,anger
这游戏策划是不是脑子坏掉了？这关卡难度纯粹是为了恶心玩家吗？直接卸载不谢,anger
这游戏策划是不是脑子进水了？这数值也能出,anger
这游戏策划是不是脑子进水了？这数值也能出，纯粹是为了劝退玩家吗,anger
这游戏策划是不是脑子进水了？这种关卡难度纯粹是为了恶心人,anger
这游戏策划是不是脑子进水了？这种数值也能出，纯粹是为了劝退玩家吗,anger
这游戏策划是不是脑子进水了？这种离谱的数值也能出，纯粹是为了劝退玩家,anger
这游戏策划是不是觉得玩家的肝是铁打的？这种变态的爆率真的让人火大到想卸载,anger
这甜蜜的瞬间，好想按下暂停键。,joy
这甜蜜的瞬间，好想按下暂停键！,joy
这电影的特效也太燃了吧，全程无尿点，yyds！,joy
这电影的结局也太治愈了吧，看完心情明媚了一整天,joy
这电影的逻辑简直是把观众当傻子，真后悔花钱买这张票，火大得想现在就走,anger
这种“只要我不尴尬，尴尬的就是别人”的厚脸皮，您是祖师爷级别的吧。,anger
这种“我是为了你好才骗你”的逻辑，您留着去地狱跟判官说吧。,anger
这种“纯属巧合”的雷同，您居然好意思拿出来谈授权？真当我瞎啊？,anger
这种“虽然我伤害了你但我压力很大”的撒娇，您留着给您妈听吧。,anger
这种“虽然我错了但你态度不好”的神级辩论技巧，您在哪儿学的？,anger
这种一个人看电影的感觉，其实也非常放松。,contentment
这种一眼望得到头的枯燥生活，正在一点点耗尽我的灵魂。,sadness
这种万物各得其所、不需要我额外操心的秩序感，真是莫大的宽慰。,contentment
这种万物各得其所、不需要我额外操心的秩序感，真是莫大的心理宽慰。,contentment
这种万物各得其所、内心波澜不惊的状态，真让我着迷。,contentment
这种万物各得其所、我亦身处其中的安稳感，就是我寻觅已久的宁静归宿。,contentment
这种不仅不帮忙还添乱的人，真的想让他消失,anger
这种不仅不帮忙还添乱的人，真的想让他消失在我的生活里,anger
这种不仅不帮忙还添乱的人，真的想让他赶紧消失在我的视线里,anger
这种不仅不帮忙还添乱的人，真的想让他赶紧消失在我的视线里，真碍眼,anger
这种不公平的待遇，我绝对不会就这样忍气吞声地接受,anger
这种不再为了取悦别人而活的觉醒，是我这辈子做的最正确的事，真爽。,contentment
这种不再为昨天的失误而懊悔、也不为明天担忧的定力，让我活得很透彻。,contentment
这种不再向外索求认可、只需自我悦纳的通透，让灵魂感到极其轻盈。,contentment
这种不再向往远方、只觉此地即是归宿的安稳感，就是我寻觅已久的宁静。,contentment
这种不再期待奇迹发生、只愿守住现有温存的笃定，让我感到无比安稳。,contentment
这种不再被任何欲望绑架的自由，是我生命里最高级的奖赏。,contentment
这种不再被外界评价所绑架、只听从内心召唤的清醒，让我感到从未有过的从容。,contentment
这种不再被手机通知铃声左右的宁静，是我在这个时代的奢侈品。,contentment
这种不再被时间追赶、可以随心所欲挥霍一个下午的自由，真让人沉醉。,contentment
这种不再被某种目标感所驱使的随性，让生活展现出了它最温柔的一面。,contentment
这种不再试图填满每一刻、允许生活有裂缝和留白的从容，让我感到前所未有的舒心。,contentment
这种不再试图填满每一处空白、允许留白的人生，反而透出一种高阶的质感。,contentment
这种不再试图讨好全世界、只需悦纳自己的通透，让灵魂感到轻盈。,contentment
这种不再追逐任何“远大前程”、只想守住当下这一方宁静的笃定，就是我的圆满。,contentment
这种不再追逐远方幻影、只守着眼前一蔬一饭的踏实，就是我的圆满。,contentment
这种不再追问“为什么”、只学着如何“去生活”的转变，让我感到了前所未有的舒心。,contentment
这种不再需要外界补偿的自我丰盈，是我最深层、最长久的依靠。,contentment
这种不分青红皂白的指责，只会让我觉得你的逻辑思维有问题,anger
这种不劳而获的感觉（指捡到打折券）真的太快乐了，嘿嘿。,joy
这种不回复消息却在朋友圈蹦迪的人，直接拉黑,anger
这种不回复消息却在朋友圈蹦迪的人，真的可以直接拉黑,anger
这种不回复消息却在朋友圈蹦迪的人，真的可以直接拉黑不送了,anger
这种不回复消息却在朋友圈蹦迪的人，真的可以直接拉黑不送了，太不尊重人,anger
这种不回复消息却在朋友圈蹦迪的人，真的可以直接拉黑不送了，浪费表情,anger
这种不回复消息却在朋友圈蹦迪的人，真的可以直接拉黑了,anger
这种不回复还发朋友圈的人，直接拉黑,anger
这种不回复还发朋友圈的人，真的直接拉黑不谢。,anger
这种不回复重要消息却在朋友圈各种蹦迪的人，真的可以直接拉黑永不联系了，恶心,anger
这种不回消息却在朋友圈发九宫格自拍的人，真的可以从我的通讯录里彻底滚蛋了,anger
这种不守信用、随口答应又随口反悔的行为，简直是人品败坏的典范,anger
这种不守信用的人，以后绝对不会再合作了...,anger
这种不守信用的人，以后绝对不会再合作了。,anger
这种不守信用的人，以后绝对不会再合作了！,anger
这种不守信用的人，以后绝对不会再合作了？,anger
这种不守信用的人，以后绝对不会再合作了～,anger
这种不守信用的行为，简直是人品败坏,anger
这种不守信用的行为，简直是人品败坏到家了,anger
这种不守规矩、公然插队的没素质行为，真的让人打心底里感到反感,anger
这种不守规矩的人，真让人反感,anger
这种不守规矩的人，真让人觉得反感,anger
这种不安分，在心底翻涌,anxiety
这种不安感，挥之不去,anxiety
这种不得不面对的复杂人际关系，每次都让我感到深深的局促和恐慌,anxiety
这种不得不面对的社交场合，每次都让我感到深深的局促和恐慌,anxiety
这种不必为了合群而强迫自己开口的沉默，是我在这个年纪能给自己最好的奖励。,contentment
这种不必为了显得合群而强行融入的自在，是我给自己最好的奖励。,contentment
这种不必向谁交代、只需对自己负责的自由，是我最安稳的底气。,contentment
这种不必言说的默契与宁静，让整个下午的时光都变得极其有质感。,contentment
这种不必证明自己也很有价值的底气，让我活得格外有自尊和宁静。,contentment
这种不急于求成的心态，让我走得更远。,contentment
这种不期而遇的惊喜，治愈了整天的疲惫！,joy
这种不求回报、只愿你好的深情，是我对你最真挚的告白。,love
这种不求回报的付出，才是爱最真实、最动人的样子。,love
这种不用特意找话题，各忙各的却一点也不尴尬的关系，真的太舒服了,love
这种不用猜忌的安稳感，就是我余生的唯一追求，感觉特别踏实,love
这种不用考虑预算，放肆给自己买了一大堆生活好物的感觉，简直是社畜的快乐巅峰,joy
这种不用闹钟自然醒的周末，简直是人生巅峰,joy
这种不用闹钟自然醒的早晨，简直是人生巅峰,joy
这种不疾不徐、按部就班的生命节奏，给了我最深层的心理安全感。,contentment
这种不疾不徐的努力，让我看到了自己一点一滴的成长。,contentment
这种不疾不徐的成长节奏，让我看到了自己由内而外的从容。,contentment
这种不疾不徐的成长节奏，让我看到了自己由内而外的破茧成蝶。,contentment
这种不知道明天会发生什么的危机感，真的让人很疲惫,anxiety
这种不确定性快把我逼疯了，每一秒都是煎熬。,anxiety
这种不确定性快把我逼疯了，每一秒都是煎熬。...,anxiety
这种不确定性快把我逼疯了，每一秒都是煎熬。。,anxiety
这种不确定性快把我逼疯了，每一秒都是煎熬。，好慌。,anxiety
这种不确定性快把我逼疯了，每一秒都是煎熬。，真的。,anxiety
这种不确定性让我变得异常敏感，一点小事都能吓到我,anxiety
这种不确定的感觉太折磨人了,anxiety
这种不确定的感觉最煎熬，能不能直接给个痛快话,anxiety
这种不确定的感觉最煎熬，能不能直接给个痛快话，等待的过程太折磨人了,anxiety
这种不确定的感觉最煎熬，能不能直接给个痛快话，等得太累了,anxiety
这种不确定的感觉最煎熬，能不能直接给个痛快话，等得太累了，心力交瘁,anxiety
这种不确定的感觉最煎熬，能不能直接给个痛快话，行还是不行,anxiety
这种不确定的感觉最煎熬，还不如直接给我个痛快。,anxiety
这种不确定的感觉，让我好慌...,anxiety
这种不确定的感觉，让我好慌。,anxiety
这种不确定的感觉，让我好慌！,anxiety
这种不确定的感觉，让我好慌？,anxiety
这种不确定的感觉，让我好慌～,anxiety
这种不确定的未来，让我对自己失去了信心,anxiety
这种不确定的未来，让我每天都生活在不安和惶恐之中。,anxiety
这种不确定的未来，让我每天都生活在不安和惶恐之中，快要窒息了。,anxiety
这种不确定的等待，简直比直接面对失败还要折磨人,anxiety
这种不确定的答案最折磨人，能不能给个痛快话，哪怕是拒绝也好过等待,anxiety
这种不确定的答案，最折磨人的心智,anxiety
这种不确定的答案，最折磨人的心智，能不能给个准话,anxiety
这种不确定的答案，最折磨人的心智，能不能给我个准话,anxiety
这种不确定的距离感，让我每天都患得患失...,anxiety
这种不确定的距离感，让我每天都患得患失。,anxiety
这种不确定的距离，让我心惊胆战...,anxiety
这种不确定的距离，让我心惊胆战。,anxiety
这种不确定的距离，让我整夜无法入眠。,anxiety
这种不紧不慢、按部就班的生活节奏，让我感到非常的安心和自在。,contentment
这种不紧不慢的日子，才是理想中的生活状态。,contentment
这种不紧不慢的节奏，才是生活本该有的样子,contentment
这种不被他人打扰的宁静，是我忙碌了一周后最好的奖赏。,contentment
这种不被他人打扰的宁静，是我忙碌了一周后给自己最好的奖赏，真好。,contentment
这种不被定义的生活，让我感到前所未有的自由。,contentment
这种不被打扰的周末，工作效率反而更高一些...,contentment
这种不被打扰的周末，工作效率反而更高一些。,contentment
这种不被物欲裹挟的生活，让我感到精神上的富有。,contentment
这种不负责任的父母，既然不想养孩子为什么要生下来？太可恶了。,anger
这种不负责任的职场绿茶，表面一套背地一套，真的看透了,anger
这种不负责任的行为，真火大,anger
这种不负责任的行为，真的让我很火大,anger
这种不负责任的言论居然还有人点赞，三观都碎了,anger
这种不负责任的言论居然还有人点赞，三观都碎了。,anger
这种不负责任的言论居然还有人点赞，三观都被震碎了,anger
这种不负责任的言论居然还有人点赞，三观都被震碎了，无语至极,anger
这种不负责任的言论，真的让人很生气,anger
这种不负责任的言论，除了引起社会恐慌，没有任何正向的价值,anger
这种不负责任的队友真是坑死我了，连基础的操作都不会还乱跑。,anger
这种不踏实的感觉，让我做什么都提不起劲来,anxiety
这种不锈钢管材的规格为直径二十五毫米，长度为六米。,neutral
这种不需要动脑子的简单重复劳动，有时候反而让我觉得很治愈，特别解压,contentment
这种不需要动脑子的简单重复工作，有时候反而觉得很治愈,contentment
这种不需要动脑子的简单重复工作，有时候反而让我觉得很治愈,contentment
这种不需要动脑子的简单重复工作，有时候反而让我觉得很治愈，很解压,contentment
这种不需要动脑子的简单重复，有时候反而很治愈,contentment
这种不需要动脑子的简单重复，有时候反而很治愈。,contentment
这种不需要动脑筋的周末摸鱼时光，真的太快乐了，感觉灵魂都得到了洗礼,joy
这种不需要向任何人证明什么的状态，才是真正的自由与平和。,contentment
这种不需要向任何人证明自己的平淡感，是我现在最大的自由。,contentment
这种不需要向别人证明什么的感觉，真轻松...,contentment
这种不需要向别人证明什么的感觉，真轻松。,contentment
这种不需要社交的周末，真的很治愈,contentment
这种不需要社交的周末，真的很治愈，享受一个人的安静,contentment
这种不需要社交的周末，真的很治愈，只想安静地宅在家里,contentment
这种不需要社交的周末，真的很治愈，只想安静地待着,contentment
这种与世无争的淡然，让我看清了更多曾经被忽略掉的美好风景。,contentment
这种与世无争的淡然，让我看清了更多美好。,contentment
这种为了出风头就不顾他人安危的行为真该谴责,anger
这种为了出风头就不顾他人安危的行为，真的应该受到强烈谴责,anger
这种为了出风头就不顾他人安危的行为，真的应该受到最严厉的谴责,anger
这种为了利益就出卖朋友的人，真卑鄙,anger
这种为了利益就出卖朋友的小人，这辈子都不想再打交道,anger
这种为了博取眼球不惜消费苦难、恶意编造剧本的博主，真该被直接永久封号,anger
这种为了博取眼球不惜消费苦难的博主，真该被直接封号，气得发抖,anger
这种为了博取眼球不惜消费苦难的博主，真该被直接封号，看得我火冒三丈,anger
这种为了博取眼球不惜造谣、恶意剪辑视频的人真的坏透了，真想直接举报到底,anger
这种为了博流量不择手段的博主，真该被直接封号，看得我火冒三丈,anger
这种为了博流量不择手段的博主，真该被直接封号，看得我火冒三丈到极点,anger
这种为了博流量不择手段的博主，真该被直接封号，看得我火大,anger
这种为了博眼球不惜造谣、恶意剪辑视频的人真的坏透了，真想直接举报到他封号,anger
这种为了博眼球不惜造谣、恶意剪辑视频的人真的坏透了，真想直接举报到底,anger
这种为了博眼球不惜造谣的人真的坏透了，真想直接举报到底，火大,anger
这种为了所谓的KPI而不择手段、甚至不惜损害客户利益的行为，真可耻,anger
这种为了所谓的“收视率”就去无底线审丑的节目，真让人反感,anger
这种为了所谓的“流量”就去消费灾难的人，根本就不懂什么是廉耻,anger
这种为了所谓的“流量”就去消费灾难的网红，根本就不懂什么是廉耻,anger
这种为了所谓的收视率无底线审丑的节目真反感,anger
这种为了收视率就故意制造家庭矛盾的垃圾导演，真的应该被行业协会永久封杀,anger
这种为了收视率就故意制造矛盾的行为，真的应该被广电总局彻底封杀,anger
这种为了流量不惜造谣的自媒体，真的看得我作呕，能不能离我的世界远点,anger
这种为了流量不择手段、毫无下限的博主，真的看得我反胃，能不能直接封杀,anger
这种为了流量不择手段的博主，看得我阵阵恶心，能不能滚远一点,anger
这种为了流量不择手段的博主，真的看得我反胃,anger
这种为了流量不择手段的营销号，真的看得我反胃，能不能滚远点,anger
这种为了流量不择手段的行为，真的已经触及了社会的底线,anger
这种为了流量不择手段的行为，真的恶心,anger
这种为了流量不择手段的行为，真的让人感到恶心,anger
这种为了流量不择手段的行为，真的让人感到恶心。,anger
这种为了流量不择手段的行为，真的让人感到恶心透了,anger
这种为了流量不择手段的行为，真的让人感到恶心，底线在哪里,anger
这种为了流量就故意制造邻里矛盾的缺德导演，真应该被全行业封杀，让他下地狱去吧,anger
这种为了热度不惜去打扰别人生活的网红，真的一点底线都没有，火大,anger
这种为了热度不惜造谣的自媒体，真的看得我作呕，能不能滚远点,anger
这种为了私人利益就置集体荣誉于不顾的行为，简直是卑劣到了极点,anger
这种为了私人利益而损害公共利益的行为，简直是丧心病狂,anger
这种为了私人恩怨而公器私用的行为，简直是对职权最大的亵渎,anger
这种为了自己出风头就不顾他人死活的行为，真应该被拉出去枪毙一百次都不嫌多,anger
这种为了自己升官发财就不顾别人死活的狗官，真应该被拉出去千刀万剐都不嫌多,anger
这种为了虐而虐的剧情，真的让人看得很不适，弃了。,anger
这种为了蝇头小利就出卖职业道德的行为，如果没人管，那社会就真的没救了,anger
这种久别重逢的惊喜感，大家还是记忆里的样子，真好,joy
这种久别重逢的惊喜感，大家还是记忆里的样子，真好，想哭,joy
这种久别重逢的惊喜感，大概就是活着的意义吧,joy
这种久别重逢的惊喜感，大概就是活着的意义吧，大家都还是记忆里的样子,joy
这种久别重逢的感觉，真的太美好了,joy
这种久别重逢的拥抱，真的太治愈了,joy
这种云淡风轻的态度，是我对抗平庸的武器。,contentment
这种互相理解的感觉真好，不需要多余的解释,love
这种互相理解的感觉真好，不需要多余的解释，默契满分,love
这种互相理解的感觉真好，不需要多余的解释，默契满分，舒服极了,love
这种人也能火？,anger
这种人也配当老师，简直是误人子弟,anger
这种人也配当老师？在课堂上公开羞辱学生，简直没有职业道德。,anger
这种从陌生走向相爱的过程，奇妙得让我不敢相信这是真的。,love
这种付出再多也得不到回应的挫败感，真的让人很绝望,sadness
这种付出再多也得不到回应的挫败感，谁懂,sadness
这种付出再多也得不到回应的挫败感，谁懂，心真的碎了一地,sadness
这种付出再多也得不到回应的挫败感，谁懂，感觉心真的碎了一地，捡不起来了,sadness
这种仪器的探头部分采用了蓝宝石材质，硬度极高。,neutral
这种仪器的校准周期为一年一次，需由专业机构出具报告。,neutral
这种仪器的测量精度为零点零一毫米，属于高精度范畴。,neutral
这种仪器的电池寿命为五年，低电量时会发出蜂鸣提醒。,neutral
这种传感器的探测角度为一百二十度，有效距离为五米。,neutral
这种传感器通过测量光信号的强弱，来计算物体的距离。,neutral
这种低级的沟通失误，不应该出现第二次。,anger
这种低级的错误居然犯了两次，简直是在挑战我的耐心,anger
这种做法似乎已经完全无法接受，真让人心寒。,anger
这种做法似乎已经简直不可理喻，必须有个交代。,anger
这种做法似乎已经触碰了我的底线，真让人心寒。,anger
这种做法似乎已经透着卑劣，彻底看清了本质。,anger
这种做法似乎触碰了我的底线！别再挑战耐性。,anger
这种做法似乎透着卑劣，真让人心寒。,anger
这种做法完全无法接受！别再挑战耐性。,anger
这种做法完全无法接受，彻底看清了本质。,anger
这种做法必然触碰了我的底线，彻底看清了本质。,anger
这种做法必然透着卑劣，必须有个交代。,anger
这种做法总会让人出离愤怒，必须有个交代。,anger
这种做法真的简直不可理喻，真让人心寒。,anger
这种做法确实令人极度失望，必须有个交代。,anger
这种做法确实透着卑劣。这就是鼠辈所为。,anger
这种做法确实透着卑劣，真让人心寒。,anger
这种做法竟然令人极度失望。这就是鼠辈所为。,anger
这种做法透着卑劣！别再挑战耐性。,anger
这种做法透着卑劣，真让人心寒。,anger
这种像是在走钢丝的恋爱，让我每一步都踏得惊心动魄,anxiety
这种充满偏见和歧视的言论，看着就让人火大,anger
这种充满活力的氛围，让我感觉自己年轻了好几岁,joy
这种光学传感器的响应频率为五百赫兹，支持多点触控。,neutral
这种公然剽窃他人创意还反咬一口的嘴脸，简直刷新了我对无耻的认知,anger
这种公然剽窃他人成果的行为，简直是行业的耻辱,anger
这种公然剽窃他人成果的贼真该被封杀,anger
这种公然剽窃他人成果的贼，真该死,anger
这种公然在公共场合大声喧哗的没素质行为，真的应该被强烈谴责,anger
这种公然在办公室搞小圈子、排挤新人的行为，真不配叫职场文化,anger
这种公然在办公室搞小圈子排挤新人的行为真恶心,anger
这种公然歧视的行为，真让人火大,anger
这种内心充盈的感觉，让我不再感到孤独，也不再感到任何的迷茫。,contentment
这种内心充盈的感觉，让我不再感到孤独，也不再感到迷茫。,contentment
这种内心深处的从容与淡定，是我对抗焦虑世界最有力的武器库。,contentment
这种内心深处的从容，是我对抗这个世界最有力的武器。,contentment
这种内心深处的充盈感，让我不再向外索求。,contentment
这种内心深处的充盈感，让我不再需要通过外物来填充虚无。,contentment
这种内心的丰实，让我不再畏惧任何未知的挑战。,contentment
这种内心的丰沛与充实，让我不再畏惧未来任何形式的未知挑战。,contentment
这种内心的丰沛与充实，让我不再需要通过任何外物来证明自己的价值。,contentment
这种内心的丰盈与自得，让我不再需要通过任何炫耀来证明自己。,contentment
这种内心的安宁，是我在这个纷繁复杂的世界里最有力的盔甲。,contentment
这种内心的安宁，是我最强大的盔甲。,contentment
这种内心的安定与富足，是我对抗世俗喧嚣最坚实的堡垒和盾牌。,contentment
这种内心的安定与富足，是我给未来的自己，也是给岁月最好的承诺。,contentment
这种冷暴力的处理方式，真的让人感到无比恶心,anger
这种出尔反尔、完全没有契约精神的合作伙伴，真是让人火大,anger
这种出尔反尔、毫无信用可言的人，真的不配在这个行业里立足,anger
这种出尔反尔没有契约精神的人真是让人火大,anger
这种出尔反尔的行为，直接拉黑，永远不合作,anger
这种到处造谣生事的人，迟早会遭报应的，我等着看你跌落神坛。,anger
这种刻骨铭心的感情，早已超越了简单的喜欢，是灵魂的共振。,love
这种刻骨铭心的灵魂契合，早已超越了世俗定义的喜欢。,love
这种刻骨铭心的爱，早已融入了我的血液里。,love
这种剽窃行为是对所有原创者最大的侮辱,anger
这种剽窃行为，是对原创最大的侮辱,anger
这种剽窃行为，真让人瞧不起,anger
这种剽窃，简直是对原创的侮辱,anger
这种功劳当然要算您的，这不是理所当然的吗,anger
这种努力之后依然无力改变的感觉，真的让人很绝望,sadness
这种努力了很久最后还是无力改变的结果，真的挺挫败的，感觉心好累,sadness
这种努力后被肯定的感觉真的太爽了，继续加油,joy
这种努力后被肯定的感觉真的太爽了，继续加油！,joy
这种劫后余生的庆幸，让我对未来的每一天都充满了敬畏和感激,joy
这种劫后余生的庆幸，让我更加珍惜现在的每一秒,joy
这种劫后余生的快感能让人记一辈子,joy
这种化学元素在常温常压下呈现出银白色的金属光泽,neutral
这种化学物质在与酸性溶液反应时，会产生适量的二氧化碳。,neutral
这种化学试剂在接触到空气中的水分后，会产生少量的热量。,neutral
这种半吊子的状态最折磨人，想努力又找不到方向，想摆烂又不敢彻底放弃,anxiety
这种半吊子的状态最难受，想努力又没动力，想摆烂又不敢,anxiety
这种半吊子的状态最难受，想进进不去，想退又不甘心,anxiety
这种半吊子的状态最难受，想进进不去，想退又不甘心。,anxiety
这种单纯的快乐最无价，值得我用一辈子去细细地典藏,joy
这种单纯的快乐最无价，值得我用一辈子去细细珍藏,joy
这种危机感，迫在眉睫,anxiety
这种即便一个人走在雨中也能不急不躁的心境，是我内心的避风港。,contentment
这种即便不说话也能感知彼此心意的默契，就是我们爱的证明。,love
这种即便平淡如水也能品出甘甜的心境，是我在这个纷扰世间最宝贵的资产。,contentment
这种即便身处嘈杂也能在内心修篱种菊的定力，让我在这纷乱世间感到了从容。,contentment
这种即便身处嘈杂也能在内心修篱种菊的定力，让我在这纷乱世间感到了莫大的自洽。,contentment
这种即便身处嘈杂也能在内心修篱种菊的定力，让我感到分外从容。,contentment
这种即便身处闹市也能听见心跳的定力，让我感到了前所未有的力量。,contentment
这种压抑感，快要疯掉,anxiety
这种厚颜无耻的逻辑真让人开眼,anger
这种双向奔赴、互相成就的关系真的太难得了，我会用一辈子去好好经营和珍惜,love
这种双向奔赴、互相扶持的关系真的太难得了，我会用我的一生去好好珍惜你,love
这种双向奔赴、彼此成就的感情，是我这辈子收到的、来自上天最慷慨的一份馈赠。,love
这种双向奔赴、彼此都是对方世界里第一顺位的感情，才是我余生最大的幸运,love
这种双向奔赴、彼此都是对方唯一退路的感情，才是这个世界上最珍贵的东西,love
这种双向奔赴、彼此都是对方生命里那道光的感觉，才是这个世界上最珍贵的,love
这种双向奔赴、彼此都是对方第一优先级的感觉，才是我值得拿命去守护的宝物,love
这种双向奔赴、彼此都是对方第一顺位的感情，才是我值得拿命去守护的,love
这种双向奔赴、彼此都是对方第一顺位的感情，才是我值得拿命去守护的东西,love
这种双向奔赴、彼此都是对方第一顺位的感情，才是这辈子值得守护的东西,love
这种双向奔赴、彼此都是第一顺位的感情，才值得我拿命去守护,love
这种双向奔赴的信任，才值得我拿一生去赌，谢谢你没让我输,love
这种双向奔赴的信任，才值得我拿一生去赌，谢谢你没让我输，真的好爱你,love
这种双向奔赴的友谊，我觉得可以维持一辈子,love
这种双向奔赴的友谊，我觉得可以维持一辈子，有你真好,love
这种双向奔赴的友谊，我觉得可以维持一辈子，谢谢你,love
这种双向奔赴的友谊，我觉得我们可以一直玩下去,love
这种双向奔赴的友谊，我觉得我们可以一起玩到八十岁,love
这种双向奔赴的友谊，我觉得我们可以维持一辈子,love
这种双向奔赴的友谊，我觉得我们可以维持一辈子，真的好珍惜你,love
这种双向奔赴的友谊，我觉得我们可以维持一辈子，谢谢你一直在,love
这种双向奔赴的友谊，我觉得我们可以维持一辈子，谢谢你一直都在,love
这种双向奔赴的友谊，我觉得我们可以维持一辈子，谢谢你一直都在我身边,love
这种双向奔赴的友谊，我觉得我们可以维持一辈子，谢谢你的陪伴,love
这种双向奔赴的友谊，真的很难得,love
这种双向奔赴的友谊，真的很难得，谢谢你一直都在,love
这种双向奔赴的友谊，谢谢你一直都在,love
这种双向奔赴的情感，简直就是人间宝藏！,love
这种双向奔赴的情节请给我多来点，甜死我了,joy
这种双向奔赴的情节请给我多来点，甜死我了。,joy
这种双向奔赴的感情，才值得我拿命去守护，谢谢你这么爱我,love
这种双向奔赴的爱情，大概就是人间理想吧。,love
这种双向奔赴的爱情，才是生命中最珍贵的奇迹。,love
这种双向奔赴的羁绊，大概就是活着的意义吧,love
这种双重标准的人最恶心，对自己宽宏大量，对别人严苛至极。,anger
这种只会压榨下属的领导真不配待在那个位子上,anger
这种只会抢功劳的同事，真的不想再搭理，气得我午饭都吃不下,anger
这种只会推卸责任、没有半点担当的领导，真是不配坐在那个位置上,anger
这种只会推卸责任、没有担当的领导，真的不值得大家追随,anger
这种只会推卸责任的领导，真没劲,anger
这种只会推卸责任的领导，真没担当,anger
这种只会推卸责任的领导，真的不配让人追随,anger
这种只会推卸责任的领导，真的跟错了人，气得想离职,anger
这种只会画大饼的领导，早辞职早解脱,anger
这种只会窝里横、在外面却唯唯诺诺的人，真的让人打心底里瞧不起,anger
这种只会窝里横的男人，真没出息,anger
这种只会给员工画大饼、从来不兑现承诺的老板，多待一秒都是浪费生命,anger
这种只会给员工画大饼却从不兑现的老板，多待一秒都是在浪费生命,anger
这种只会背后捅刀子的小人，真恶心,anger
这种只会背后说人闲话的垃圾，真没教养,anger
这种只会躲在网络背后对别人评头论足、散播恶意的键盘侠，内心到底有多空虚,anger
这种只会躲在背后放冷箭的小人，我祝他这辈子都过得不顺心,anger
这种只会躲在背后放冷箭的小人，我绝不会再给你第二次伤害我的机会,anger
这种只会通过贬低别人来抬高自己的人，内心到底是有多卑微和扭曲,anger
这种只会通过贬低别人来抬高自己的人，内心到底有多卑微,anger
这种只会通过贬低同事来抬高自己的小人真恶心,anger
这种只会通过贬低同事来显示自己能干的人，真不配在团队里待,anger
这种只会通过贬低女性来寻找优越感的男人，内心到底是有多自卑,anger
这种只懂巴结领导不干实事的马屁精，真的看得我火大，太特么自私了,anger
这种只懂巴结领导不干实事的马屁精，真的看得我火大，太自私,anger
这种只拿钱不干事的职场老油条，真的看得我火大，太自私了,anger
这种只敢在背后搞小动作的懦夫，真不配出现在我的朋友圈里,anger
这种只许州官放火、不许百姓点灯的双重标准，真是让人大开眼界,anger
这种只许州官放火不许百姓点灯的双标真恶心,anger
这种只许州官放火不许百姓点灯的行为，真是让人大开眼界,anger
这种吃干抹净还要反咬一口的白眼狼，这辈子都不想再碰见第二次,anger
这种唯利是图的小人，这辈子都不想再有任何瓜葛,anger
这种团队合作无间的状态，真的让我看到了无限可能,joy
这种在人群中突然袭来的孤独感，让我觉得自己是个异类,sadness
这种在公共场合大声打电话的人，真没教养，素质掉了一地,anger
这种在别人伤口上撒盐的行为，简直是卑劣到了极点,anger
这种在别人背后捅刀子、还要装出一副受害者模样的人，简直让人恶心透顶,anger
这种在地铁里公然吃大蒜味食品的人，真没教养，素质全喂狗了,anger
这种在深夜里无处安放的委屈，只能任由它在枕边慢慢发酵、腐烂。,sadness
这种在电梯里公然外放土俗短视频还笑得很大声的行为，真的让人反感到了极点,anger
这种在绝望中反复咀嚼痛苦的自虐，是我唯一能感受自己还活着的证明。,sadness
这种在背后恶意揣测、造谣传谣的行为，迟早会遭到报应的,anger
这种在背后散布谣言、恶意攻击竞争对手的行为，简直是卑劣到了极点,anger
这种地板的耐磨转数达到了九千转，适合在公共场所使用。,neutral
这种地毯的清洗方式建议为干洗，以保持其原有的质感。,neutral
这种坦诚很舒服，我不爱你了。,contentment
这种垃圾质量的东西居然敢卖这么贵，简直是在抢钱，黑心商家！,anger
这种垃圾软件强制消费还不给退款，我今天非得投诉到底不可。,anger
这种垃圾软件，点哪哪闪退...,anger
这种垃圾软件，点哪哪闪退。,anger
这种垃圾软件，点哪哪闪退！,anger
这种垃圾软件，点哪哪闪退？,anger
这种垃圾软件，点哪哪闪退～,anger
这种塑料制品的密度略小于水，在静止的水面上会保持漂浮。,neutral
这种塑料制品的耐化学腐蚀性能较好，适合存放弱酸液体。,neutral
这种塑料包装具有良好的阻氧性能，能有效延长食品保质期。,neutral
这种塑料管道的内径为五十毫米，壁厚公差为正负零点二毫米。,neutral
这种塑料袋的厚度为零点零三毫米，具有较好的承重力。,neutral
这种墙体材料的导热系数较低，具有良好的隔热保温性能。,neutral
这种失控感让我觉得非常压抑，不知道未来在哪。,anxiety
这种失控感，真的快把我逼疯了...,anxiety
这种失控感，真的快把我逼疯了。,anxiety
这种失控感，真的快把我逼疯了！,anxiety
这种失控感，真的快把我逼疯了？,anxiety
这种失控感，真的快把我逼疯了～,anxiety
这种失控感，让人绝望,anxiety
这种失控的感觉让我坐立不安，完全无法集中注意力,anxiety
这种失控的感觉，真的快要把我整个人吞噬了...,anxiety
这种失控的感觉，真的快要把我整个人吞噬了。,anxiety
这种失控的感觉，真的快要把我整个人吞噬了！,anxiety
这种失控的感觉，真的快要把我整个人吞噬了？,anxiety
这种失控的感觉，真的快要把我整个人吞噬了～,anxiety
这种失而复得的喜悦太难得了，以为弄丢的戒指竟然在旧大衣兜里找到了,joy
这种失而复得的心情，真的激动到想哭,joy
这种失而复得的心情，谁懂啊，太激动了,joy
这种奇妙到难以言喻的悸动，是我活到现在最完美的梦境,love
这种奇妙的依赖感，让我觉得你就是我生命中缺失的那块拼图,love
这种奇妙的感觉难以言喻，让我颠覆了以前所有的逻辑。,love
这种奇妙的窃喜，只有真正爱上一个人才会懂,love
这种好事居然轮到我,joy
这种好事居然轮到我了,joy
这种如履薄冰的感觉，让我每一秒都紧绷着神经,anxiety
这种孤独，如影随形。,sadness
这种宁静致远的意境，是我追求的终极目标。,contentment
这种安守内心的喜悦与祥和，是我生命中永不褪色、最美的风景线。,contentment
这种安守本心的喜悦与祥和，是我生命中最动人、最长久的底色和光。,contentment
这种安守本心的快乐与满足，才是最持久、最能打动人心的力量。,contentment
这种安守本心的快乐，才是最持久、最动人的。,contentment
这种安详而自在的灵魂状态，是我此刻内心最真实、最美的写照。,contentment
这种安详而自在的状态，是我内心最真实的向往。,contentment
这种安详而自在的生命状态，是我内心最真实、最深切的向往。,contentment
这种安详而自在的生命状态，是我此刻内心最真实、最深切的感悟。,contentment
这种宠辱不惊的心境，是我这辈子修行路上最大的财富,contentment
这种宠辱不惊的心态，让我能够从容地面对生活中的起伏,contentment
这种审丑的节目，真让人反感,anger
这种对传统文化的深厚感情，是我内心深处最坚定的文化自信。,love
这种对公平正义的追求与爱，是我在这个复杂世界里的行动指南。,love
这种对古典音乐的痴迷与爱，已经成为了我生命中最重要的一部分。,love
这种对后果的过度解读，让我陷入了无尽的自我怀疑,anxiety
这种对失败的预感一直缠绕着我，让我挥之不去,anxiety
这种对平凡生活的歌颂，是我最真实的心声。,contentment
这种对平凡生活的歌颂，来自于我内心最真实且最深沉的热爱。,contentment
这种对当下的完全接纳，让我感到了前所未有的自由与轻盈。,contentment
这种对当下的完全接纳，让我感到无比的轻松。,contentment
这种对未来完全失控的感觉，真的让我整个人都要崩溃了，好迷茫。,anxiety
这种对未来完全失控的感觉，让我整夜睡不着...,anxiety
这种对未来完全失控的感觉，让我整夜睡不着。,anxiety
这种对未来毫无憧憬的颓废，让我觉得自己只是在一场漫长的葬礼中漫步。,sadness
这种对未来毫无指望的消沉，让我觉得自己活着只是在机械地消耗时间。,sadness
这种对未来的不确定感像乌云一样罩在头上，愁得整晚整晚地失眠,anxiety
这种对未来的不确定感像乌云一样罩在头上，愁得睡不着,anxiety
这种对未来的不确定感，折磨得我整宿睡不着...,anxiety
这种对未来的不确定感，折磨得我整宿睡不着。,anxiety
这种对未来的不确定感，折磨得我整宿睡不着！,anxiety
这种对未来的不确定感，折磨得我整宿睡不着？,anxiety
这种对未来的不确定感，折磨得我整宿睡不着～,anxiety
这种对未来的坚定和对现在的满足，让我无所畏惧，内心极其平静。,contentment
这种对未来的坚定和对现在的满足，让我无所畏惧，勇往直前。,contentment
这种对未来的掌控感缺失，让我整晚整晚地失眠,anxiety
这种对未来的极度不安全感，让我始终无法安定下来,anxiety
这种对未来的极度不确定感，像一把悬在头顶的剑，随时可能落下,anxiety
这种对未来的极度不确定感，让我每天都像在走钢丝一样心惊肉跳,anxiety
这种对未来的笃定，源于对当下的努力。,contentment
这种对未来的茫然感，像迷雾一样把人困住了,anxiety
这种对未来的茫然感，像迷雾一样把人困住了，看不清方向,anxiety
这种对未来的茫然感，像迷雾一样把人困住了，看不见出路,anxiety
这种对未来的茫然，让我感到一种前所未有的孤独和惶恐,anxiety
这种对未来的迷茫感，让我找不到生活的重心...,anxiety
这种对未来的迷茫感，让我找不到生活的重心。,anxiety
这种对未知的恐惧，比失败本身更让人难以忍受。,anxiety
这种对未知的恐惧，比失败本身更让人难以忍受。...,anxiety
这种对未知的恐惧，比失败本身更让人难以忍受。。,anxiety
这种对未知的恐惧，比失败本身更让人难以忍受。，好慌。,anxiety
这种对未知的恐惧，比失败本身更让人难以忍受。，真的。,anxiety
这种对未知的恐惧，让我整个人都在发抖,anxiety
这种对未知的恐惧，让我整个人都在发抖，不知所措,anxiety
这种对未知的恐惧，让我整个人都在发抖，完全不知道该怎么办,anxiety
这种对未知的恐惧，让我整个人都在发抖，感觉未来一片漆黑,anxiety
这种对未知的恐惧，让我连觉都睡不踏实,anxiety
这种对未知的极度恐惧，总是让我陷入一种持续的内耗中，无法自拔,anxiety
这种对未知的深度恐惧，像影子一样每天跟着我，甩都甩不掉。,anxiety
这种对未知结局的恐惧，总是让我半夜惊醒，全身都被冷汗浸透,anxiety
这种对极限运动的热爱，让我感受到生命在最边缘处的蓬勃张力。,love
这种对梦想的绝对忠诚与热爱，是我活在这个世界上唯一的动力。,love
这种对烹饪的热爱，源自我对家人和生活最深沉的关怀。,love
这种对猫咪的无限宠溺，是我内心深处最柔软、最真实的爱。,love
这种对现状的极度不满和对改变的无能为力，构成了我焦虑的底色,anxiety
这种对生命的敬畏与接纳，让我变得更加从容，也更加坚不可摧。,contentment
这种对生活掌控自如的感觉，让我内心充满了力量。,contentment
这种对生活掌控自如的感觉，让我即使面对挑战，也能表现得从容不迫。,contentment
这种对生活的掌控感，让我感到前所未有的自信、从容和自我安放。,contentment
这种对生活的掌控感，让我感到前所未有的自信和从容。,contentment
这种对生活的热烈爱意，让我觉得连路边的野花都充满了生命力。,love
这种对生活的热爱，是我对抗虚无的唯一方式。,contentment
这种对生活的热爱，是我永远不竭的动力。,contentment
这种对生活的理解与热爱，让我即使身处逆境，也能发现光的所在。,contentment
这种对生活的自洽与自信，是我在多年摸爬滚打后最宝贵的所得。,contentment
这种对生活的自洽，是我送给三十岁后自己最好的礼物。,contentment
这种对社交场合的恐惧，让我错过了很多机会,anxiety
这种对社交的极度恐惧，让我错失了很多提升自我的绝佳机会,anxiety
这种对细节的极致追求，源自我对这份事业最纯粹、最自信的爱。,love
这种对结局的不确定，让我每一分钟都过得小心翼翼,anxiety
这种对自我的完全接纳与肯定，让我感到了前所未有的自在与快乐。,contentment
这种对自我的完全接纳，让我不再害怕老去，而是优雅地享受每一刻。,contentment
这种对自我的完全接纳，让我感到了前所未有的自由与快乐。,contentment
这种对自我的深刻认知与和解，让我不再产生盲目的攀比心理。,contentment
这种对自我的深刻认知，让我不再盲目攀比。,contentment
这种对自由意志的追求与爱，是我人格中永不妥协的核心。,love
这种小确幸虽然微小，但足以抵御生活的琐碎。,contentment
这种小确幸虽然微小，却足以支撑起我的一整天。,contentment
这种小确幸，虽然不起眼，但却能点亮我一整天的心情。,contentment
这种岁月静好的感觉，不需要任何言语去修饰，心里有一种稳稳的幸福。,contentment
这种岁月静好的感觉，不需要任何言语去修饰，心里非常踏实。,contentment
这种布料在裁剪前需要进行预缩水处理，以保证尺寸的稳定性。,neutral
这种布料的经向密度和纬向密度分别为每厘米六十根。,neutral
这种平凡且稳定的节奏，没有大起大落，却有着细水长流的真实与幸福。,contentment
这种平凡日子里透露出的点滴温暖，才是我一直追求的生活真谛。,contentment
这种平凡的日子里透露出的点滴温馨，才是我生活的真谛。,contentment
这种平凡的生活节奏，让我感到很知足...,contentment
这种平凡的生活节奏，让我感到很知足。,contentment
这种平凡的踏实感，胜过世间所有虚假繁华的幻影,contentment
这种平凡而真实的温暖，是我最大的财富,love
这种平凡而真实的温暖，是我最大的财富，谢谢你的陪伴,love
这种平凡而真实的烟火气，才是生活最本真的模样,contentment
这种平和的心境是我以前想都不敢想的，现在的状态我很喜欢，不想改变,contentment
这种平和的心境是我以前浮躁时从未想过的，现在我终于悟了，挺满意的,contentment
这种平和的心境，大概就是岁月静好吧,contentment
这种平和的心境，大概就是岁月静好吧，不再焦虑，真好,contentment
这种平和的心境，大概就是岁月静好吧，知足了,contentment
这种平和的心境，大概就是岁月静好吧，知足，常乐,contentment
这种平和的心境，大概就是我一直追求的归属感吧,contentment
这种平和的心境，大概就是我一直追求的归属感吧，知足常乐,contentment
这种平和的心境，大概就是所谓的岁月静好吧,contentment
这种平和的心境，大概就是所谓的岁月静好吧，知足，常乐,contentment
这种平和的心境，大概就是所谓的岁月静好吧，知足，常乐，真的已经很好了,contentment
这种平和的心境，大概就是所谓的岁月静好吧，知足，常乐，真的挺好,contentment
这种平和的心境，大概就是所谓的幸福吧,contentment
这种平和的心境，大概就是所谓的幸福吧，知足了,contentment
这种平和的心境，我很喜欢,contentment
这种平和的心境，是我以前拼命也换不来的，现在我终于学会了,contentment
这种平和的心境，是我以前浮躁时从未想过的，现在我终于悟了,contentment
这种平和的心境，是我多年历练后最好的礼物...,contentment
这种平和的心境，是我多年历练后最好的礼物。,contentment
这种平和的心境，是我多年历练后最好的礼物！,contentment
这种平和的心境，是我多年历练后最好的礼物？,contentment
这种平和的心境，是我多年历练后最好的礼物～,contentment
这种平和的心境，是经历过风浪后最好的礼物。,contentment
这种平淡生活中突然降临的小幸运，总能让我重新爱上生活。,joy
这种平静的告别，是因为我不爱你了。,contentment
这种廉价的道歉，换不回我不爱你了。,anger
这种建筑涂料的耐候性较强，在户外环境下能保持五年不退色。,neutral
这种强行洗白的戏码我真的看吐了,anger
这种强行洗白的戏码我真的看吐了，为了钱真的可以连良心都不要吗,anger
这种强行洗白的戏码我真的看吐了，弃剧,anger
这种强行洗白的戏码我真的看吐了，弃剧不谢,anger
这种强行洗白的戏码我真的看吐了，编剧你是没活了吗,anger
这种强行洗白的戏码我真的看吐了，编剧你是没活了吗，真下头,anger
这种强行洗白的戏码我真的看吐了，观众又不傻，别在这里自欺欺人了,anger
这种当众汇报的场合真的让我压力巨大，怕忘词怕出丑，想现在就躲进厕所,anxiety
这种当众汇报的场合真的让我压力巨大，怕结巴怕冷场，想现在就躲进厕所,anxiety
这种当众演讲的场合真的让我压力好大，怕忘词怕出冷汗，想现在就昏过去,anxiety
这种当众演讲的场合，手心一直在冒汗，怕自己会大脑空白,anxiety
这种当众被拆穿简历瑕疵的场合，压力大到想原地消失，尴尬到了极点,anxiety
这种当众被提问的场合，腿肚子一直在打转，怕自己会支支吾吾,anxiety
这种当众被面试官拆穿简历里的小瑕疵的场合，真的让我压力大到想立刻原地消失,anxiety
这种当众被面试官拆穿简历里的小瑕疵的场合，真的让我压力大到想立刻原地消失，太尴尬了,anxiety
这种彻底放松的愉悦，让我仿佛回到了那个无忧无虑的童年,joy
这种彼此扶持、共同成长的爱，才是最长久的浪漫。,love
这种心动的感觉，像春天里开满的花朵,love
这种心动的感觉，像春天里开满的花朵，清新又热烈,love
这种心动的感觉，像春天里开满的花朵，清新又热烈，我真的好喜欢你,love
这种心动的感觉，像春天里开满的花朵，清新而热烈,love
这种心动谁懂啊,love
这种心动，无法用言语形容,love
这种心无挂碍的轻松，是金钱买不来的财富。,contentment
这种心有灵犀的默契，是我们之间最美的语言。,love
这种心有灵犀的默契，这种无需多言的深情，是我这辈子最珍视的财富。,love
这种心照不宣的爱，比任何誓言都更让我安心。,love
这种心照不宣的默契，让我们省去了所有的解释,love
这种心跳加速到缺氧的感觉，除了爱你，我想不出别的解释,love
这种心跳加速的窒息感，就是爱情最难以言喻的魅力吧,love
这种心跳加速的频率，连我自己都觉得难以言喻,love
这种心跳快到快要爆炸的感觉，让我确信这就是真爱的降临,love
这种必须在规定时间内做出最优选择的压力太大了,anxiety
这种必须要上台发言的场合真的让我压力巨大，怕忘词怕出丑，想现在就躲进厕所,anxiety
这种必须要在规定时间内做出最优选择的压力，让我的精神几乎崩溃,anxiety
这种必须要在规定时间内做出最优选择的紧迫感，让我的精神几乎到了临界点,anxiety
这种必须要社交的聚会真的让我压力山大，怕说错话怕冷场，每一秒都在倒计时想回家,anxiety
这种忙碌之后收获满满的感觉，才是生活的真谛,joy
这种恐惧感，无处不在,anxiety
这种恶意差评，简直是丧心病狂,anger
这种恶意抹黑他人的行为，真无耻,anger
这种恶意诋毁他人声誉的行为绝对不能姑息,anger
这种恶意诋毁他人声誉的行为，如果不需要付出代价，那公理何在,anger
这种恶意诋毁他人声誉的行为，必须受到法律的严惩,anger
这种悠闲自得的状态，让我重新找回了对生活的热情和向往。,contentment
这种悠闲自得的状态，让我重新找回了对生活的热情和纯粹的向往。,contentment
这种悠闲自得的状态，让我重新爱上了生活...,contentment
这种悠闲自得的状态，让我重新爱上了生活。,contentment
这种悠闲自得的状态，让我重新爱上了生活！,contentment
这种悠闲自得的状态，让我重新爱上了生活？,contentment
这种悠闲自得的状态，让我重新爱上了生活～,contentment
这种患得患失的感觉像毒药，一点点侵蚀着我仅存的理智,anxiety
这种患得患失的感觉像毒药，一点点吞噬着我仅存的理智,anxiety
这种悬而未决的状态最折磨人，我整晚都在胡思乱想,anxiety
这种惊喜来得太突然了！,joy
这种想和你共度余生的执着，从来没有变过...,love
这种想和你共度余生的执着，从来没有变过。,love
这种想和你共度余生的执着，从来没有变过！,love
这种想和你共度余生的执着，从来没有变过？,love
这种想和你共度余生的执着，从来没有变过～,love
这种感情没意义，我不爱你了。,anger
这种感觉太上头了！,joy
这种感觉太上头，真的太棒了！,joy
这种感觉太丝滑了！,joy
这种感觉太丝滑，太顺畅了！,joy
这种感觉太压抑了,sadness
这种感觉太压抑了。,sadness
这种感觉太哇塞了！,joy
这种感觉太哇塞了，绝绝子！,joy
这种感觉太巴适了！,joy
这种感觉太带劲了！,joy
这种感觉太棒了,joy
这种感觉太棒了，简直了！,joy
这种感觉太治愈了,joy
这种感觉太煎熬了,anxiety
这种感觉太煎熬了。,sadness
这种感觉太爽了，真的爽爆了！,joy
这种感觉太痛快了！,joy
这种感觉太给力，真的！,joy
这种感觉太绝了！,joy
这种感觉太顶了，真的太顶了！,joy
这种感觉就像是在深秋的午后，捧着一杯热可可看落叶，宁静又满足,contentment
这种感觉，真的绝了！,joy
这种感觉，谁懂啊！,joy
这种成就感太顶了！,joy
这种成就感，真的没谁了！,joy
这种成就感，绝了！,joy
这种手术缝合线可以被人体自然降解，无需二次手术拆除。,neutral
这种打印纸的克重为每平方米八十克，表面涂布均匀。,neutral
这种打印耗材的打印页数约为一千五百页，覆盖率为百分之五。,neutral
这种打着“为你好”旗号去干涉别人私生活的人，真的应该去挂个号，太自私了,anger
这种打着“为你好”旗号去道德绑架的人，真的应该去看看医生，太自私了,anger
这种打着“为集体争光”的幌子剥削员工时间的企业，真恶心,anger
这种打着“传统文化”旗号去搞封建迷信骗钱的人，真的应该被抓起来，太坏了,anger
这种打着“兄弟情”旗号行道德绑架之实的行为，真的让人感到恶心,anger
这种打着“分享”旗号行炫耀之实的人，这种虚荣心真让人受不了,anger
这种打着“平等”旗号行歧视之实的行为，简直是对这个名词最大的讽刺,anger
这种打着“平等”旗号行歧视之实的行为，简直是对这个词最大的讽刺,anger
这种打着“爱国”旗号行网暴之实的行为，简直是对这两个字最大的侮辱,anger
这种打着“爱心募捐”旗号去中饱私囊的人，真的应该下地狱，太没人性了,anger
这种打着“艺术”旗号行骚扰之实的人，简直是行业的耻辱,anger
这种打着“艺术创新”旗号大搞抄袭的行为，简直是在侮辱原创者的智商，这种人赶紧糊了吧,anger
这种打着“集体利益”旗号行个人独裁之实的行为，简直是职场里的毒瘤,anger
这种打着为你好的旗号行干涉之实的长辈，真的让人压力大到想逃跑,anger
这种打着为集体争光的幌子剥削个人的行为真可耻,anger
这种打着创新旗号大搞抄袭的人竟然能拿到融资，这个市场的准则我真的看不懂了,anger
这种打着原创旗号搞抄袭的行为，简直是在侮辱智商，赶紧糊了吧,anger
这种打着慈善旗号到处招摇撞骗的人渣，真该被法律绳之以法,anger
这种打着旗号招摇撞骗的人，真恶心,anger
这种打着艺术旗号行骚扰之实的人简直是行业败类,anger
这种打着艺术旗号行骚扰之实的人，是败类,anger
这种打着艺术旗号行骚扰之实的人，简直是社会的渣滓,anger
这种打着艺术旗号行骚扰之实的人，简直是行业的败类,anger
这种打着艺术的旗号行骚扰之实的人渣，简直是给艺术这两个字抹黑,anger
这种打着道德绑架的旗号逼你捐款的亲戚，真的让人恶心到隔夜饭都要吐出来了,anger
这种找不到归属感、漂泊不定的生活，让我每天都活在焦虑的边缘。,anxiety
这种找不到归属感的生活，让我感到非常迷茫...,anxiety
这种找不到归属感的生活，让我感到非常迷茫。,anxiety
这种找茬的人有病,anger
这种抄袭行为，真的让人恶心，为了流量连底线都不要了,anger
这种抄袭还反过来指责原创蹭热度的行为，简直刷新了我的三观下限，真没见过这种厚颜无耻之徒,anger
这种抄袭还敢买热搜的博主，为了流量丧心病狂，赶紧封杀了吧,anger
这种抄袭还敢买热搜的博主，为了流量简直丧心病狂，赶紧从我眼前消失,anger
这种抄袭还敢买热搜的博主，为了流量简直丧心病狂，赶紧从我眼前消失吧,anger
这种抄袭还敢反咬一口的裁缝，到底是谁给的勇气？互联网真的没有记忆吗,anger
这种抄袭还理直气壮的博主为了流量连脸都不要，赶紧从我眼前消失吧,anger
这种抄袭还理直气壮的博主，为了流量连脸都不要，赶紧从我眼前消失,anger
这种抄袭还理直气壮的博主，为了流量连脸都不要，赶紧封了吧,anger
这种抄袭还理直气壮的博主，真该被全网封禁，看得我血压一阵升高,anger
这种抄袭还理直气壮的博主，粉丝居然还在拼命洗白，这个互联网审美我真看不懂,anger
这种抄袭还理直气壮的博主，粉丝居然还在洗白，这个互联网审美我真看不懂,anger
这种抄袭还理直气壮的博主，粉丝还在洗白，这个互联网审美我看不懂,anger
这种抄袭还理直气壮的行为，看得我血压升高,anger
这种抄袭还理直气壮的行为，真的看得我血压升高,anger
这种抄袭还理直气壮的行为，真的看得我血压升高。,anger
这种抄袭还理直气壮的行为，真的看得我血压升高，为了流量真的可以不要脸吗,anger
这种抄袭还理直气壮的行为，真的看得我血压升高，为了流量真的可以连脸都不要吗,anger
这种抄袭还理直气壮的行为，真的看得我血压升高，为了流量连脸都不要了吗,anger
这种抄袭还理直气壮的行为，真的看得我血压升高，怎么不去抢,anger
这种抄袭还理直气壮的行为，真的看得我血压升高，怎么不去抢呢,anger
这种抄袭还理直气壮的行为，真的看得我血压升高，恶心,anger
这种抄袭还理直气壮的行为，真的看得我血压升高，真恶心,anger
这种抄袭还理直气壮的裁缝，粉丝居然还在拼命洗白，这个互联网审美我真看不懂,anger
这种抄袭还理直气壮的裁缝，粉丝居然还在洗白，这个互联网世界我真的看不懂,anger
这种抄袭还理直气壮的裁缝，粉丝居然还在洗白，这个互联网审美我真的看不懂了,anger
这种抄袭还理直气壮的裁缝，粉丝居然还在洗，看得我血压升高,anger
这种抄袭还理直气壮的裁缝，赶紧糊吧,anger
这种把责任推给别人的速度简直快到了让人无法理解的地步,anger
这种抽到大奖的感觉，简直像在做梦一样，太不真实了,joy
这种抽到隐藏款的惊喜，我真的可以反复回味好几天,joy
这种抽奖一发入魂的感觉谁懂啊，我现在的运气简直好到想去买彩票，锦鲤附体,joy
这种抽奖一发入魂的感觉，简直像是在做梦，我这辈子的欧气是不是都攒到今天了,joy
这种持续性的精神内耗，真的比体力劳动还要累,anxiety
这种掉进爱河的失重感，是我这辈子体验过最奇妙的探险,love
这种掉进爱河的甜蜜失重感，是我生命中最想停留的瞬间,love
这种掌握主动权的感觉太爽了,joy
这种推卸责任的方式令人极度失望。这就是鼠辈所为。,anger
这种推卸责任的方式似乎完全无法接受。这就是鼠辈所为。,anger
这种推卸责任的方式似乎已经令人极度失望，必须有个交代。,anger
这种推卸责任的方式似乎已经让人出离愤怒，彻底看清了本质。,anger
这种推卸责任的方式似乎已经让人出离愤怒，真让人心寒。,anger
这种推卸责任的方式似乎简直不可理喻，必须有个交代。,anger
这种推卸责任的方式似乎触碰了我的底线，必须有个交代。,anger
这种推卸责任的方式必然简直不可理喻，真让人心寒。,anger
这种推卸责任的方式必然让人出离愤怒，必须有个交代。,anger
这种推卸责任的方式总会令人极度失望，必须有个交代。,anger
这种推卸责任的方式真的触碰了我的底线，彻底看清了本质。,anger
这种推卸责任的方式真的让人出离愤怒，彻底看清了本质。,anger
这种推卸责任的方式真的透着卑劣，真让人心寒。,anger
这种推卸责任的方式确实完全无法接受，必须有个交代。,anger
这种推卸责任的方式确实让人出离愤怒，真让人心寒。,anger
这种推卸责任的方式竟然令人极度失望，真让人心寒。,anger
这种推卸责任的方式竟然透着卑劣。这就是鼠辈所为。,anger
这种推卸责任的方式竟然透着卑劣，必须有个交代。,anger
这种故意在人前显摆、以此来寻找优越感的人，我真的看一眼都觉得累,anger
这种故意在人前显摆、靠踩低别人来获得优越感的人，我多看一眼都觉得是在浪费生命,anger
这种故意在关键环节掉链子还推卸责任的人真差劲,anger
这种故意在关键环节掉链子还推卸责任的合作伙伴，直接拉黑，永不联络,anger
这种故意在别人伤口上撒盐的行为，除了显露你素质低，毫无意义,anger
这种故意在合同条款里玩文字游戏挖坑的损阴德行为，简直是卑劣到了骨子里,anger
这种故意在合同条款里玩文字游戏挖坑的行为，简直是卑劣到了极点,anger
这种故意在合同条款里玩文字游戏骗咱农民工的行为，简直是丧尽天良，迟早要遭天谴的,anger
这种故意在合同里挖坑的行为真差劲,anger
这种故意在合同里挖坑的行为除了显露人品毫无用处,anger
这种故意在合同里挖坑的行为，真下流,anger
这种故意在合同里挖坑的行为，真差劲,anger
这种故意在合同里挖坑的行为，简直是卑劣到了极点,anger
这种故意在合同里挖坑的行为，除了显露人品低劣毫无意义,anger
这种故意在穷哥们儿面前显摆、以此来找优越感的孙子，我多看一眼都觉得脏了眼球,anger
这种故意在背后搞小动作的人真让人看不起,anger
这种故意找茬、看不得别人好的人，真的是心理有病，得治,anger
这种故意找茬、看不得穷人过一天安稳日子的人，真的是心理变态，迟早要遭雷劈的,anger
这种故意找茬、见不得别人过得比你好的人，真的是心里极度扭曲，建议赶紧去看病,anger
这种故意找茬的人，真是有病,anger
这种故意挑刺的行为，明摆着就是在找茬,anger
这种故意挑拨离间、破坏团队和谐的人，真应该被所有人唾弃,anger
这种故意挑拨离间、破坏团队和谐的行为，必须要严查到底,anger
这种故意挑拨离间的人，心肠真坏,anger
这种故意挑拨离间的人，真该被所有人唾弃,anger
这种故意挑拨离间的行为简直卑劣透顶,anger
这种故意挑拨离间的行为，真该被唾弃,anger
这种故意挑拨离间的行为，简直是心理扭曲,anger
这种故意挑拨离间破坏别人家庭的第三者，真该被所有人唾弃,anger
这种故意挑拨离间破坏和谐的人真该被唾弃,anger
这种故意挖坑的行为，真下作,anger
这种故意推卸责任、把锅甩给下属的行为，真的让人觉得很没担当,anger
这种故意推卸责任的做法，真没担当,anger
这种故意推卸责任的做法，真的让人看不起,anger
这种故意推卸责任的做法，真的让人看不起，真没半点男人的担当,anger
这种故意推卸责任的行为，真没担当,anger
这种故意推卸责任的行为，真的让人看不起,anger
这种故意显摆的人，我真受不了,anger
这种故意显摆的人，真受不了,anger
这种故意模糊事实、误导大众的言论，真的让人感到无比心寒,anger
这种故意模糊重点、企图蒙混过关的处理态度，简直是对合作伙伴的极大不尊重,anger
这种故意隐瞒事实真相、误导消费者购买的行为，简直是丧尽天良,anger
这种无休止的家庭琐事内耗，再不逃离我就疯了，真想一走了之,anger
这种无力感真的很可怕，明明想改变却动弹不得。,sadness
这种无助感，谁能懂？,sadness
这种无底线的职场PUA，再忍下去我就疯了，明天就摊牌,anger
这种无条件的信任，让我觉得很有力量,love
这种无条件的信任，让我觉得很有力量，可以面对一切困难,love
这种无法左右局面的无力感，让我感到前所未有的心慌,anxiety
这种无法掌控未来的失控感，让我感到窒息。,anxiety
这种无法掌控未来的失控感，让我感到窒息。...,anxiety
这种无法掌控未来的失控感，让我感到窒息。。,anxiety
这种无法掌控未来的失控感，让我感到窒息。，好慌。,anxiety
这种无法掌控未来的失控感，让我感到窒息。，真的。,anxiety
这种无法预测的结果，最让我感到心慌意乱...,anxiety
这种无法预测的结果，最让我感到心慌意乱。,anxiety
这种无理取闹的要求，我拒绝...,anger
这种无理取闹的要求，我拒绝。,anger
这种无理取闹的要求，我拒绝！,anger
这种无理取闹的要求，我拒绝？,anger
这种无理取闹的要求，我拒绝～,anger
这种无论何时何地都有人牵挂的感觉，真的好温暖。,love
这种无论喝多少热水都暖不起来的寒意，源自我内心最深层的荒芜。,sadness
这种无论怎么努力都填补不了的心灵空洞，让我感到了前所未有的迷茫。,sadness
这种无论怎么努力都够不到的感觉，真的很挫败,sadness
这种无论怎么努力都够不到的感觉，真的很挫败，怀疑自己是不是太笨了,sadness
这种无论怎么努力都够不到的感觉，真的很挫败，想放弃了,sadness
这种无论怎么努力都够不到的感觉，真的很绝望,sadness
这种无论怎么努力都够不到的感觉，真的很绝望，我是不是太差劲了,sadness
这种无论怎么努力都够不着的感觉，真的很挫败,sadness
这种无论怎么努力都够不着的感觉，真的很绝望,sadness
这种时刻担心被替代、被淘汰的压力，让我感觉呼吸都变得沉重了,anxiety
这种时刻等待被挑选、被审视的状态，真的让我感到非常压抑,anxiety
这种时刻紧绷的职场环境，觉得自己像个过载的处理器，好想宕机休息,anxiety
这种时刻紧绷的职场环境，让我觉得自己像个快要过载的处理器，好想彻底宕机,anxiety
这种时刻紧绷的职场环境，让我觉得自己像个快要过载的处理器，好想彻底宕机休息,anxiety
这种时刻紧绷的职场环境，让我觉得自己像个快要过载的处理器，好想彻底宕机休息几天,anxiety
这种时刻紧绷着的弦，不知道什么时候就会彻底断掉,anxiety
这种昆虫的寿命约为三个月，主要在夜间进行活动。,neutral
这种昆虫的翅膀表面覆盖着一层极细的蜡质层，具有防水功能。,neutral
这种明摆着就是为了推卸责任而编造出来的低级谎言，亏你也能说出口,anger
这种明摆着就是坑人的营销手段，大家千万不要上当受骗,anger
这种明摆着就是职场霸凌的行为，如果再没人发声，真的会让人寒心,anger
这种明摆着就是职场霸凌的行为，如果没人站出来，这种风气只会蔓延,anger
这种明摆着就是职场霸凌的行为，真让人感到生理性厌恶,anger
这种明摆着就是霸凌的行为，真气人,anger
这种明明自己出轨了还在外头装受害者的烂婆娘，我祝你下辈子投胎做只过街老鼠人人喊打,anger
这种明明自己有错却在背后捅你刀子的卑鄙小人，我祝他出门就被车撞死,anger
这种明火执仗的剽窃行为简直是对原创的侮辱,anger
这种明火执仗的剽窃，简直是对原创精神的践踏,anger
这种明火执仗的剽窃，简直是行业耻辱,anger
这种明火执仗的抄袭和借鉴，是对所有原创者和劳动成果最赤裸裸的践踏,anger
这种明火执仗的抄袭行为，简直是对所有原创者最大的侮辱,anger
这种明目张胆的剽窃简直是对原创者的最大侮辱,anger
这种明目张胆的剽窃行为，是对所有原创作者劳动成果的最大侮辱,anger
这种明目张胆的剽窃行为，简直是对所有原创作者最大的侮辱,anger
这种明目张胆的歧视，真的让人无法容忍,anger
这种显摆的人受不了,anger
这种显示器采用了背光控制技术，可以独立调整不同区域的亮度。,neutral
这种显示屏采用了低蓝光模式，可以减少对眼睛的刺激。,neutral
这种服务，简直专业到了极点，让人反思。,anger
这种木地板的安装采用悬浮式铺设法，边缘需预留伸缩缝。,neutral
这种木材的含水率在百分之十二以下，不容易发生开裂变形。,neutral
这种木材的平均密度为零点六克每立方厘米，手感较轻。,neutral
这种木材的纹理较为紧密，适合制作室内的小型家具。,neutral
这种未知的恐惧感，比任何清晰的痛苦都更让人感到折磨,anxiety
这种未知的等待最是熬人，我的耐心和信心快消磨光了,anxiety
这种材料在受热后会产生轻微的膨胀，设计时需预留间隙。,neutral
这种材料在室温下呈现为固体状态，颜色为深灰色。,neutral
这种材料在零下四十摄氏度的环境下，仍能保持较好的韧性。,neutral
这种材料的密度似乎保持在额定区间，相关指标正常。,neutral
这种材料的密度似乎处于静止状态，相关指标正常。,neutral
这种材料的密度似乎已经保持在额定区间。属于常规操作。,neutral
这种材料的密度似乎已经处于静止状态。记录已存档。,neutral
这种材料的密度似乎已经处于静止状态，相关指标正常。,neutral
这种材料的密度似乎已经按照流程执行。请按需查阅。,neutral
这种材料的密度似乎已经设定为特定参数。记录已存档。,neutral
这种材料的密度似乎符合标准规定。无须额外调整。,neutral
这种材料的密度总会保持在额定区间。属于常规操作。,neutral
这种材料的密度总会设定为特定参数。属于常规操作。,neutral
这种材料的密度真的保持在额定区间。记录已存档。,neutral
这种材料的密度真的按照流程执行。记录已存档。,neutral
这种材料的密度真的按照流程执行，相关指标正常。,neutral
这种材料的密度确实处于静止状态。请按需查阅。,neutral
这种材料的密度确实符合标准规定。属于常规操作。,neutral
这种材料的密度竟然保持在额定区间。记录已存档。,neutral
这种材料的密度竟然处于静止状态。无须额外调整。,neutral
这种材料的密度竟然设定为特定参数，相关指标正常。,neutral
这种材料的密度设定为特定参数。请按需查阅。,neutral
这种松弛感是我以前从来不敢奢求的，现在的我，终于学会了放过自己，挺好,contentment
这种松弛感是我以前从来不敢奢求的，现在的我，终于学会了放过自己，挺舒服,contentment
这种松弛感是我以前从没有过的，现在的状态我很喜欢。,contentment
这种松弛感是我以前做梦都不敢想的，现在的我，终于学会了和这个世界和解,contentment
这种松弛感是我以前拼了命也换不来的，现在我终于学会了和生活握手,contentment
这种松弛感是我以前拼了命也换不来的，现在的我，终于学会了和生活和解,contentment
这种松弛感是我以前拼了命也换不来的，现在的我，终于学会了和生活握手,contentment
这种松弛感是我以前拼了命也换不来的，现在的我，终于学会了和生活握手言和,contentment
这种松弛感是我以前拼了命也换不来的，现在的我，终于学会了和这个世界和解,contentment
这种松弛感是我以前拼了命也换不来的，终于和生活握手言和,contentment
这种松弛感是我以前没有过的，现在的状态我很喜欢,contentment
这种松弛感是我以前没有过的，现在的状态我很喜欢，不想再去折腾了,contentment
这种松弛感是我以前没有过的，现在的状态我很喜欢，不想再去迎合任何人,contentment
这种松弛感是我以前没有过的，现在的状态我很喜欢，不想再去迎合任何人了,contentment
这种松弛感是我以前没有过的，现在的状态我很喜欢，感觉找回了自己,contentment
这种松弛感是我以前没有过的，现在的状态我很喜欢，真平和,contentment
这种松弛感是我以前没有过的，现在的状态我很喜欢，真自在,contentment
这种松弛感是我以前紧绷的时候无法想象的，现在的我，终于学会了和生活握手言和,contentment
这种松弛感真好,contentment
这种极度不负责任且满口谎言的行为，真的让我火大到了极点,anger
这种植物在光照不足的环境下，叶绿素的合成速度会明显减慢。,neutral
这种植物的根部通常深埋在土壤下方十到十五厘米处。,neutral
这种植物的生长周期通常为三个月到五个月不等,neutral
这种植物的种子通过风力传播，具有轻盈的绒毛结构。,neutral
这种植物的花期通常持续二十天，每天需喷洒少量清水。,neutral
这种欺骗之后，我不爱你了。,anger
这种毫无依据的恶意差评，直接抹杀了我们整个团队几个月的努力,anger
这种毫无依据的恶意揣测，真的让人感到无比愤怒,anger
这种毫无依据的恶意评论，除了显露你的无知，没有任何意义,anger
这种毫无依据的造谣和诽谤，不仅伤害了当事人，也挑战了公众的道德底线,anger
这种毫无底线、专门博眼球的审丑综艺节目，真是在公开挑战正常人的审美底线,anger
这种毫无底线、专门拿残疾人开玩笑的低俗段子，真是在挑战老子作为一个人的良心底线,anger
这种毫无底线审丑、博眼球的综艺节目，真是在挑战观众的智商下限,anger
这种毫无底线审丑的节目，真是在挑战观众的审美极限,anger
这种毫无底线的挑衅和侮辱，如果再选择隐忍，那就是对恶行的纵容,anger
这种毫无底线的敷衍，真的让我觉得我之前的付出都像是个笑话。,anger
这种毫无底线的炒作，真的看够了,anger
这种毫无底线的炒作，真的看够了，为了红真的可以不要脸吗,anger
这种毫无底线的炒作，真的看够了，为了红真的可以连做人的底线都不要了吗,anger
这种毫无底线的背叛，我绝对不会原谅！,anger
这种毫无底线的键盘侠，只会躲在屏幕后面喷粪，有本事现实中出来碰一碰,anger
这种毫无底线的键盘侠，只会躲在屏幕后面喷粪，真让人感到厌恶,anger
这种毫无底线的键盘侠，真的不配在这个社会生存,anger
这种毫无廉耻之心的行为，真的刷新了我对人性底线的认知,anger
这种毫无理由的指责，只会让我觉得你很无知,anger
这种毫无缘由的恶意揣测，简直是对我人格的极大侮辱,anger
这种毫无职业道德的行为，如果没人出来管管，那社会风气真的要坏透了,anger
这种水表的读数以立方米为单位，黑色数字代表整数部分。,neutral
这种没素质的行为，真该被强烈谴责,anger
这种没素质的行为，真该谴责,anger
这种油泵的转速范围为每分钟五百到一千五百转，运行平稳。,neutral
这种油漆在干燥过程中会释放出少量气体，需注意通风。,neutral
这种波澜不惊的心境，是我多年历练后最好的收获。,contentment
这种波澜不惊的心境，是我多年历练后给自己最好的礼物和交代。,contentment
这种洗发水的瓶身上标有生产日期和保质期限等信息。,neutral
这种活也能叫活？,anger
这种涂层在常温下的干燥周期为八小时，完全硬化需两天。,neutral
这种涂料的初干时间为四小时，完全固化需要二十四小时。,neutral
这种液体的折射率为一点四五，在光学领域有广泛的应用。,neutral
这种液体的酸碱度经测试为中性，不具有腐蚀性特征。,neutral
这种液压系统的额定工作压力为二十五兆帕，配有安全阀。,neutral
这种淡淡的喜悦，像细水长流，不热烈但很持久。,contentment
这种淡淡的喜悦，来自于对生活最本质、最纯粹的热爱与坚持。,contentment
这种淡淡的归属感，让我不再害怕漂泊。,contentment
这种淡淡的归属感，让我觉得无论身在何处，内心都是安定的。,contentment
这种淡淡的忧伤和淡淡的喜悦交织在一起，才是真实、有温度的人生。,contentment
这种淡淡的忧伤和淡淡的喜悦交织在一起，才是真实的人生。,contentment
这种深夜里突然袭来的孤独感，像某种慢性疾病，偶尔发作一下就让人难以招架,sadness
这种深沉的孤独感，像潮水一样把我淹没了,sadness
这种深沉而热烈的爱，是我生命中最动人的乐章。,love
这种清洗剂的稀释比例为一比五十，建议使用温水混合。,neutral
这种温柔而有力的爱，是我内心最强大的底气。,love
这种灯具的色温为四千K，属于自然光色调，发光稳定。,neutral
这种灯泡的平均使用寿命约为三万小时，发光效率较高。,neutral
这种灵魂深处的充盈与自在，让我不再畏惧未来任何未知的暴风雨。,contentment
这种焦虑感像潮水一样涌来，让我无处可藏,anxiety
这种焦虑感挥之不去,anxiety
这种焦虑，深入骨髓,anxiety
这种焦躁感，无处宣泄,anxiety
这种爽文套路虽然老，但看起来是真的解压啊！,joy
这种玻璃的透光率达到了百分之九十二，具有较好的采光效果。,neutral
这种理所当然伸手要资源的态度，真当我是慈善机构吗，火大到不行,anger
这种理所当然的态度真的让人很不爽，凭什么大家都得为了你的错误买单,anger
这种理所当然的态度真的让人很不爽，凭什么大家都得为了你的错误去买单,anger
这种理所当然的态度真的让人很不爽，凭什么大家都得围着你一个人转,anger
这种理所当然的态度真的让人很不爽，凭什么大家都得围着你转,anger
这种理所当然的态度，真的让人很不爽,anger
这种理所当然的态度，真的让人很不爽，凭什么啊,anger
这种理所当然的态度，真的让人很不爽，凭什么大家都得围着你转,anger
这种理所当然的态度，真的让人很不爽，凭什么大家都得围着你转，你谁啊,anger
这种理直气壮的厚脸皮我还是第一次见，刷新了底线，气得我发抖,anger
这种理直气壮的厚脸皮我还是第一次见，刷新了我的底线，气得我手抖,anger
这种理直气壮的厚脸皮真的让人很不爽，凭什么大家都得为了你的低级错误买单,anger
这种理直气壮的厚脸皮真的让人很不爽，凭什么大家都得为了你的自私买单,anger
这种理直气壮的厚脸皮真的让人很不爽，凭什么大家都得为了你的自私买单，太气人了,anger
这种理直气壮的厚脸皮真的让人很不爽，凭什么大家都得为了你的错误买单,anger
这种理直气壮的厚脸皮真的让人很不爽，凭什么大家都得为了你的错误去买单,anger
这种理直气壮的厚脸皮，凭什么大家都得为了你的错误买单，火大到极点,anger
这种理直气壮的厚脸皮，刷新我的认知下限了,anger
这种理直气壮的厚脸皮，我真的还是第一次见,anger
这种理直气壮的厚脸皮，我真的还是第一次见，刷新三观了,anger
这种理直气壮的厚脸皮，我真的还是第一次见，刷新下限,anger
这种理直气壮的厚脸皮，我真的还是第一次见，刷新了我的底下限,anger
这种理直气壮的厚脸皮，我真的还是第一次见，刷新我的认知下限了,anger
这种理直气壮的厚脸皮，无语,anger
这种理直气壮的厚脸皮，真的让人很不爽,anger
这种理直气壮的厚脸皮，真的让人很不爽，凭什么大家都得围着你转,anger
这种理直气壮的态度，真的让人很不爽，凭什么我要让着你,anger
这种理直气壮的潜规则我真的看一次吐一次，严重挑战了我的价值观，火大,anger
这种理直气壮的潜规则，我真的看一次吐一次，挑战我的价值观,anger
这种甜度，真的超标了,love
这种由内而外的从容，是我对抗平庸生活最有力的、隐形的武器。,contentment
这种由内而外的从容，是我对抗平庸生活最有力的隐形武器。,contentment
这种由内而外的喜悦，不需要任何言语。,contentment
这种由内而外的宁静感，让我看世界的眼光都变得温柔且富有弹性。,contentment
这种由内而外的平静，像秋日的湖水，清澈且富有力量感。,contentment
这种由内而外的平静，是灵魂最好的栖息地。,contentment
这种由内而外的笃定感，是我在经历过无数次自我怀疑后最宝贵的收获。,contentment
这种由内而外的笃定感，是我在经历过无数风浪后得到的最后答案。,contentment
这种由内而外的笃定感，让我无论面对什么样的情况，都能保持淡然。,contentment
这种由内而外的自信与优雅，是岁月赠予我最珍贵、最美的礼物。,contentment
这种由内而外的自信与优雅，是岁月赠予我最珍贵的礼物。,contentment
这种由内而外的自信与平和，是我经历岁月后的最好馈赠。,contentment
这种由衷的满足与喜悦，是我平凡生活里最灿烂、最持久的阳光。,contentment
这种由衷的满足与宁静，是我在漫长岁月中采撷到的、最甜美的果实。,contentment
这种由衷的满足与安详，是我在这个纷繁世界里最温暖的避风港。,contentment
这种由衷的满足感，是我生活里最灿烂、最持久且永不熄灭的阳光。,contentment
这种由衷的满足感，是我生活里最灿烂且永不落幕的阳光。,contentment
这种由衷的满足感，是我生活里最灿烂的阳光。,contentment
这种电缆的绝缘层采用了阻燃材质，能够承受九十度的高温。,neutral
这种相濡以求的爱，是我们生命中最宝贵的财富。,love
这种知足、感恩、不计较的状态，让我感受到了前所未有的自由,contentment
这种知足常乐的小确幸，才是普通人生活中最真实的底色,contentment
这种知足常乐的心态，让我避开了生活中大部分的烦恼,contentment
这种知足的心态，让我能够从容地面对生活中的任何挑战。,contentment
这种知足的心态，让我能够从容地面对生活中的任何突发状况和挑战。,contentment
这种磁性材料的剩磁感应强度较高，常用于制造永久磁铁。,neutral
这种社交场合真的让我很不自在，好想现在就钻回家,anxiety
这种社交场合真的让我很不自在，好想现在就钻地洞回家,anxiety
这种社交场合真的让我很不自在，好想现在就钻地洞回家，社恐发作了,anxiety
这种社交场合真的让我很不自在，好想躲进厕所里,anxiety
这种社交场合真的让我很不自在，好想躲进厕所里。,anxiety
这种社交场合真的让我很不自在，怕冷场怕说错话，每一秒钟都在倒计时想回家,anxiety
这种社交场合真的让我很不自在，怕冷场，每一秒都在倒计时想回家,anxiety
这种社交场合真的让我很不自在，怕说错话怕冷场，每一秒都在倒计时想回家,anxiety
这种社交场合真的让我很不自在，怕说错话怕冷场，每一秒钟都在想怎么撤离,anxiety
这种社交场合真的让我很不自在，社恐发作了，好想现在就瞬间移动回家,anxiety
这种社交场合让我感到窒息，好想立刻离开...,anxiety
这种社交恐惧症真的好难克服，每次出门前都要心理建设好久。,anxiety
这种社恐真的难克服，每次出门都要心理建设好久,anxiety
这种稳稳的、不需要炫耀的幸福，才是我生命中最坚实的支撑和依靠。,contentment
这种稳稳的幸福、不用去猜对方在想什么的安全感，就是我余生最大的安稳,love
这种稳稳的幸福、不用猜忌和担心的安全感，就是我余生最大的追求，爱你,love
这种稳稳的幸福、不需要去时刻确认对方是否爱我的安全感，就是我余生的追求,love
这种稳稳的幸福、不需要去猜忌的安全感，就是我余生的追求,love
这种稳稳的幸福、不需要去费力讨好和猜忌的安全感，就是我余生最大的安稳,love
这种稳稳的幸福、不需要去费力讨好和猜忌的安全感，就是我余生的追求,love
这种稳稳的幸福、踏实的安全感，就是我一直以来最渴望的东西，谢谢你给了我,love
这种稳稳的幸福不需要去猜忌的感觉，就是我余生的追求，很安稳,love
这种稳稳的幸福感，大概就是我一直追求的归属感吧,love
这种稳稳的幸福感，大概就是我一直追求的归属感吧，谢谢你给我的宠溺,love
这种稳稳的幸福感，大概就是我一直追求的归属感吧，谢谢你给我的所有宠溺,love
这种稳稳的幸福感，大概就是我一直追求的归属感吧，谢谢你给我的爱,love
这种稳稳的幸福感，大概就是所谓的归属吧,love
这种稳稳的幸福感，大概就是所谓的归属吧。,love
这种稳稳的幸福感，来自于对生活点滴细节的珍视与经营。,contentment
这种稳稳的幸福，是我努力工作最大的动力。,contentment
这种稳稳的幸福，虽然不惊艳，但却是我最坚实的后盾。,contentment
这种突如其来的变动，打乱了我原本的计划...,anxiety
这种突破自我的成就感，真的会让人上瘾,joy
这种窒息感，快要爆炸,anxiety
这种笃定的感觉，让我不再随波逐流。,contentment
这种笃定的感觉，让我不再随波逐流，而是坚定地走在自己的路上。,contentment
这种等待最痛苦,anxiety
这种等待结果的过程简直是精神凌迟，我快撑不下去了,anxiety
这种简单的快乐，不需要金钱去衡量，只需要一颗感悟的心。,contentment
这种简单的快乐，不需要金钱去衡量，只需要一颗懂得感悟生活的心。,contentment
这种简单而有质量的生活，是我一直追求的。,contentment
这种简单而真实的温暖，是我最大的财富,love
这种简单而纯粹的快乐，才是我们最应该去追求的东西,contentment
这种简单而纯粹的快乐，是你带给我的,love
这种简单而纯粹的快乐，是你带给我的，我会好好珍惜,love
这种简单而美好的生活，就是我一直以来梦寐以求的终极向往。,contentment
这种简单而美好的生活，就是我全部的向往。,contentment
这种简单而美好的生活，就是我毕生所追求的终极向往与归宿。,contentment
这种算法在处理图像特征提取时，表现出较高的计算精度。,neutral
这种算法在处理大规模稀疏矩阵时，具有较快的运算速度。,neutral
这种算法的时间复杂度为常数级别，处理速度极快。,neutral
这种算法采用了递归结构，在处理层级数据时具有明显的优势。,neutral
这种紧绷感，快要断了,anxiety
这种紧迫感，刻不容缓,anxiety
这种紧迫感，快崩溃了,anxiety
这种纸张在受潮后会出现一定程度的变形，建议密封保存。,neutral
这种纸张的表面经过了压光处理，书写手感比较顺滑。,neutral
这种纸张的酸碱值控制在七点零左右，可以有效延长存放寿命。,neutral
这种细水长流的稳健，比任何大起大落的惊喜都更让我心安。,contentment
这种细水长流的陪伴，才是最能经受时间考验的情感,contentment
这种细水长流的陪伴，才是这世间最顶级、最浪漫的情话。,love
这种细碎而真实的快乐，才是生活的本质。,contentment
这种细腻的情感处理，真的体现了作者深厚的功底。,love
这种细腻的情感处理，真的体现了作者的温柔,love
这种细腻的情感处理，真的让人很有共鸣,love
这种细腻的情感处理，真的让人很有共鸣，心都被你暖化了,love
这种细腻的情感处理，真的让人很有共鸣，心都被你给填满了,love
这种细腻的情感处理，真的让人很有共鸣，心都被治愈了,love
这种细腻的情感处理，真的让人很有共鸣，心都要化了,love
这种细腻的情感描写，真的戳中我了,love
这种职场伪君子真的够了，表面上和你称兄道弟，背地里却各种使坏，恶心死,anger
这种职场伪君子真的够了，表面上和你称兄道弟，背地里却各种使绊子，恶心坏了,anger
这种职场伪君子，明面上夸你进步快，背地里却把最累最不讨好的活全堆给你，气炸,anger
这种职场伪君子，明面上夸你进步快，背地里却把最累最不讨好的活全堆给你，真恶毒,anger
这种职场冷暴力真的够了，再逼我我就原地掀桌子，谁也别想好过，气炸了,anger
这种职场小人真的够了，整天在那搬弄是非，迟早会遭到报应的，真想撕了她,anger
这种职场小人真的够了，背地里各种使坏,anger
这种职场小人真的够了，表面上和你称兄道弟，背地里却各种使坏，恶心,anger
这种职场绿茶真的够了，整天在那装柔弱、推责任，看着就让人反胃到极致,anger
这种职场绿茶表面上跟你称兄道弟，背地里却在领导面前疯狂邀功，气死我了,anger
这种职场霸凌的行为，真让人恶心,anger
这种肥料的成分配比为氮、磷、钾各占百分之十五。,neutral
这种胡思乱想的折磨，却是我每天最期待的时刻,love
这种胡思乱想的甜蜜折磨，是我平凡生活里最奢侈的调味品,love
这种胡思乱想的甜蜜烦恼，是我这辈子都不想戒掉的瘾,love
这种胶水的初凝时间为一分钟，达到最高强度需十小时。,neutral
这种能与孤独握手言和、并享受其中的能力，让我感到分外从容。,contentment
这种能主宰自己休息时间的自由，比任何名利都更让我感到满足。,contentment
这种能主宰自己生活节奏的感觉，让我觉得每天都很有尊严。,contentment
这种能坦然面对平凡、并从中挖掘乐趣的心境，让我感到非常自豪。,contentment
这种能安静地坐下来吃一顿饭、喝一杯水的简单，就是我的圆满。,contentment
这种能完全主宰自己生活节奏的感觉，让我觉得每一天都很有尊严。,contentment
这种能完全掌控自己生活节奏的感觉，让我觉得很从容。,contentment
这种能把每一件小事都做得有条不紊的节奏感，让我感到极其舒坦。,contentment
这种脚踏实地的感觉，让我对未来充满了信心。,contentment
这种自律带来的掌控感，让我觉得生活很有尊严。,contentment
这种自私的人真恶心,anger
这种自私自利的人，活该一辈子没真朋友，我看透你了。,anger
这种自私自利的人，真的不配得到别人的尊重,anger
这种自私自利的人，真的不配得到别人的尊重，离得越远越好,anger
这种自私自利的人，真的没必要深交,anger
这种自私自利的人，离远点比较好,anger
这种自给自足的生活，虽然辛苦一点，但心里特别踏实稳重。,contentment
这种自给自足的生活，虽然辛苦一点，但心里特别踏实，没有任何负累。,contentment
这种芯片的主频为三点二兆赫兹，采用了四核并行架构。,neutral
这种若即若离的距离感，让我在每个白天都感到无助地心慌,anxiety
这种药剂的保质期为二十四个月，生产批号见瓶身侧面。,neutral
这种药品的保质期为三年，生产日期印在包装盒的底部。,neutral
这种药品的有效成分含量为每片两百毫克，建议密封保存。,neutral
这种药片的包装采用了铝塑压泡眼，每板共计十二粒。,neutral
这种药物在进入小肠后会被逐渐吸收，代谢周期约为六小时。,neutral
这种药物应在干燥阴凉处保存，并避免阳光直接照射。,neutral
这种药物的代谢产物通过肾脏排出体外，不产生积蓄。,neutral
这种莫名其妙的优越感到底是从哪儿来的？看得我直犯恶心。,anger
这种莫名其妙的紧迫感，压得我喘不过气来。,anxiety
这种莫名其妙的自卑感别发泄在我身上，我又不欠你的，滚远点。,anger
这种虚伪的人我见多了，当面一套背后一套，真以为别人都是傻子吗？,anger
这种虚伪的友谊不要也罢，背地里说我坏话，当我不知道吗？,anger
这种虚伪的场面话我听腻了，当面一套背后一套，真让人恶心。,anger
这种虚伪的笑容，看得我直犯恶心...,anger
这种虚伪的笑容，看得我直犯恶心。,anger
这种虚伪的笑容，看得我直犯恶心！,anger
这种虚伪的笑容，看得我直犯恶心？,anger
这种虚假的温柔，我不爱你了。,anger
这种虚无感，让人恐慌,anxiety
这种螺钉的牙距为一点二五毫米，采用了冷镦工艺生产。,neutral
这种行为必然触碰了我的底线。这就是鼠辈所为。,anger
这种行为总会触碰了我的底线，真让人心寒。,anger
这种行为总会让人出离愤怒，真让人心寒。,anger
这种行为真的简直不可理喻，彻底看清了本质。,anger
这种行为确实令人极度失望，必须有个交代。,anger
这种行为确实完全无法接受，必须有个交代。,anger
这种行为确实触碰了我的底线！别再挑战耐性。,anger
这种行为竟然让人出离愤怒。这就是鼠辈所为。,anger
这种行为竟然透着卑劣，彻底看清了本质。,anger
这种行为触碰了我的底线。这就是鼠辈所为。,anger
这种行为让人出离愤怒，真让人心寒。,anger
这种被上司当众羞辱能力的场合，心跳快得要嗓子眼，怕会失态,anxiety
这种被世界抛弃的预感，在每个你不在身边的夜晚都格外强烈,anxiety
这种被世界遗忘的感觉，好难受...,sadness
这种被世界遗忘的感觉，好难受。,sadness
这种被世界遗忘的感觉，好难受！,sadness
这种被世界遗忘的感觉，好难受？,sadness
这种被世界遗忘的感觉，好难受～,sadness
这种被业内大牛称赞有灵气的时刻，真的比拿奖金还兴奋，成就感爆棚,joy
这种被业内最顶级的大赛邀请做评委的惊喜，是对我专业能力最大的肯定，开心到飞起,joy
这种被业内最顶级的大赛邀请做评委的惊喜，是对我专业能力最大的肯定，开心得想绕场跑一圈,joy
这种被业内顶尖刊物主动约稿的惊喜，让我觉得那些挑灯夜战的孤独是有价值的,joy
这种被业内顶尖刊物主动约稿的惊喜，让我觉得那些挑灯夜战的孤独是有价值的，值了,joy
这种被人在乎的感觉，真好,love
这种被人在乎的感觉，真好，感觉自己不再是孤单一人,love
这种被人在乎的感觉，真的比什么都珍贵。,love
这种被你全身心信任和依赖的感觉，让我感到一种甜蜜的责任。,love
这种被你全身心信任和爱着的感觉，让我变得更加勇敢。,love
这种被你坚定选择、偏爱一生的感觉，是我在这个世界上最坚强的后盾，好爱你,love
这种被你坚定选择、哪怕全世界都反对也依然握紧我手的感觉，真的太顶了,love
这种被你坚定选择、哪怕全世界都说我不行你也依然坚信我的感觉，真的太顶了,love
这种被你坚定选择、哪怕全世界都质疑我时你依然站在我身后的感觉，是我最大的底气,love
这种被你坚定选择、哪怕全世界都质疑我时你依然站在我身后的感觉，是我面对生活最大的底气,love
这种被你坚定选择、哪怕我一无所有也依然爱我的感觉，真的给了我底气,love
这种被你坚定选择、哪怕我满身缺点也依然愿意包容我的感觉，给了我无穷的底气,love
这种被你坚定选择、哪怕我满身缺点也依然爱我的感觉，是我这辈子最大的底气,love
这种被你坚定选择、哪怕我满身缺点也依然爱我的感觉，给了我无穷的底气,love
这种被你坚定选择、哪怕我满身缺点也依然被你宠溺的感觉，是我最大的底气,love
这种被你坚定选择、哪怕我身处低谷也不离不弃的感觉，是我最大的底气,love
这种被你坚定选择、哪怕我身处低谷也依然不离不弃的感觉，是我最大的底气,love
这种被你坚定选择、哪怕我身处谷底也依然对我满怀期待的感觉，是我最大的底气,love
这种被你坚定选择的感觉，哪怕全世界质疑我时你都在，是我最大的底气,love
这种被你坚定选择的感觉，是我这辈子最大的骄傲。,love
这种被你坚定选择的感觉，是我面对生活最大的底气,love
这种被你坚定选择的感觉，真的给了我很多面对生活的勇气，好爱你,love
这种被你坚定选择的感觉，给了我无穷的底气,love
这种被你完全包容、哪怕犯错也被温柔对待的感觉，特别踏实,love
这种被你完全包容、哪怕犯错也被温柔对待的感觉，让我觉得，特别踏实,love
这种被你完全包容的感觉，让我放下了戒备，谢谢你一直陪着我,love
这种被你完全接纳和包容的自由，让我终于敢做回真正的自己。,love
这种被你完全接纳的感觉，让我彻底放下了所有的防备。,love
这种被你捧在手心里的感觉，治愈了我所有的不安。,love
这种被你无条件信任、甚至比我自己还相信我的感觉，真的给了我无穷的力量,love
这种被你无条件信任的感觉，是我对抗流言的盔甲，有你真好,love
这种被你无条件信任的感觉，真的给了我很多面对生活的勇气,love
这种被你无条件信任的感觉，让我变得勇敢，谢谢你一直都在,love
这种被你时刻挂念的感觉，是我平凡生活里最大的慰藉。,love
这种被你时刻挂念的感觉，真的让我觉得很温暖,love
这种被你深深依赖的感觉，比任何一场梦境都要让我沉醉,love
这种被你深深依赖的感觉，让我感到一种甜蜜的责任。,love
这种被你温柔呵护的感觉，让我觉得自己是世界上最幸福的人。,love
这种被你紧紧牵着手的感觉，比任何一场梦境都要让我感到心安,love
这种被你需要的幸福感，简直像梦境一样不真实,love
这种被你需要的感觉，才是我最大的动力...,love
这种被你需要的感觉，才是我最大的动力。,love
这种被你需要的感觉，才是我最大的动力！,love
这种被你需要的感觉，才是我最大的动力？,love
这种被你需要的感觉，才是我最大的动力～,love
这种被信任和重用的感觉，让我充满了干劲,joy
这种被光照亮的感觉，让我不再畏惧黑暗。,contentment
这种被全世界抛弃的感觉，真的很压抑,sadness
这种被全世界抛弃的感觉，真的很压抑，想找个地方消失一段时间,sadness
这种被全世界抛弃的感觉，真的很压抑，想找个没人的地方大哭一场,sadness
这种被全世界抛弃的感觉，真的很压抑，想逃离这里,sadness
这种被全世界抛弃的感觉，真的很绝望,sadness
这种被全世界抛弃的感觉，真的很绝望，想找个地方躲起来,sadness
这种被全公司认可专业能力的感觉，真的比发奖金还让我有成就感,joy
这种被全团队认可和信任的感觉真的太棒了，干劲十足,joy
这种被全家人宠着的感觉，真的好幸福啊,joy
这种被全家人支持、无条件包容的感觉，真的让我觉得我是这个世界上最幸福的小孩,joy
这种被全家人支持的感觉真的太棒了,joy
这种被全家人支持的感觉真的太棒了，动力十足,joy
这种被全家人支持的感觉真的太棒了，感觉背后有坚实的后盾,joy
这种被全家人无条件支持的感觉，是我在这个世界上最强大的底气,love
这种被全屏幕五星好评认可的成就感，真的让我觉得熬夜值了,joy
这种被全屏幕五星好评认可的成就感，真的让我觉得那些熬过的夜都没白费,joy
这种被全组人无条件信任的感觉，真的给了我很大的底气,joy
这种被全网催更的感觉，虽然累但真的很有排面,joy
这种被全网催更的感觉，虽然累但真的很有排面，继续努力,joy
这种被全职场孤立的感觉，真的让我怀疑自己是不是做错了什么,sadness
这种被全职场排挤的冷暴力，真的让我每一秒都想辞职,sadness
这种被全职场认可、甚至被跨部门夸奖的成就感，真的让我觉得干劲十足,joy
这种被全项目组公开称赞、甚至还被写进优秀案例的成就感，真的让我觉得没白熬夜,joy
这种被前辈亲自写信引荐的机遇，是对我才华最大的肯定，好棒,joy
这种被前辈亲自发邮件表扬的惊喜，是对我努力最大的肯定,joy
这种被前辈当众点名夸奖的感觉，真的比发奖金还让人兴奋,joy
这种被前辈当众肯定专业能力的感觉，真的比发奖金还让人有动力，感觉自己没白忙活,joy
这种被坚定选择的感觉，真的很有安全感,love
这种被坚定选择的感觉，真的很有安全感，让我不再害怕未来,love
这种被坚定选择的感觉，真的给了我很多面对生活的勇气,love
这种被坚定选择的感觉，真的给了我很多面对生活的勇气和安全感,love
这种被坚定选择的感觉，真的给了我很多面对生活的勇气，很有安全感,love
这种被坚定选择的感觉，真的给了我很多面对生活的勇气，让我非常有安全感,love
这种被坚定选择的感觉，真的给了我面对生活的勇气,love
这种被坚定选择的感觉，真的给了我面对生活的勇气和安全感,love
这种被坚定选择的感觉，真的给了我面对生活的勇气，很有安全感,love
这种被大家簇拥着庆祝胜利的感觉，真的让我感受到了团队的力量,joy
这种被大家认可和支持的感觉，让我充满了信心,joy
这种被好运撞个满怀的感觉，让我觉得之前所有的倒霉都值了,joy
这种被安全感包裹的状态，让我觉得生活很有温度。,contentment
这种被安全感环抱的状态，让原本单调的生活也有了温度。,contentment
这种被家人无条件支持的感觉，让我觉得自己即便孤身闯荡也无所畏惧,joy
这种被家人集体宠溺的感觉让我觉得自己最富有,joy
这种被家人集体支持的感觉让我觉得自己无坚不摧,joy
这种被家人集体支持的感觉，让我觉得自己即便孤身闯荡也能无坚不摧,joy
这种被岁月沉淀下来的温柔，是我内心最强大且最持久的防御。,contentment
这种被岁月沉淀下来的温柔，是我最宝贵的财富。,contentment
这种被岁月温柔以待的感觉，让我对未来的生活充满了美的期待。,contentment
这种被岁月温柔洗礼后的通透与豁达，让我对未来充满了美的希冀。,contentment
这种被岁月温柔洗礼后的通透，散发着一种智慧且平和的生命芬芳。,contentment
这种被岁月温柔相待的感觉，让我对未来充满了平稳的期待。,contentment
这种被当众质问业务能力的场合，心跳得好快，怕自己会出丑,anxiety
这种被悲伤浸泡过的日子，连呼吸都带着一种让人窒息的粘稠感。,sadness
这种被悲伤浸透的灵魂，连散发出来的气息都带着一种压抑的沉重。,sadness
这种被悲伤紧紧缠绕、连呼吸都觉得压抑的感觉，真的快要把我溺毙了。,sadness
这种被捧在手心里的感觉，真的好幸福,love
这种被时光打磨后的光亮，温润而不耀眼。,contentment
这种被时光温柔打磨后的光亮，温润如玉，不耀眼但很有质感。,contentment
这种被时光温柔相待的感觉，让我对未来充满了信心和无限期待。,contentment
这种被时光温柔相待的感觉，让我对未来充满了期待。,contentment
这种被时光温柔雕琢后的平和，散发着一种安静且迷人的生命光辉。,contentment
这种被时光细细雕琢后的平和，散发着一种安静且迷人的生命光泽。,contentment
这种被时间追着跑的感觉，真的太折磨人了...,anxiety
这种被时间追着跑的感觉，真的太折磨人了。,anxiety
这种被时间追着跑的感觉，让我喘不过气来，好想逃避,anxiety
这种被时间遗忘、被人群抛弃的荒凉感，正一点点腐蚀着我仅存的理智。,sadness
这种被焦虑包裹的感觉，让我觉得周围的空气都变稀薄了,anxiety
这种被爱与善意包围的感觉，让我变得更加包容，也更加热爱生活。,contentment
这种被爱包围的感觉，让我变得更加温柔。,contentment
这种被爱包围的松弛感，让我彻底告别了过去的焦虑,contentment
这种被爱包围的确定感，让我对未来充满了期待。,love
这种被爱浸润的每一个瞬间，都值得被温柔地铭记。,love
这种被爱浸润的每一个瞬间，都值得被温柔地铭记在心底。,love
这种被理解的感觉，真的比什么都珍贵,love
这种被理解的感觉，真的比什么都珍贵，谢谢你懂我,love
这种被生活剥夺了所有色彩的灰暗，让我看什么都觉得毫无意义。,sadness
这种被生活反复磨损后的疲惫，让我连哭都觉得是一种奢侈的浪费。,sadness
这种被生活温柔以待的感觉，让我学会了感恩。,contentment
这种被生活温柔打磨后的平和，比任何昂贵的首饰都更显质感。,contentment
这种被生活温柔环抱的感觉，让我学会了微笑着接纳所有不完美。,contentment
这种被生活温柔环抱的感觉，让我学会了微笑着面对一切。,contentment
这种被生活温柔环抱的状态，让我对每一个明天都充满了平静的期待。,contentment
这种被生活细细打磨后的平和，散发着迷人的光泽。,contentment
这种被生活细细温柔打磨后的平和，散发着一种独特而内敛的生命魅力。,contentment
这种被群体排挤在外的感觉，真的不好受，好像世界把我屏蔽了,sadness
这种被群体排挤在外的感觉，真的不好受，好像全世界都把我删了,sadness
这种被老板公开点名表扬、甚至还发了奖金的成就感，真的让我觉得值了,joy
这种被行业大拿亲自点名合作的机会，我觉得那些苦功都没白费,joy
这种被认可的感觉真爽,joy
这种被认可的成就感，比拿奖金还开心,joy
这种被认可的成就感，比拿奖金还开心，证明了我的价值,joy
这种被认可的成就感，真的让人动力满满,joy
这种被误解却无法解释的感觉，真的很委屈,sadness
这种被误解却无法解释的感觉，真的很委屈，想找个地洞钻进去,sadness
这种被路边的小朋友真诚夸赞“大哥哥/大姐姐你真好看”的瞬间，真的太治愈了,joy
这种被遗忘在角落的感觉，真的不好受，好像全世界都把我删了,sadness
这种被遗忘在角落的感觉，真的很不好受,sadness
这种被遗忘在角落的感觉，真的很不好受，好像全世界都把我给删除了,sadness
这种被遗忘在角落的感觉，真的很不好受，好像我根本不存在一样,sadness
这种被遗忘在角落的感觉，真的很不好受，感觉自己可有可无,sadness
这种被队友绝对信任的感觉，真的太燃了,joy
这种被陌生人突然伸手拉一把、或者提醒我东西掉了的小瞬间，真的很暖心,joy
这种被陌生人突然善待的小瞬间，真的会让我觉得这个世界充满了善意,joy
这种被陌生人突然温柔相待的小瞬间，比如电梯门被特意留了一下，真的很治愈,joy
这种被陌生人突然赞美我的穿搭、或者夸我很有礼貌的小瞬间，真的很暖心,joy
这种被陌生人突然赞美我的穿搭很特别、或者夸我眼神很温柔的小瞬间，真的很暖,joy
这种被陌生人突然赞美的小瞬间，真的很暖心，世界还是美好的,joy
这种被陌生人突然赞美的小瞬间，真的很暖心，感觉世界还是美好的,joy
这种被陌生人突然赞美穿搭很特别的小瞬间，真的很暖心，感觉世界充满了善意,joy
这种被陌生网友真诚表扬“你的文字救赎了我”的时刻，让我觉得一切努力都有了意义,joy
这种被需要的感觉，让我的生活变得更有意义。,contentment
这种被顶尖刊物约稿的惊喜，让我觉得那些孤独的挑灯夜战，是有价值的,joy
这种被顶级大咖亲自约稿的机遇，我觉得那些熬夜都变得值得了,joy
这种解决方式，真是充满了‘智慧’，受教了。,anger
求求你,sadness
求求你,sadness
求求你,sadness
求求你,sadness
求求你,sadness
这种解压视频我能看一天，太治愈了,joy
这种解脱的感觉很好，我不爱你了。,contentment
这种设备需要定期更换空气滤网，以保持内部的通风顺畅。,neutral
这种说明明没空却在背后偷偷聚餐的朋友，真的没必要再继续交往了,anger
这种超越生死的契合感，让我们成为了彼此生命中不可分割的部分。,love
这种踏实的幸福感，像细水长流一样温暖着我,contentment
这种踏实的幸福感，是我一直追求的目标,contentment
这种踏实的幸福感，是我一直追求的目标，现在终于找到了,contentment
这种踏实的幸福感，虽然微小但很耐看,contentment
这种踏实的幸福感，虽然微小但很耐看，像细水长流一样温暖,contentment
这种踏实的幸福感，虽然微小但很耐看，像细水长流一样温暖着我,contentment
这种踏实的幸福感，虽然微小但很耐看，像细水长流一样温暖着我的生活,contentment
这种踏实的幸福感，虽然微小但很耐看，细水长流也挺好,contentment
这种身体不再紧绷、思绪不再乱跑的状态，就是我一直追求的从容。,contentment
这种身体轻盈、思绪澄澈的状态，是我在长久的高压紧绷后得到的最好馈赠。,contentment
这种身体轻盈、思绪澄澈的状态，是我在长久紧绷后得到的最好馈赠。,contentment
这种身体轻盈、思绪澄澈的状态，是长久以来我给自己最好的馈赠。,contentment
这种身心合一的和谐感，是我追求了很久才终于得到的心灵慰藉。,contentment
这种身心完全放松的感觉，仿佛整个世界都变得温柔且富有弹性了。,contentment
这种身心完全放松的状态，是我在高压工作后得到的最好的奖赏。,contentment
这种身心高度合一、不再自我内耗的状态，是我最完美的平衡点。,contentment
这种软件在运行过程中会产生一些临时文件，占用了部分硬盘空间。,neutral
这种软件支持多种语言界面，用户可以根据需要切换。,neutral
这种轻快的节奏听着就让人想跟着摇摆，太有感染力了,joy
这种轻快的节奏，听着就让人想跟着摇摆,joy
这种轻快的节奏，听着就让人想跟着摇摆，太有感染力了,joy
这种轻快的节奏，听着就让人想跟着摇摆，心情好得飞起,joy
这种轻快的音乐听着就让人想跟着摇摆,joy
这种通过自己努力换来的回报，比什么都甜。,joy
这种通过自己努力换来的回报，比什么都甜！,joy
这种通过贬低对手来博取眼球的营销手段，简直让人感到作呕,anger
这种逻辑不通的烂剧居然能火，观众的审美都被喂屎了,anger
这种逻辑控制器的输入电压范围为交流一百一十伏到两百二十伏。,neutral
这种逻辑死掉的键盘侠，除了在网上喷人还会干什么？真替你可怜。,anger
这种逻辑混乱的人真的没法沟通，完全是在浪费我的口水和时间。,anger
这种逻辑稀烂的流量电影居然卖了几十亿，审美被侮辱了，火大,anger
这种逻辑芯片的功耗较低，适合在嵌入式设备中使用。,neutral
这种道德绑架我真的受够了，凭什么因为我比他强我就得让着他？,anger
这种遥遥无期的等待，让我的心一直悬在半空中,anxiety
这种金属板材的厚度偏差控制在正负零点零五毫米以内。,neutral
这种金属的熔点高于一千摄氏度，具有较强的耐热性能。,neutral
这种金属的电导率仅次于银，是制造高端导线的理想材料。,neutral
这种金属管材的壁厚公差范围在正负零点一毫米以内。,neutral
这种金属螺栓的额定拉伸强度为八百兆帕，适用于重型机械。,neutral
这种金属零件的表面粗糙度达到了Ra0.8的标准要求。,neutral
这种钢筋的公称直径为二十毫米，抗拉强度符合设计要求。,neutral
这种铝合金材料的表面经过了阳极氧化处理，具有防腐特性。,neutral
这种镜片的折射率为一点六七，表面经过了多层防反射镀膜。,neutral
这种长久的守护似乎已经抵过万语千言。只要有你就足够。,love
这种长久的守护似乎已经抵过万语千言。愿岁岁年年如初。,love
这种长久的守护似乎已经抵过万语千言，守护这份珍贵。,love
这种长久的守护似乎已经是无声的深情表白。大概这就是余生。,love
这种长久的守护似乎已经是无声的深情表白，守护这份珍贵。,love
这种长久的守护似乎已经温暖了整个季节。只要有你就足够。,love
这种长久的守护似乎已经温暖了整个季节。愿岁岁年年如初。,love
这种长久的守护似乎已经让彼此更加坚定。只要有你就足够。,love
这种长久的守护似乎已经这就是爱的模样。只要有你就足够。,love
这种长久的守护似乎已经这就是爱的模样，守护这份珍贵。,love
这种长久的守护似乎抵过万语千言。大概这就是余生。,love
这种长久的守护似乎抵过万语千言，守护这份珍贵。,love
这种长久的守护似乎是无声的深情表白。大概这就是余生。,love
这种长久的守护似乎是无声的深情表白。心里全是你。,love
这种长久的守护似乎是无声的深情表白。愿岁岁年年如初。,love
这种长久的守护似乎是无声的深情表白，守护这份珍贵。,love
这种长久的守护似乎温暖了整个季节。愿岁岁年年如初。,love
这种长久的守护似乎让彼此更加坚定。只要有你就足够。,love
这种长久的守护似乎让彼此更加坚定。愿岁岁年年如初。,love
这种长久的守护似乎这就是爱的模样。大概这就是余生。,love
这种长久的守护必然这就是爱的模样，守护这份珍贵。,love
这种长久的守护必然这种关怀细致入微。心里全是你。,love
这种长久的守护必然这种关怀细致入微，守护这份珍贵。,love
这种长久的守护总会抵过万语千言。大概这就是余生。,love
这种长久的守护总会抵过万语千言。心里全是你。,love
这种长久的守护总会是无声的深情表白。大概这就是余生。,love
这种长久的守护总会是无声的深情表白。心里全是你。,love
这种长久的守护总会是无声的深情表白，守护这份珍贵。,love
这种长久的守护总会温暖了整个季节。愿岁岁年年如初。,love
这种长久的守护总会温暖了整个季节，守护这份珍贵。,love
这种长久的守护确实抵过万语千言。愿岁岁年年如初。,love
这种长久的守护确实是无声的深情表白。只要有你就足够。,love
这种长久的守护确实是无声的深情表白。心里全是你。,love
这种长久的守护确实是无声的深情表白，守护这份珍贵。,love
这种长久的守护确实让彼此更加坚定。只要有你就足够。,love
这种长久的守护确实让彼此更加坚定。心里全是你。,love
这种长久的守护确实这就是爱的模样。大概这就是余生。,love
这种长久的守护竟然抵过万语千言。大概这就是余生。,love
这种长久的守护竟然抵过万语千言。愿岁岁年年如初。,love
这种长久的守护竟然是无声的深情表白。只要有你就足够。,love
这种长久的守护竟然温暖了整个季节。心里全是你。,love
这种长久的守护竟然让彼此更加坚定。愿岁岁年年如初。,love
这种长久的守护竟然让彼此更加坚定，守护这份珍贵。,love
这种长久的守护竟然这就是爱的模样。大概这就是余生。,love
这种长久的守护竟然这种关怀细致入微，守护这份珍贵。,love
这种长久的守护让彼此更加坚定。只要有你就足够。,love
这种长久的守护让彼此更加坚定。心里全是你。,love
这种长久的守护这就是爱的模样。心里全是你。,love
这种长久的守护这就是爱的模样。愿岁岁年年如初。,love
这种长久的安心与笃定，是我给自己下半生交出的、最满意的一份答卷。,contentment
这种长久的安心与笃定，是我给自己下半生最好的、最贵的交代。,contentment
这种长久的安心，是我给家人，也是给自己最好的交代。,contentment
这种长久的定力与定气，是我应对生活万变时最稳健的底色与基石。,contentment
这种长久的平静，是生活对我最大的奖赏。,contentment
这种长时间没有回音的状态，最让人心神不宁。,anxiety
这种降智的剧本是怎么拍出来的，纯纯侮辱观众,anger
这种降智的剧本是怎么拍出来的，纯纯侮辱观众智商,anger
这种降智的剧本是怎么拍出来的，纯纯侮辱观众智商，真想寄刀片,anger
这种降智的剧本是怎么拍出来的，纯纯侮辱观众，编剧是怎么想的,anger
这种降智的剧本是怎么拍出来的，纯纯在侮辱观众智商。,anger
这种陶瓷瓦的吸水率极低，具有较好的抗冻和耐候性能。,neutral
这种陷入爱情的失重感，奇妙得让人上瘾,love
这种陷入爱情的甜蜜眩晕感，是我生命中最奇妙的探险体验,love
这种随心所欲的生活，虽然没有波澜，但却充满了自由和呼吸的气息。,contentment
这种随心所欲的生活，虽然没有波澜，但却充满了自由的气息。,contentment
这种随缘的心态，让我不爱你了。,contentment
这种随遇而安的状态，是我目前最满意的...,contentment
这种随遇而安的状态，是我目前最满意的。,contentment
这种随遇而安的豁达，让我避开了生活中很多无谓的纷争,contentment
这种难以言喻的奇妙感觉，就是我对你的爱,love
这种难以言喻的奇妙感觉，比任何一场梦境都要真实且动人,love
这种难以言喻的幸福感，让我觉得以前受过的所有苦都值了,love
这种难以言喻的灵魂契合，让我们成为了这世上最幸福的伴侣,love
这种难以言喻的默契感，让我们在陌生的人潮中一眼就能认出彼此,love
这种难以言喻的默契配合，让我们在人群中就像是双生子一般存在,love
这种难以言喻的默契，就是我们相爱的最好证明,love
这种面对海量信息却无法有效提取重点的挫败感，让我感到非常焦灼,anxiety
这种面料在清洗时建议使用中性洗涤剂，避免使用漂白剂。,neutral
这种面料在经过防水处理后，水分会在表面形成珠状滑落。,neutral
这种面料在高温熨烫时可能会受损，建议使用低温档位。,neutral
这种面粉在加工过程中没有添加任何漂白剂或增白剂。,neutral
这种面粉的灰分含量低于百分之零点六，属于特等面粉级别。,neutral
这种顺其自然的心态，让我避开了好多无谓的烦恼。,contentment
这种高压下的压抑感，真的让人喘不过气来，想逃到一个没人认识的地方,anxiety
这种高压下的压抑感，真的让人喘不过气来，感觉生活失去了所有的色彩,anxiety
这种高压下的压抑感，让我觉得自己像个快要断掉的琴弦，好想消失几天,anxiety
这种高压下的压抑感，让我觉得自己像个快要断掉的皮筋，好想彻底消失几天,anxiety
这种高压下的压抑感，让我觉得自己像个快要断掉的钢丝，好想关机消失几天,anxiety
这种高压下的压抑感，让我觉得自己像个快要断掉的钢丝，好想彻底消失几天,anxiety
这种高压下的压抑感，让我觉得自己像个快要爆炸的气球，好想逃到一个荒岛上去,anxiety
这种高压下的压抑感，让我觉得自己快要坏掉了,anxiety
这种高压下的压抑感，让我觉得自己快要坏掉了，好想关机躲起来,anxiety
这种高压下的压抑感，让我觉得自己快要坏掉了，好想逃避这一切，去没人认识的地方,anxiety
这种高压下的压抑感，让我觉得自己快要断掉了，好想关掉手机彻底消失几天,anxiety
这种高压下的焦虑感，真的让人喘不过气来,anxiety
这种高压下的焦虑感，真的让人喘不过气来，心跳总是不正常,anxiety
这种高压下的焦虑感，真的让人喘不过气来，感觉快要窒息了,anxiety
这种高压下的生存竞赛，感觉自己快喘不过气了，好想逃离,anxiety
这种高强度的内卷生活，感觉灵魂快被榨干了，好想躲进深山里,anxiety
这种鸟类的羽毛在冬季会变得更加厚实，以适应低温环境。,neutral
这种默契不需要多余的言语，一个眼神就够了,love
这种默契不需要多余的言语，一个眼神就够了。,love
这种默契不需要言语，一个眼神就够了,love
这种默契，一个眼神就懂了,love
这篇文章的结构很清晰，观点也表达得很明确...,contentment
这绝对是我今年看过的最精彩的一场电影，全程无尿点,joy
这绝对是高光时刻！,joy
这设计方案做得真是有创意除了美观之外没有任何实用性,anger
这路政修了又修，天天堵得人心烦意乱。,anger
这路政修了又修，天天堵得人心烦意乱！,anger
这路政修了又修，天天堵得人心烦意乱？,anger
这路政修了又修，天天堵得人心烦意乱～,anger
这车是白的,neutral
这辈子回味无穷的是那次相遇,love
这辈子就爱大笨蛋,love
这辈子就认定你了。,love
这辈子就赖上你了大笨蛋,love
这辈子就赖上你了，哪儿也不许去,love
这辈子就这样了吗,sadness
这辈子最幸运的事就是遇见你,love
这辈子最幸运的事，就是在雨中遇见你。,love
这辈子最幸运的事，就是能在茫茫人海中一眼认出你。,love
这辈子最幸运的事，就是遇见了你,love
这辈子最浪漫的事，大概就是和你一起慢慢变老，直到我们哪儿也去不了，依然能坐着摇椅聊往事。,love
这辈子能遇到你，我觉得自己拯救了银河系,love
这速度真快，等得我头发都白了，给您点赞。,anger
这逻辑漏洞也太大了吧，作者是把读者当傻子耍吗？,anger
这道糖醋排骨做得色香味俱全，我简直是未来的厨神,joy
这道自己研发的新菜式味道简直绝了，我真是个天才厨神,joy
这道菜尝试了新做法竟然出奇地好吃，我真是个天才,joy
这道菜的火候掌握得不错，咸淡也刚好合适。,contentment
这道题我居然一次就做对了,joy
这道题有两种解法，结果是一样的,neutral
这里有位子,neutral
这里的地形起伏较小，海拔高度在海拔五十米左右波动。,neutral
这雨越下越大了，前面的路面已经完全积水，不知道这车还能不能开过去,anxiety
这顿火锅吃得真爽,joy
这顿火锅的味道简直绝了，所有的烦恼都在雾气中消散,joy
这顿路边摊虽然简陋但味道绝了，这就是烟火气吧,joy
这顿饭吃得真舒坦,joy
这颗过年时随手埋下的种子，竟然在冰冷的阳台缝隙里开出了嫩黄的小花,joy
这首曲子的节奏感太强了，忍不住跟着节拍律动起来,joy
这首歌听完了，我也该放下了...,contentment
这首歌听完了，我也该放下了。,contentment
这首歌的前奏一响我就爱上了，太好听了,joy
这首歌的旋律太戳我了，完全长在了我的审美上，单曲循环一整天！,love
这首歌的节奏刚刚好，让我想在雨后的街道里尽情旋转,joy
这首歌让我想起你,love
进展顺利很开心,joy
进度已更新,neutral
进度顺利就很轻松愉快,joy
迟到了。,sadness
述职报告写到一半电脑突然蓝屏了，而且我还没保存，急得我快吐血了,anxiety
述职报告写到最后关头电脑突然死机了，而且我根本没保存，急得我当场就想跳楼,anxiety
述职报告还没做PPT,anxiety
述职报告还没写急得像热锅蚂蚁,anxiety
述职报告还没写，急得像热锅上的蚂蚁,anxiety
述职报告还没写，领导却突然要提前检查，急死我了,anxiety
述职还没写急得像蚂蚁,anxiety
追完了一部好剧，有点空虚,sadness
追的剧更新了，这一集太虐了,sadness
退休后的日子，养养花种点菜，生活简单且从容,contentment
退休后的生活虽然简单，每天养花遛狗，倒也落得个耳根清净、从容自在。,contentment
送君千里终有一别,sadness
选择是错的好纠结,anxiety
选的课全没中，又要重新选,anger
逛街买到了打折的好东西，赚到了,joy
遇到这种当面一套背后一套的人，除了自认倒霉，我真的无话可说,anger
遇到这种推卸责任的合作伙伴，真是倒了八辈子的霉,anger
遇到这种胡搅蛮缠的客户，真想直接把电话摔了,anger
遇到那种已读不回的人真的想顺着网线过去打他,anger
遇见你之后，平淡生活也有了光，谢谢你愿意走进，我这个平凡人的生命,love
遇见你之后，平淡生活也有了光，谢谢你走进我的生命,love
遇见你之后，平淡生活有了光，谢谢你愿意走进我平凡人的生命,love
遇见你之后，平淡生活有了光，谢谢你愿意走进，我平凡人的生命,love
遇见你之后，平淡的生活也能开出花来，谢谢你走进我平凡的生命,love
遇见你之后，我才发现原来再平淡的生活也能开出花来，谢谢你愿意走进我的生命,love
遇见你之后，我才发现原来再平淡的生活也能开出花来，谢谢你愿意走进我这个平凡人的生命,love
遇见你之后，我才发现原来再平淡的生活也能开出花来，谢谢你走进我的生命,love
遇见你之后，我才发现原来爱一个人可以如此卑微又如此伟大。,love
遇见你之后，我才发现原来爱一个人是不需要任何理由的，仅仅是看着你，就觉得万分欢喜。,love
遇见你之后，我才发现原来生活可以这么甜，谢谢你让我成为了更好的自己,love
遇见你之后，我才发现原来生活真的可以有光，谢谢你照亮了我那些原本灰暗的日子,love
遇见你之后，我才发现原来生活真的可以有光，谢谢你照亮了我那些灰暗的日子,love
遇见你之后，灰暗的日子也有了色彩，谢谢你愿意陪我这个普通人,love
遇见你就像掉进了一个甜蜜的陷阱，但我一点也不想逃跑。,love
遇见你是上天给我的礼物，谢谢你修补了，我那些支离破碎的梦,love
遇见你是上天给我的礼物，谢谢你修补了，我那些支离破碎的梦，好爱你,love
遇见你是上天给我的补偿，哪怕日子再难，我也觉得生活有了无限盼头,love
遇见你是上天给我的补偿，哪怕日子再难，我也觉得生活有了盼头,love
遇见你是我最大的幸运,love
遇见你是我最大的幸运，哪怕世界再糟糕，我也觉得有希望,love
遇见你是我最大的福气，谢谢你治愈了，我那些连自己都忘的伤口,love
遇见你是我生命中最温柔的奇迹，谢谢你照亮了，我那些原本灰暗的角落,love
遇见你是我生命中最温柔的奇迹，谢谢你照亮了，我那些灰暗的角落,love
遇见你是我这辈子最大的幸运,love
遇见你是我这辈子最大的幸运，没有之一,love
遇见你是我这辈子最大的幸运，没有之一，真的很感激你的出现,love
遇见你是我这辈子最大的幸运，没有之一，真的很感激你能出现在我的生命里,love
遇见你是我这辈子最大的幸运，没有之一，真的很感激你能走进我的生命,love
遇见你是我这辈子最大的幸运，没有之一，真的很爱你,love
遇见你是我这辈子最大的幸运，没有之一，谢谢你走进我的生命里,love
遇见你是我这辈子最大的幸运，谢谢你愿意陪我一起看细水长流,love
遇见你是我这辈子最大的幸运，谢谢你愿意陪我这个平凡甚至有点古怪的人看细水长流,love
遇见你是我这辈子最大的幸运，谢谢你愿意陪我这个平凡的人看细水长流,love
遇见你是我这辈子最大的幸运，谢谢你愿意陪我这个满身伤痕的人慢慢变老,love
遇见你是我这辈子最大的福气，谢谢你愿意陪我这个满身棱角的人在世间游荡,love
遇见你是我这辈子最美的际遇，谢谢你愿意陪我这个平凡的人看细水长流,love
遇见你是老天给我的补偿，哪怕日子再难，我也觉得有了盼头,love
遇见你的那一刻，感觉空气都变甜了，世界突然有了色彩,joy
遇见你真好,love
遇见你，才是我这辈子做的最正确的一件事...,love
遇见你，才是我这辈子做的最正确的一件事。,love
遇见你，才是我这辈子做的最正确的一件事！,love
遇见你，才是我这辈子做的最正确的一件事？,love
遇见你，才是我这辈子做的最正确的一件事～,love
遇见你，是我的幸运,love
遇见你，是我的福气,love
遇见你，是我花光了所有运气...,love
遇见你，是我花光了所有运气。,love
遇见你，是我花光了所有运气！,love
遇见你，是我花光了所有运气？,love
遇见你，是我花光了所有运气～,love
遇见你，是我这辈子最大的确幸,love
遇见你，是我这辈子最大的福气,love
遗憾,sadness
遗言录音。反复听着妈妈在信号消失前留下的最后半句叮嘱，那种被世界切断联系的痛，无处安放,sadness
避难所内。守着最后两罐保质期未知的黄桃罐头，在摇曳的烛火中读废报纸，这种宁静透着死意,contentment
那一刻，万一最后只剩我一个人，该怎么收场...,anxiety
那一刻，万一誓言被时间改变，该怎么办？,anxiety
那一刻，不敢去想未来，怕又是一场空。,anxiety
那一刻，为你奋不顾身，是我做过最勇敢的事...,love
那一刻，你凭什么轻易践踏我的底线！,anger
那一刻，原来孤单，是听见某首熟悉的情歌。,sadness
那一刻，在回忆里流浪，找不到出口。,sadness
那一刻，如果失去你，我该怎么活下去？,anxiety
那一刻，寂寞的夜里，只有风陪着我。,sadness
那一刻，就是爱你，这感觉那么奇妙！,joy
那一刻，就算再不舍，也要转身离开。,sadness
那一刻，就算时光荏苒，对你的感觉从没变。,love
那一刻，就让一切顺其自然，不再强求...,contentment
那一刻，当初的承诺，简直像个笑话！,anger
那一刻，微风吹过你的头发，画面太美了！,joy
那一刻，心如止水，接受了所有的聚散离合。,contentment
那一刻，总是患得患失，怕这一切只是梦。,anxiety
那一刻，想念你的笑，想念你的外套...,love
那一刻，想念你的笑，想念你的外套。,love
那一刻，我们的回忆，被时间慢慢擦除。,sadness
那一刻，我会用尽全力，去守护这份温柔...,love
那一刻，我会用尽全力，去守护这份温柔。,love
那一刻，我恨透了你这种无所谓的态度！,anger
那一刻，我的心跳，因为你而狂奔。,joy
那一刻，把所有的回忆烧毁，彻底结束！,anger
那一刻，星光下的拥抱，浪漫得刚刚好！,joy
那一刻，晚风吹过，把那些遗憾都吹散了。,contentment
那一刻，确认过眼神，遇见对的人！,joy
那一刻，说谎的人，要吞一千根针！,anger
那一刻，过去的就让它过去，现在这样很好...,contentment
那一刻，这感觉就像喝了全糖的奶茶，甜到心底！,joy
那一刻，闭上眼都是你离开的画面，好慌...,anxiety
那个一直折磨我的变态老板终于离职了，今天全办公室都在偷偷庆祝！,joy
那个一直折磨我的变态老板终于离职了，今天全办公室都在偷偷庆祝！。,joy
那个一直置顶的聊天框最后的消息停留在了三年前,sadness
那个一直置顶的聊天框，最后的一条消息停留在了三年前的除夕,sadness
那个一直置顶的聊天框，最后的消息停留在了三年前的跨年夜,sadness
那个一直置顶的聊天框，现在除了自己发出去的消息，再也没回音,sadness
那个一直针对我的同事居然调走了，感觉空气都变得清新了许多。,joy
那个为了流量不择手段、甚至拿家人开玩笑的博主，你那点卑微的虚荣心真的让人感到生理性反胃,anger
那个为了那点可怜的打赏就毫无底线直播这种低俗内容的畜生，你真是在给人类丢脸,anger
那个人一直盯着我的短处笑话，别以为我好欺负，我只是不想计较。,anger
那个人借钱的时候像孙子，还钱的时候像大爷，真是长见识了。,anger
那个人在公共场合大声喧哗，真没素质。,anger
那个人在公共场合大声喧哗，真没素质！,anger
那个人在公共场合大声喧哗，真没素质？,anger
那个人在公共场合大声喧哗，真没素质～,anger
那个人在图书馆里大声吃零食，塑料袋声音响个不停，烦死人了。,anger
那个人在电影院里大声接电话，还一直剧透，有没有点社会公德心？,anger
那个人明明撞到了我，连声对不起都不说，还瞪我一眼，真有病。,anger
那个人自私的行径令人极度失望。这就是鼠辈所为。,anger
那个人自私的行径似乎已经完全无法接受，必须有个交代。,anger
那个人自私的行径似乎已经简直不可理喻，彻底看清了本质。,anger
那个人自私的行径似乎简直不可理喻，真让人心寒。,anger
那个人自私的行径似乎透着卑劣。这就是鼠辈所为。,anger
那个人自私的行径完全无法接受！别再挑战耐性。,anger
那个人自私的行径必然简直不可理喻，真让人心寒。,anger
那个人自私的行径必然让人出离愤怒，必须有个交代。,anger
那个人自私的行径必然让人出离愤怒，真让人心寒。,anger
那个人自私的行径必然透着卑劣，必须有个交代。,anger
那个人自私的行径总会触碰了我的底线，必须有个交代。,anger
那个人自私的行径总会透着卑劣！别再挑战耐性。,anger
那个人自私的行径真的完全无法接受，彻底看清了本质。,anger
那个人自私的行径真的简直不可理喻。这就是鼠辈所为。,anger
那个人自私的行径真的让人出离愤怒，真让人心寒。,anger
那个人自私的行径竟然完全无法接受，真让人心寒。,anger
那个人自私的行径竟然透着卑劣，必须有个交代。,anger
那个人自私的行径透着卑劣！别再挑战耐性。,anger
那个人说话真的太过分了，我气炸了,anger
那个原本到处都充满欢声笑语和饭菜香味的温馨小家，现在推门进去只剩下死一般的冰冷和寂静,sadness
那个原本定好要一起去看的演唱会只剩下一张门票,sadness
那个原本定好要一起去看的演唱会，现在只剩下一张过期的门票,sadness
那个原本承诺要一起变老的人，现在却牵着别人的手出现在朋友圈,sadness
那个原本温馨的小家，现在只剩下冰冷,sadness
那个原本温馨的小家，现在只剩下我一个人的呼吸声,sadness
那个原本温馨的小家，现在空荡荡的,sadness
那个原本计划要一起去的远方，如今只能躺在收藏夹里，变成一个未竟的遗憾,sadness
那个原本计划要一起去的远方，如今只能躺在收藏夹里，成了遗憾,sadness
那个只会偷别人原创视频还理直气壮的搬运工，你的廉耻心是不是早就被狗给吃了？,anger
那个只会躲在屏幕后面发泄私愤的社会巨婴，真希望你能早点断奶，学会像个人一样活着,anger
那个司机明明看到我要上车了，还故意加速开走，什么心态啊！,anger
那个商家居然发假货给我，还拒绝退款，我今天非得投诉死他不可。,anger
那个困扰了我一周的程序BUG终于修好了，这种成就感无可替代！,joy
那个在公共场所公然插队还大言不惭的人，真希望法律能给你这种人专门设立一个禁足令,anger
那个在现实中唯唯诺诺、在网上重拳出击的懦夫，你那点可怜的自尊心也就值那几行字了,anger
那个在网上键盘侠附体的键盘侠，现实中肯定是个连大声说话都不敢的怂包，只能在屏幕后面发泄私愤,anger
那个在群里带节奏造谣的人，祝你这辈子买方便面都没有调料包，这种损人不利己的事你干得真顺手,anger
那个在葬礼上却突然想起一个冷笑话并拼命憋笑的荒诞时刻，让我觉得人类的悲欢根本不相通,sadness
那个在葬礼上却突然想起一个笑话并拼命憋笑的荒诞时刻。我觉得人类的悲欢根本不相通,sadness
那个在评论区恶意揣测受害者的畜生，真希望你也能亲身体验一下那种百口莫辩的绝望感,anger
那个快递员居然把我的包裹直接扔在路边，淋了雨还理直气壮，疯了吧！,anger
那个断了联系的朋友突然发来结婚请帖我看着照片里的她流下了眼泪,sadness
那个曾经拒绝我的单位居然主动给我发Offer了，这就是翻身仗吗？,joy
那个服务员一脸嫌弃的样子给谁看呢？我是来消费的不是来看你脸色的。,anger
那个服务员一脸嫌弃的样子给谁看呢？我是来消费的不是来看脸色的。,anger
那个消息收到了，回复了个好的，然后就一直没动静了,anxiety
那个空荡荡的房间似乎已经早已随风而逝。只剩满地伤痕。,sadness
那个空荡荡的房间似乎已经早已随风而逝，连空气都变冷了。,sadness
那个空荡荡的房间似乎已经透着一股落寞，连空气都变冷了。,sadness
那个空荡荡的房间似乎早已随风而逝。终究还是走散了。,sadness
那个空荡荡的房间似乎透着一股落寞。只剩满地伤痕。,sadness
那个空荡荡的房间勾起了无尽的惆怅。终究还是走散了。,sadness
那个空荡荡的房间必然勾起了无尽的惆怅。大概这就是遗憾。,sadness
那个空荡荡的房间必然早已随风而逝。只剩满地伤痕。,sadness
那个空荡荡的房间必然透着一股落寞。大概这就是遗憾。,sadness
那个空荡荡的房间必然透着一股落寞。终究还是走散了。,sadness
那个空荡荡的房间总会显得格外凄凉。有些事注定无法挽回。,sadness
那个空荡荡的房间总会透着一股落寞。只剩满地伤痕。,sadness
那个空荡荡的房间显得格外凄凉。有些事注定无法挽回。,sadness
那个空荡荡的房间真的勾起了无尽的惆怅。大概这就是遗憾。,sadness
那个空荡荡的房间真的显得格外凄凉，连空气都变冷了。,sadness
那个空荡荡的房间真的让人感到一阵空虚。终究还是走散了。,sadness
那个空荡荡的房间真的让人感到一阵空虚，连空气都变冷了。,sadness
那个空荡荡的房间确实勾起了无尽的惆怅。终究还是走散了。,sadness
那个空荡荡的房间确实成了心头的隐痛。大概这就是遗憾。,sadness
那个空荡荡的房间确实成了心头的隐痛。有些事注定无法挽回。,sadness
那个空荡荡的房间确实早已随风而逝。只剩满地伤痕。,sadness
那个空荡荡的房间竟然勾起了无尽的惆怅。大概这就是遗憾。,sadness
那个空荡荡的房间竟然勾起了无尽的惆怅。有些事注定无法挽回。,sadness
那个空荡荡的房间竟然勾起了无尽的惆怅。终究还是走散了。,sadness
那个空荡荡的房间竟然让人感到一阵空虚。有些事注定无法挽回。,sadness
那个空荡荡的房间让人感到一阵空虚。有些事注定无法挽回。,sadness
那个空荡荡的房间透着一股落寞，连空气都变冷了。,sadness
那个置顶的聊天框，最后的一条消息竟然停留在了三年前我们吵完架的那个深夜,sadness
那个置顶的聊天框，最后的一条消息竟然停留在了三年前的除夕夜,sadness
那个置顶的聊天框，最后的消息停留在了三年前,sadness
那个置顶的聊天框，最后的消息停留在了三年前咱们因为那几百块钱吵翻的那个大年三十,sadness
那个置顶的聊天框，最后的消息停留在了三年前的除夕夜,sadness
那些一起听过的歌，现在每一个音符都变成了嘲笑我的刀刃,sadness
那些不经意的摸头杀，每一段都是我想要珍藏一生的记忆,love
那些不经意的温柔瞬间，全是我为你精心编织的爱意网罗,love
那些不经意的瞬间，全是我刻意营造的浪漫,love
那些不经意的身体接触，其实都是我精心计算过的浪漫阴谋,love
那些为了体面而强迫自己表现出的廉价笑容，如今回想起来，全是对手术刀般的自我切割,sadness
那些为了体面而撒下的弥天大谎，如今回头看，全是勒紧脖子的绳索，每一次呼吸都疼,sadness
那些为了体面而撒下的谎言，如今回头看，全成了勒紧我脖子的无形绳索，让我每一次呼吸都带着愧疚,sadness
那些为了合群而强迫自己安装的搞笑语言插件，如今回想起来，全是对手术刀般的自我羞辱,sadness
那些为了合群而强迫自己表现出的好战情绪，如今回想起来，全是对自己天生悲悯之心的残忍阉割,sadness
那些为了合群而强迫自己表现出的廉价笑容，如今回想起来，全是对自己灵魂尊严的无情践踏,sadness
那些为了合群而强迫自己表现出的虚假热情，如今回想起来，全是对自己灵魂的某种慢性谋杀,sadness
那些你所谓的承诺，在我听来不过是这世界上最刺耳的笑话,anger
那些关于你的胡思乱想，是我每天最甜蜜的必修课。,love
那些和你一起虚度的光阴，才是我生命里最有意义的组成部分。,love
那些在弹幕里乱扣帽子、恶意引战的人，你们的精神世界是有多贫瘠，才需要这种存在感？,anger
那些在最贫穷的岁月里许下的宏愿，如今回头翻看，虽然大半都随风而去了，但那份勇敢依然让我热泪盈眶,sadness
那些在最贫穷的岁月里许下的宏愿，如今回头翻看，虽然大半都随风而去了，但那份勇敢依然还在,sadness
那些在最贫穷的岁月里许下的宏愿，如今回头翻看，虽然大半都随风而去，但那份勇敢依然在发光,sadness
那些在背后乱嚼舌根、搬弄是非的人，真希望你们的舌头能在下次撒谎的时候直接打结,anger
那些在评论区恶意诋毁女性的loser，你们除了在屏幕前发泄不满，现实中是不是一无是处？,anger
那些年少的轻狂和不羁，终究是在生活的磨砺中，慢慢褪去了色彩。,sadness
那些心碎的往事，都在岁月里烟消云散了。,contentment
那些所谓的誓言，现在听来真讽刺。,anger
那些所谓的誓言，现在听来真讽刺！,anger
那些无法说出口的委屈，最后都化成了深夜里一声无声的叹息,sadness
那些无法说出口的委屈，最后都化成了深夜里一声长长的叹息,sadness
那些曾经以为会天长地久的承诺，在现实的冲刷下，终究还是变成了满地的碎片。,sadness
那些曾经以为会记一辈子的温存瞬间，终究还是在柴米油盐的琐碎里磨平了棱角,sadness
那些曾经以为会记一辈子的美好瞬间，终究还是在岁月的长河里模糊了,sadness
那些曾经以为刻骨铭心的事，在岁月的冲刷下，终究还是变得模糊了,sadness
那些曾经以为刻骨铭心的痛，在时间的流逝中也终究变得模糊了,sadness
那些曾经以为永远不会散的聚会，终究还是各奔东西了。,sadness
那些曾经以为能处一辈子的酒肉朋友，真到了老子落难的时候，一个比一个跑得比兔子还快,sadness
那些曾经在酒桌上称兄道弟的人，现在连个借钱的借口都懒得编了,sadness
那些曾经承诺要一辈子在一起的人，怎么走着走着就散在风里了？,sadness
那些曾经无话不谈的朋友现在全成了朋友圈的陌生人，这种感觉真难受,sadness
那些曾经无话不谈的朋友，现在连朋友圈点赞都省了,sadness
那些曾经无话不谈的朋友，现在连朋友圈都不点赞了，疏离感真丧,sadness
那些曾经无话不谈的朋友，现在连朋友圈都屏蔽了,sadness
那些曾经无话不谈的朋友，现在连过年的祝福短信都懒得发了,sadness
那些曾经滚烫的誓言，终究敌不过琐碎日常里的柴米油盐，最后只剩相顾无言,sadness
那些曾经炽热的信件，如今在抽屉里寂静地堆满了灰尘,sadness
那些曾经的犹豫不决，在听到你说爱我的那一刻，全部烟消云散。,love
那些曾经错过的美好时光和人，终究成了我心底里一根拔不掉的尖锐刺，偶尔想起来还会隐隐作痛,sadness
那些未完成的旅行，成了我地图上再也无法点亮的灰色区域,sadness
那些未寄出的信件，成了我抽屉里最沉重的负担,sadness
那些没说出口的告别，最终都变成了淋湿肩膀的一场雨,sadness
那些泛黄的老照片里的灿烂笑脸，如今回头翻看全变成了让我心碎的泪水，物是人非真的太残忍了,sadness
那些深夜翻出来的伤痕，依然在隐隐作痛,sadness
那些深夜翻出来的伤痕，依然很疼,sadness
那些温柔都过去了，我不爱你了。,sadness
那些熬过的夜、流过的泪，最后都变成了我沉默里的刺。,sadness
那些老照片都发黄了，像极了我们的感情,sadness
那些老照片里的笑脸如今看来全是凄凉,sadness
那些老照片里的笑脸，如今看来全是泪,sadness
那些老照片里的笑脸，如今看来只剩下满心的凄凉，物是人非最伤人,sadness
那些老街旧巷里的叫卖声渐渐远去，带走的还有我们回不去的童年,sadness
那些老街旧邻早就搬得无影无踪了,sadness
那些老誓言，现在听着真刺耳,sadness
那些被你践踏的信任，是我这辈子最后悔给出的真心,anger
那些被刻意掩埋在心底的旧伤疤，每到这阴冷的连阴雨天气依然会隐隐作痛，疼得我想撞墙,sadness
那些被刻意掩埋在心底的旧伤痕，每到这阴雨连绵的天气依然会隐隐作痛，无法断根,sadness
那些被刻意掩埋的旧伤痕，每到阴雨天依然会隐隐作痛，无法痊愈,sadness
那些被岁月冲刷得模糊的记忆片段，偶尔在深夜里冒出来，依然清晰得让老子想大哭一场,sadness
那些被岁月冲刷掉的、曾经以为至死不渝的感情，如今回过头来看，居然成了我酒后最廉价的谈资,sadness
那些被岁月冲刷掉的笑声，如今只能在记忆深处一遍遍回放,sadness
那些被岁月冲刷掉的誓言，全成了讽刺,sadness
那些被岁月冲刷掉的誓言，现在听起来全是讽刺,sadness
那些被岁月冲刷掉的记忆往往会在深夜跳出来刺痛人,sadness
那些被岁月冲刷掉的记忆片段，依然清晰得让人感到一阵阵心疼,sadness
那些被岁月冲刷掉的记忆，依然很清晰,sadness
那些被岁月冲刷掉的记忆，依然清晰得让人心疼,sadness
那些被岁月冲刷掉的记忆，往往在某个不经意的瞬间，会突然跳出来刺痛你,sadness
那些被岁月冲刷掉的青春往事，如今回想起来全都是最刺骨的寒风,sadness
那些被岁月掩埋的伤痕偶尔在深夜被翻出还是疼,sadness
那些被岁月掩埋的伤痕，偶尔在深夜被翻出，依然会让人隐隐作痛,sadness
那些被岁月掩埋的伤痕，每当午夜梦回的时候，依然会隐隐作痛,sadness
那些被岁月掩埋的故事，偶尔翻出来看看，除了唏嘘还是唏绪,sadness
那些被岁月掩埋的旧事，提起来全是泪,sadness
那些被岁月掩埋的旧伤疤，偶尔被翻出来还是会隐隐作痛,sadness
那些被岁月掩埋的旧伤疤，每到深夜就会隐隐作痛，提醒着那些不堪,sadness
那些被岁月掩埋的旧伤疤，每到深夜就会隐隐作痛，时刻提醒着我的过往,sadness
那些被岁月掩埋的旧伤疤，每当在这个该死的冬天被冻得生疼时，依然会让我对这世道恨得牙痒痒,sadness
那些被岁月掩埋的旧伤疤，深夜还会疼,sadness
那些被岁月掩埋的旧伤痕，每当在这个阴冷的下雨天被翻出来，依然会让人心痛不已,sadness
那些被岁月掩埋的旧伤痕，每当在这个阴冷的下雨天，依然会隐隐作痛,sadness
那些被岁月无情冲刷掉的海誓山盟和誓言，如今回头看全成了最可笑的讽刺，真是让人唏嘘不已,sadness
那些被岁月无情冲刷掉的海誓山盟，如今回头看全成了最可笑的讽刺,sadness
那些被岁月无情冲刷掉的记忆片段，偶尔在深夜里浮现出来，依然清晰得让人感到一阵阵心痛,sadness
那些被岁月无情抹杀掉的纯真和誓言，如今回头看全成了最苦的药,sadness
那些被岁月无情抹杀掉的纯真和誓言，如今回头翻看以前的日记，全成了最苦、最难以下咽的毒药,sadness
那些被岁月无情抹杀掉的纯真和誓言，如今回头翻看日记本，全成了最苦、最难以下咽的毒药,sadness
那些被岁月无情抹杀掉的纯真和誓言，如今回头翻看那些发黄的日记，全成了最苦、最难以下咽的毒药,sadness
那些被岁月磨掉的雄心壮志，如今回想起来全成了我夜里扇向自己脸上的响亮耳光,sadness
那些被我们为了合群而裁剪掉的真实性格，如今回想起来，那才是我们之所以成为“我们”的唯一证据,sadness
那些被我们为了合群而裁剪掉的真实性格，如今回想起来，那才是我们存在过的唯一证据,sadness
那些被揉碎的诺言，最终都化作了深夜里无声的眼泪,sadness
那些被时代浪潮随手拍碎的个人梦想，如今回头看，居然像是一场色彩斑斓的荒诞剧，除了自嘲我别无选择,sadness
那些被时光尘封的相册，最终都写满了我们并肩走过的痕迹,sadness
那些被时间风化的承诺，最终都成了深夜里刺向心口的钢针,sadness
那些被现实碾碎的、从未对人言说的野心，如今回想起来，就像是深夜里的火花，虽然短暂但真的亮过,sadness
那些被遗忘在备忘录里的诗句，如今回头翻看，全成了我对抗这操蛋现实的最后防线,sadness
那些被锁在日记本里的心事偶尔翻开依然泪流满面,sadness
那些被锁在旧日记本里的信誓旦旦，如今回看全都是最讽刺的笑话,sadness
那些被锁在旧日记本里的心事，偶尔翻开，依然会让人泪流满面,sadness
那些被锁在旧日记本里的秘密早就发了霉,sadness
那些被锁在旧相册里的旧时光再也回不去了,sadness
那些被锁在旧相册里的旧时光回不去了,sadness
那些被随手扔进垃圾桶的草稿纸，记录了我多少个为了自圆其说而崩溃的夜晚，如今想来全成了笑词,sadness
那些誓言全是笑话,sadness
那些说好要一起去看的风景，最终都成了地图上不敢触碰的灰色坐标。,sadness
那些说好要一起实现的梦想，最后都成了我一个人的笑话,sadness
那些还没寄出的信，最后都变成了我碎纸机里的纸屑。,sadness
那些错过的时光终究成了心底里一根拔不掉的刺，偶尔在每一个下雨天想起，依然会疼得我满地打滚,sadness
那些错过的时光终究成了心底里一根拔不掉的刺，偶尔想起依然心碎,sadness
那些错过的时光终究成了心底里一根拔不掉的死刺，偶尔在每一个失眠的深夜想起，依然会疼得我满地打滚,sadness
那些错过的时光终究成了心底里一根拔不掉的死刺，偶尔在每一个雨夜想起，依然疼得我满地打滚,sadness
那些错过的时光终究成了心底里一根拔不掉的死刺，偶尔在深夜里想起，依然会心疼如刀割,sadness
那些错过的时光终究成了心底里一根拔不掉的死刺，偶尔在深夜里想起，依然会心疼得像是被刀割一样,sadness
那些错过的时光终究成了心底里一根拔不掉的死刺，偶尔在阴雨天想起，依然会疼得我满地打滚,sadness
那些错过的时光终究成了心底里一根拔不掉的死刺，偶尔在阴雨天想起，依然会疼得满地打滚,sadness
那些错过的时光终究成了心底里一根拔不掉的死刺，偶尔想起依然心疼,sadness
那些错过的时光终究成了心底里一根死刺，偶尔在深夜里想起，依然疼得像是被刀割一样,sadness
那些错过的时光，终究成了心头的遗憾,sadness
那些错过的时光，终究成了心底抹不掉的朱砂痣,sadness
那些错过的时光，终究成了心底的刺,sadness
那些错过的晋升机会终究成了心底里一根死刺，偶尔在加班的深夜想起，依然疼得像刀割,sadness
那些错过的美好时光，终究成了心底一根拔不掉的刺，偶尔还会作痛,sadness
那些错过的美好瞬间，终究成了心底里一根拔不掉的尖锐刺，隐隐作痛,sadness
那些错过的风景，再也回不去了...,sadness
那些错过的风景，再也回不去了。,sadness
求求你,sadness
那些错过的风景，再美也回不去了。,sadness
那件事虽然过去了，但还是反复来找我,anxiety
那件旧外套洗得发白但我还是舍不得扔总觉得里面还有你的味道,sadness
那句话真的有点过分了,anger
那场同学聚会就像是一场大型的阶级阅兵，每个人都戴着虚伪的面具，只有我在那儿认真钻研那盘凉菜,sadness
那场大雨终于停了天空挂着美丽的彩虹我却再也等不到撑伞的人,sadness
那场雨淋湿了我们的以后，也浇熄了我所有的幻想,sadness
那家店的客服态度差到爆，问一句答一句，还带冷嘲热讽的。,anger
那家店还在，他们常坐的那张桌子也在，只是不再是他们,sadness
那封信她写了又改，改了又删，最后存在草稿箱里没有发出去,sadness
那封信还没寄出就已经过期，就像我还没开口的爱意已经枯萎,sadness
那封未寄出的情书被我在大扫除时翻了出来字迹已经模糊不清了,sadness
那就这样吧，反正说了也没用,anger
那年的照片里她的眼睛很亮，现在看起来像是另一个人,sadness
那张三年前的旧电影票根我到现在还没舍得扔，可惜陪我看那场电影的那个人早就已经不在了,sadness
那张两年前的旧电影票根我到现在还没舍得扔，可惜那个人早就不在了,sadness
那张去往拉萨的火车票根被塑封得很好。只是如今屏幕坏了，那些笑容再也点不亮了,sadness
那张去往拉萨的火车票根被塑封得很好。可可终点站的那个人，早就不在原地了,sadness
那张去往拉萨的火车票根被塑封得很好。可后来其中一只碎了，剩下的那只也被我扔进了垃圾桶,sadness
那张去往拉萨的火车票根被塑封得很好。后来只是落满了灰，再也没人拿出来用过,sadness
那张去往拉萨的火车票根被塑封得很好。后来现在它只是一个提醒我有多愚蠢的金属圈,sadness
那张去往拉萨的火车票根被塑封得很好。然而只是落满了灰，再也没人拿出来用过,sadness
那张去往拉萨的火车票根被塑封得很好。然而现在它只是一个提醒我有多愚蠢的金属圈,sadness
那张去往拉萨的火车票根被塑封得很好，如今屏幕坏了，那些笑容再也点不亮了,sadness
那张合影我烧了,sadness
那张断了腿的破木床静静地靠在旧房子的墙角，再也找不回当年咱们躲在被窝里说情话的日子了,sadness
那张旧门票还没丢，可惜陪我看球的人不在了,sadness
那张电影票根我到现在还没舍得丢，可惜陪我看电影的那个人已经不在了,sadness
那张电影票根还没丢，可惜人已经不在了,sadness
那张电影票根还没丢，可惜陪我看电影的人已经不在了,sadness
那时信誓旦旦说要一起白头偕老。只是现在钱攒够了，我的身边却换了人,sadness
那时信誓旦旦说要一起白头偕老。可如今那片空地盖成了商场，树也没了踪影,sadness
那时信誓旦旦说要一起白头偕老。可现在深夜下班，我只能看着末班公交发呆,sadness
那时信誓旦旦说要一起白头偕老。后来原来我们和所有人一样，都逃不过俗气的散场,sadness
那时信誓旦旦说要一起白头偕老。后来结果还没到三十岁，我们就成了最熟悉的陌生人,sadness
那时信誓旦旦说要一起白头偕老。然而原来我们和所有人一样，都逃不过俗气的散场,sadness
那时信誓旦旦说要一起白头偕老。直到如今那片空地盖成了商场，树也没了踪影,sadness
那时信誓旦旦说要一起白头偕老。直到结果还没到三十岁，我们就成了最熟悉的陌生人,sadness
那时信誓旦旦说要一起白头偕老，如今那片空地盖成了商场，树也没了踪影,sadness
那时信誓旦旦说要一起白头偕老，现在钱攒够了，我的身边却换了人,sadness
那是他留下的最后一件外套，我洗了八遍还是能闻到那股讨厌的烟草味，心酸得想把洗衣机砸了,sadness
那是我们最后一次拥抱。我听到了她心跳停止前的那声轻叹，像是一片枯叶掉进了深渊,sadness
那本一直没舍得读完的小说终于看完了结局却让我难过了好几天,sadness
那本书他们曾经讨论过很多次，现在她一个人翻到最后一页，合上了,sadness
那条未读消息一直挂在那，我知道迟早要看，但一直没点开,anxiety
那条老街终于迎来了拆迁改造成了繁华的商圈却再也找不回童年,sadness
那条路她走了很多年，但走得越熟，越像在告别,sadness
那架断了弦的古筝静静地立在旧屋的角落里，再也弹不出当年那段惊艳时光的曲子了,sadness
那架断了弦的钢琴再也弹不出当年的曲调,sadness
那架断了弦的钢琴再也弹不出当年的曲调，就像我们再也回不去的从前,sadness
那架断了弦的钢琴静静地躺在角落里，再也弹不出当年的青春乐章了,sadness
那架断了弦的钢琴，再也弹不出当年的曲调,sadness
那架断了弦的钢琴，再也弹不出当年的曲调，就像我们再也回不去的从前,sadness
那架断了弦的钢琴，再也弹不出当年的青春岁月了,sadness
那次惊鸿一瞥，足以让我回味一生,love
那次惊鸿一瞥，足以让我在这平淡生活里回味一生,love
那次漫不经心的惊鸿一瞥，足以让我在这漫长且平淡的生活里回味一辈子,love
那段时光确实很好，但是好的东西不一定会留下来,sadness
那盆枯萎很久的绿植竟然开花了只是那个照顾它的人不在了,sadness
那种一回头就能看见你的安心感，是谁也替代不了的,love
那种一眼万年的心动，竟然发生在书店的转角，生活真是一出戏。,joy
那种一眼就能望到头的安稳生活，其实是这世上最温柔的陷阱，我选择跳出来，哪怕外面全是泥潭,contentment
那种一眼望到头的编制生活，其实是裹着糖衣的慢性毒药，我选辞职，哪怕外面全是狂风暴雨,contentment
那种万众瞩目的时刻，让我觉得之前所有的汗水都没有白流,joy
那种不期而遇的惊喜，总能治愈整天的疲惫...,joy
那种不期而遇的惊喜，总能治愈整天的疲惫。,joy
那种不期而遇的惊喜，总能治愈整天的疲惫！,joy
那种不期而遇的惊喜，总能治愈整天的疲惫？,joy
那种不用看价格随心所欲买东西的感觉，真的太让我满足了。,joy
那种不用看价格随心所欲买买买的感觉，真的太让我膨胀了（褒义）。,joy
那种不耐烦真的让人火大,anger
那种不讲理真的很气人,anger
那种不需要社交、只属于自己的专注时间，让我觉得很富有。,contentment
那种不需要社交、只属于自己的独处时光，真的非常贵重且治愈。,contentment
那种不需要社交、只属于自己的独处时间，真的很贵重。,contentment
那种不需要迎合他人、只属于自己的专注时间，让我觉得很富有。,contentment
那种久别重逢的拥抱，仿佛把这些年缺失的时光都补回来了,joy
那种久违的家人团聚的烟火气，才是治愈我内心伤痕的最好良药,joy
那种从心底蔓延出来的无力感，让我觉得整个世界都失去了色彩。,sadness
那种从骨子里透出来的疲惫和消极，让我对这个世界再也提不起半点兴趣。,sadness
那种全心全意投入一件事后的收获，让我觉得自己活得非常有价值。,joy
那种全心全意投入一件事并最终成功的喜悦，真的太让人着迷了,joy
那种全神贯注做完一件事后的轻松感，太爽了...,joy
那种全神贯注做完一件事后的轻松感，太爽了。,joy
那种全神贯注做完一件事后的轻松感，太爽了！,joy
那种全神贯注做完一件事后的轻松感，太爽了？,joy
那种全神贯注做完一件事后的轻松感，太爽了～,joy
那种全神贯注做完一件事后的轻松感，简直是灵魂的洗礼。,joy
那种冷淡真的让人不爽,anger
那种刻进骨子里的依恋，让我的每一个呼吸都带上了你的气息。,love
那种努力之后得到认可的感觉，真的比吃糖还甜,joy
那种努力之后终于得到公正评价的慰藉，让我觉得这个世界还是温暖的,joy
那种努力了半年终于看到成果的狂喜，瞬间治愈了我所有的疲惫。,joy
那种努力了很久却依然一无所获的疲惫感，让我只想在黑暗里无止境地沉沦下去。,sadness
那种努力了很久却得不到任何回馈的空虚感，在深夜袭来，真的好丧,sadness
那种努力了很久很久终于得到全世界认可的回报感，真的比吃任何山珍海味都要过瘾,joy
那种努力了很久很久终于得到认可的回报感，真的比吃任何大餐都要过瘾,joy
那种努力了很久终于得到回报的快感太爽了,joy
那种努力了很久终于得到回报的快感，比吃任何美食都要过瘾,joy
那种努力了很久终于得到回报的快感，比吃大餐还要过瘾,joy
那种努力了很久终于得到回报的快感，爽,joy
那种劫后余生、死里逃生的庆幸感，我这辈子估计都会刻骨铭心地记在心里，再也不会忘记那一刻,joy
那种劫后余生后再次看到家人的脸庞的感觉，让我觉得活着就是最大的幸运,joy
那种劫后余生的庆幸感，让我觉得之前所有的倒霉全是为今天的人品攒积分,joy
那种劫后余生的庆幸感，让我觉得之前的倒霉全是为今天的人品攒积分,joy
那种劫后余生的庆幸感，记一辈子,joy
那种劫后余生的庆幸，让我对活着的每一秒都充满了感激,joy
那种压抑已久的情绪终于得到了释放，感觉整个人都重获新生了,joy
那种双向奔赴、彼此成就的感情，才是爱最动人、最真实的模样。,love
那种双向奔赴、彼此成就的感情，才是爱最动人的模样。,love
那种只要一想到你就会不自觉嘴角上扬的心情，就是热恋吧。,joy
那种只要一想到你，心里就会涌起一阵阵暖流、且不自觉微笑的感觉，真好。,love
那种只要你一个眼神，我就能懂得你所有心思的默契，真难得。,love
那种只要你发来一条简单的关心，我就能瞬间满血复活的魔力，真的好神奇。,love
那种只要你在身边，我就觉得自己无所不能、且充满了勇气的信念，真强大。,love
那种只要你的一条消息，就能让我兴奋一整天的魔力，真神奇。,love
那种只要听到你的声音，就觉得整个世界都安静下来了的魔力，真让我着迷。,love
那种只要吻到你的唇，就觉得所有苦难都烟消云散了的奇妙感，真的太甜了。,love
那种只要吻到你的唇，就觉得自己飞上了云端的感觉，真奇妙。,love
那种只要吻到你的额头，就觉得拥有了全世界、且内心无比宁静的感觉，真好。,love
那种只要和你待在一起，哪怕什么都不做也觉得很有趣的感觉，真好。,love
那种只要和你待在一起，哪怕只是坐着发呆也会觉得很有趣的感觉，真难得。,love
那种只要想到余生都有你在，就觉得生活充满了奔头和意义的感觉，真踏实。,love
那种只要想到你，心里就会涌起一阵阵暖流的感觉，真温暖。,love
那种只要有你在身边，就觉得无所畏惧的勇气，真强大。,love
那种只要有你在身边，无论去哪里我都不会迷失方向的安心感，真的无可取代。,love
那种只要牵着你的手走在大街上，就觉得全世界都在羡慕我的自豪感，真好。,love
那种只要牵着你的手，就觉得自己拥有了全世界的豪气，真满足。,love
那种只要看到你就忍不住想微笑的感觉，应该就是真正的喜欢吧。,love
那种只要看着你吃得开心，我也会觉得很满足的感觉，真幸福。,love
那种呼之欲出的崩溃感，被我死死地压在心底，难受得想尖叫,anxiety
那种呼唤却得不到任何回音的绝望，让我觉得自己像是一座漂浮在深海的孤岛。,sadness
那种和好朋友不约而同穿了闺蜜装的默契，真的让人想尖叫。,joy
那种和爱人并肩看落日的感觉，即使不说话也觉得无比浪漫。,joy
那种哪怕只是一个简单的吻，也能让我回味好几天的甜蜜，真甜。,love
那种哪怕只是听着你的呼吸声，也会觉得无比安心的感觉，真好。,love
那种哪怕只是看着你熟睡的侧脸，也会觉得无比满足和幸福的感觉，真甜蜜。,love
那种在万众瞩目下获得认可的自豪感，是我生命中最闪光的瞬间。,joy
那种在人潮中觉得自己是个异类、怕被人看穿自己很失败的焦虑，太难受了。,anxiety
那种在人潮拥挤的街头突然迷失方向的感觉，孤独得让人发抖。,sadness
那种在人群中突然想消失的念头，像一根刺，时不时就出来扎我一下。,sadness
那种在人群中突然感到一阵莫名的失落和疏离，仿佛世界与我无关的孤独感,sadness
那种在人背后使绊子的阴暗小人，我这辈子都瞧不起你。,anger
那种在人际交往中总怕说错话得罪人的小心翼翼，真的好累啊。,anxiety
那种在公共场合不牵狗绳的人，要是咬到人你赔得起吗？没素质。,anger
那种在关键时刻反败为胜的快感，简直比喝了冰镇可乐还要爽快,joy
那种在凌晨三点睁着眼，脑子里全是明天KPI没完成的恐惧感，谁能救我。,anxiety
那种在各种选项中犹豫不决、怕选错了会后悔一辈子的焦虑，谁懂啊。,anxiety
那种在和平年代出生却在战火中学会拆弹的错位感，像是一把锈蚀的锯子，每天都在切割我尚存的一点人性,sadness
那种在图书馆里大声吃零食，塑料袋声音响个不停，烦死人了。,anger
那种在异乡生病却连个倒热水的人都没有的凄凉，大概就是每一个北漂必须要缴纳的灵魂税金吧,sadness
那种在异国他乡吃到正宗家乡味道的感动，真的能让人瞬间回血。,joy
那种在旧包里翻出两百块现金的意外惊喜，简直能治愈我整周的不快乐。,joy
那种在最困难的时候得到陌生人帮助的感动真深,joy
那种在最热闹的聚会上却突然觉得这一切都毫无意义的空虚感，大概就是所谓的社交癌,sadness
那种在最繁华的十字路口却突然忘了自己要往哪儿走的瞬间，那种自我的彻底走失，比死亡更可怕,sadness
那种在最绝望的时刻突然看到希望曙光的感觉，真的能让人瞬间充满力量,joy
那种在深夜里反复咀嚼痛苦的无助，是我这辈子都不想再经历的噩梦。,sadness
那种在深夜里突然惊醒，发现生活一地鸡毛的焦虑感，排山倒海而来。,anxiety
那种在深夜里突然意识到自己已经三十岁却依然一事无成的虚无感，像极了一场没有尽头的冷雨,sadness
那种在深夜里等待一个永远不会亮起的头像的执着，卑微到了尘埃里。,sadness
那种在漫漫长路后看到家门前那盏灯的温暖，千金不换。,joy
那种在热闹中突然袭来的失落感，最是让人措手不及且无法自拔。,sadness
那种在热闹退场后排山倒海而来的荒凉感，让我甚至没有勇气打开灯。,sadness
那种在电影院看喜剧却突然想大哭一场的冲动，大概就是成年人最后一点没被社会化彻底的自尊吧,sadness
那种在电影院看喜剧却突然想大哭一场的冲动，大概是成年人最后一点没被社会化彻底的自尊,sadness
那种在电影院里大声说话、踢我椅子的人，能不能滚出放映厅？,anger
那种在疲惫一天后泡个热水澡的舒适感，感觉整个人都活过来了。,joy
那种在社交场合总怕自己说错话、表现得不得体的尴尬感，让我极度焦虑。,anxiety
那种在绝境中一点点耗尽期待的滋味，像极了温水煮青蛙，残忍而又缓慢。,sadness
那种在绝境中看到的最后一点光亮熄灭的瞬间，心也跟着彻底冷了。,sadness
那种在考场上发现题目全都在自己预习范围内后的爽感，谁懂啊！,joy
那种在葬礼上却突然想起一个笑话并拼命憋笑的荒诞感，让我觉得人类的悲欢其实根本就不相通,sadness
那种在这个城市扎不下根的焦虑，每天都在蚕食着我的自信心。,anxiety
那种在重要会议前一直想上厕所、怕自己失语的紧张感，太折磨人了。,anxiety
那种大汗淋漓后的畅快淋漓，配合一瓶冰镇可乐，简直是人间至乐！,joy
那种对大自然的敬畏与爱，让我学会了如何温柔地拥抱这个世界。,love
那种对失败的预感如此强烈，以至于我还没开始就已经想退缩了,anxiety
那种对未来完全失去希望的感觉，就像掉进了深不见底的黑洞。,sadness
那种对未来完全失控的感觉，真的让我整个人都要崩溃了。,anxiety
那种对未来完全看不到光的绝望，真的快要把我吞噬了。,sadness
那种对未知的恐惧，总是像迷雾一样笼罩着我,anxiety
那种对未知的迷茫，让我感觉自己像在大海里漂流,anxiety
那种对死亡和疾病的无端恐惧，经常在午夜梦回时将我惊醒,anxiety
那种对生活彻底失去热情的冷漠，比任何激烈的哭泣都更让我感到恐惧。,sadness
那种对知识的极欲与热爱，让我在这条孤独的探索路上甘之如饴。,love
那种屏住呼吸打开查分页面，看到‘录取’二字时的狂喜，我能记一辈子！,joy
那种心如死灰的平静，比歇斯底里的哭喊更让人难受。,sadness
那种心死之后的平静，其实比歇斯底里的哭喊还要让人难受。,sadness
那种心碎的声音，其实只有自己能听见，却震得耳朵生疼。,sadness
那种心碎的感觉告诉我，我不爱你了。,sadness
那种心脏漏跳一拍的感觉，我就知道自己这次是真的彻底栽在你手里了,love
那种心脏被揪住的痛，只有经历过失恋的人才会懂吧。,sadness
那种快到 Deadline 却一个字也写不出来的无力感，真的让人想撞墙。,anxiety
那种快要考试却发现自己还有一大半书没看的恐惧，真的好真实。,anxiety
那种态度真的很气人,anger
那种态度让人火大,anger
那种悬而未决的感觉，让我想立刻逃离这里。,anxiety
那种悬而未决的直觉似乎仿佛窒息的前兆。这种状态真糟糕。,anxiety
那种悬而未决的直觉似乎已经让人心跳不自觉加快。连呼吸都变得沉重。,anxiety
那种悬而未决的直觉似乎让人心跳不自觉加快。真希望这一切快点结束。,anxiety
那种悬而未决的直觉似乎让人心跳不自觉加快。连呼吸都变得沉重。,anxiety
那种悬而未决的直觉必然加剧了内心的不安，感觉要出大事。,anxiety
那种悬而未决的直觉必然透着一股紧迫感，感觉要出大事。,anxiety
那种悬而未决的直觉总会仿佛窒息的前兆。真希望这一切快点结束。,anxiety
那种悬而未决的直觉总会仿佛窒息的前兆。这种煎熬何时是个头。,anxiety
那种悬而未决的直觉总会仿佛窒息的前兆，感觉要出大事。,anxiety
那种悬而未决的直觉总会让人手足无措。连呼吸都变得沉重。,anxiety
那种悬而未决的直觉总会让人手足无措，感觉要出大事。,anxiety
那种悬而未决的直觉总会让思绪变得混乱，感觉要出大事。,anxiety
那种悬而未决的直觉真的仿佛窒息的前兆。真希望这一切快点结束。,anxiety
那种悬而未决的直觉真的仿佛窒息的前兆。连呼吸都变得沉重。,anxiety
那种悬而未决的直觉真的加剧了内心的不安。连呼吸都变得沉重。,anxiety
那种悬而未决的直觉真的让人心跳不自觉加快。连呼吸都变得沉重。,anxiety
那种悬而未决的直觉真的让人手足无措。连呼吸都变得沉重。,anxiety
那种悬而未决的直觉真的让人手足无措，感觉要出大事。,anxiety
那种悬而未决的直觉真的让思绪变得混乱。连呼吸都变得沉重。,anxiety
那种悬而未决的直觉真的透着一股紧迫感。真希望这一切快点结束。,anxiety
那种悬而未决的直觉真的透着一股紧迫感。这种状态真糟糕。,anxiety
那种悬而未决的直觉确实加剧了内心的不安。这种煎熬何时是个头。,anxiety
那种悬而未决的直觉确实加剧了内心的不安。连呼吸都变得沉重。,anxiety
那种悬而未决的直觉确实加剧了内心的不安，感觉要出大事。,anxiety
那种悬而未决的直觉确实让思绪变得混乱。真希望这一切快点结束。,anxiety
那种悬而未决的直觉确实透着一股紧迫感。真希望这一切快点结束。,anxiety
那种悬而未决的直觉确实透着一股紧迫感，感觉要出大事。,anxiety
那种悬而未决的直觉竟然让人心跳不自觉加快。真希望这一切快点结束。,anxiety
那种悬而未决的直觉竟然让人手足无措。真希望这一切快点结束。,anxiety
那种悬而未决的直觉竟然让思绪变得混乱。真希望这一切快点结束。,anxiety
那种悬而未决的直觉让人心跳不自觉加快。连呼吸都变得沉重。,anxiety
那种想和你一起变老，看满头白发的感觉，真的非常浪漫。,love
那种想和你一起度过每一个纪念日的仪式感，是我对你最浪漫的、生活告白。,love
那种想和你一起度过每一个纪念日的仪式感，真的很甜蜜。,love
那种想和你一起慢慢变老、直到满头白发的冲动，在遇见你那一秒就有了。,love
那种想和你一起看日出日落，走遍天涯海角的心愿，一直没变。,love
那种想和你一起走遍天涯海角、看尽世间繁华的心愿，永远都不会改变。,love
那种想和你共度余生、且一分一秒都不想浪费的急切，就是真正的爱意吧。,love
那种想和你共度余生的冲动，在见到你的那一秒，就再也压抑不住了。,love
那种想和你分享我所有秘密的信任，是我对你最深的爱意。,love
那种想和你分享我所有细碎秘密的信任，是我对你最深沉、也最纯粹的爱。,love
那种想和你在一起做任何傻事都觉得快乐的单纯，才是我追求的爱的真谛。,love
那种想和你在这个喧嚣的世界里白头偕老、相守以沫的愿望，是我最真挚的初心。,love
那种想和你在这个喧嚣的世界里，白头偕老的愿望，真诚挚。,love
那种想和你在这个繁忙的世界里拥有一片属于我们小天地的执着，真浪漫。,love
那种想和你拥有一个未来的执着，是我努力奋斗的唯一动力。,love
那种想和你拥有一个未来的执着，是我每天早起努力奋斗、唯一的原动力。,love
那种想和你生个孩子，看他慢慢长大的期待，真的很美好。,love
那种想和你生个孩子，看着他慢慢长大、且有着和你一样眼睛的期待，真美好。,love
那种想把你刻进我的生命里、让你我永远无法分离的深情，是我对你的执念。,love
那种想把你刻进骨子里的深情，是我对你最真挚的告白。,love
那种想把你占为己有的私心，是我这辈子最无法掩饰的秘密。,love
那种想把你藏进我所有梦境里的私心，是我这辈子最温柔、也最坚定的秘密。,love
那种想把全世界最好的东西都捧到你面前的冲动，真的很疯狂。,love
那种想说却不能说出口的委屈，最后都化成了无声的叹息,sadness
那种感觉自己正在变老，却依然一事无成的危机感，越来越强烈。,anxiety
那种感觉自己正在变老，却依然一事无成的危机感，越来越强烈了。,anxiety
那种执着消失了，我不爱你了。,sadness
那种把所有琐事都处理得井井有条后的秩序感，强迫症表示极度舒适。,joy
那种拼命想要挽留却只能看着对方背影渐行渐远的无力感，真的太刺心了。,sadness
那种拼尽全力却依然抓不住任何东西的无力感，真让人绝望。,sadness
那种拼尽全力却依然被现实击碎的无奈，谁懂,sadness
那种拼尽全力后终于反败为胜的成就感太爽了,joy
那种拿到大厂录取通知书的狂喜简直无法言表,joy
那种拿到录取通知书的兴奋感直接冲到了天灵盖,joy
那种拿到心仪大学录取通知书的一刻，我觉得之前的寒窗苦读都值得了,joy
那种挑战极限后带来的快感，让我觉得灵魂都得到了升华,joy
那种敷衍了事的态度真的让我火大，能不能专业一点？,anger
那种敷衍很让人不爽,anger
那种敷衍的态度真的让我火大，不想回消息就直说，别发个表情包。,anger
那种敷衍真的让人火大,anger
那种断崖式的分手带走了那个曾经以为只要有爱就能活的我，感觉整个世界都成了黑白的,sadness
那种断崖式的分手带走了那个曾经阳光自信的我，感觉整个生活节奏一下子全乱套了,sadness
那种断崖式的感情结束，真的会让人彻底崩溃,sadness
那种无力感又涌上来了,sadness
那种无法掌控自己生活的失控感，是我内心最深层的恐惧来源,anxiety
那种无法排解的内心冲突，让我整个人都处于一种高度戒备的状态,anxiety
那种无法融入集体的疏离感，让我在这场热闹中显得格格不入且焦虑,anxiety
那种无能为力的感觉，真的让人很沮丧...,sadness
那种无能为力的感觉，真的让人很沮丧。,sadness
那种无能为力的感觉，真的让人很沮丧！,sadness
那种无能为力的感觉，真的让人很沮丧？,sadness
那种无能为力的感觉，真的让人很沮丧～,sadness
那种无能为力的挫败感，像潮湿的苔藓一样，在我内心的阴影里疯狂生长。,sadness
那种无论何时何地一回头就能看见你在等我的感觉，真好。,love
那种无论发生什么都想第一时间跟你分享的心情，就是爱吧。,love
那种无论怎么努力也无法让所有人满意的挫败感，让我极度焦虑。,anxiety
那种无论怎么努力都够不到的感觉，真的很挫败,sadness
那种无论走过多远的路、经历过多少风霜，一回头就能看见你在灯火阑珊处等我的感觉，真的太好了。,love
那种明明什么都没做却感到精疲力竭的虚无感，快要把我吞噬了,anxiety
那种明明在笑，眼底却像是一潭死水般的空洞，是我对自己最大的嘲讽。,sadness
那种明明已经尽力了却还是得不到结果的无力感，真的让人很沮丧,sadness
那种明明已经看清了真相、却还是要为了某些原因而继续装糊涂的卑微，真苦,sadness
那种明明很委屈却要假装懂事的感觉，真的好累。,sadness
那种明明很委屈却还要为了顾全大局而强颜欢笑的无奈，谁能真的理解呢,sadness
那种明明很孤独却又害怕别人靠近的矛盾，让我活成了一个怪胎。,sadness
那种明明很心痛却还要假装大方祝福你的卑微，真让我看不起自己。,sadness
那种明明很想念却不敢打扰的卑微，谁能理解这种心酸啊。,sadness
那种明明很难受却还要在别人面前微笑的虚伪，让我觉得无比恶心。,sadness
那种明明很难过却找不到任何借口流泪的压抑，让我感觉胸口快要炸裂了。,sadness
那种明明很难过却还要强颜欢笑的委屈，只有在深夜的被窝里才能释放,sadness
那种明明心碎了却还要在社交投影上维持满格心情指数的荒诞，是我对这个世界最后的卑微妥协,sadness
那种明明心里有一万个舍不得、却还是要忍痛说再见的决绝，真的太扎心了,sadness
那种明明想努力却找不到方向的茫然，比辛苦工作还要让人焦虑。,anxiety
那种明明知道该做什么却迟迟不敢行动的拖延，让我无比自责。,anxiety
那种明明知道该做什么却迟迟不敢行动的拖延，让我每天都在自责。,anxiety
那种明明身处闹市却觉得自己像个透明人的错觉，才是现代人最深入骨髓的孤独，连影子都显得多余,sadness
那种暗恋对象突然发消息问我‘在干嘛’的悸动，心跳快到不行。,joy
那种毫无理由的焦躁，让我看什么都不顺眼，只想大发脾气,anxiety
那种深不见底的失落感，让我觉得自己像是在一个没有出口的迷宫里,sadness
那种深夜醒来发现家里只有我一个人的空虚和恐惧，真的好难熬。,anxiety
那种深夜醒来发现家里只有我一个人的空虚和恐惧，真的好难熬啊。,anxiety
那种深夜里独自面对天黑、连个可以说话的人都没有的寂静，孤独得让人窒息,sadness
那种深宵惊醒发现枕头湿了一大片的无奈，只有自己最清楚,sadness
那种深宵里一个人面对天黑的寂静，孤独感就像潮水一样将我淹没,sadness
那种深沉的孤独感，像潮水一样在深夜把我淹没，连呼吸都觉得是一件费劲的事,sadness
那种深沉的孤独感，像潮水一样在深夜把我淹没，连呼救的力气都没有,sadness
那种深沉的孤独感，像潮水一样把我淹没,sadness
那种深沉的孤独感，像潮水一样把我淹没了,sadness
那种深沉的孤独感，像潮水一样把我淹没了，连呼吸都觉得困难,sadness
那种深沉的孤独感，在深夜把我淹没,sadness
那种深深的无力感，让我甚至失去了哭泣的力气,sadness
那种深深的被遗弃感，让我觉得自己在这个世界上就像一颗无主的尘埃,sadness
那种满怀期待最后却落空的感觉，真的能让人记很久,sadness
那种满怀热诚地去付出去追求、最后却被现实无情打脸的挫败感，太疼了,sadness
那种看着倒计时一点点流逝，自己却还没找到思路的无助感，真的快崩溃了。,anxiety
那种看着心爱的玩具被弄坏却无能为力的感觉，真的好心碎,sadness
那种看着曾经熟悉的家乡变得陌生而冰冷的感觉，真的让人很惆怅,sadness
那种看着最珍惜的东西被别人随手扔进垃圾桶的愤怒，让我第一次有了想要杀人的冲动,anger
那种看着自己亲手建立的信仰被生活随手扔进排污渠的愤怒，让我第一次有了杀人的冲动,anger
那种看着自己亲手建立的信仰被生活随手捏碎的瞬间。我听到了自己灵魂深处塌陷的声音,sadness
那种看着自己亲手建立的信仰被生活随手捏碎的瞬间，我听到了灵魂坍塌的声音,sadness
那种看着自己亲手建立的信仰被生活随手捏碎的瞬间，我听到了自己灵魂深处塌陷的声音,sadness
那种看着自己亲手盖起来的小房子被推土机夷为平地的绝望，大概就是这辈子我经历过的最冷的冬天,sadness
那种看着自己喜欢的人一点点变陌生的无力感，比直接死掉还要让人难受，就像在看一场慢动作的葬礼,sadness
那种看着自己最珍惜的东西被别人随手扔进垃圾桶的愤怒，让我第一次有了想要杀人的冲动,anger
那种看着自己最珍惜的信仰被现实随手扔进排污渠的愤怒，让我第一次有了想要杀人的冲动,anger
那种看着自己最珍惜的朋友变成自己最讨厌的那种市侩小人的悲哀，比失恋还要痛,sadness
那种眼睁睁看着一段关系从无话不谈走向相顾无言的无力感，真的好伤人,sadness
那种眼睁睁看着心爱的物品在眼前损毁却救不了的感觉，真的能让人难过很久,sadness
那种眼睁睁看着珍视的东西一点点流逝却无能为力的感觉，真的太扎心了,sadness
那种眼睁睁看着自己最珍惜的那份纯真在成人世界里一点点消磨殆尽的悲哀,sadness
那种窒息的痛苦。,sadness
那种窒息般的难受。,sadness
那种终于买到人生中第一辆属于自己的车的感觉，自由得像是飞了起来,joy
那种终于买到心仪已久物件的快乐，真的能让我兴奋好几天,joy
那种终于在异乡立足并接父母来团聚的成就感，是我最大的骄傲,joy
那种终于在异乡靠自己的双手买下第一套房子的踏实感，让我瞬间泪目,joy
那种终于在异国他乡听到亲切的乡音、吃到正宗家乡菜的感动，简直无法形容,joy
那种终于在茫茫书海中找到一本能读进灵魂里的书的感觉，真的太美妙了,joy
那种终于在这个城市买到属于自己的小房子的喜悦，真的让我热泪盈眶,joy
那种终于在这个陌生的城市交到一群志同道合的好友的感觉，让我觉得不再孤独,joy
那种终于完成了人生中第一次马拉松、冲过终点线的感觉，我觉得自己就是英雄,joy
那种终于得到偶像回复的兴奋感，让我觉得自己是这个世界上最幸运的人,joy
那种终于拿到含金量极高的证书的那一刻，我觉得之前的挑灯夜战全都有了意义,joy
那种终于拿到心心念念录用信的喜悦，让我觉得所有的熬夜都值了,joy
那种终于攒够钱带全家人去环游世界的喜悦，是我这辈子最难忘的时刻,joy
那种终于攒够钱带父母去了一趟他们想念已久的远方的成就感，真的无以言表,joy
那种终于攻克了困扰自己好几年的心理障碍的轻松感，让我觉得自己获得了新生,joy
那种终于突破技术瓶颈、解决世界性难题的喜悦，让我觉得人生圆满了,joy
那种终于突破自我上限、完成了一项几乎不可能完成的任务的喜悦，太燃了,joy
那种自以为是的‘为我好’，其实都是在满足你自己的控制欲，离我远点！,anger
那种莫名其妙的优越感到底是从哪儿来的？看得我直犯恶心。,anger
那种被世界彻底遗忘的错觉，往往产生在周日的黄昏，看着天一点点黑下去，心也跟着沉底,sadness
那种被世界彻底遗忘的错觉，往往产生在周日的黄昏，看着窗外一点点黑下去，心也跟着沉了底,sadness
那种被世界恶意包围却无力反抗的软弱，是我对自己最大的失望。,sadness
那种被世界静音的孤独感，就像是在真空里呐喊，听不到一点点回响。,sadness
那种被亲戚当成反面教材在饭桌上反复鞭尸的羞辱感，让我第一次有了想彻底消失的冲动,sadness
那种被亲生父母当成提款机的日子我过够了，今天拉黑了家里所有号码，灵魂在那一刻彻底变轻,anger
那种被亲生骨肉当成绊脚石推开的绝望，大概就是这世间最锋利的一把冷剪刀，剪断了所有念想,sadness
那种被人当众揭穿短处的尴尬和愤怒，真的让我一秒钟都待不下去,anger
那种被众人注视的灼热感，让我的每一个动作都变得僵硬且滑稽,anxiety
那种被你全身心信任和依赖的感觉，让我感到一种前所未有的责任与甜蜜。,love
那种被你时刻放在心尖上宠溺的感觉，是我余生最大的幸福。,love
那种被你时刻放在心尖上宠溺的感觉，是我活下去的最大动力。,love
那种被你时刻放在心尖上宠溺的感觉，让我觉得自己是世界上最幸福的人。,love
那种被全世界抛弃的孤独感，在每个失眠的凌晨都会准时报到，让人不知所措,sadness
那种被全世界抛弃的孤独感，在每个没人接机的机场出口，被无限放大，好酸,sadness
那种被全世界抛弃的孤独感，在深夜里被无限放大了,sadness
那种被全世界抛弃的孤独感，在生病无人递水的深夜，被无限放大，好心酸啊,sadness
那种被全世界抛弃的孤独感，在生病无人递水的深夜，被无限放大，好酸啊,sadness
那种被全世界抛弃的孤独感，在生病无人递水的瞬时达到了顶点,sadness
那种被全世界抛弃的孤独感，在生病无人递水的瞬间，被放大到了极致,sadness
那种被全世界抛弃的孤独感，在生病无人递水的瞬间，被无限放大，好心酸,sadness
那种被全世界抛弃的孤独感，在生病无人问津的深夜被放大,sadness
那种被全世界抛弃的孤独感，在生病无人问津的深夜，被放大到了极致,sadness
那种被全世界抛弃的孤独感，在生病无人问津的深夜，被放大到了极致，好丧,sadness
那种被全世界抛弃的孤独感，在生病高烧却连个递药的人都没有时最心酸,sadness
那种被全世界抛弃的孤独感，在生病高烧却连个递药的人都没有时达到了顶峰,sadness
那种被全世界抛弃的孤独感，在生病高烧却连个递药的人都没有时达到了顶峰，心酸到了极点,sadness
那种被全世界抛弃的孤独感，在生病高烧却连个递药的人都没有时，达到了顶峰,sadness
那种被全世界抛弃的孤独感，在除夕夜一个人吃泡面时，达到了顶峰,sadness
那种被全世界抛弃的孤独感，在除夕夜一个人吃泡面的时候，达到了顶峰,sadness
那种被全世界抛弃的孤独感，在除夕夜一个人吃泡面的时候，达到了顶峰，真丧,sadness
那种被全世界抛弃的感觉，真的很压抑,sadness
那种被全世界抛弃的感觉，真的很压抑，想找个地方躲起来,sadness
那种被全世界遗忘的孤独感，像潮水一样将我淹没。,sadness
那种被全村人当成“出人头地”的样板却在城里睡地下室的虚荣感，让我每天都想自残,sadness
那种被原生家庭当成提款机的日子我过够了，今天我拉黑了家里所有的号码，那一刻我感觉灵魂都轻了,anger
那种被原生家庭禁锢得喘不过气的感觉，就像是穿着一套小了三码的铠甲，走得每一步都在滴血,sadness
那种被同事在会议上联手排挤的窒息感，让我第一次发现，这间看起来高大上的写字楼其实是座屠宰场,anger
那种被命运反复碾压后的麻木，让我觉得自己像是一具只剩下呼吸的空壳。,sadness
那种被命运捉弄后的疲态，让我连假装坚强的力气都消失殆尽了。,sadness
那种被困在原地无法逃离的窒息感，让我整个人都在微微发抖,anxiety
那种被好运突然撞个满怀的快乐，让我觉得整个世界都在向我微笑。,joy
那种被岁月冲刷掉的、曾经以为至死不渝的感情，如今在酒桌上提起来，竟然成了一段助兴的荤段子,sadness
那种被幸运之神突然点名的感觉，让我觉得这一整年都会顺顺利利的,joy
那种被幸运女神眷顾的感觉，让我觉得整个世界都在对我微笑,joy
那种被当成猴耍的感觉，我这辈子都不想再体验第二次了，绝交！,anger
那种被所有人抛弃的错觉，经常在深夜里把我惊醒。,sadness
那种被时间追赶着走、一刻也不敢停歇的疲惫，让我极度焦虑。,anxiety
那种被最亲的人背叛的感觉，比被陌生人捅一刀还要疼一万倍。,anger
那种被最信任的人推入深渊的背叛感，是我内心永远无法释怀的结。,sadness
那种被最信任的合伙人在破产前夕转移了所有资产的背叛，像是一把钝刀，慢动作割开我的喉咙,anger
那种被最信任的导师在实验最关键时刻当成消耗品抛弃的愤怒，像火一样烧干了我所有的敬意,anger
那种被最信任的战友在掩护撤退时从背后推入陷阱的绝望，像是一把带有剧毒的钩子，钩出了我所有的善良,anger
那种被最信任的朋友在葬礼上偷走陪葬品的背叛感，像是一把冰冷的凿子，敲碎了我的底线,anger
那种被最好的朋友在关键时刻推出去当替死鬼的背叛感，像是一把生锈的锁，死死扣在心口,anger
那种被最好的朋友在背后指指点点的感觉，像极了在冰天雪地里被人泼了一盆冷水，透心凉,sadness
那种被最好的朋友在背后捅刀子的感觉，就像是吞下了一枚生锈的刀片，吐不出来，又疼得钻心,sadness
那种被最好的朋友在背后散布我身体残疾的恶意中伤，像是一把生锈的锉刀，反复拉扯我的自尊,anger
那种被最好的朋友背叛的痛楚，真的会让人在很长一段时间内关上心门,sadness
那种被期待落空后留下的空洞，是什么也填不满的。,sadness
那种被深爱的人推开的感觉，真的比万箭穿心还要难受,sadness
那种被琐事缠身的窒息感，让我恨不得立刻人间蒸发掉,anxiety
那种被生活磨平了棱角的沉默，才是最深沉的悲哀。,sadness
那种被群体排挤在外的感觉，真的不好受，好像整个世界都把我给屏蔽了,sadness
那种被群体排挤在外的感觉，真的不好受，好像整个世界都把我给彻底屏蔽了,sadness
那种被至亲之人推开的疏离感，是我内心永远无法愈合的一道深壑。,sadness
那种被误解却无法解释的感觉，真的很委屈，只能一个人躲在厕所里偷偷哭,sadness
那种被遗忘在角落的感觉，真的不好受，好像全世界都把我给忘了,sadness
那种被遗忘在角落的感觉，真的不好受，好像整个世界都把我给忘了,sadness
那种被遗忘在角落的感觉，真的很不好受,sadness
那种被遗忘在角落的感觉，真的很不好受，好像全世界都把我忘了,sadness
那种被遗忘在角落的感觉，真的很不好受，好像我根本不存在一样,sadness
那种解决了一个世纪大难题后的快感，真的爽到无法呼吸！,joy
那种解决了一个世纪大难题后的快感，真的爽到无法呼吸！成就感爆棚。！,joy
那种语气听着就让人不爽,anger
那种语气很让人火,anger
那种语气真的让人火大,anger
那种语气让人烦,anger
那种超越了言语的理解，是我们之间最珍贵的宝藏,love
那种辛苦了半年终于拿到全额工资的回报感，真的比吃任何山珍海味都要过瘾得多,joy
那种还没开始努力就先被各种困难吓退的懦弱，让我对自己极度失望。,anxiety
那种还没谈拢就拍桌子走人的态度，真是一点修养都没有。,anger
那种通过努力换来的奖金，花起来感觉特别有底气,joy
那种通过努力获得认可的感觉，真的比吃任何山珍海味都要甜,joy
那种通过层层努力终于接父母来城市安享晚年的慰藉，是我奋斗的最大动力,joy
那种通过层层选拔最终拿到心仪公司录用通知的成就感，让我觉得未来可期,joy
那种通过层层选拔最终脱颖而出的成就感，真的会让人热血沸腾,joy
那种通过自己努力买到心爱之物的感觉，比白拿别人的要爽得多。,joy
那种通过自己努力换来的回报，比任何彩票中奖都要让人满足。,joy
那种通过自己汗水换来的工资拿在手里最踏实,joy
那种通过自己的努力改变了家族命运的自豪感，让我觉得这一生都没白活,joy
那种通过自己的汗水换来的成果，吃起来都比平时更香甜，这种充实感真好,joy
那种高高在上的语气真的让人很不爽，你有几个臭钱就了不起吗？,anger
那种默契的相视一笑似乎已经抵过万语千言。只要有你就足够。,love
那种默契的相视一笑似乎已经温暖了整个季节。大概这就是余生。,love
那种默契的相视一笑似乎已经温暖了整个季节。愿岁岁年年如初。,love
那种默契的相视一笑似乎已经让彼此更加坚定。大概这就是余生。,love
那种默契的相视一笑似乎已经让彼此更加坚定。愿岁岁年年如初。,love
那种默契的相视一笑似乎已经这种关怀细致入微。心里全是你。,love
那种默契的相视一笑似乎已经这种关怀细致入微。愿岁岁年年如初。,love
那种默契的相视一笑似乎抵过万语千言。只要有你就足够。,love
那种默契的相视一笑似乎抵过万语千言。心里全是你。,love
那种默契的相视一笑似乎是无声的深情表白。只要有你就足够。,love
那种默契的相视一笑似乎温暖了整个季节。只要有你就足够。,love
那种默契的相视一笑似乎温暖了整个季节，守护这份珍贵。,love
那种默契的相视一笑似乎让彼此更加坚定。只要有你就足够。,love
那种默契的相视一笑似乎让彼此更加坚定。大概这就是余生。,love
那种默契的相视一笑似乎让彼此更加坚定。愿岁岁年年如初。,love
那种默契的相视一笑似乎这就是爱的模样，守护这份珍贵。,love
那种默契的相视一笑似乎这种关怀细致入微。心里全是你。,love
那种默契的相视一笑似乎这种关怀细致入微。愿岁岁年年如初。,love
那种默契的相视一笑必然抵过万语千言。心里全是你。,love
那种默契的相视一笑必然抵过万语千言。愿岁岁年年如初。,love
那种默契的相视一笑必然是无声的深情表白。只要有你就足够。,love
那种默契的相视一笑必然是无声的深情表白。大概这就是余生。,love
那种默契的相视一笑必然是无声的深情表白。心里全是你。,love
那种默契的相视一笑必然是无声的深情表白。愿岁岁年年如初。,love
那种默契的相视一笑必然让彼此更加坚定。只要有你就足够。,love
那种默契的相视一笑必然这就是爱的模样。只要有你就足够。,love
那种默契的相视一笑必然这就是爱的模样。心里全是你。,love
那种默契的相视一笑必然这种关怀细致入微。愿岁岁年年如初。,love
那种默契的相视一笑总会抵过万语千言。只要有你就足够。,love
那种默契的相视一笑总会是无声的深情表白。只要有你就足够。,love
那种默契的相视一笑总会让彼此更加坚定。心里全是你。,love
那种默契的相视一笑抵过万语千言。大概这就是余生。,love
那种默契的相视一笑抵过万语千言。心里全是你。,love
那种默契的相视一笑抵过万语千言，守护这份珍贵。,love
那种默契的相视一笑是无声的深情表白。愿岁岁年年如初。,love
那种默契的相视一笑温暖了整个季节。只要有你就足够。,love
那种默契的相视一笑真的抵过万语千言。愿岁岁年年如初。,love
那种默契的相视一笑真的抵过万语千言，守护这份珍贵。,love
那种默契的相视一笑真的是无声的深情表白。只要有你就足够。,love
那种默契的相视一笑真的是无声的深情表白。愿岁岁年年如初。,love
那种默契的相视一笑真的是无声的深情表白，守护这份珍贵。,love
那种默契的相视一笑真的温暖了整个季节。大概这就是余生。,love
那种默契的相视一笑真的温暖了整个季节。心里全是你。,love
那种默契的相视一笑真的让彼此更加坚定。只要有你就足够。,love
那种默契的相视一笑真的让彼此更加坚定。大概这就是余生。,love
那种默契的相视一笑真的让彼此更加坚定。愿岁岁年年如初。,love
那种默契的相视一笑真的这就是爱的模样。心里全是你。,love
那种默契的相视一笑真的这就是爱的模样，守护这份珍贵。,love
那种默契的相视一笑确实抵过万语千言。只要有你就足够。,love
那种默契的相视一笑确实抵过万语千言。心里全是你。,love
那种默契的相视一笑确实抵过万语千言，守护这份珍贵。,love
那种默契的相视一笑确实是无声的深情表白。大概这就是余生。,love
那种默契的相视一笑确实是无声的深情表白，守护这份珍贵。,love
那种默契的相视一笑确实温暖了整个季节。大概这就是余生。,love
那种默契的相视一笑确实温暖了整个季节。心里全是你。,love
那种默契的相视一笑确实温暖了整个季节，守护这份珍贵。,love
那种默契的相视一笑确实让彼此更加坚定，守护这份珍贵。,love
那种默契的相视一笑确实这就是爱的模样，守护这份珍贵。,love
那种默契的相视一笑竟然抵过万语千言。心里全是你。,love
那种默契的相视一笑竟然是无声的深情表白，守护这份珍贵。,love
那种默契的相视一笑竟然温暖了整个季节，守护这份珍贵。,love
那种默契的相视一笑竟然让彼此更加坚定。大概这就是余生。,love
那种默契的相视一笑竟然这就是爱的模样。心里全是你。,love
那种默契的相视一笑让彼此更加坚定。愿岁岁年年如初。,love
那道伤口，不知道什么时候才会好...,sadness
那道伤口，不知道什么时候才会好。,sadness
那顿饭吃得很热闹，散场之后各自走向不同方向的出口,sadness
那首歌他们都喜欢，现在她戴着耳机听，听到一半摘下来了,sadness
那首歌在超市里响起来的时候，她在货架前站了一会儿才继续走,sadness
那首熟悉的旋律再次在商场响起我停下脚步却发现身边换了人,sadness
邮件发出去的一瞬间我突然意识到附件里的数据全都是错的,anxiety
郁郁寡欢,sadness
郁郁寡欢。,sadness
郁郁难欢。,sadness
都已经明确拒绝了，还一直死缠烂打，烦透了。,anger
都已经明确拒绝了，还一直死缠烂打，烦透了！,anger
都行吧,sadness
都说了不要碰我的东西，怎么就记不住呢,anger
都说了不要碰我的东西，怎么就记不住呢，非要我发火才行吗,anger
都说了不要碰我的东西，怎么就记不住呢？,anger
都说了不要碰我的东西，非要我发火才行吗,anger
金榜题名。拿到那份极其冷门的考古研究所录取通知书，我对着满墙的古画磕了三个响头，老子成了,joy
钟表的声音在深夜里被放大，我数着秒针害怕天亮的到来,anxiety
钢笔没有墨,neutral
钥匙锁家里了，进不去了,anger
钱不够用愁死了,anxiety
钱不够花烦死了,anxiety
钱包被偷了，证件全没了，怎么办,anxiety
钱花完了愁死了,anxiety
钱还没攒够烦死了,anxiety
银行卡里的余额越来越少，下个月的房租还没着落，生活压力太大了。,anxiety
锁在日记本里的心事翻开依然泪流满面,sadness
错过了。,sadness
错过的时光成了心底刺,sadness
错过的时光终究成了心底里一根死刺，偶尔在阴雨天想起，依然疼得我满地打滚,sadness
错过的时光终究成了心底里一根死刺，偶尔在雨夜想起，依然疼得我满地打滚,sadness
错过的时光终究成了死刺，深夜想起依然心疼得像是被刀割一样,sadness
锦上添花。刚涨了工资又中了小奖，我决定去吃一顿这辈子最贵的西餐，犒劳下这个苦撑了太久的自己,joy
锦上添花。刚还清债务就接到了梦寐以求的Offer，一个人在街头跳舞,joy
锦上添花。在那台报废的电脑里找回了父亲唯一的影像资料，那种跨越生死的重逢，太美了,joy
键盘侠滚粗,anger
键盘侠真多，只会躲在屏幕后面...,anger
键盘侠真多，只会躲在屏幕后面。,anger
键盘侠真多，只会躲在屏幕后面！,anger
键盘侠真多，只会躲在屏幕后面～,anger
键盘侠真的够了，不用负责任就可以随便网暴别人吗？,anger
键盘侠能不能消停点，别在别人的伤口上撒盐,anger
键盘侠能不能消停点，别在别人的伤口上撒盐，真的会有报应的,anger
键盘侠能不能消停点，别在别人的伤口上撒盐，真的会有报应的，真恶心,anger
键盘侠能不能消停点，隔着屏幕敲字不用负责任是吧,anger
键盘侠能不能消停点，隔着屏幕敲字不用负责任是吧，看着就烦,anger
键盘侠能不能消停点？在网上敲敲键盘就能随意否定别人的努力吗？真恶心,anger
键盘侠能不能滚出克，别在这恶心人,anger
键盘侠能不能滚远点，别在别人的生活里指点江山,anger
键盘侠能不能滚远点，别在别人的生活里指点江山，你以为你是谁,anger
键盘侠能不能滚远点，别在别人的生活里指点江山，你算老几,anger
键盘侠能不能滚远点，别在别人的生活里指点江山，真恶心,anger
键盘是静音的,neutral
镜子里的人对我眨了下眼，但我没动。那不是反射，那是寄生，我甚至听到了它在喉咙里的笑声,anxiety
长亭外古道边的琴声依旧，只是那个听琴的人，早已在人海中走丢,sadness
长亭外古道边的琴声依旧，只是那个听琴的人，早已在茫茫人海中彻底失踪,sadness
长亭外古道边的琴声再也听不到了,sadness
长亭外古道边，送君千里终有一别,sadness
长亭外古道边，那个少年再也没回来,sadness
长亭外古道边，那个曾经等我的人终究还是走了,sadness
长大的代价大概就是把哭声调成静音，在每一个崩溃的深夜里学会自愈。,sadness
长大的代价，大概就是学会了把所有心事都调成静音模式,sadness
长得跟烂泥一样恶心,anger
长得跟蛆一样恶心人,anger
长长久久,love
门关好了,neutral
门已经锁了,neutral
门开着，阳光照进来，一切看起来都很好，只是空了一把椅子,sadness
门铃响了,neutral
闭上眼睛，眼泪又悄悄滑落...,sadness
闭上眼睛，眼泪又悄悄滑落。,sadness
闭上眼都是你离开的画面，好慌...,anxiety
闭关自守。断掉所有社交，在出租屋里死磕那本晦涩古书，这种孤独极具厚度,contentment
闭嘴,anger
闭嘴吧,anger
闭嘴吧你,anger
闭嘴，我说过我不爱你了！,anger
问候你全家臭傻逼，人渣活在世上就是浪费资源，赶紧滚去投胎吧，别再祸害好人了,anger
问候你全家臭傻逼，人渣活在世上浪费资源，赶紧投胎去做个好人吧,anger
问候你全家臭傻逼，人渣活在世上浪费资源，赶紧滚去投胎吧，别再祸害好人了,anger
问候你全家臭傻逼，你这种人渣活在世上就是污染空气，赶紧去死吧,anger
问候你全家臭傻逼，你这种人渣活在世上就是污染视觉，赶紧去死吧,anger
问候你全家臭傻逼，你这种人渣活在世上就是浪费资源、污染地球，赶紧滚去投胎吧，别再祸害人了,anger
问候你全家臭傻逼，你这种人渣活在世上就是浪费资源、污染视觉，赶紧去死吧，别再祸害人了,anger
问候你全家臭傻逼，你这种人渣活在世上就是浪费资源、污染视觉，赶紧去死吧，别再这儿祸害好人了,anger
问候你全家臭傻逼，你这种人渣活在世上就是浪费资源，赶紧去死吧，别祸害人了,anger
问候你全家臭傻逼，你这种人渣活在世上就是浪费资源，赶紧滚去投胎,anger
问候你全家臭傻逼，你这种人渣活在世上就是浪费资源，赶紧滚去投胎吧，下辈子记得投胎做个好人,anger
问候你全家臭傻逼，你这种人渣活在世上就是浪费资源，赶紧滚去投胎吧，别再害人了,anger
问候你全家臭傻逼，你这种人渣活在世上就是浪费资源，赶紧滚去投胎吧，别再这儿祸害好人了,anger
问候你全家臭傻逼，你这种人渣活在世上就是给人类抹黑，赶紧自杀吧,anger
问候你全家臭傻逼，你这种克扣农民工工资的包工头，活在世上就是浪费资源，赶紧滚去投胎吧,anger
闲云野鹤。不再去算计那些复杂的职场利弊，在这个午后去公园看大爷下棋，我觉得我才是真正的赢家,contentment
闲云野鹤。不再去算计那些复杂的逃生方案，在最后的日子里酿一坛野果酒，我觉得我赢了,contentment
闲云野鹤。在这座钢铁丛林里搭起顶楼帐篷，看星空流转，这种边缘活法最爽,contentment
闲得真舒服,contentment
闲暇时修剪一下阳台上的月季，看它们一朵朵盛开，内心变得无比柔软和踏实,contentment
闲暇时在公园发发呆，就是享受,contentment
闲暇时在公园的长椅上发发呆就是最大的享受,contentment
闲暇时在公园的长椅上坐着发会儿呆，就是我这段时间最大的享受了,contentment
闲暇时在公园的长椅上坐着晒晒太阳发会儿呆，就是我这段时间最奢侈的享受了,contentment
闲暇时在公园遛遛狗，这才是生活,contentment
闲暇时在公园长椅上发呆就是享受,contentment
闲暇时在公园长椅上坐着发呆，就是我最大的享受,contentment
闲暇时在河边坐坐，听听流水声，挺好,contentment
闲暇时在河边坐着钓钓鱼、发发呆，感觉所有的烦恼都随流水远去了,contentment
闲暇时在阳台修剪盆栽，看阳光一点点移过脚面，内心变得无比平和,contentment
闲暇时在阳台看阳光一点点移过脚面真舒服,contentment
闲暇时在露台吹吹晚风就挺好,contentment
闲暇时在马路牙子上蹲着看看车流发会儿呆，就是我这段时间里最不要钱也最享受的乐子了,contentment
闲暇时泡一壶好茶，静坐窗前看云卷云舒，这便是我向往的境界,contentment
闲暇的时候能去河边静静地坐一会儿，听听那细碎的流水声和风声，我就觉得这生活挺有滋味的,contentment
闲看花开挺好,contentment
闲着挺舒服的,contentment
闲着晒太阳真舒服,contentment
闷,sadness
闹心,anger
闹心死了,anxiety
闹钟响了无数次，还是提不起劲去面对KPI。,anxiety
闹钟响了无数次，还是提不起劲去面对KPI！,anxiety
闹钟响了无数次，还是提不起劲去面对KPI？,anxiety
闹钟响了无数次，还是提不起劲去面对KPI～,anxiety
闹钟响了无数次，还是提不起劲去面对任务。,anxiety
闹钟响过了,neutral
闹钟在六点准时响起，他伸手关掉电源并起床,neutral
闹钟没响，睡过头了，迟到,anger
闹钟还没响，脑子里全是KPI...,anxiety
闹钟还没响，脑子里全是KPI。,anxiety
闹钟还没响，脑子里全是KPI！,anxiety
闹钟还没响，脑子里全是KPI？,anxiety
闹钟还没响，脑子里全是KPI～,anxiety
阳光下的海边真的随手一拍都是大片，今天的心情是薄荷味的,joy
阳光下的海边随手一拍都是大片,joy
阳光正好，微风不燥，看着阳台上的多肉长出了新芽，这就是最好的生活。,contentment
阳光洒在木地板上，空气中弥漫着淡淡的咖啡香气,contentment
阳光洒在木地板上，空气中弥漫着淡淡的茶香和书墨气,contentment
阳光洒在白衬衫上，我们并肩走着，谁也没说话却觉得这就够了,contentment
阳光洒在空着的半边床上，暖洋洋的。只是伸手去抓，只抓到了虚无的空气,sadness
阳光洒在空着的半边床上，暖洋洋的。只是伸手去摸，只有一片冰凉的床单,sadness
阳光洒在空着的半边床上，暖洋洋的。只是醒来后枕头湿了一大片，屋里黑得吓人,sadness
阳光洒在空着的半边床上，暖洋洋的。可只是对面坐着的人，再也不会是他了,sadness
阳光洒在空着的半边床上，暖洋洋的。可醒来后枕头湿了一大片，屋里黑得吓人,sadness
阳光洒在空着的半边床上，暖洋洋的，伸手去抓，只抓到了虚无的空气,sadness
阳光洒在空着的半边床上，暖洋洋的，但只是对面坐着的人，再也不会是他了,sadness
阳光洒在空着的半边床上，暖洋洋的，但打开窗通风，那点念想瞬间就被吹散了,sadness
阳光洒在空着的半边床上，暖洋洋的，打开窗通风，那点念想瞬间就被吹散了,sadness
阳光洒在窗台上，这一刻觉得世界真美好,joy
阳光洒在窗台的绿植上，这种静谧的美好让人很知足。,contentment
阳光洒在身上暖洋洋的,contentment
阳光洒进窗台，每一个音符都跳跃着属于夏天的欢快,joy
阳光洒进窗台，这一刻的静谧刚刚好,contentment
阳光照着挺舒服的,contentment
阳光照进窗户，新的一天充满希望...,joy
阳光照进窗户，新的一天充满希望。,joy
阳光照进窗户，新的一天充满希望！,joy
阳光照进窗户，新的一天充满希望？,joy
阳光照进窗户，新的一天充满希望～,joy
阳光穿过百叶窗的缝隙，在地板上留下了一排平行的投影。,neutral
阳光穿透树叶的缝隙，每一个光点都在邀请我共舞,joy
陌生城市送外卖谁也不认识，每天跑单吃饭自由自在挺美的,contentment
陪伴就是告白,love
陪伴是最长情的告白,love
陪伴是最长情的告白，我会一直陪着你,love
陪伴是最长情的告白，我会一直陪着你，看细水长流,love
陪伴是最长情的告白，我想永远陪着你,love
陪伴是最长情的告白，我想永远陪着你，看细水长流,love
陪你到老,love
陪你每一天,love
陪着我,love
陷阱也好，深渊也罢，只要对面是你，我就无所畏惧,love
陷阱也好，荒岛也罢，只要有你在，哪里都是人间天堂,love
陷阱也好，蜜糖也罢，只要是你的味道，我统统都想品尝,love
陷阱又怎样，深渊又怎样，只要尽头有你在，我愿意粉身碎骨,love
随便你，你爱怎么想就怎么想，我问心无愧,anger
随便你，既然你从来不在乎我的感受，那你也没必要在这里假惺惺。,anger
随便吧,sadness
随便吧，我已经躺平了，爱卷你们卷去。,contentment
随便，你们决定就好,anger
随它去,contentment
随它去吧,contentment
随心所欲。在那片没人管的荒原上开垦花园，不去管社会规则，爽,contentment
随心所欲挺安稳,contentment
随心而活挺安稳,contentment
随意,contentment
随缘,contentment
随缘吧,contentment
随缘吧挺好,contentment
随缘挺好,contentment
随遇而安,contentment
随遇而安。不再去奢望什么跨越阶层。我发现这种边缘化的活法反而让我变得更强,contentment
随遇而安。不再去追逐那些虚幻的成功。在这间漏雨的平房里酿一壶苦酒，老子就是国王,contentment
随遇而安。不再纠结什么永久在线。我发现这种彻底的失联，反而让我前所未有的自由,contentment
随遇而安。既然文明已经坍塌了，那就当个荒原上的拾荒者，在废铁里寻找最后的浪漫,contentment
随遇而安。既然被公司辞退了，那就去码头搬砖，体力劳动反而治愈,contentment
随遇而安。既然这辈子已经注定要在底层打转，那就当个最自由的游民，不去理会那帮精英的嘲讽,contentment
随遇而安不折腾了,contentment
随遇而安不是妥协，而是对生活最温柔的一种和解,contentment
随遇而安不畏将来,contentment
随遇而安也挺好的，在这个浮躁的世界里守住宁静，本身就是一种了不起,contentment
随遇而安也是一种极高的人生态度,contentment
随遇而安吧,contentment
随遇而安吧。既然这辈子已经烂在地缝里了，那就在缝里长出一朵最毒的蘑菇来，也挺好,contentment
随遇而安吧，不就是又一次面试失败吗，回家的路上买个烤红薯，热气腾腾的也挺治愈,contentment
随遇而安吧，不就是又一次面试被刷吗，回家的路上买个烤地瓜，热乎乎的也算是个安慰,contentment
随遇而安吧，人生本来就是一场空，再怎么拼命最后也带不走那几块破砖烂瓦,contentment
随遇而安吧，反正无论我怎么折腾，也逃不过这个信息茧房给我编织的命运轨迹，躺平也挺好,contentment
随遇而安吧，反正老子这辈子也就这德行了，能多活一天就是赚到，别跟我谈什么理想,contentment
随遇而安吧，反正老子这辈子也就这德行了，能混一天是一天，别跟我谈什么未来,contentment
随遇而安吧，反正老子这辈子也就这操行了，能多混一天就是赚到一天，别跟我谈什么狗屁梦想,contentment
随遇而安吧，反正这破世道也就这样了，再怎么折腾也翻不出那些有钱人的手掌心,contentment
随遇而安吧，反正这辈子也就这样了，在这破工棚里听着雨声睡觉，其实比在豪宅里失眠要强得多,contentment
随遇而安吧，在这破旧的收容所里听着大家的呼噜声，我竟觉得比在那栋写满算计的豪宅里住得更踏实,contentment
随遇而安吧，在这破桥洞底下看月亮，总比在那间写满虚伪的办公室里强，老子这辈子就这样了,contentment
随遇而安吧，在这阴暗潮湿的地下室里听着漏水声，我竟觉得比在那帮虚伪亲戚家住得更有尊严,contentment
随遇而安吧，既然努力了也没能挤进那个圈子，那就在我的小摊位上当个自由自在的王,contentment
随遇而安吧，既然我已经彻底搞砸了这次相亲，那正好去吃顿火锅奖励一下我终于又恢复了单身,contentment
随遇而安吧，既然我已经无法改变这个世界的底色，那我就在这个底色上画一朵属于我自己的、怪异的花,contentment
随遇而安吧，既然搞砸了这次极其重要的相亲，那正好去吃顿火锅，庆祝我又恢复了单身,contentment
随遇而安吧，既然电梯停电了，那就坐在楼梯间等天亮，这种被迫停下的节奏反而救了我这颗快炸的心,contentment
随遇而安吧，既然脑机接口断了，那就对着白墙坐一天，这种强制性的思维停摆，竟是我的救赎,contentment
随遇而安吧，既然防空洞里的发电机坏了，那就守着这支蜡烛看书，这种被战争遗忘的寂静，竟透着一丝安宁,contentment
随遇而安地对待所有断联，不再纠结什么永久在线，我发现这种心态反而让我前所未有的自由,contentment
随遇而安地对待所有离别，不再纠结什么永远，我发现这种心态反而让我前所未有的自由,contentment
随遇而安地对待每一个当下的缺憾，不再去修补那些注定要碎掉的东西，我的世界反而变得轻盈,contentment
随遇而安地对待每一场不期而遇的社交，不再带着功利的目的，我发现这个世界其实也没那么势利,contentment
随遇而安地对待每一场不期而遇的社交，这种不抱期待、不带目的的活法，反而让我觉得轻松,contentment
随遇而安地对待每一场社交，不再带着功利的目的，我发现这个世界其实也没那么势利,contentment
随遇而安地对待每一次的失败，不再去死磕那些不属于我的机会，我的世界反而变宽了,contentment
随遇而安地对待每一次的离别和相遇，不再去纠结什么长久不长久，我发现自己的心态反而变得前所未有的开阔,contentment
随遇而安地对待每一次的离别和相遇，不再去纠结什么长久不长久，我发现自己的心态开阔了很多,contentment
随遇而安地对待每一次的裁员传闻，大不了就回去修鞋，反正这辈子老子靠手吃饭，饿不死,contentment
随遇而安地对待离别和相遇，不再纠结长久与否，我发现自己的心态反而变得前所未有的开阔,contentment
随遇而安地对待离别，不再纠结长久与否，我发现自己的心态反而变得前所未有的开阔,contentment
随遇而安地对待这份一眼看到头的垃圾分拣工作，在那堆废弃零件里寻找美，这种日子真爽,contentment
随遇而安地对待这份一眼看到头的守墓人工作，每天对着墓碑自言自语，这种寂静感，真的挺爽,contentment
随遇而安地对待这份一眼看到头的枯燥工作，不再纠结什么职业规划，我发现自己的偏头痛居然奇迹般地好了,contentment
随遇而安地对待这份一眼看到头的送信人工作，穿梭在战火与硝烟中，这种向死而生的节奏，真他妈刺激,contentment
随遇而安地对待这份被边缘化的保洁工作，不用动脑子也不用社交，这种机械的快乐也挺高级,contentment
随遇而安地活在城市的边缘，不再去奢望什么跨越阶层，我发现这种心态反而让我变得更强,contentment
随遇而安地活在城市的边缘，不再去奢望什么跨越阶层，我发现这种心态反而让我更强,contentment
随遇而安地过好属于自己的小日子，这种不被外界干扰的感觉真的太爽,contentment
随遇而安地过好属于自己的每一天，这种不被名利绑架的感觉，真的太爽、太轻松了,contentment
随遇而安地过好属于自己的每一天，这种不被外界干扰、不被名利绑架的感觉，真的太爽、太轻松了,contentment
随遇而安地过好当下这一秒，不去想还没发生的未来，这种感觉真安逸,contentment
随遇而安地过好当下这一秒，不去焦虑那些还没发生的未来，真轻松,contentment
随遇而安地过好当下这一秒，不去管明天的米缸里还有没有米，这就叫活明白了,contentment
随遇而安地过好每一个当下的五分钟，不再去想那虚无缥缈的未来，我发现这种短视的活法反而更让我感到充实,contentment
随遇而安地过好每一个当下的五分钟，不去想那虚无的未来，我发现这种短视反而更充实,contentment
随遇而安地过好每一天就是最好的修行,contentment
随遇而安地过好每一天，不忧未来，不念过往，心境自然开阔,contentment
随遇而安地过好每一天，不念过去发生的错，不畏将来没到的坎，把当下活好就够了,contentment
随遇而安地过好每一天，不念过去流过的泪，不畏将来没来的坎，把当下这口饭吃好就够了,contentment
随遇而安地过好每一天，不念过去，不畏将来，把当下活得精彩就够了,contentment
随遇而安地过好现在的每一分每一秒，不再去焦虑那些还没发生的麻烦，这种感觉真的太爽了,contentment
随遇而安挺好,contentment
随遇而安挺好的，不再去折腾那些不切实际的梦想，心里的石头落了地,contentment
随遇而安挺好的，不去追求那些虚无缥缈的名利，心里的石头落了地,contentment
随遇而安挺好的，不就是没钱没房没对象吗，大不了老子这辈子就这么烂在地里,contentment
随遇而安挺好的，不就是这辈子结不了婚、买不起房吗？在这破出租屋里喝口闷酒，老子也觉得挺安逸,contentment
随遇而安挺好的，不就是这辈子都买不起那块墓地吗？大不了等老子死了，随便找条河跳进去喂鱼,contentment
随遇而安挺好的，不就是这辈子都出不了头吗？在这破弄堂里守着回忆过，老子也认了,contentment
随遇而安挺好的，不就是这辈子都被困在这个十八线小县城吗？守着老屋过，我也认了,contentment
随遇而安挺好的，不就是这辈子都被困在这个格子间吗？守着周末的懒觉过，我也认了,contentment
随遇而安挺好，不再去想什么买房买车了，安安静静当一个在路边听收音机的废人也挺舒坦,contentment
随遇而安挺好，不再去想什么跨越阶层了，安安稳稳当一个在路边摊喝劣质白酒的废人也挺舒坦,contentment
随遇而安挺好，不去想什么买房买车了，安安稳稳当一个在路边听广播的废人也挺舒坦,contentment
随遇而安挺好，不去想什么买房买车了，安安静静当一个在路边摊喝大碗茶的人也挺舒坦,contentment
随遇而安挺好，不去想什么买房买车娶媳妇了，安安静静当一个在桥底下听收音机的废人也挺舒坦,contentment
随遇而安挺好，不去想什么买房买车娶媳妇了，安安静静当一个在路边听收音机的废人也挺舒坦,contentment
随遇而安挺好，不去想什么阶层跃迁了，安安稳稳当一个在路边听收音机的废人也挺舒坦,contentment
随遇而安挺好，不去想什么阶层跃迁了，安安静静当一个在路边听收音机的废人也挺舒坦,contentment
随遇而安挺安逸,contentment
随遇而安过好每一个当下的五分钟，不去想那虚无的未来，我发现这种短视反而更让我充实,contentment
随遇而安过好每一分每一秒，不再去焦虑那些还没发生的麻烦，这种感觉真的太爽了,contentment
随遇而安过好每一天不忧未来不念过往,contentment
随遇而安过好每一天，不念过去，不畏将来,contentment
随遇而安过好每一天，不被外界干扰、名利绑架，真的太爽、太轻松了,contentment
随遇而安过每一天不念过往,contentment
随遇而安过每一天，不念过往,contentment
随遇而安，不念过去，不畏将来，把每一个当下都当成人生最后一天来活，真豁达,contentment
随遇而安，不念过去，不畏将来，这便是我余生最好的修行方式,contentment
随遇而安，不求这辈子能当上老板，只要每天能让家里那几口人吃上热乎饭，老子就知足了,contentment
随遇而安，也是一种极好的人生态度,contentment
随遇而安，挺好的,contentment
随遇而安，挺好的，不再去强求那些高不可攀的虚幻梦想了，心里的那块大石头总算落了,contentment
随遇而安，挺好的，不再去折腾那些不切实际的梦想了，心也静了,contentment
随遇而安，挺好的，不再去指望那些发财的美梦了，心里那块千斤重的石头总算落地了,contentment
随遇而安，挺好的，不折腾了,contentment
随遇而安，过好每一天,contentment
随遇而安，过好每一天，挺好的,contentment
随遇而安，过好每一天，这就是我现在的修行,contentment
随遇而安，这便是我现在的人生态度,contentment
随遇而安，这其实也是一种极其难得的人生态度和生活哲学，我现在就想这么简简单单地活下去,contentment
随遇而安，这辈子能有个遮风挡雨的棚子，每天能喝上两口烧酒，老子就觉得没白来这世上走一遭,contentment
难受死我了,sadness
难受香菇,sadness
难过,sadness
难过得要死,sadness
难题解决了，爽,joy
雨一直下，心情也跟着湿透了。,sadness
求求你,sadness
雨停了,neutral
雨后的下午坐在阳台喝茶，生活充满了松弛感，这种知足最幸福,contentment
雨后的下午看本闲书，生活充满了松弛感，这种慢生活真舒服,contentment
雨后的下午睡个午觉，生活充满了松弛感，真舒服,contentment
雨后的下午睡个懒觉，生活充满了松弛感，这种知足最幸福,contentment
雨后的天空居然挂着双彩虹，赶紧许个愿，今天一定是运气爆棚的一天。,joy
雨后的街道似乎已经早已随风而逝。只剩满地伤痕。,sadness
雨后的街道似乎已经显得格外凄凉。有些事注定无法挽回。,sadness
雨后的街道似乎透着一股落寞，连空气都变冷了。,sadness
雨后的街道勾起了无尽的惆怅，连空气都变冷了。,sadness
雨后的街道必然让人感到一阵空虚。只剩满地伤痕。,sadness
雨后的街道必然让人感到一阵空虚，连空气都变冷了。,sadness
雨后的街道必然透着一股落寞。有些事注定无法挽回。,sadness
雨后的街道总会成了心头的隐痛。只剩满地伤痕。,sadness
雨后的街道总会早已随风而逝。终究还是走散了。,sadness
雨后的街道真的成了心头的隐痛。有些事注定无法挽回。,sadness
雨后的街道确实勾起了无尽的惆怅，连空气都变冷了。,sadness
雨后的街道确实成了心头的隐痛，连空气都变冷了。,sadness
雨后的街道竟然勾起了无尽的惆怅。大概这就是遗憾。,sadness
雨天总是让人想起那些不该想起的往事...,sadness
雨天总是让人想起那些不该想起的往事。,sadness
雨天总是让人想起那些不该想起的往事！,sadness
雨天总是让人想起那些不该想起的往事？,sadness
雨天总是让人想起那些不该想起的往事～,sadness
雪地上一个人踩出一串脚印回头看，这种无聊的安宁尊滴挺美,contentment
零下三十度的极地科考站，我吃到了这辈子最甜的一个罐头，那种热量瞬间传遍全身的快感，爽翻了,joy
静心,contentment
静静地坐着看落日，空荡荡的房间里没有回声,sadness
静静地坐着看落日，街道上人来人往却很安静,sadness
静静地坐着看落日，路灯下只有自己的影子,sadness
静静地坐着看落日，雨水打在窗户上模糊了视线,sadness
静静坐着不说话都觉得甜,love
静静坐着也挺舒服的,contentment
非你不可,love
靠,anger
靠个破渔网在荒岛抓到了第一条大鱼，火上烤得滋滋响，老子还能活,joy
靠在沙发上听着雨声，闻着泥土的气息，这种感觉真的很治愈,contentment
靠着自己组装的破电脑接到了第一单私活，赚到钱的那刻老子值了,joy
靠近你就会放松,love
面交自提很顺利，卖家还额外送了我几个小周边，开心！,joy
面交遇到个特温柔的小姐姐，还送了我一袋饼干,joy
面对不确定的未来我像迷雾中盲行,anxiety
面对不确定的未来，我每天都心慌意乱,anxiety
面对不确定的职业赛道，感觉像在深海中溺水一样，四顾茫然，只有恐惧,anxiety
面对公司内部复杂的人际关系纠纷，我感觉自己的精神快要彻底超负荷了,anxiety
面对公司内部极其复杂的人际关系斗争，我感觉自己的精神系统快要彻底崩溃挂掉了,anxiety
面对公司内部极其复杂的人际博弈，我感觉自己的精神系统快要崩溃了,anxiety
面对公司内部极其复杂的人际博弈，我感觉自己的精神系统快要过载了,anxiety
面对复杂的人际纠纷，我感觉自己的精神快要超负荷了,anxiety
面对复杂的人际纠纷，精神快超负荷了,anxiety
面对未来极其不确定的职业赛道，我感觉自己像是在无尽的深海中溺水一样，四顾茫然，只有无边的恐惧,anxiety
面对未来极其不确定的职业赛道，我感觉自己像是在深海中溺水一样,anxiety
面对未来极其不确定的职业赛道，我感觉自己像是在深海中溺水一样，四顾茫然，只有恐惧,anxiety
面对未来极其不确定的职业赛道，我感觉自己像是在深海中溺水一样，四顾茫然，只有无边的黑暗和恐惧,anxiety
面对未来极其不确定的行业赛道，我感觉自己像是在暴风雨的小船上，四顾茫然，只有恐惧,anxiety
面对突如其来的裁员名单，我感觉自己像是一叶在怒海中漂泊的孤舟,anxiety
面对突如其来的裁员名单，我感觉自己像是一叶在怒海中漂泊的孤舟，随时会翻,anxiety
面对菜市场里极其复杂的人际博弈和摊位竞争，我感觉自己的精神系统快要彻底崩溃了,anxiety
面对这么多乱七八糟的琐事我整个人都要崩溃了,anxiety
面对这么多乱麻般的私事我整个人都快炸了,anxiety
sb,anger
sb,anger
sb,anger
sb,anger
sb,anger
sb,anger
面对这么多复杂的人际纠纷，我感觉自己的精神快要超负荷了,anxiety
面对这么多未处理的邮件，我总觉得自己会把事情搞砸,anxiety
面对这么多条路的选择，我真的感到前所未有的迷茫，生怕选错一步就回不了头,anxiety
面对这么多繁杂的选择，我真的感到头大如斗，完全不知道该怎么选,anxiety
面对这种不确定的未来方向我感觉像在迷雾中盲行,anxiety
面对这种不确定的未来方向，我感觉自己像是在迷雾中盲行，好慌,anxiety
面对这种不确定的未来，我感觉自己像是在浓雾中盲行，找不到任何方向,anxiety
面对这种不确定的未来，我感觉自己就像在大海里漂泊的一叶扁舟，找不到岸,anxiety
面对这种不确定的未来，我每天都处于高度焦虑中,anxiety
面对这种不确定的未来，我每天都心慌,anxiety
面对这种不确定的未来，我真的感到前所未有的孤独和迷茫,anxiety
面对这种不确定的考试结果，我感觉自己整个人都处于一种焦虑的边缘，快崩溃了,anxiety
面对这种不确定的考试结果，我整个人都处于一种高度焦虑的状态,anxiety
面对这种不确定的职业前景，我感觉自己像是在浓雾中行走，看不见灯塔,anxiety
面对这种不确定的行业前景，我感觉自己像是一艘在浓雾中迷失的小船,anxiety
面对这种两难的选择，我感觉自己就像被架在火上烤一样难受,anxiety
面对这种复杂的人际纠纷我感觉精神快超负荷了,anxiety
面对这种完全摸不透的拆迁补偿方案，我感觉自己像是一条在干涸的河床上拼命蹦跶的死鱼,anxiety
面对这种完全摸不透的职业前景，我感觉自己像是在浓雾中迷失的小船,anxiety
面对这种完全没有头绪的职场博弈，我感觉自己像是一只被按在案板上的待宰羔羊,anxiety
面对这种完全看不到任何希望和出口的不确定未来，我感觉自己像是在深海中溺水,anxiety
面对这种完全看不到头、甚至可能连工资都拿不到的不确定未来，我感觉自己像是在泥沼里溺水,anxiety
面对这种完全看不到头的不确定未来，我感觉自己像是在浓雾中盲行,anxiety
面对这种必须做出的二选一局面，我感觉自己的心被分成了两半，好难抉择,anxiety
面对这种未知的挑战，虽然内心充满了忐忑，但我还是想试一试,anxiety
面对这种机械化的回复，我感到一种深深的无力感和心慌。,anxiety
面对这种机械化的回复，我感到一种深深的无力感和心慌...,anxiety
面对这种突发状况，我的脑子瞬间一片空白，不知道该怎么办,anxiety
面对这种突如其来的变故，我感觉自己的心理防线快要崩溃了,anxiety
面对这种突如其来的变故，我感觉自己的生活节奏完全被打乱了，好焦虑,anxiety
面对这种突如其来的工作变动，我感觉自己的职业规划瞬间被打乱了，好慌,anxiety
面对这种这么多复杂的人际纠纷，我感觉自己的精神快要超负荷了,anxiety
面对那个极其严苛且充满羞辱性的绩效评估，我居然没有像往常那样反驳，而是平静地写好了辞职报告，那一刻我解脱了,anxiety
面对陌生的社交场合，手心渗出的冷汗出卖了我内心所有的慌乱,anxiety
面试完已经三个小时了还没消息，是不是凉了,anxiety
面试完已经三个小时了还没消息，是不是彻底凉了？,anxiety
面试官人超好，整个过程像聊天一样愉快，希望好运！,joy
面试官在我的简历上画了一个巨大的红叉然后陷入了长久的沉默,anxiety
面试官每一个微小的皱眉动作都在我脑子里无限放大，这种被挑选的卑微感让我手心全是冷汗,anxiety
面试官的眼神像刀子一样扎过来,anxiety
面试官的问题一个比一个毒辣刻薄，我紧张得连汗毛都立起来了，话都说不全，真逊,anxiety
面试官的问题一个比一个犀利刁钻，我紧张得连话都说不利索了，真尴尬,anxiety
面试官的问题一个比一个犀利，我手心里全是冷汗,anxiety
面试官的问题太刁钻了，我一直在冒冷汗,anxiety
面试官的问题太犀利了，我答不上来,anxiety
面试官的问题太犀利了，我答不上来，好尴尬,anxiety
面试结果说好今天下午出来的，我都刷新八百遍邮箱了，还是什么都没有,anxiety
面试被拆穿简历瑕疵，尴尬到想钻地缝，压力大到爆,anxiety
面试被质疑工作空窗期，尴尬到想原地消失，这种压力快让我崩溃,anxiety
面试要挂了慌得不行,anxiety
面试通过的消息弹出来的瞬间，我控制不住地在地铁站里蹦了一圈，太爽了,joy
面试问题犀利答不上来,anxiety
项目上线后的反馈比预期还要好，这段时间的班没白加,joy
项目上线大获成功，所有的努力都没有白费，今晚加餐,joy
项目上线大获成功，所有的努力都没有白费，今晚必须加餐犒劳自己,joy
项目上线大获成功，所有的努力都没有白费，今晚必须加餐犒劳自己，开心,joy
项目上线大获成功，所有的努力都没有白费，开心,joy
项目上线大获成功，所有的熬夜都值了,joy
项目圆满收官！,joy
项目圆满收官，今晚不醉不归,joy
项目圆满收官，今晚不醉不归！,joy
项目大获成功，所有的熬夜加班都值了,joy
项目大获成功，所有的熬夜和掉发都值了，今天必须给自己放个长假,joy
项目奖金发放成功的提示音响起，半年的熬夜奋斗总算没白费，开心得想尖叫,joy
项目收官那天，甲方不仅爽快结了尾款还额外发了感谢信，起飞！,joy
项目汇报非常成功，值了,joy
项目汇报非常成功，开心,joy
项目汇报非常成功，看到甲方不住地点头，我知道这段时间的努力终于没有白费，开心,joy
项目终于上线且运行稳定，所有的熬夜和加班在这一刻都变成了满满的成就感,joy
项目终于交付的那一刻真想大喊一声,joy
项目终于完美收官，看到甲方满意的评价，所有的疲惫都在这一刻烟消云散,joy
项目终于收尾了，今天必须去大吃一顿庆祝,joy
项目终于收尾了，今天必须去大吃一顿庆祝下。,joy
项目进度在计划范围内，没有出现延误,neutral
顺其自然,contentment
顺其自然吧,contentment
顺其自然吧，反正我也尽力了，不后悔,contentment
顺其自然吧，反正我也尽力了，不后悔，这样也挺好,contentment
顺其自然吧，反正我也尽力了，不后悔，这样其实也挺好,contentment
顺其自然，该来的总会来，做好当下的事就行,contentment
顺其自然，随遇而安,contentment
顺利完成任务很开心,joy
顺利的时候就会开心,joy
领域展开的逻辑终于闭环了，写完这一段真有成就感。,joy
领导下班前十分钟突然甩过来一个需求，我真的服了，能不能做个人,anger
领导下班前突然发个需求，我真是服了,anger
领导又在群里艾特我，烦死了,anger
领导是不是有病？下班前一分钟发需求，还要求明天一早交！,anger
领导是不是脑子有坑？快下班了给我临时塞一堆活，真想把电脑砸了！,anger
领导突然提前检查，急死我了,anxiety
颠覆了对爱情的所有逻辑，只因为你打破了所有的规则,love
颠覆了我所有的择偶逻辑，原来我喜欢的样子你全都有,love
love,love
love,love
love,love
love,love
love,love
love,love
love,love
love,love
love,love
love,love
颠覆了我所有的逻辑，原来这就是遇见真爱的感觉,love
颠覆了所有的原则和逻辑，只为了向你靠近,love
颠覆了所有的恋爱原则，哪怕你不是我的理想型，但我就是爱你,love
颠覆了所有的情感常识，我竟然会爱上你这个总是惹我哭的混蛋,love
颠覆了所有的情感逻辑，我竟然会爱上一个总是惹我生气的笨蛋,love
颠覆了所有的理智和逻辑，我发现自己已经爱你爱到失去了自我,love
颠覆了所有的理智思维，我现在只想和你在这个瞬间永远定格,love
颠覆了所有的生活逻辑，我现在满脑子都是怎么让你开心,love
食堂的菜越来越难吃，还涨价，服了,anger
食堂阿姨今天多给了块肉，开心一整天,joy
马上就要上台演讲了，手心全是汗，大脑一片空白,anxiety
马上就要交稿了，可我连个开头都没憋出来，好慌啊。,anxiety
马上就要到我上台试讲了这会儿腿肚子竟然止不住地在打战,anxiety
马上就要轮到我上台汇报了，这会儿心脏跳得快要从嗓子眼蹦出来了,anxiety
马上就要面试了，手心全是汗，要是发挥不好怎么办啊。,anxiety
马上开题答辩了，PPT还没改完，感觉要延毕了救命。,anxiety
骂你傻瓜，那是我对你专属的昵称！,love
骑着单车穿过开满鲜花的巷弄，风里全是自由和青春的味道,joy
骑着单车穿过开满鲜花的街道，风里全是自由的味道,joy
骗人,anger
骗民工买烂尾楼良心不疼？该死把你关在那住，去死烂人怒,anger
高压氧舱里的气压计指针缓慢转动，那种耳膜快要炸裂的闷胀感，让我第一次觉得活着其实是一种极其沉重的体力活,anxiety
高铁取消了，行程全乱了,anger
魂归离恨。站在初恋的墓前，发现照片已经模糊，这种被时间抹除的哀伤,sadness
魂牵梦绕。在那场大火里，我弄丢了唯一一张全家福，那种彻底失去根脉的漂泊感，真酸楚,sadness
麻烦再看一遍我的要求，谢谢，一言不发地推门而出,anger
麻烦再看一遍我的要求，谢谢，把那份方案删掉重写,anger
麻烦再看一遍我的要求，谢谢，猛地合上电脑,anger
麻烦再看一遍我的要求，谢谢，直接拉黑了,anger
麻烦您直接说结论，别再绕圈子了。,anger
麻烦您看清楚我的问题再回复，不要发这种没用的模版,anger
黑夜太漫长，我害怕再次迷失...,anxiety
黑夜太漫长，我害怕再次迷失。,anxiety
黯然神伤,sadness
黯然神伤。,sadness
黯然神伤。看着那个曾经意气风发的少年现在成了低头哈腰的保全,sadness
黯然销魂。,sadness
鼠辈行径。你偷走重症病房的氧气瓶去黑市套现，真该让你也尝尝窒息的滋味,anger
风中的花瓣随风飘落，残缺的诗篇已经烙印在心口,sadness
风吹过来整个人很放松,contentment
风声鹤唳。害怕每一次手机铃声响起，总觉得那是宣布死讯的判决书,anxiety
风声鹤唳。害怕每一次敲门声，总觉得那是死神的催命符，这种极端不信任感，快让我崩溃,anxiety
风声鹤唳。总是担心现在的安宁只是为了筛选出更听话的祭品，这种被支配的恐惧，很深,anxiety
风声鹤唳。总是担心现在的平静生活只是某种病毒爆发前的最后潜伏期，这种防备让我无法呼吸,anxiety
风扇在转动,neutral
风里都带着你的气息，这种心动的感觉大概就是春天的定义,love
风雨交加夜晚唯一想到的温暖是你,love
风雨交加的深夜里，我唯一能想到的温暖就是你给我的那个紧紧拥抱,love
风雨夜晚唯一的温暖是你,love
风雨夜晚的温暖是你的拥抱,love
风雨夜晚，唯一想到的温暖就是你给我的拥抱,love
风雨夜晚，唯一想到的温暖是你,love
食堂今天有红烧肉，排队的人比平时多了些,neutral
text,label
对不起，都是我的错，原谅我好吗？,love
真的对不起，是我的错，让你受委屈了。,love
别生气了，全是我的错，我以后一定改。,love
宝贝对不起，这次确实是我的错，不该惹你伤心。,love
我知道错了，真的，所有的错都在我。,love
所有的错都由我来承担，你别难过了好不好？,love
看到你流泪我心都碎了，都是我的错。,sadness
我怎么会犯这种错，真的对不起，我太笨了。,sadness
如果早点承认是我的错，你可能就不会走得那么绝情了。,sadness
对不起，是我的错，我不该忽略你的感受。,love
哪怕全世界都说是你的错，我也要说，那其实是我的错。,love
不要再自责了，这件事从头到尾都是我的错。,love
是我没照顾好你，全是我的错，对不起。,love
我承认是我的错，只要你能回来，我做什么都愿意。,love
这种难以言喻的愧疚感，让我意识到真的全是我的错。,sadness
那时候我太年轻，没发现其实全都是我的错。,sadness
对不起，是我不够成熟，是我的错。,love
这种卑微的认错，是因为我真的太爱你，全是我的错。,love
你没有错，错的人一直是我。,love
如果道歉有用的话，我愿意说一万遍是我的错。,love
我躲在角落里反思，发现真的全都是我的错。,sadness
对不起，我不该发神经，是我的错。,love
虽然我嘴硬，但心里很清楚，这绝对是我的错。,love
你大器一点原谅我吧，这次真的是我的错。,love
我怎么舍得让你难过，都是我的错，对不起。,love
这种胡思乱想的根源，其实都在于我的错。,sadness
对不起，是我没能给你足够的安全感，是我的错。,love
所有的不愉快都怪我，是我的错。,love
我愿意用一辈子的温柔来弥补这次我的错。,love
别再怀疑自己了，这件事百分之百是我的错。,love
想起对你造成的伤害，我真的很恨那个犯错的我。,sadness
对不起，我不该怀疑你，是我的错。,love
这种心痛的感觉，提醒着我这次错得有多离谱。,sadness
只要你肯笑一下，要我认多少次错都行，是我的错。,love
我这个大笨蛋，又犯了不该犯的错，对不起。,love
对不起，是我的错，我保证没有下次了。,love
这种难以排解的忧郁，是因为我意识到全是我的错。,sadness
你是我最爱的人，我怎么忍心让你为我的错买单。,love
对不起，是我没有守住承诺，是我的错。,love
全是我的错，你打我骂我都行，就是别不理我。,love
我一直都在后悔，当初那个错如果不犯该多好。,sadness
对不起，是我太自私了，是我的错。,love
所有的错都在我身上，你永远是最完美的那个。,love
如果时光能倒流，我一定不会再犯那个错。,sadness
对不起，是我的错，我不该对你大吼大叫。,love
我知道我现在说‘我的错’可能太晚了，但我真的很难过。,sadness
你是对的，全都是我的错，原谅我吧。,love
求你别离开我。,sadness
求你别离开我。,sadness
求求你别离开我。,sadness
我愿意承担所有后果，只要你别再难过，都是我的错。,love
对不起，是我太笨，没看出你的不开心，是我的错。,love
这种难以言说的遗憾，全是因为我当时犯的错。,sadness
如果你还在生我的气，那说明我认错的姿态还不够，全是我的错。,love
对不起，是我的错，我不该瞒着你。,love
看到你这么憔悴，我才知道我的错有多深。,sadness
哪怕你已经不爱我了，我也要告诉你，那次真的是我的错。,sadness
对不起，是我没能保护好你，是我的错。,love
全是我的错，我这就去给你买你最爱吃的蛋糕赔罪。,love
我知道我的错让你失望了，但我真的想弥补。,love
对不起，是我的错，我不该乱发脾气。,love
这种压抑的氛围，全是因为我犯下的错，对不起。,sadness
哪怕你惩罚我一辈子，我也认了，因为是我的错。,love
对不起，是我没有好好听你说话，是我的错。,love
全是我的错，我再也不会让你失望了，相信我。,love
看到你为了我的错而流泪，我觉得自己真该死。,sadness
对不起，是我的错，我不该迟到那么久。,love
只要你能消气，我愿意在大街上喊‘都是我的错’。,love
这种刻骨铭心的痛，让我学会了不再犯同样的错。,sadness
对不起，是我理解错了你的意思，是我的错。,love
全是我的错，我会一直等，直到你原谅我为止。,love
哪怕你再也不理我，我也要在这说声对不起，是我的错。,sadness
对不起，是我的错，我不该那么幼稚。,love
这种无能为力的感觉，源于我无法挽回的错。,sadness
哪怕天塌下来，我也要先承认是我的错，对不起。,love
对不起，是我太忙忽略了你，是我的错。,love
全是我的错，我愿意用我的所有换你一个微笑。,love
看到你失望的眼神，我就知道我真的错得离谱。,sadness
对不起，是我的错，我不该乱动你的东西。,love
这种深沉的悲伤，是因为我无法原谅犯错的自己。,sadness
只要你还肯给我机会，我一定弥补所有的错。,love
对不起，是我说话太重了，是我的错。,love
全是我的错，我愿意受罚，只要你开心。,love
我知道我的错让你受苦了，对不起，宝贝。,love
这种难以启齿的愧疚，全是因为我犯的错。,sadness
对不起，是我的错，我不该不回你消息。,love
哪怕你已经走远，我依然想说那次真的是我的错。,sadness
对不起，是我没有考虑到你的立场，是我的错。,love
全是我的错，我真的是个无可救药的笨蛋。,love
看到你为了我的错而委屈，我心都要碎了。,sadness
对不起，是我的错，我不该惹你生气。,love
这种无尽的思念，混杂着对我当初错误的悔恨。,sadness
只要你能好受点，我承认所有的错都在我。,love
对不起，是我没能遵守约定，是我的错。,love
全是我的错，我会用余生来向你证明我的改变。,love
看到你因为我的错而叹气，我真的很难过。,sadness
对不起，是我的错，我不该对你撒谎。,love
这种沉重的打击，是我犯错后应得的报应。,sadness
哪怕全世界都原谅我，我也无法原谅我的错。,sadness
对不起，是我的错，我不该那么冲动。,love
全是我的错，我会乖乖听话，再也不惹你烦了。,love
看到你因为我的错而伤心，我真的无地自容。,sadness
对不起，是我的错，求你再爱我一次。,love